ix,iy,iz,zkey
-31,-10,-1,INCLUDED_LOWDATA
-31,-9,-1,INCLUDED_LOWDATA
-31,-8,-1,INCLUDED_LOWDATA
-31,-7,-1,INCLUDED_LOWDATA
-31,-6,-1,INCLUDED_LOWDATA
-31,-5,-1,INCLUDED_LOWDATA
-31,-4,-1,INCLUDED_LOWDATA
-31,-3,-1,INCLUDED_LOWDATA
-31,-2,-1,INCLUDED_LOWDATA
-31,-1,-2,INCLUDED_OPEN
-31,-1,-1,INCLUDED_OPEN
-31,-1,0,INCLUDED_OPEN
-31,-1,1,INCLUDED_OPEN
-31,-1,2,INCLUDED_OPEN
-31,-1,3,INCLUDED_OPEN
-31,-1,4,INCLUDED_OPEN
-31,-1,5,INCLUDED_OPEN
-31,-1,6,INCLUDED_OPEN
-31,-1,7,INCLUDED_LOWDATA
-31,0,-2,INCLUDED_OPEN
-31,0,-1,INCLUDED_OPEN
-31,0,0,INCLUDED_OPEN
-31,0,1,INCLUDED_OPEN
-31,0,2,INCLUDED_OPEN
-31,0,3,INCLUDED_OPEN
-31,0,4,INCLUDED_OPEN
-31,0,5,INCLUDED_OPEN
-31,0,6,INCLUDED_OPEN
-31,1,-2,constrained-misc
-31,1,-1,INCLUDED_OPEN
-31,1,0,INCLUDED_OPEN
-31,1,1,INCLUDED_OPEN
-31,1,2,INCLUDED_OPEN
-31,1,3,INCLUDED_OPEN
-31,1,4,INCLUDED_OPEN
-31,1,5,INCLUDED_OPEN
-31,1,6,INCLUDED_OPEN
-31,2,-1,INCLUDED_OPEN
-31,2,0,INCLUDED_OPEN
-31,2,1,INCLUDED_OPEN
-31,2,2,INCLUDED_OPEN
-31,2,3,INCLUDED_OPEN
-31,2,4,INCLUDED_OPEN
-31,2,5,INCLUDED_OPEN
-31,2,6,INCLUDED_OPEN
-31,3,-1,INCLUDED_OPEN
-31,3,0,INCLUDED_OPEN
-31,3,1,INCLUDED_OPEN
-31,3,2,INCLUDED_OPEN
-31,3,3,INCLUDED_OPEN
-31,3,4,INCLUDED_OPEN
-31,3,5,INCLUDED_OPEN
-31,3,6,INCLUDED_OPEN
-31,3,7,INCLUDED_LOWDATA
-31,4,0,INCLUDED_OPEN
-31,4,1,INCLUDED_OPEN
-31,4,2,INCLUDED_OPEN
-31,4,3,INCLUDED_OPEN
-31,4,4,INCLUDED_OPEN
-31,4,5,INCLUDED_OPEN
-31,4,6,INCLUDED_OPEN
-31,5,0,INCLUDED_OPEN
-31,5,1,INCLUDED_OPEN
-31,5,2,INCLUDED_OPEN
-31,5,3,INCLUDED_OPEN
-31,5,4,INCLUDED_OPEN
-31,5,5,INCLUDED_OPEN
-31,5,6,INCLUDED_OPEN
-31,5,7,INCLUDED_LOWDATA
-31,6,1,INCLUDED_OPEN
-31,6,2,INCLUDED_OPEN
-31,6,3,INCLUDED_OPEN
-31,6,4,INCLUDED_OPEN
-31,6,5,INCLUDED_OPEN
-31,6,6,INCLUDED_OPEN
-31,7,1,INCLUDED_OPEN
-31,7,2,INCLUDED_OPEN
-31,7,3,INCLUDED_OPEN
-31,7,4,INCLUDED_OPEN
-31,7,5,INCLUDED_OPEN
-31,7,6,INCLUDED_OPEN
-31,7,7,INCLUDED_LOWDATA
-31,8,2,INCLUDED_OPEN
-31,8,3,INCLUDED_OPEN
-31,8,4,INCLUDED_OPEN
-31,8,5,INCLUDED_OPEN
-31,8,6,INCLUDED_OPEN
-31,8,7,INCLUDED_LOWDATA
-31,9,2,INCLUDED_OPEN
-31,9,3,INCLUDED_OPEN
-31,9,4,INCLUDED_OPEN
-31,9,5,INCLUDED_OPEN
-31,9,6,INCLUDED_OPEN
-31,9,7,INCLUDED_LOWDATA
-31,10,3,INCLUDED_OPEN
-31,10,4,INCLUDED_OPEN
-31,10,5,INCLUDED_OPEN
-31,10,6,INCLUDED_OPEN
-31,10,7,INCLUDED_LOWDATA
-31,11,3,INCLUDED_OPEN
-31,11,4,INCLUDED_OPEN
-31,11,5,INCLUDED_OPEN
-31,11,6,INCLUDED_OPEN
-31,11,7,INCLUDED_LOWDATA
-31,12,3,INCLUDED_OPEN
-31,12,4,INCLUDED_OPEN
-31,12,5,INCLUDED_OPEN
-31,12,6,INCLUDED_OPEN
-31,13,3,INCLUDED_OPEN
-31,13,4,INCLUDED_OPEN
-31,13,5,INCLUDED_OPEN
-31,13,6,INCLUDED_OPEN
-31,13,7,INCLUDED_LOWDATA
-31,14,3,INCLUDED_OPEN
-31,14,4,INCLUDED_OPEN
-31,14,5,INCLUDED_OPEN
-31,14,6,INCLUDED_OPEN
-31,14,7,INCLUDED_LOWDATA
-31,15,3,INCLUDED_OPEN
-31,15,4,INCLUDED_OPEN
-31,15,5,INCLUDED_OPEN
-31,15,6,INCLUDED_OPEN
-31,16,3,INCLUDED_OPEN
-31,16,4,INCLUDED_OPEN
-31,16,5,INCLUDED_OPEN
-31,16,6,INCLUDED_OPEN
-31,16,7,INCLUDED_LOWDATA
-31,17,3,INCLUDED_OPEN
-31,17,4,INCLUDED_OPEN
-31,17,5,INCLUDED_OPEN
-31,17,6,INCLUDED_OPEN
-31,18,3,INCLUDED_OPEN
-31,18,4,INCLUDED_OPEN
-31,18,5,INCLUDED_OPEN
-31,18,6,INCLUDED_OPEN
-31,18,7,INCLUDED_LOWDATA
-31,19,3,INCLUDED_OPEN
-31,19,4,INCLUDED_OPEN
-31,19,5,INCLUDED_OPEN
-31,19,6,INCLUDED_OPEN
-31,19,7,INCLUDED_LOWDATA
-31,20,3,INCLUDED_OPEN
-31,20,4,INCLUDED_OPEN
-31,20,5,INCLUDED_OPEN
-31,20,6,INCLUDED_OPEN
-31,20,7,INCLUDED_LOWDATA
-31,21,3,INCLUDED_OPEN
-31,21,4,INCLUDED_OPEN
-31,21,5,INCLUDED_OPEN
-31,21,6,INCLUDED_OPEN
-31,21,7,INCLUDED_LOWDATA
-31,22,3,INCLUDED_OPEN
-31,22,4,INCLUDED_OPEN
-31,22,5,INCLUDED_OPEN
-31,22,6,INCLUDED_OPEN
-31,22,7,INCLUDED_LOWDATA
-31,23,3,INCLUDED_OPEN
-31,23,4,INCLUDED_OPEN
-31,23,5,INCLUDED_OPEN
-31,23,6,INCLUDED_OPEN
-31,23,7,INCLUDED_LOWDATA
-31,24,4,INCLUDED_LOWDATA
-30,-10,-9,INCLUDED_LOWDATA
-30,-10,-3,INCLUDED_LOWDATA
-30,-10,-2,INCLUDED_OPEN
-30,-10,-1,constrained-misc
-30,-10,0,INCLUDED_OPEN
-30,-10,1,INCLUDED_OPEN
-30,-10,2,INCLUDED_LOWDATA
-30,-9,-3,INCLUDED_LOWDATA
-30,-9,-2,INCLUDED_OPEN
-30,-9,-1,INCLUDED_OPEN
-30,-9,0,INCLUDED_OPEN
-30,-9,1,INCLUDED_OPEN
-30,-9,2,INCLUDED_LOWDATA
-30,-8,-3,INCLUDED_LOWDATA
-30,-8,-2,INCLUDED_OPEN
-30,-8,-1,INCLUDED_OPEN
-30,-8,0,INCLUDED_OPEN
-30,-8,1,INCLUDED_OPEN
-30,-8,2,INCLUDED_LOWDATA
-30,-7,-3,INCLUDED_LOWDATA
-30,-7,-2,INCLUDED_OPEN
-30,-7,-1,INCLUDED_OPEN
-30,-7,0,INCLUDED_OPEN
-30,-7,1,INCLUDED_OPEN
-30,-7,2,INCLUDED_LOWDATA
-30,-6,-3,INCLUDED_LOWDATA
-30,-6,-2,INCLUDED_OPEN
-30,-6,-1,INCLUDED_OPEN
-30,-6,0,INCLUDED_OPEN
-30,-6,1,INCLUDED_OPEN
-30,-6,2,INCLUDED_LOWDATA
-30,-5,-3,INCLUDED_LOWDATA
-30,-5,-2,INCLUDED_OPEN
-30,-5,-1,INCLUDED_OPEN
-30,-5,0,INCLUDED_OPEN
-30,-5,1,INCLUDED_OPEN
-30,-5,2,INCLUDED_LOWDATA
-30,-4,-3,INCLUDED_LOWDATA
-30,-4,-2,INCLUDED_OPEN
-30,-4,-1,INCLUDED_OPEN
-30,-4,0,INCLUDED_OPEN
-30,-4,1,INCLUDED_OPEN
-30,-4,2,INCLUDED_LOWDATA
-30,-3,-2,INCLUDED_OPEN
-30,-3,-1,INCLUDED_OPEN
-30,-3,0,INCLUDED_OPEN
-30,-2,-2,INCLUDED_OPEN
-30,-2,-1,INCLUDED_OPEN
-30,-2,0,INCLUDED_OPEN
-30,-2,1,INCLUDED_LOWDATA
-30,-2,2,constrained-misc
-30,-2,3,INCLUDED_OPEN
-30,-2,4,INCLUDED_OPEN
-30,-2,5,INCLUDED_OPEN
-30,-2,6,INCLUDED_OPEN
-30,-1,-2,INCLUDED_OPEN
-30,-1,-1,INCLUDED_OPEN
-30,-1,0,INCLUDED_OPEN
-30,-1,1,INCLUDED_OPEN
-30,-1,2,INCLUDED_OPEN
-30,-1,3,INCLUDED_OPEN
-30,-1,4,INCLUDED_OPEN
-30,-1,5,INCLUDED_OPEN
-30,-1,6,INCLUDED_OPEN
-30,-1,7,INCLUDED_OPEN
-30,0,-2,INCLUDED_OPEN
-30,0,-1,INCLUDED_OPEN
-30,0,0,INCLUDED_OPEN
-30,0,1,INCLUDED_OPEN
-30,0,2,INCLUDED_OPEN
-30,0,3,INCLUDED_OPEN
-30,0,4,INCLUDED_OPEN
-30,0,5,INCLUDED_OPEN
-30,0,6,INCLUDED_OPEN
-30,0,7,INCLUDED_OPEN
-30,1,-2,INCLUDED_LOWDATA
-30,1,-1,INCLUDED_OPEN
-30,1,0,INCLUDED_OPEN
-30,1,1,INCLUDED_OPEN
-30,1,2,INCLUDED_OPEN
-30,1,3,INCLUDED_OPEN
-30,1,4,INCLUDED_OPEN
-30,1,5,INCLUDED_OPEN
-30,1,6,INCLUDED_OPEN
-30,1,7,INCLUDED_OPEN
-30,2,-1,INCLUDED_OPEN
-30,2,0,INCLUDED_OPEN
-30,2,1,INCLUDED_OPEN
-30,2,2,INCLUDED_OPEN
-30,2,3,INCLUDED_OPEN
-30,2,4,INCLUDED_OPEN
-30,2,5,INCLUDED_OPEN
-30,2,6,INCLUDED_OPEN
-30,2,7,INCLUDED_OPEN
-30,3,-1,INCLUDED_OPEN
-30,3,0,INCLUDED_OPEN
-30,3,1,INCLUDED_OPEN
-30,3,2,INCLUDED_OPEN
-30,3,3,INCLUDED_OPEN
-30,3,4,INCLUDED_OPEN
-30,3,5,INCLUDED_OPEN
-30,3,6,INCLUDED_OPEN
-30,3,7,INCLUDED_OPEN
-30,4,0,INCLUDED_OPEN
-30,4,1,INCLUDED_OPEN
-30,4,2,INCLUDED_OPEN
-30,4,3,INCLUDED_OPEN
-30,4,4,INCLUDED_OPEN
-30,4,5,INCLUDED_OPEN
-30,4,6,INCLUDED_OPEN
-30,4,7,INCLUDED_OPEN
-30,5,0,INCLUDED_LOWDATA
-30,5,1,INCLUDED_OPEN
-30,5,2,INCLUDED_OPEN
-30,5,3,INCLUDED_OPEN
-30,5,4,INCLUDED_OPEN
-30,5,5,INCLUDED_OPEN
-30,5,6,INCLUDED_OPEN
-30,5,7,INCLUDED_OPEN
-30,6,1,INCLUDED_OPEN
-30,6,2,INCLUDED_OPEN
-30,6,3,INCLUDED_OPEN
-30,6,4,INCLUDED_OPEN
-30,6,5,INCLUDED_OPEN
-30,6,6,INCLUDED_OPEN
-30,6,7,INCLUDED_OPEN
-30,7,1,INCLUDED_OPEN
-30,7,2,INCLUDED_OPEN
-30,7,3,INCLUDED_OPEN
-30,7,4,INCLUDED_OPEN
-30,7,5,INCLUDED_OPEN
-30,7,6,INCLUDED_OPEN
-30,7,7,INCLUDED_OPEN
-30,8,2,INCLUDED_OPEN
-30,8,3,INCLUDED_OPEN
-30,8,4,INCLUDED_OPEN
-30,8,5,INCLUDED_OPEN
-30,8,6,INCLUDED_OPEN
-30,8,7,INCLUDED_OPEN
-30,9,2,INCLUDED_OPEN
-30,9,3,INCLUDED_OPEN
-30,9,4,INCLUDED_OPEN
-30,9,5,INCLUDED_OPEN
-30,9,6,INCLUDED_OPEN
-30,9,7,INCLUDED_OPEN
-30,10,3,INCLUDED_OPEN
-30,10,4,INCLUDED_OPEN
-30,10,5,INCLUDED_OPEN
-30,10,6,INCLUDED_OPEN
-30,10,7,INCLUDED_OPEN
-30,11,3,INCLUDED_OPEN
-30,11,4,INCLUDED_OPEN
-30,11,5,INCLUDED_OPEN
-30,11,6,INCLUDED_OPEN
-30,11,7,INCLUDED_OPEN
-30,12,3,INCLUDED_OPEN
-30,12,4,INCLUDED_OPEN
-30,12,5,INCLUDED_OPEN
-30,12,6,INCLUDED_OPEN
-30,12,7,INCLUDED_OPEN
-30,13,3,INCLUDED_OPEN
-30,13,4,INCLUDED_OPEN
-30,13,5,INCLUDED_OPEN
-30,13,6,INCLUDED_OPEN
-30,13,7,INCLUDED_OPEN
-30,14,3,INCLUDED_OPEN
-30,14,4,INCLUDED_OPEN
-30,14,5,INCLUDED_OPEN
-30,14,6,INCLUDED_OPEN
-30,14,7,INCLUDED_OPEN
-30,15,3,INCLUDED_OPEN
-30,15,4,INCLUDED_OPEN
-30,15,5,INCLUDED_OPEN
-30,15,6,INCLUDED_OPEN
-30,15,7,INCLUDED_OPEN
-30,16,3,INCLUDED_OPEN
-30,16,4,INCLUDED_OPEN
-30,16,5,INCLUDED_OPEN
-30,16,6,INCLUDED_OPEN
-30,16,7,INCLUDED_OPEN
-30,17,3,INCLUDED_OPEN
-30,17,4,INCLUDED_OPEN
-30,17,5,INCLUDED_OPEN
-30,17,6,INCLUDED_OPEN
-30,17,7,INCLUDED_OPEN
-30,18,3,INCLUDED_OPEN
-30,18,4,INCLUDED_OPEN
-30,18,5,INCLUDED_OPEN
-30,18,6,INCLUDED_OPEN
-30,18,7,INCLUDED_OPEN
-30,19,3,INCLUDED_OPEN
-30,19,4,INCLUDED_OPEN
-30,19,5,INCLUDED_OPEN
-30,19,6,INCLUDED_OPEN
-30,19,7,INCLUDED_OPEN
-30,20,3,INCLUDED_OPEN
-30,20,4,INCLUDED_OPEN
-30,20,5,INCLUDED_OPEN
-30,20,6,INCLUDED_OPEN
-30,20,7,INCLUDED_OPEN
-30,21,3,INCLUDED_OPEN
-30,21,4,INCLUDED_OPEN
-30,21,5,INCLUDED_OPEN
-30,21,6,INCLUDED_OPEN
-30,21,7,INCLUDED_OPEN
-30,22,3,INCLUDED_OPEN
-30,22,4,INCLUDED_OPEN
-30,22,5,INCLUDED_OPEN
-30,22,6,INCLUDED_OPEN
-30,22,7,INCLUDED_OPEN
-30,23,3,INCLUDED_OPEN
-30,23,4,INCLUDED_OPEN
-30,23,5,INCLUDED_OPEN
-30,23,6,INCLUDED_OPEN
-30,23,7,INCLUDED_OPEN
-30,24,3,INCLUDED_OPEN
-30,24,4,INCLUDED_OPEN
-30,24,5,INCLUDED_OPEN
-30,24,6,INCLUDED_OPEN
-30,24,7,INCLUDED_OPEN
-30,25,3,INCLUDED_OPEN
-30,25,4,INCLUDED_OPEN
-30,25,5,INCLUDED_OPEN
-30,25,6,INCLUDED_OPEN
-29,-10,-9,INCLUDED_LOWDATA
-29,-10,-3,INCLUDED_LOWDATA
-29,-10,-2,INCLUDED_OPEN
-29,-10,-1,INCLUDED_OPEN
-29,-10,0,INCLUDED_OPEN
-29,-10,1,INCLUDED_OPEN
-29,-10,2,INCLUDED_LOWDATA
-29,-9,-9,INCLUDED_LOWDATA
-29,-9,-3,INCLUDED_LOWDATA
-29,-9,-2,INCLUDED_OPEN
-29,-9,-1,INCLUDED_OPEN
-29,-9,0,INCLUDED_OPEN
-29,-9,1,INCLUDED_OPEN
-29,-9,2,INCLUDED_LOWDATA
-29,-8,-3,INCLUDED_LOWDATA
-29,-8,-2,INCLUDED_OPEN
-29,-8,-1,INCLUDED_OPEN
-29,-8,0,INCLUDED_OPEN
-29,-8,1,INCLUDED_OPEN
-29,-8,2,INCLUDED_LOWDATA
-29,-7,-3,INCLUDED_LOWDATA
-29,-7,-2,INCLUDED_OPEN
-29,-7,-1,INCLUDED_OPEN
-29,-7,0,INCLUDED_OPEN
-29,-7,1,INCLUDED_OPEN
-29,-7,2,INCLUDED_LOWDATA
-29,-6,-3,INCLUDED_LOWDATA
-29,-6,-2,INCLUDED_OPEN
-29,-6,-1,INCLUDED_OPEN
-29,-6,0,INCLUDED_OPEN
-29,-6,1,INCLUDED_OPEN
-29,-6,2,INCLUDED_LOWDATA
-29,-5,-3,INCLUDED_LOWDATA
-29,-5,-2,INCLUDED_OPEN
-29,-5,-1,INCLUDED_OPEN
-29,-5,0,INCLUDED_OPEN
-29,-5,1,INCLUDED_OPEN
-29,-5,2,INCLUDED_LOWDATA
-29,-4,-3,INCLUDED_LOWDATA
-29,-4,-2,INCLUDED_OPEN
-29,-4,-1,INCLUDED_OPEN
-29,-4,0,INCLUDED_OPEN
-29,-4,1,INCLUDED_OPEN
-29,-4,2,INCLUDED_LOWDATA
-29,-3,-3,INCLUDED_LOWDATA
-29,-3,-2,INCLUDED_OPEN
-29,-3,-1,INCLUDED_OPEN
-29,-3,0,INCLUDED_OPEN
-29,-3,1,INCLUDED_LOWDATA
-29,-2,-2,INCLUDED_OPEN
-29,-2,-1,INCLUDED_OPEN
-29,-2,0,INCLUDED_OPEN
-29,-2,2,constrained-misc
-29,-2,3,INCLUDED_OPEN
-29,-2,4,INCLUDED_OPEN
-29,-2,5,INCLUDED_OPEN
-29,-2,6,INCLUDED_OPEN
-29,-2,7,INCLUDED_LOWDATA
-29,-1,-2,INCLUDED_OPEN
-29,-1,-1,INCLUDED_OPEN
-29,-1,0,INCLUDED_OPEN
-29,-1,1,INCLUDED_OPEN
-29,-1,2,INCLUDED_OPEN
-29,-1,3,INCLUDED_OPEN
-29,-1,4,INCLUDED_OPEN
-29,-1,5,INCLUDED_OPEN
-29,-1,6,INCLUDED_OPEN
-29,-1,7,INCLUDED_OPEN
-29,0,-2,INCLUDED_OPEN
-29,0,-1,INCLUDED_OPEN
-29,0,0,INCLUDED_OPEN
-29,0,1,INCLUDED_OPEN
-29,0,2,INCLUDED_OPEN
-29,0,3,INCLUDED_OPEN
-29,0,4,INCLUDED_OPEN
-29,0,5,INCLUDED_OPEN
-29,0,6,INCLUDED_OPEN
-29,0,7,INCLUDED_OPEN
-29,1,-2,INCLUDED_LOWDATA
-29,1,-1,INCLUDED_OPEN
-29,1,0,INCLUDED_OPEN
-29,1,1,INCLUDED_OPEN
-29,1,2,INCLUDED_OPEN
-29,1,3,INCLUDED_OPEN
-29,1,4,INCLUDED_OPEN
-29,1,5,INCLUDED_OPEN
-29,1,6,INCLUDED_OPEN
-29,1,7,INCLUDED_OPEN
-29,2,-1,INCLUDED_OPEN
-29,2,0,INCLUDED_OPEN
-29,2,1,INCLUDED_OPEN
-29,2,2,INCLUDED_OPEN
-29,2,3,INCLUDED_OPEN
-29,2,4,INCLUDED_OPEN
-29,2,5,INCLUDED_OPEN
-29,2,6,INCLUDED_OPEN
-29,2,7,INCLUDED_OPEN
-29,3,-1,INCLUDED_OPEN
-29,3,0,INCLUDED_OPEN
-29,3,1,INCLUDED_OPEN
-29,3,2,INCLUDED_OPEN
-29,3,3,INCLUDED_OPEN
-29,3,4,INCLUDED_OPEN
-29,3,5,INCLUDED_OPEN
-29,3,6,INCLUDED_OPEN
-29,3,7,INCLUDED_OPEN
-29,4,0,INCLUDED_OPEN
-29,4,1,INCLUDED_OPEN
-29,4,2,INCLUDED_OPEN
-29,4,3,INCLUDED_OPEN
-29,4,4,INCLUDED_OPEN
-29,4,5,INCLUDED_OPEN
-29,4,6,INCLUDED_OPEN
-29,4,7,INCLUDED_OPEN
-29,5,0,INCLUDED_LOWDATA
-29,5,1,INCLUDED_OPEN
-29,5,2,INCLUDED_OPEN
-29,5,3,INCLUDED_OPEN
-29,5,4,INCLUDED_OPEN
-29,5,5,INCLUDED_OPEN
-29,5,6,INCLUDED_OPEN
-29,5,7,INCLUDED_OPEN
-29,6,1,INCLUDED_OPEN
-29,6,2,INCLUDED_OPEN
-29,6,3,INCLUDED_OPEN
-29,6,4,INCLUDED_OPEN
-29,6,5,INCLUDED_OPEN
-29,6,6,INCLUDED_OPEN
-29,6,7,INCLUDED_OPEN
-29,7,1,INCLUDED_OPEN
-29,7,2,INCLUDED_OPEN
-29,7,3,INCLUDED_OPEN
-29,7,4,INCLUDED_OPEN
-29,7,5,INCLUDED_OPEN
-29,7,6,INCLUDED_OPEN
-29,7,7,INCLUDED_OPEN
-29,8,2,INCLUDED_OPEN
-29,8,3,INCLUDED_OPEN
-29,8,4,INCLUDED_OPEN
-29,8,5,INCLUDED_OPEN
-29,8,6,INCLUDED_OPEN
-29,8,7,INCLUDED_OPEN
-29,9,2,INCLUDED_LOWDATA
-29,9,3,INCLUDED_OPEN
-29,9,4,INCLUDED_OPEN
-29,9,5,INCLUDED_OPEN
-29,9,6,INCLUDED_OPEN
-29,9,7,INCLUDED_OPEN
-29,10,3,INCLUDED_OPEN
-29,10,4,INCLUDED_OPEN
-29,10,5,INCLUDED_OPEN
-29,10,6,INCLUDED_OPEN
-29,10,7,INCLUDED_OPEN
-29,11,3,INCLUDED_OPEN
-29,11,4,INCLUDED_OPEN
-29,11,5,INCLUDED_OPEN
-29,11,6,INCLUDED_OPEN
-29,11,7,INCLUDED_OPEN
-29,12,3,INCLUDED_OPEN
-29,12,4,INCLUDED_OPEN
-29,12,5,INCLUDED_OPEN
-29,12,6,INCLUDED_OPEN
-29,12,7,INCLUDED_OPEN
-29,13,3,INCLUDED_OPEN
-29,13,4,INCLUDED_OPEN
-29,13,5,INCLUDED_OPEN
-29,13,6,INCLUDED_OPEN
-29,13,7,INCLUDED_OPEN
-29,14,3,INCLUDED_OPEN
-29,14,4,INCLUDED_OPEN
-29,14,5,INCLUDED_OPEN
-29,14,6,INCLUDED_OPEN
-29,14,7,INCLUDED_OPEN
-29,15,3,INCLUDED_OPEN
-29,15,4,INCLUDED_OPEN
-29,15,5,INCLUDED_OPEN
-29,15,6,INCLUDED_OPEN
-29,15,7,INCLUDED_OPEN
-29,16,3,INCLUDED_OPEN
-29,16,4,INCLUDED_OPEN
-29,16,5,INCLUDED_OPEN
-29,16,6,INCLUDED_OPEN
-29,16,7,INCLUDED_OPEN
-29,17,3,INCLUDED_OPEN
-29,17,4,INCLUDED_OPEN
-29,17,5,INCLUDED_OPEN
-29,17,6,INCLUDED_OPEN
-29,17,7,INCLUDED_OPEN
-29,18,3,INCLUDED_OPEN
-29,18,4,INCLUDED_OPEN
-29,18,5,INCLUDED_OPEN
-29,18,6,INCLUDED_OPEN
-29,18,7,INCLUDED_OPEN
-29,19,3,INCLUDED_OPEN
-29,19,4,INCLUDED_OPEN
-29,19,5,INCLUDED_OPEN
-29,19,6,INCLUDED_OPEN
-29,19,7,INCLUDED_OPEN
-29,20,3,INCLUDED_OPEN
-29,20,4,INCLUDED_OPEN
-29,20,5,INCLUDED_OPEN
-29,20,6,INCLUDED_OPEN
-29,20,7,INCLUDED_OPEN
-29,21,3,INCLUDED_OPEN
-29,21,4,INCLUDED_OPEN
-29,21,5,INCLUDED_OPEN
-29,21,6,INCLUDED_OPEN
-29,21,7,INCLUDED_OPEN
-29,22,3,INCLUDED_OPEN
-29,22,4,INCLUDED_OPEN
-29,22,5,INCLUDED_OPEN
-29,22,6,INCLUDED_OPEN
-29,22,7,INCLUDED_OPEN
-29,23,3,INCLUDED_OPEN
-29,23,4,INCLUDED_OPEN
-29,23,5,INCLUDED_OPEN
-29,23,6,INCLUDED_OPEN
-29,23,7,INCLUDED_OPEN
-29,24,3,INCLUDED_OPEN
-29,24,4,INCLUDED_OPEN
-29,24,5,INCLUDED_OPEN
-29,24,6,INCLUDED_OPEN
-29,24,7,INCLUDED_OPEN
-29,25,3,INCLUDED_OPEN
-29,25,4,INCLUDED_OPEN
-29,25,5,INCLUDED_OPEN
-29,25,6,INCLUDED_OPEN
-29,25,7,INCLUDED_OPEN
-29,26,3,INCLUDED_OPEN
-29,26,4,INCLUDED_OPEN
-29,26,5,INCLUDED_OPEN
-29,26,6,INCLUDED_OPEN
-29,26,7,INCLUDED_LOWDATA
-28,-10,-3,INCLUDED_LOWDATA
-28,-10,-2,INCLUDED_OPEN
-28,-10,-1,INCLUDED_OPEN
-28,-10,0,INCLUDED_OPEN
-28,-10,1,INCLUDED_OPEN
-28,-10,2,INCLUDED_LOWDATA
-28,-9,-3,INCLUDED_LOWDATA
-28,-9,-2,INCLUDED_OPEN
-28,-9,-1,INCLUDED_OPEN
-28,-9,0,INCLUDED_OPEN
-28,-9,1,INCLUDED_OPEN
-28,-9,2,INCLUDED_LOWDATA
-28,-8,-9,INCLUDED_LOWDATA
-28,-8,-7,INCLUDED_LOWDATA
-28,-8,-3,INCLUDED_LOWDATA
-28,-8,-2,constrained-misc
-28,-8,-1,INCLUDED_OPEN
-28,-8,0,INCLUDED_OPEN
-28,-8,1,INCLUDED_OPEN
-28,-8,2,INCLUDED_LOWDATA
-28,-8,3,INCLUDED_LOWDATA
-28,-7,-2,INCLUDED_OPEN
-28,-7,-1,INCLUDED_OPEN
-28,-7,0,INCLUDED_OPEN
-28,-7,1,INCLUDED_OPEN
-28,-7,2,INCLUDED_LOWDATA
-28,-7,3,INCLUDED_LOWDATA
-28,-6,-2,INCLUDED_OPEN
-28,-6,-1,INCLUDED_OPEN
-28,-6,0,INCLUDED_OPEN
-28,-6,1,INCLUDED_OPEN
-28,-6,2,INCLUDED_LOWDATA
-28,-5,-3,INCLUDED_LOWDATA
-28,-5,-2,INCLUDED_OPEN
-28,-5,-1,INCLUDED_OPEN
-28,-5,0,INCLUDED_OPEN
-28,-5,1,INCLUDED_OPEN
-28,-5,2,INCLUDED_LOWDATA
-28,-4,-3,INCLUDED_LOWDATA
-28,-4,-2,INCLUDED_OPEN
-28,-4,-1,INCLUDED_OPEN
-28,-4,0,INCLUDED_OPEN
-28,-4,1,INCLUDED_OPEN
-28,-4,2,INCLUDED_LOWDATA
-28,-3,-3,INCLUDED_LOWDATA
-28,-3,-2,INCLUDED_OPEN
-28,-3,-1,INCLUDED_OPEN
-28,-3,0,INCLUDED_OPEN
-28,-3,1,INCLUDED_LOWDATA
-28,-2,-2,INCLUDED_OPEN
-28,-2,-1,INCLUDED_OPEN
-28,-2,0,INCLUDED_OPEN
-28,-2,1,INCLUDED_LOWDATA
-28,-2,2,constrained-misc
-28,-2,3,INCLUDED_OPEN
-28,-2,4,INCLUDED_OPEN
-28,-2,5,INCLUDED_OPEN
-28,-2,6,INCLUDED_OPEN
-28,-2,7,INCLUDED_LOWDATA
-28,-1,-2,INCLUDED_OPEN
-28,-1,-1,INCLUDED_OPEN
-28,-1,0,INCLUDED_OPEN
-28,-1,1,INCLUDED_OPEN
-28,-1,2,INCLUDED_OPEN
-28,-1,3,INCLUDED_OPEN
-28,-1,4,INCLUDED_OPEN
-28,-1,5,INCLUDED_OPEN
-28,-1,6,INCLUDED_OPEN
-28,-1,7,INCLUDED_OPEN
-28,0,-2,INCLUDED_OPEN
-28,0,-1,INCLUDED_OPEN
-28,0,0,INCLUDED_OPEN
-28,0,1,INCLUDED_OPEN
-28,0,2,INCLUDED_OPEN
-28,0,3,INCLUDED_OPEN
-28,0,4,INCLUDED_OPEN
-28,0,5,INCLUDED_OPEN
-28,0,6,INCLUDED_OPEN
-28,0,7,INCLUDED_OPEN
-28,1,-2,INCLUDED_OPEN
-28,1,-1,INCLUDED_OPEN
-28,1,0,INCLUDED_OPEN
-28,1,1,INCLUDED_OPEN
-28,1,2,INCLUDED_OPEN
-28,1,3,INCLUDED_OPEN
-28,1,4,INCLUDED_OPEN
-28,1,5,INCLUDED_OPEN
-28,1,6,INCLUDED_OPEN
-28,1,7,INCLUDED_OPEN
-28,2,-2,INCLUDED_LOWDATA
-28,2,-1,INCLUDED_OPEN
-28,2,0,INCLUDED_OPEN
-28,2,1,INCLUDED_OPEN
-28,2,2,INCLUDED_OPEN
-28,2,3,INCLUDED_OPEN
-28,2,4,INCLUDED_OPEN
-28,2,5,INCLUDED_OPEN
-28,2,6,INCLUDED_OPEN
-28,2,7,INCLUDED_OPEN
-28,3,-2,constrained-misc
-28,3,-1,INCLUDED_OPEN
-28,3,0,INCLUDED_OPEN
-28,3,1,INCLUDED_OPEN
-28,3,2,INCLUDED_OPEN
-28,3,3,INCLUDED_OPEN
-28,3,4,INCLUDED_OPEN
-28,3,5,INCLUDED_OPEN
-28,3,6,INCLUDED_OPEN
-28,3,7,INCLUDED_OPEN
-28,4,-2,INCLUDED_LOWDATA
-28,4,-1,INCLUDED_OPEN
-28,4,0,INCLUDED_OPEN
-28,4,1,INCLUDED_OPEN
-28,4,2,INCLUDED_OPEN
-28,4,3,INCLUDED_OPEN
-28,4,4,INCLUDED_OPEN
-28,4,5,INCLUDED_OPEN
-28,4,6,INCLUDED_OPEN
-28,4,7,INCLUDED_OPEN
-28,5,-2,INCLUDED_OPEN
-28,5,-1,INCLUDED_OPEN
-28,5,0,INCLUDED_OPEN
-28,5,1,INCLUDED_OPEN
-28,5,2,INCLUDED_OPEN
-28,5,3,INCLUDED_OPEN
-28,5,4,INCLUDED_OPEN
-28,5,5,INCLUDED_OPEN
-28,5,6,INCLUDED_OPEN
-28,5,7,INCLUDED_OPEN
-28,6,-2,INCLUDED_LOWDATA
-28,6,-1,INCLUDED_OPEN
-28,6,0,INCLUDED_OPEN
-28,6,1,INCLUDED_OPEN
-28,6,2,INCLUDED_OPEN
-28,6,3,INCLUDED_OPEN
-28,6,4,INCLUDED_OPEN
-28,6,5,INCLUDED_OPEN
-28,6,6,INCLUDED_OPEN
-28,6,7,INCLUDED_OPEN
-28,7,-2,constrained-misc
-28,7,-1,constrained-misc
-28,7,0,INCLUDED_OPEN
-28,7,1,INCLUDED_OPEN
-28,7,2,INCLUDED_OPEN
-28,7,3,INCLUDED_OPEN
-28,7,4,INCLUDED_OPEN
-28,7,5,INCLUDED_OPEN
-28,7,6,INCLUDED_OPEN
-28,7,7,INCLUDED_OPEN
-28,8,5,INCLUDED_OPEN
-28,8,6,INCLUDED_OPEN
-28,8,7,INCLUDED_OPEN
-28,9,5,INCLUDED_OPEN
-28,9,6,INCLUDED_OPEN
-28,9,7,INCLUDED_OPEN
-28,10,-2,constrained-misc
-28,10,-1,constrained-misc
-28,10,0,INCLUDED_OPEN
-28,10,1,constrained-misc
-28,10,2,INCLUDED_LOWDATA
-28,10,5,INCLUDED_OPEN
-28,10,6,INCLUDED_OPEN
-28,10,7,INCLUDED_OPEN
-28,11,-2,INCLUDED_OPEN
-28,11,-1,INCLUDED_OPEN
-28,11,0,INCLUDED_OPEN
-28,11,1,INCLUDED_OPEN
-28,11,5,INCLUDED_OPEN
-28,11,6,INCLUDED_OPEN
-28,11,7,INCLUDED_OPEN
-28,12,-2,INCLUDED_OPEN
-28,12,-1,INCLUDED_OPEN
-28,12,0,INCLUDED_OPEN
-28,12,1,constrained-misc
-28,12,5,INCLUDED_OPEN
-28,12,6,INCLUDED_OPEN
-28,12,7,INCLUDED_OPEN
-28,13,-2,constrained-misc
-28,13,-1,constrained-misc
-28,13,0,INCLUDED_OPEN
-28,13,1,constrained-misc
-28,13,5,INCLUDED_OPEN
-28,13,6,INCLUDED_OPEN
-28,13,7,INCLUDED_OPEN
-28,14,5,INCLUDED_OPEN
-28,14,6,INCLUDED_OPEN
-28,14,7,INCLUDED_OPEN
-28,15,5,INCLUDED_OPEN
-28,15,6,INCLUDED_OPEN
-28,15,7,INCLUDED_OPEN
-28,16,-2,constrained-misc
-28,16,-1,constrained-misc
-28,16,0,INCLUDED_OPEN
-28,16,1,constrained-misc
-28,16,2,INCLUDED_OPEN
-28,16,3,INCLUDED_OPEN
-28,16,4,INCLUDED_OPEN
-28,16,5,INCLUDED_OPEN
-28,16,6,INCLUDED_OPEN
-28,16,7,INCLUDED_OPEN
-28,17,-2,INCLUDED_LOWDATA
-28,17,-1,INCLUDED_OPEN
-28,17,0,INCLUDED_OPEN
-28,17,1,INCLUDED_OPEN
-28,17,2,INCLUDED_OPEN
-28,17,3,INCLUDED_OPEN
-28,17,4,INCLUDED_OPEN
-28,17,5,INCLUDED_OPEN
-28,17,6,INCLUDED_OPEN
-28,17,7,INCLUDED_OPEN
-28,18,-2,INCLUDED_LOWDATA
-28,18,-1,INCLUDED_OPEN
-28,18,0,INCLUDED_OPEN
-28,18,1,INCLUDED_OPEN
-28,18,2,INCLUDED_OPEN
-28,18,3,INCLUDED_OPEN
-28,18,4,INCLUDED_OPEN
-28,18,5,INCLUDED_OPEN
-28,18,6,INCLUDED_OPEN
-28,18,7,INCLUDED_OPEN
-28,19,-2,constrained-misc
-28,19,-1,INCLUDED_OPEN
-28,19,0,INCLUDED_OPEN
-28,19,1,INCLUDED_OPEN
-28,19,2,INCLUDED_OPEN
-28,19,3,INCLUDED_OPEN
-28,19,4,INCLUDED_OPEN
-28,19,5,INCLUDED_OPEN
-28,19,6,INCLUDED_OPEN
-28,19,7,INCLUDED_OPEN
-28,20,-2,INCLUDED_OPEN
-28,20,-1,INCLUDED_OPEN
-28,20,0,INCLUDED_OPEN
-28,20,1,INCLUDED_OPEN
-28,20,2,INCLUDED_OPEN
-28,20,3,INCLUDED_OPEN
-28,20,4,INCLUDED_OPEN
-28,20,5,INCLUDED_OPEN
-28,20,6,INCLUDED_OPEN
-28,20,7,INCLUDED_OPEN
-28,21,-2,constrained-misc
-28,21,-1,INCLUDED_OPEN
-28,21,0,INCLUDED_OPEN
-28,21,1,INCLUDED_OPEN
-28,21,2,INCLUDED_OPEN
-28,21,3,INCLUDED_OPEN
-28,21,4,INCLUDED_OPEN
-28,21,5,INCLUDED_OPEN
-28,21,6,INCLUDED_OPEN
-28,21,7,INCLUDED_OPEN
-28,22,-2,INCLUDED_LOWDATA
-28,22,-1,INCLUDED_OPEN
-28,22,0,INCLUDED_OPEN
-28,22,1,INCLUDED_OPEN
-28,22,2,INCLUDED_OPEN
-28,22,3,INCLUDED_OPEN
-28,22,4,INCLUDED_OPEN
-28,22,5,INCLUDED_OPEN
-28,22,6,INCLUDED_OPEN
-28,22,7,INCLUDED_OPEN
-28,23,3,INCLUDED_OPEN
-28,23,4,INCLUDED_OPEN
-28,23,5,INCLUDED_OPEN
-28,23,6,INCLUDED_OPEN
-28,23,7,INCLUDED_OPEN
-28,24,3,INCLUDED_OPEN
-28,24,4,INCLUDED_OPEN
-28,24,5,INCLUDED_OPEN
-28,24,6,INCLUDED_OPEN
-28,24,7,INCLUDED_OPEN
-28,25,3,INCLUDED_OPEN
-28,25,4,INCLUDED_OPEN
-28,25,5,INCLUDED_OPEN
-28,25,6,INCLUDED_OPEN
-28,25,7,INCLUDED_OPEN
-28,26,3,INCLUDED_OPEN
-28,26,4,INCLUDED_OPEN
-28,26,5,INCLUDED_OPEN
-28,26,6,INCLUDED_OPEN
-28,26,7,INCLUDED_OPEN
-28,27,3,INCLUDED_OPEN
-28,27,4,INCLUDED_OPEN
-28,27,5,INCLUDED_OPEN
-28,27,6,INCLUDED_OPEN
-28,27,7,INCLUDED_LOWDATA
-27,-10,-2,INCLUDED_OPEN
-27,-10,-1,INCLUDED_OPEN
-27,-10,0,INCLUDED_OPEN
-27,-10,1,INCLUDED_OPEN
-27,-10,2,INCLUDED_LOWDATA
-27,-9,-3,INCLUDED_LOWDATA
-27,-9,-2,INCLUDED_OPEN
-27,-9,-1,INCLUDED_OPEN
-27,-9,0,INCLUDED_OPEN
-27,-9,1,INCLUDED_OPEN
-27,-9,2,INCLUDED_LOWDATA
-27,-8,-7,INCLUDED_LOWDATA
-27,-8,-3,INCLUDED_LOWDATA
-27,-8,-2,INCLUDED_OPEN
-27,-8,-1,INCLUDED_OPEN
-27,-8,0,INCLUDED_OPEN
-27,-8,1,INCLUDED_OPEN
-27,-8,2,INCLUDED_LOWDATA
-27,-8,3,INCLUDED_LOWDATA
-27,-7,-2,INCLUDED_OPEN
-27,-7,-1,INCLUDED_OPEN
-27,-7,0,INCLUDED_OPEN
-27,-7,1,INCLUDED_OPEN
-27,-7,2,INCLUDED_LOWDATA
-27,-7,3,INCLUDED_LOWDATA
-27,-6,-2,INCLUDED_OPEN
-27,-6,-1,INCLUDED_OPEN
-27,-6,0,INCLUDED_OPEN
-27,-6,1,INCLUDED_OPEN
-27,-6,2,INCLUDED_LOWDATA
-27,-5,-2,INCLUDED_OPEN
-27,-5,-1,INCLUDED_OPEN
-27,-5,0,INCLUDED_OPEN
-27,-5,1,INCLUDED_OPEN
-27,-5,2,INCLUDED_LOWDATA
-27,-4,-2,INCLUDED_OPEN
-27,-4,-1,INCLUDED_OPEN
-27,-4,0,INCLUDED_OPEN
-27,-4,1,INCLUDED_OPEN
-27,-4,2,INCLUDED_LOWDATA
-27,-3,-2,INCLUDED_OPEN
-27,-3,-1,INCLUDED_OPEN
-27,-3,0,INCLUDED_OPEN
-27,-2,-2,INCLUDED_OPEN
-27,-2,-1,INCLUDED_OPEN
-27,-2,0,INCLUDED_OPEN
-27,-2,1,INCLUDED_LOWDATA
-27,-2,2,INCLUDED_OPEN
-27,-2,3,INCLUDED_OPEN
-27,-2,4,INCLUDED_OPEN
-27,-2,5,INCLUDED_OPEN
-27,-2,6,INCLUDED_OPEN
-27,-2,7,INCLUDED_LOWDATA
-27,-1,-2,INCLUDED_OPEN
-27,-1,-1,INCLUDED_OPEN
-27,-1,0,INCLUDED_OPEN
-27,-1,1,INCLUDED_OPEN
-27,-1,2,INCLUDED_OPEN
-27,-1,3,INCLUDED_OPEN
-27,-1,4,INCLUDED_OPEN
-27,-1,5,INCLUDED_OPEN
-27,-1,6,INCLUDED_OPEN
-27,-1,7,INCLUDED_OPEN
-27,0,-2,INCLUDED_OPEN
-27,0,-1,INCLUDED_OPEN
-27,0,0,INCLUDED_OPEN
-27,0,1,INCLUDED_OPEN
-27,0,2,INCLUDED_OPEN
-27,0,3,INCLUDED_OPEN
-27,0,4,INCLUDED_OPEN
-27,0,5,INCLUDED_OPEN
-27,0,6,INCLUDED_OPEN
-27,0,7,INCLUDED_OPEN
-27,1,-2,INCLUDED_OPEN
-27,1,-1,INCLUDED_OPEN
-27,1,0,INCLUDED_OPEN
-27,1,1,INCLUDED_OPEN
-27,1,2,INCLUDED_OPEN
-27,1,3,INCLUDED_OPEN
-27,1,4,INCLUDED_OPEN
-27,1,5,INCLUDED_OPEN
-27,1,6,INCLUDED_OPEN
-27,1,7,INCLUDED_OPEN
-27,2,-2,INCLUDED_LOWDATA
-27,2,-1,INCLUDED_OPEN
-27,2,0,INCLUDED_OPEN
-27,2,1,INCLUDED_OPEN
-27,2,2,INCLUDED_OPEN
-27,2,3,INCLUDED_OPEN
-27,2,4,INCLUDED_OPEN
-27,2,5,INCLUDED_OPEN
-27,2,6,INCLUDED_OPEN
-27,2,7,INCLUDED_OPEN
-27,3,-2,INCLUDED_OPEN
-27,3,-1,INCLUDED_OPEN
-27,3,0,INCLUDED_OPEN
-27,3,1,INCLUDED_OPEN
-27,3,2,INCLUDED_OPEN
-27,3,3,INCLUDED_OPEN
-27,3,4,INCLUDED_OPEN
-27,3,5,mega-sng
-27,3,6,INCLUDED_OPEN
-27,3,7,INCLUDED_OPEN
-27,4,-2,INCLUDED_LOWDATA
-27,4,-1,INCLUDED_OPEN
-27,4,0,INCLUDED_OPEN
-27,4,1,INCLUDED_OPEN
-27,4,2,INCLUDED_OPEN
-27,4,3,INCLUDED_OPEN
-27,4,4,INCLUDED_OPEN
-27,4,5,INCLUDED_OPEN
-27,4,6,INCLUDED_OPEN
-27,4,7,INCLUDED_OPEN
-27,5,-2,INCLUDED_OPEN
-27,5,-1,INCLUDED_OPEN
-27,5,0,INCLUDED_OPEN
-27,5,1,INCLUDED_OPEN
-27,5,2,INCLUDED_OPEN
-27,5,3,INCLUDED_OPEN
-27,5,4,INCLUDED_OPEN
-27,5,5,INCLUDED_OPEN
-27,5,6,INCLUDED_OPEN
-27,5,7,INCLUDED_OPEN
-27,6,-2,INCLUDED_LOWDATA
-27,6,-1,INCLUDED_OPEN
-27,6,0,INCLUDED_OPEN
-27,6,1,INCLUDED_OPEN
-27,6,2,INCLUDED_OPEN
-27,6,3,INCLUDED_OPEN
-27,6,4,INCLUDED_OPEN
-27,6,5,INCLUDED_OPEN
-27,6,6,INCLUDED_OPEN
-27,6,7,INCLUDED_OPEN
-27,7,-2,INCLUDED_OPEN
-27,7,-1,INCLUDED_OPEN
-27,7,0,INCLUDED_OPEN
-27,7,1,INCLUDED_OPEN
-27,7,2,INCLUDED_OPEN
-27,7,3,INCLUDED_OPEN
-27,7,4,INCLUDED_OPEN
-27,7,5,INCLUDED_OPEN
-27,7,6,INCLUDED_OPEN
-27,7,7,INCLUDED_OPEN
-27,8,5,INCLUDED_OPEN
-27,8,6,INCLUDED_OPEN
-27,8,7,INCLUDED_OPEN
-27,9,5,INCLUDED_OPEN
-27,9,6,INCLUDED_OPEN
-27,9,7,INCLUDED_OPEN
-27,10,-2,INCLUDED_LOWDATA
-27,10,-1,constrained-misc
-27,10,0,INCLUDED_OPEN
-27,10,1,INCLUDED_OPEN
-27,10,5,INCLUDED_OPEN
-27,10,6,INCLUDED_OPEN
-27,10,7,INCLUDED_OPEN
-27,11,-2,INCLUDED_LOWDATA
-27,11,-1,INCLUDED_OPEN
-27,11,0,INCLUDED_OPEN
-27,11,1,INCLUDED_LOWDATA
-27,11,5,INCLUDED_OPEN
-27,11,6,INCLUDED_OPEN
-27,11,7,INCLUDED_OPEN
-27,12,-2,INCLUDED_LOWDATA
-27,12,-1,INCLUDED_OPEN
-27,12,0,INCLUDED_OPEN
-27,12,1,INCLUDED_LOWDATA
-27,12,5,INCLUDED_OPEN
-27,12,6,INCLUDED_OPEN
-27,12,7,INCLUDED_OPEN
-27,13,-2,constrained-misc
-27,13,-1,INCLUDED_OPEN
-27,13,0,INCLUDED_OPEN
-27,13,1,INCLUDED_OPEN
-27,13,5,INCLUDED_OPEN
-27,13,6,INCLUDED_OPEN
-27,13,7,INCLUDED_OPEN
-27,14,5,INCLUDED_OPEN
-27,14,6,INCLUDED_OPEN
-27,14,7,INCLUDED_OPEN
-27,15,5,INCLUDED_OPEN
-27,15,6,INCLUDED_OPEN
-27,15,7,INCLUDED_OPEN
-27,16,-2,INCLUDED_LOWDATA
-27,16,-1,INCLUDED_OPEN
-27,16,0,INCLUDED_OPEN
-27,16,1,INCLUDED_OPEN
-27,16,2,INCLUDED_OPEN
-27,16,3,constrained-misc
-27,16,4,INCLUDED_OPEN
-27,16,5,INCLUDED_OPEN
-27,16,6,INCLUDED_OPEN
-27,16,7,INCLUDED_OPEN
-27,17,-2,INCLUDED_LOWDATA
-27,17,-1,INCLUDED_OPEN
-27,17,0,INCLUDED_OPEN
-27,17,1,INCLUDED_OPEN
-27,17,2,INCLUDED_OPEN
-27,17,3,INCLUDED_OPEN
-27,17,4,INCLUDED_OPEN
-27,17,5,INCLUDED_OPEN
-27,17,6,INCLUDED_OPEN
-27,17,7,INCLUDED_OPEN
-27,18,-2,INCLUDED_LOWDATA
-27,18,-1,INCLUDED_OPEN
-27,18,0,INCLUDED_OPEN
-27,18,1,INCLUDED_OPEN
-27,18,2,INCLUDED_OPEN
-27,18,3,INCLUDED_OPEN
-27,18,4,INCLUDED_OPEN
-27,18,5,INCLUDED_OPEN
-27,18,6,INCLUDED_OPEN
-27,18,7,INCLUDED_OPEN
-27,19,-2,INCLUDED_LOWDATA
-27,19,-1,INCLUDED_OPEN
-27,19,0,INCLUDED_OPEN
-27,19,1,INCLUDED_OPEN
-27,19,2,constrained-misc
-27,19,3,INCLUDED_OPEN
-27,19,4,INCLUDED_OPEN
-27,19,5,INCLUDED_OPEN
-27,19,6,INCLUDED_OPEN
-27,19,7,INCLUDED_OPEN
-27,20,-2,INCLUDED_LOWDATA
-27,20,-1,INCLUDED_OPEN
-27,20,0,INCLUDED_OPEN
-27,20,1,INCLUDED_OPEN
-27,20,2,constrained-misc
-27,20,3,INCLUDED_OPEN
-27,20,4,INCLUDED_OPEN
-27,20,5,INCLUDED_OPEN
-27,20,6,INCLUDED_OPEN
-27,20,7,INCLUDED_OPEN
-27,21,-2,INCLUDED_LOWDATA
-27,21,-1,INCLUDED_OPEN
-27,21,0,INCLUDED_OPEN
-27,21,1,INCLUDED_OPEN
-27,21,2,constrained-misc
-27,21,3,INCLUDED_OPEN
-27,21,4,INCLUDED_OPEN
-27,21,5,INCLUDED_OPEN
-27,21,6,INCLUDED_OPEN
-27,21,7,INCLUDED_OPEN
-27,22,-2,INCLUDED_OPEN
-27,22,-1,INCLUDED_OPEN
-27,22,0,INCLUDED_OPEN
-27,22,1,INCLUDED_OPEN
-27,22,2,INCLUDED_OPEN
-27,22,3,INCLUDED_OPEN
-27,22,4,INCLUDED_OPEN
-27,22,5,INCLUDED_OPEN
-27,22,6,INCLUDED_OPEN
-27,22,7,INCLUDED_OPEN
-27,23,-2,INCLUDED_OPEN
-27,23,-1,INCLUDED_OPEN
-27,23,0,INCLUDED_OPEN
-27,23,1,INCLUDED_OPEN
-27,23,2,constrained-misc
-27,23,3,INCLUDED_OPEN
-27,23,4,INCLUDED_OPEN
-27,23,5,INCLUDED_OPEN
-27,23,6,INCLUDED_OPEN
-27,23,7,INCLUDED_OPEN
-27,24,0,INCLUDED_LOWDATA
-27,24,1,INCLUDED_LOWDATA
-27,24,2,INCLUDED_LOWDATA
-27,24,3,INCLUDED_OPEN
-27,24,4,INCLUDED_OPEN
-27,24,5,INCLUDED_OPEN
-27,24,6,INCLUDED_OPEN
-27,24,7,INCLUDED_OPEN
-27,25,3,INCLUDED_OPEN
-27,25,4,INCLUDED_OPEN
-27,25,5,INCLUDED_OPEN
-27,25,6,INCLUDED_OPEN
-27,25,7,INCLUDED_OPEN
-27,26,3,INCLUDED_OPEN
-27,26,4,INCLUDED_OPEN
-27,26,5,INCLUDED_OPEN
-27,26,6,INCLUDED_OPEN
-27,26,7,INCLUDED_OPEN
-27,27,3,INCLUDED_OPEN
-27,27,4,INCLUDED_OPEN
-27,27,5,INCLUDED_OPEN
-27,27,6,INCLUDED_OPEN
-27,27,7,INCLUDED_OPEN
-26,-10,-3,INCLUDED_LOWDATA
-26,-10,-2,INCLUDED_OPEN
-26,-10,-1,INCLUDED_OPEN
-26,-10,0,INCLUDED_OPEN
-26,-10,1,INCLUDED_OPEN
-26,-10,2,INCLUDED_LOWDATA
-26,-9,-3,INCLUDED_LOWDATA
-26,-9,-2,INCLUDED_OPEN
-26,-9,-1,INCLUDED_OPEN
-26,-9,0,INCLUDED_OPEN
-26,-9,1,INCLUDED_OPEN
-26,-8,-7,INCLUDED_LOWDATA
-26,-8,-3,INCLUDED_LOWDATA
-26,-8,-2,INCLUDED_OPEN
-26,-8,-1,INCLUDED_OPEN
-26,-8,0,INCLUDED_OPEN
-26,-8,1,INCLUDED_OPEN
-26,-8,2,INCLUDED_LOWDATA
-26,-8,3,INCLUDED_LOWDATA
-26,-7,-2,INCLUDED_OPEN
-26,-7,-1,INCLUDED_OPEN
-26,-7,0,INCLUDED_OPEN
-26,-7,1,INCLUDED_OPEN
-26,-7,3,INCLUDED_LOWDATA
-26,-6,-2,INCLUDED_OPEN
-26,-6,-1,INCLUDED_OPEN
-26,-6,0,INCLUDED_OPEN
-26,-6,1,INCLUDED_OPEN
-26,-6,2,INCLUDED_LOWDATA
-26,-5,-2,INCLUDED_OPEN
-26,-5,-1,INCLUDED_OPEN
-26,-5,0,INCLUDED_OPEN
-26,-5,1,INCLUDED_OPEN
-26,-5,2,INCLUDED_LOWDATA
-26,-4,-2,INCLUDED_OPEN
-26,-4,-1,INCLUDED_OPEN
-26,-4,0,INCLUDED_OPEN
-26,-4,1,INCLUDED_OPEN
-26,-4,2,INCLUDED_LOWDATA
-26,-3,-2,INCLUDED_OPEN
-26,-3,-1,INCLUDED_OPEN
-26,-3,0,INCLUDED_OPEN
-26,-2,-2,INCLUDED_OPEN
-26,-2,-1,INCLUDED_OPEN
-26,-2,0,INCLUDED_OPEN
-26,-2,2,constrained-misc
-26,-2,3,INCLUDED_OPEN
-26,-2,4,INCLUDED_OPEN
-26,-2,5,INCLUDED_OPEN
-26,-2,6,INCLUDED_OPEN
-26,-2,7,INCLUDED_LOWDATA
-26,-1,-2,INCLUDED_OPEN
-26,-1,-1,INCLUDED_OPEN
-26,-1,0,INCLUDED_OPEN
-26,-1,1,INCLUDED_OPEN
-26,-1,2,INCLUDED_OPEN
-26,-1,3,INCLUDED_OPEN
-26,-1,4,INCLUDED_OPEN
-26,-1,5,INCLUDED_OPEN
-26,-1,6,INCLUDED_OPEN
-26,-1,7,INCLUDED_OPEN
-26,0,-2,INCLUDED_OPEN
-26,0,-1,INCLUDED_OPEN
-26,0,0,INCLUDED_OPEN
-26,0,1,INCLUDED_OPEN
-26,0,2,INCLUDED_OPEN
-26,0,3,INCLUDED_OPEN
-26,0,4,INCLUDED_OPEN
-26,0,5,INCLUDED_OPEN
-26,0,6,INCLUDED_OPEN
-26,0,7,INCLUDED_OPEN
-26,1,-2,INCLUDED_OPEN
-26,1,-1,INCLUDED_OPEN
-26,1,0,INCLUDED_OPEN
-26,1,1,INCLUDED_OPEN
-26,1,2,INCLUDED_OPEN
-26,1,3,INCLUDED_OPEN
-26,1,4,INCLUDED_OPEN
-26,1,5,INCLUDED_OPEN
-26,1,6,INCLUDED_OPEN
-26,1,7,INCLUDED_OPEN
-26,2,-2,INCLUDED_OPEN
-26,2,-1,INCLUDED_OPEN
-26,2,0,INCLUDED_OPEN
-26,2,1,INCLUDED_OPEN
-26,2,2,INCLUDED_OPEN
-26,2,3,INCLUDED_OPEN
-26,2,4,INCLUDED_OPEN
-26,2,5,mega-sng
-26,2,6,INCLUDED_OPEN
-26,2,7,INCLUDED_OPEN
-26,3,-2,INCLUDED_OPEN
-26,3,-1,INCLUDED_OPEN
-26,3,0,INCLUDED_OPEN
-26,3,1,INCLUDED_OPEN
-26,3,2,INCLUDED_OPEN
-26,3,3,INCLUDED_OPEN
-26,3,4,INCLUDED_OPEN
-26,3,5,mega-sng
-26,3,6,INCLUDED_OPEN
-26,3,7,INCLUDED_OPEN
-26,4,-2,INCLUDED_OPEN
-26,4,-1,INCLUDED_OPEN
-26,4,0,INCLUDED_OPEN
-26,4,1,INCLUDED_OPEN
-26,4,2,INCLUDED_OPEN
-26,4,3,INCLUDED_OPEN
-26,4,4,INCLUDED_OPEN
-26,4,5,INCLUDED_OPEN
-26,4,6,INCLUDED_OPEN
-26,4,7,INCLUDED_OPEN
-26,5,-2,INCLUDED_OPEN
-26,5,-1,INCLUDED_OPEN
-26,5,0,INCLUDED_OPEN
-26,5,1,INCLUDED_OPEN
-26,5,2,INCLUDED_OPEN
-26,5,3,INCLUDED_OPEN
-26,5,4,INCLUDED_OPEN
-26,5,5,INCLUDED_OPEN
-26,5,6,INCLUDED_OPEN
-26,5,7,INCLUDED_OPEN
-26,6,-2,INCLUDED_OPEN
-26,6,-1,INCLUDED_OPEN
-26,6,0,INCLUDED_OPEN
-26,6,1,INCLUDED_OPEN
-26,6,2,INCLUDED_OPEN
-26,6,3,INCLUDED_OPEN
-26,6,4,INCLUDED_OPEN
-26,6,5,INCLUDED_OPEN
-26,6,6,INCLUDED_OPEN
-26,6,7,INCLUDED_OPEN
-26,7,-2,INCLUDED_OPEN
-26,7,-1,INCLUDED_OPEN
-26,7,0,INCLUDED_OPEN
-26,7,1,INCLUDED_OPEN
-26,7,2,INCLUDED_OPEN
-26,7,3,INCLUDED_OPEN
-26,7,4,INCLUDED_OPEN
-26,7,5,INCLUDED_OPEN
-26,7,6,INCLUDED_OPEN
-26,7,7,INCLUDED_OPEN
-26,7,8,INCLUDED_LOWDATA
-26,8,-2,INCLUDED_OPEN
-26,8,-1,INCLUDED_OPEN
-26,8,0,INCLUDED_OPEN
-26,8,1,INCLUDED_OPEN
-26,8,5,INCLUDED_OPEN
-26,8,6,INCLUDED_OPEN
-26,8,7,INCLUDED_OPEN
-26,9,-2,INCLUDED_OPEN
-26,9,-1,INCLUDED_OPEN
-26,9,0,INCLUDED_OPEN
-26,9,1,INCLUDED_OPEN
-26,9,2,INCLUDED_LOWDATA
-26,9,5,INCLUDED_OPEN
-26,9,6,INCLUDED_OPEN
-26,9,7,INCLUDED_OPEN
-26,10,-2,INCLUDED_OPEN
-26,10,-1,INCLUDED_OPEN
-26,10,0,INCLUDED_OPEN
-26,10,1,INCLUDED_OPEN
-26,10,2,mega-sng-2
-26,10,3,mega-sng-2
-26,10,4,mega-sng-2
-26,10,5,INCLUDED_OPEN
-26,10,6,INCLUDED_OPEN
-26,10,7,INCLUDED_OPEN
-26,11,-2,INCLUDED_OPEN
-26,11,-1,INCLUDED_OPEN
-26,11,0,INCLUDED_OPEN
-26,11,1,INCLUDED_OPEN
-26,11,2,INCLUDED_OPEN
-26,11,3,INCLUDED_OPEN
-26,11,4,INCLUDED_OPEN
-26,11,5,INCLUDED_OPEN
-26,11,6,INCLUDED_OPEN
-26,11,7,INCLUDED_OPEN
-26,12,-2,INCLUDED_OPEN
-26,12,-1,INCLUDED_OPEN
-26,12,0,INCLUDED_OPEN
-26,12,1,INCLUDED_OPEN
-26,12,2,INCLUDED_OPEN
-26,12,3,mega-sng-2
-26,12,4,INCLUDED_OPEN
-26,12,5,INCLUDED_OPEN
-26,12,6,INCLUDED_OPEN
-26,12,7,INCLUDED_OPEN
-26,13,-2,INCLUDED_OPEN
-26,13,-1,INCLUDED_OPEN
-26,13,0,INCLUDED_OPEN
-26,13,1,INCLUDED_OPEN
-26,13,2,INCLUDED_OPEN
-26,13,3,mega-sng-2
-26,13,4,INCLUDED_OPEN
-26,13,5,INCLUDED_OPEN
-26,13,6,INCLUDED_OPEN
-26,13,7,INCLUDED_OPEN
-26,14,-2,INCLUDED_OPEN
-26,14,-1,INCLUDED_OPEN
-26,14,0,INCLUDED_OPEN
-26,14,1,INCLUDED_OPEN
-26,14,2,INCLUDED_LOWDATA
-26,14,5,INCLUDED_OPEN
-26,14,6,INCLUDED_OPEN
-26,14,7,INCLUDED_OPEN
-26,15,-2,INCLUDED_LOWDATA
-26,15,-1,INCLUDED_OPEN
-26,15,0,INCLUDED_OPEN
-26,15,1,INCLUDED_OPEN
-26,15,2,INCLUDED_LOWDATA
-26,15,5,INCLUDED_OPEN
-26,15,6,INCLUDED_OPEN
-26,15,7,INCLUDED_OPEN
-26,16,-2,INCLUDED_LOWDATA
-26,16,-1,INCLUDED_OPEN
-26,16,0,INCLUDED_OPEN
-26,16,1,INCLUDED_OPEN
-26,16,5,INCLUDED_OPEN
-26,16,6,INCLUDED_OPEN
-26,16,7,INCLUDED_OPEN
-26,17,-2,INCLUDED_LOWDATA
-26,17,-1,INCLUDED_OPEN
-26,17,0,INCLUDED_OPEN
-26,17,1,INCLUDED_OPEN
-26,17,5,INCLUDED_OPEN
-26,17,6,INCLUDED_OPEN
-26,17,7,INCLUDED_OPEN
-26,18,-2,constrained-misc
-26,18,-1,INCLUDED_OPEN
-26,18,0,INCLUDED_OPEN
-26,18,1,INCLUDED_OPEN
-26,18,5,INCLUDED_OPEN
-26,18,6,INCLUDED_OPEN
-26,18,7,INCLUDED_OPEN
-26,19,-2,INCLUDED_LOWDATA
-26,19,-1,INCLUDED_OPEN
-26,19,0,INCLUDED_OPEN
-26,19,1,INCLUDED_OPEN
-26,19,2,INCLUDED_LOWDATA
-26,19,5,INCLUDED_OPEN
-26,19,6,INCLUDED_OPEN
-26,19,7,INCLUDED_OPEN
-26,20,-2,INCLUDED_LOWDATA
-26,20,-1,INCLUDED_OPEN
-26,20,0,INCLUDED_OPEN
-26,20,1,INCLUDED_OPEN
-26,20,2,INCLUDED_LOWDATA
-26,20,5,INCLUDED_OPEN
-26,20,6,INCLUDED_OPEN
-26,20,7,INCLUDED_OPEN
-26,21,-2,INCLUDED_OPEN
-26,21,-1,INCLUDED_OPEN
-26,21,0,INCLUDED_OPEN
-26,21,1,INCLUDED_OPEN
-26,21,5,INCLUDED_OPEN
-26,21,6,INCLUDED_OPEN
-26,21,7,INCLUDED_OPEN
-26,22,-2,INCLUDED_LOWDATA
-26,22,-1,INCLUDED_OPEN
-26,22,0,INCLUDED_OPEN
-26,22,1,INCLUDED_OPEN
-26,22,5,INCLUDED_OPEN
-26,22,6,INCLUDED_OPEN
-26,22,7,INCLUDED_OPEN
-26,23,-2,constrained-misc
-26,23,-1,INCLUDED_OPEN
-26,23,0,INCLUDED_OPEN
-26,23,1,INCLUDED_OPEN
-26,23,2,INCLUDED_OPEN
-26,23,3,INCLUDED_OPEN
-26,23,4,INCLUDED_OPEN
-26,23,5,INCLUDED_OPEN
-26,23,6,INCLUDED_OPEN
-26,23,7,INCLUDED_OPEN
-26,24,-2,constrained-misc
-26,24,-1,INCLUDED_OPEN
-26,24,0,INCLUDED_OPEN
-26,24,1,INCLUDED_OPEN
-26,24,2,INCLUDED_OPEN
-26,24,3,INCLUDED_OPEN
-26,24,4,INCLUDED_OPEN
-26,24,5,INCLUDED_OPEN
-26,24,6,INCLUDED_OPEN
-26,24,7,INCLUDED_OPEN
-26,25,3,INCLUDED_OPEN
-26,25,4,INCLUDED_OPEN
-26,25,5,INCLUDED_OPEN
-26,25,6,INCLUDED_OPEN
-26,25,7,INCLUDED_OPEN
-26,26,3,INCLUDED_OPEN
-26,26,4,INCLUDED_OPEN
-26,26,5,INCLUDED_OPEN
-26,26,6,INCLUDED_OPEN
-26,26,7,INCLUDED_OPEN
-26,27,3,INCLUDED_OPEN
-26,27,4,INCLUDED_OPEN
-26,27,5,INCLUDED_OPEN
-26,27,6,INCLUDED_OPEN
-26,27,7,INCLUDED_OPEN
-25,-10,-3,INCLUDED_LOWDATA
-25,-10,-2,INCLUDED_OPEN
-25,-10,-1,INCLUDED_OPEN
-25,-10,0,INCLUDED_OPEN
-25,-10,1,INCLUDED_OPEN
-25,-9,-3,INCLUDED_LOWDATA
-25,-9,-2,INCLUDED_OPEN
-25,-9,-1,INCLUDED_OPEN
-25,-9,0,INCLUDED_OPEN
-25,-9,1,INCLUDED_OPEN
-25,-8,-7,INCLUDED_LOWDATA
-25,-8,-3,INCLUDED_LOWDATA
-25,-8,-2,INCLUDED_OPEN
-25,-8,-1,INCLUDED_OPEN
-25,-8,0,INCLUDED_OPEN
-25,-8,1,INCLUDED_OPEN
-25,-8,3,INCLUDED_LOWDATA
-25,-7,-7,INCLUDED_LOWDATA
-25,-7,-2,INCLUDED_OPEN
-25,-7,-1,INCLUDED_OPEN
-25,-7,0,INCLUDED_OPEN
-25,-7,1,INCLUDED_OPEN
-25,-7,3,INCLUDED_LOWDATA
-25,-6,-1,INCLUDED_LOWDATA
-25,-1,-2,constrained-misc
-25,-1,-1,INCLUDED_OPEN
-25,-1,0,INCLUDED_OPEN
-25,-1,1,INCLUDED_OPEN
-25,-1,2,INCLUDED_OPEN
-25,-1,3,INCLUDED_OPEN
-25,-1,4,constrained-misc
-25,-1,5,INCLUDED_OPEN
-25,-1,6,INCLUDED_OPEN
-25,-1,7,INCLUDED_LOWDATA
-25,0,-2,INCLUDED_OPEN
-25,0,-1,INCLUDED_OPEN
-25,0,0,INCLUDED_OPEN
-25,0,1,INCLUDED_OPEN
-25,0,2,INCLUDED_OPEN
-25,0,3,INCLUDED_OPEN
-25,0,4,INCLUDED_OPEN
-25,0,5,INCLUDED_OPEN
-25,0,6,INCLUDED_OPEN
-25,0,7,INCLUDED_LOWDATA
-25,1,-2,INCLUDED_OPEN
-25,1,-1,INCLUDED_OPEN
-25,1,0,INCLUDED_OPEN
-25,1,1,INCLUDED_OPEN
-25,1,2,INCLUDED_OPEN
-25,1,3,INCLUDED_OPEN
-25,1,4,mega-sng
-25,1,5,INCLUDED_OPEN
-25,1,6,INCLUDED_OPEN
-25,1,7,INCLUDED_LOWDATA
-25,2,-2,INCLUDED_OPEN
-25,2,-1,INCLUDED_OPEN
-25,2,0,INCLUDED_OPEN
-25,2,1,INCLUDED_OPEN
-25,2,2,INCLUDED_OPEN
-25,2,3,INCLUDED_OPEN
-25,2,4,INCLUDED_LOWDATA
-25,2,5,INCLUDED_OPEN
-25,2,6,INCLUDED_OPEN
-25,2,7,INCLUDED_LOWDATA
-25,3,-2,INCLUDED_OPEN
-25,3,-1,INCLUDED_OPEN
-25,3,0,INCLUDED_OPEN
-25,3,1,INCLUDED_OPEN
-25,3,2,INCLUDED_OPEN
-25,3,3,INCLUDED_OPEN
-25,3,5,mega-sng
-25,3,6,INCLUDED_OPEN
-25,3,7,INCLUDED_LOWDATA
-25,4,-2,INCLUDED_OPEN
-25,4,-1,INCLUDED_OPEN
-25,4,0,INCLUDED_OPEN
-25,4,1,INCLUDED_OPEN
-25,4,2,INCLUDED_OPEN
-25,4,3,INCLUDED_OPEN
-25,4,4,INCLUDED_OPEN
-25,4,5,mega-sng
-25,4,6,INCLUDED_OPEN
-25,4,7,INCLUDED_LOWDATA
-25,5,-2,INCLUDED_LOWDATA
-25,5,-1,INCLUDED_OPEN
-25,5,0,INCLUDED_OPEN
-25,5,1,INCLUDED_OPEN
-25,5,2,INCLUDED_OPEN
-25,5,3,INCLUDED_OPEN
-25,5,4,INCLUDED_OPEN
-25,5,5,INCLUDED_OPEN
-25,5,6,INCLUDED_OPEN
-25,5,7,INCLUDED_LOWDATA
-25,6,-2,INCLUDED_OPEN
-25,6,-1,INCLUDED_OPEN
-25,6,0,INCLUDED_OPEN
-25,6,1,INCLUDED_OPEN
-25,6,2,INCLUDED_OPEN
-25,6,3,INCLUDED_OPEN
-25,6,4,INCLUDED_OPEN
-25,6,5,INCLUDED_OPEN
-25,6,6,INCLUDED_OPEN
-25,6,7,INCLUDED_LOWDATA
-25,7,-2,INCLUDED_OPEN
-25,7,-1,INCLUDED_OPEN
-25,7,0,INCLUDED_OPEN
-25,7,1,INCLUDED_OPEN
-25,7,2,INCLUDED_OPEN
-25,7,3,INCLUDED_OPEN
-25,7,4,INCLUDED_OPEN
-25,7,5,INCLUDED_OPEN
-25,7,6,INCLUDED_OPEN
-25,7,7,INCLUDED_OPEN
-25,7,8,INCLUDED_LOWDATA
-25,8,-2,INCLUDED_OPEN
-25,8,-1,INCLUDED_OPEN
-25,8,0,INCLUDED_OPEN
-25,8,1,INCLUDED_OPEN
-25,8,2,INCLUDED_LOWDATA
-25,8,5,INCLUDED_OPEN
-25,8,6,INCLUDED_OPEN
-25,8,7,INCLUDED_OPEN
-25,9,-2,INCLUDED_OPEN
-25,9,-1,INCLUDED_OPEN
-25,9,0,INCLUDED_OPEN
-25,9,1,INCLUDED_OPEN
-25,9,2,INCLUDED_LOWDATA
-25,9,5,INCLUDED_OPEN
-25,9,6,INCLUDED_OPEN
-25,9,7,INCLUDED_OPEN
-25,10,-2,INCLUDED_OPEN
-25,10,-1,INCLUDED_OPEN
-25,10,0,INCLUDED_OPEN
-25,10,1,INCLUDED_OPEN
-25,10,2,INCLUDED_OPEN
-25,10,3,mega-sng-2
-25,10,4,mega-sng-2
-25,10,5,INCLUDED_OPEN
-25,10,6,INCLUDED_OPEN
-25,10,7,INCLUDED_OPEN
-25,11,-2,INCLUDED_OPEN
-25,11,-1,INCLUDED_OPEN
-25,11,0,INCLUDED_OPEN
-25,11,1,INCLUDED_OPEN
-25,11,2,INCLUDED_OPEN
-25,11,3,mega-sng-2
-25,11,4,mega-sng-2
-25,11,5,INCLUDED_OPEN
-25,11,6,INCLUDED_OPEN
-25,11,7,INCLUDED_OPEN
-25,12,-2,INCLUDED_OPEN
-25,12,-1,INCLUDED_OPEN
-25,12,0,INCLUDED_OPEN
-25,12,1,INCLUDED_OPEN
-25,12,2,INCLUDED_OPEN
-25,12,3,INCLUDED_OPEN
-25,12,4,INCLUDED_OPEN
-25,12,5,INCLUDED_OPEN
-25,12,6,INCLUDED_OPEN
-25,12,7,INCLUDED_OPEN
-25,13,-2,INCLUDED_OPEN
-25,13,-1,INCLUDED_OPEN
-25,13,0,INCLUDED_OPEN
-25,13,1,INCLUDED_OPEN
-25,13,2,INCLUDED_OPEN
-25,13,3,INCLUDED_OPEN
-25,13,4,INCLUDED_OPEN
-25,13,5,INCLUDED_OPEN
-25,13,6,INCLUDED_OPEN
-25,13,7,INCLUDED_OPEN
-25,14,-2,INCLUDED_OPEN
-25,14,-1,INCLUDED_OPEN
-25,14,0,INCLUDED_OPEN
-25,14,1,INCLUDED_OPEN
-25,14,2,INCLUDED_LOWDATA
-25,14,5,INCLUDED_OPEN
-25,14,6,INCLUDED_OPEN
-25,14,7,INCLUDED_OPEN
-25,15,-2,INCLUDED_OPEN
-25,15,-1,INCLUDED_OPEN
-25,15,0,INCLUDED_OPEN
-25,15,1,INCLUDED_OPEN
-25,15,2,INCLUDED_LOWDATA
-25,15,5,INCLUDED_OPEN
-25,15,6,INCLUDED_OPEN
-25,15,7,INCLUDED_OPEN
-25,16,-2,INCLUDED_OPEN
-25,16,-1,INCLUDED_OPEN
-25,16,0,INCLUDED_OPEN
-25,16,1,INCLUDED_OPEN
-25,16,2,INCLUDED_LOWDATA
-25,16,5,INCLUDED_OPEN
-25,16,6,INCLUDED_OPEN
-25,16,7,INCLUDED_OPEN
-25,17,-2,INCLUDED_OPEN
-25,17,-1,INCLUDED_OPEN
-25,17,0,INCLUDED_OPEN
-25,17,1,INCLUDED_OPEN
-25,17,5,INCLUDED_OPEN
-25,17,6,INCLUDED_OPEN
-25,17,7,INCLUDED_OPEN
-25,18,-2,INCLUDED_OPEN
-25,18,-1,INCLUDED_OPEN
-25,18,0,INCLUDED_OPEN
-25,18,1,INCLUDED_OPEN
-25,18,5,INCLUDED_OPEN
-25,18,6,INCLUDED_OPEN
-25,18,7,INCLUDED_OPEN
-25,19,-2,INCLUDED_OPEN
-25,19,-1,INCLUDED_OPEN
-25,19,0,INCLUDED_OPEN
-25,19,1,INCLUDED_OPEN
-25,19,5,INCLUDED_OPEN
-25,19,6,INCLUDED_OPEN
-25,19,7,INCLUDED_OPEN
-25,20,-2,INCLUDED_OPEN
-25,20,-1,INCLUDED_OPEN
-25,20,0,INCLUDED_OPEN
-25,20,1,INCLUDED_OPEN
-25,20,2,INCLUDED_LOWDATA
-25,20,5,INCLUDED_OPEN
-25,20,6,INCLUDED_OPEN
-25,20,7,INCLUDED_OPEN
-25,21,-2,INCLUDED_OPEN
-25,21,-1,INCLUDED_OPEN
-25,21,0,INCLUDED_OPEN
-25,21,1,INCLUDED_OPEN
-25,21,2,INCLUDED_LOWDATA
-25,21,5,INCLUDED_OPEN
-25,21,6,INCLUDED_OPEN
-25,21,7,INCLUDED_OPEN
-25,22,-2,INCLUDED_OPEN
-25,22,-1,INCLUDED_OPEN
-25,22,0,INCLUDED_OPEN
-25,22,1,INCLUDED_OPEN
-25,22,5,INCLUDED_OPEN
-25,22,6,INCLUDED_OPEN
-25,22,7,INCLUDED_OPEN
-25,23,-2,INCLUDED_OPEN
-25,23,-1,INCLUDED_OPEN
-25,23,0,INCLUDED_OPEN
-25,23,1,INCLUDED_OPEN
-25,23,2,sng-5
-25,23,3,INCLUDED_OPEN
-25,23,4,INCLUDED_OPEN
-25,23,5,INCLUDED_OPEN
-25,23,6,INCLUDED_OPEN
-25,23,7,INCLUDED_OPEN
-25,24,-2,INCLUDED_OPEN
-25,24,-1,INCLUDED_OPEN
-25,24,0,INCLUDED_OPEN
-25,24,1,INCLUDED_OPEN
-25,24,2,INCLUDED_OPEN
-25,24,3,INCLUDED_OPEN
-25,24,4,INCLUDED_OPEN
-25,24,5,INCLUDED_OPEN
-25,24,6,INCLUDED_OPEN
-25,24,7,INCLUDED_OPEN
-25,25,3,INCLUDED_OPEN
-25,25,4,INCLUDED_OPEN
-25,25,5,INCLUDED_OPEN
-25,25,6,INCLUDED_OPEN
-25,25,7,INCLUDED_OPEN
-25,26,3,INCLUDED_OPEN
-25,26,4,INCLUDED_OPEN
-25,26,5,INCLUDED_OPEN
-25,26,6,INCLUDED_OPEN
-25,26,7,INCLUDED_OPEN
-25,27,3,INCLUDED_OPEN
-25,27,4,INCLUDED_OPEN
-25,27,5,INCLUDED_OPEN
-25,27,6,INCLUDED_OPEN
-25,27,7,INCLUDED_LOWDATA
-24,-11,-1,INCLUDED_LOWDATA
-24,-10,-2,INCLUDED_OPEN
-24,-10,-1,INCLUDED_OPEN
-24,-10,0,INCLUDED_OPEN
-24,-10,1,INCLUDED_OPEN
-24,-10,2,INCLUDED_LOWDATA
-24,-9,-3,INCLUDED_LOWDATA
-24,-9,-2,INCLUDED_OPEN
-24,-9,-1,INCLUDED_OPEN
-24,-9,0,INCLUDED_OPEN
-24,-9,1,INCLUDED_OPEN
-24,-9,2,INCLUDED_LOWDATA
-24,-8,-3,INCLUDED_LOWDATA
-24,-8,-2,INCLUDED_OPEN
-24,-8,-1,INCLUDED_OPEN
-24,-8,0,INCLUDED_OPEN
-24,-8,1,INCLUDED_OPEN
-24,-8,2,INCLUDED_LOWDATA
-24,-8,3,INCLUDED_LOWDATA
-24,-7,-7,INCLUDED_LOWDATA
-24,-7,-2,INCLUDED_OPEN
-24,-7,-1,INCLUDED_OPEN
-24,-7,0,INCLUDED_OPEN
-24,-7,1,INCLUDED_OPEN
-24,-7,2,INCLUDED_LOWDATA
-24,-7,3,INCLUDED_LOWDATA
-24,2,5,mega-sng
-24,2,6,INCLUDED_OPEN
-24,2,7,INCLUDED_LOWDATA
-24,3,5,mega-sng
-24,3,6,INCLUDED_OPEN
-24,3,7,INCLUDED_LOWDATA
-24,6,5,INCLUDED_OPEN
-24,6,6,INCLUDED_OPEN
-24,6,7,INCLUDED_LOWDATA
-24,7,5,INCLUDED_OPEN
-24,7,6,INCLUDED_OPEN
-24,7,7,INCLUDED_OPEN
-24,8,5,INCLUDED_OPEN
-24,8,6,INCLUDED_OPEN
-24,8,7,INCLUDED_OPEN
-24,9,5,INCLUDED_OPEN
-24,9,6,INCLUDED_OPEN
-24,9,7,INCLUDED_OPEN
-24,10,5,INCLUDED_OPEN
-24,10,6,INCLUDED_OPEN
-24,10,7,INCLUDED_OPEN
-24,11,5,INCLUDED_OPEN
-24,11,6,INCLUDED_OPEN
-24,11,7,INCLUDED_OPEN
-24,12,5,INCLUDED_OPEN
-24,12,6,INCLUDED_OPEN
-24,12,7,INCLUDED_OPEN
-24,13,5,INCLUDED_OPEN
-24,13,6,INCLUDED_OPEN
-24,13,7,INCLUDED_OPEN
-24,14,3,sng
-24,14,4,INCLUDED_OPEN
-24,14,5,INCLUDED_OPEN
-24,14,6,INCLUDED_OPEN
-24,14,7,INCLUDED_OPEN
-24,15,3,sng
-24,15,4,INCLUDED_OPEN
-24,15,5,INCLUDED_OPEN
-24,15,6,INCLUDED_OPEN
-24,15,7,INCLUDED_OPEN
-24,16,-2,INCLUDED_OPEN
-24,16,-1,sng-4
-24,16,0,INCLUDED_OPEN
-24,16,1,INCLUDED_OPEN
-24,16,5,INCLUDED_OPEN
-24,16,6,INCLUDED_OPEN
-24,16,7,INCLUDED_OPEN
-24,17,-2,INCLUDED_LOWDATA
-24,17,-1,INCLUDED_OPEN
-24,17,0,INCLUDED_OPEN
-24,17,1,INCLUDED_LOWDATA
-24,17,5,INCLUDED_OPEN
-24,17,6,INCLUDED_OPEN
-24,17,7,INCLUDED_OPEN
-24,18,-2,INCLUDED_OPEN
-24,18,-1,INCLUDED_OPEN
-24,18,0,INCLUDED_OPEN
-24,18,1,INCLUDED_OPEN
-24,18,2,sng
-24,18,3,sng
-24,18,4,sng
-24,18,5,INCLUDED_OPEN
-24,18,6,INCLUDED_OPEN
-24,18,7,INCLUDED_OPEN
-24,19,-2,sng-4
-24,19,-1,INCLUDED_OPEN
-24,19,0,INCLUDED_OPEN
-24,19,1,INCLUDED_OPEN
-24,19,2,sng
-24,19,3,sng
-24,19,4,sng
-24,19,5,INCLUDED_OPEN
-24,19,6,INCLUDED_OPEN
-24,19,7,INCLUDED_OPEN
-24,20,-2,INCLUDED_OPEN
-24,20,-1,INCLUDED_OPEN
-24,20,0,INCLUDED_OPEN
-24,20,1,INCLUDED_OPEN
-24,20,2,sng
-24,20,3,sng
-24,20,4,INCLUDED_OPEN
-24,20,5,INCLUDED_OPEN
-24,20,6,INCLUDED_OPEN
-24,20,7,INCLUDED_OPEN
-24,21,-2,INCLUDED_LOWDATA
-24,21,-1,INCLUDED_OPEN
-24,21,0,INCLUDED_OPEN
-24,21,1,INCLUDED_OPEN
-24,21,5,INCLUDED_OPEN
-24,21,6,INCLUDED_OPEN
-24,21,7,INCLUDED_OPEN
-24,22,-2,constrained-misc
-24,22,-1,INCLUDED_OPEN
-24,22,0,INCLUDED_OPEN
-24,22,1,INCLUDED_OPEN
-24,22,2,INCLUDED_LOWDATA
-24,22,5,INCLUDED_OPEN
-24,22,6,INCLUDED_OPEN
-24,22,7,INCLUDED_OPEN
-24,23,-2,INCLUDED_LOWDATA
-24,23,-1,INCLUDED_OPEN
-24,23,0,INCLUDED_OPEN
-24,23,1,INCLUDED_OPEN
-24,23,2,sng-5
-24,23,3,INCLUDED_OPEN
-24,23,4,INCLUDED_OPEN
-24,23,5,INCLUDED_OPEN
-24,23,6,INCLUDED_OPEN
-24,23,7,INCLUDED_OPEN
-24,24,-2,INCLUDED_OPEN
-24,24,-1,INCLUDED_OPEN
-24,24,0,INCLUDED_OPEN
-24,24,1,INCLUDED_OPEN
-24,24,2,INCLUDED_OPEN
-24,24,3,INCLUDED_OPEN
-24,24,4,INCLUDED_OPEN
-24,24,5,INCLUDED_OPEN
-24,24,6,INCLUDED_OPEN
-24,24,7,INCLUDED_OPEN
-24,25,3,INCLUDED_OPEN
-24,25,4,INCLUDED_OPEN
-24,25,5,INCLUDED_OPEN
-24,25,6,INCLUDED_OPEN
-24,25,7,INCLUDED_OPEN
-24,26,3,INCLUDED_OPEN
-24,26,4,INCLUDED_OPEN
-24,26,5,INCLUDED_OPEN
-24,26,6,INCLUDED_OPEN
-24,26,7,INCLUDED_OPEN
-24,27,3,INCLUDED_OPEN
-24,27,4,INCLUDED_OPEN
-24,27,5,INCLUDED_OPEN
-24,27,6,INCLUDED_OPEN
-24,27,7,INCLUDED_LOWDATA
-23,-19,-1,INCLUDED_LOWDATA
-23,-18,-1,INCLUDED_LOWDATA
-23,-18,0,INCLUDED_LOWDATA
-23,-11,-1,INCLUDED_LOWDATA
-23,-10,-3,INCLUDED_LOWDATA
-23,-10,-2,INCLUDED_OPEN
-23,-10,-1,INCLUDED_OPEN
-23,-10,0,INCLUDED_OPEN
-23,-10,1,INCLUDED_OPEN
-23,-10,2,INCLUDED_LOWDATA
-23,-9,-2,INCLUDED_OPEN
-23,-9,-1,INCLUDED_OPEN
-23,-9,0,INCLUDED_OPEN
-23,-9,1,INCLUDED_OPEN
-23,-9,2,INCLUDED_LOWDATA
-23,-8,-3,INCLUDED_LOWDATA
-23,-8,-2,INCLUDED_OPEN
-23,-8,-1,INCLUDED_OPEN
-23,-8,0,INCLUDED_OPEN
-23,-8,1,INCLUDED_OPEN
-23,-8,2,INCLUDED_LOWDATA
-23,-8,3,INCLUDED_LOWDATA
-23,-7,-7,INCLUDED_LOWDATA
-23,-7,-2,INCLUDED_OPEN
-23,-7,-1,INCLUDED_OPEN
-23,-7,0,INCLUDED_OPEN
-23,-7,1,INCLUDED_OPEN
-23,-7,2,INCLUDED_LOWDATA
-23,2,5,mega-sng
-23,2,6,INCLUDED_OPEN
-23,3,5,mega-sng
-23,3,6,INCLUDED_OPEN
-23,6,5,INCLUDED_OPEN
-23,6,6,INCLUDED_OPEN
-23,6,7,INCLUDED_LOWDATA
-23,7,5,INCLUDED_OPEN
-23,7,6,INCLUDED_OPEN
-23,7,7,INCLUDED_OPEN
-23,8,5,INCLUDED_OPEN
-23,8,6,INCLUDED_OPEN
-23,8,7,INCLUDED_OPEN
-23,9,4,INCLUDED_LOWDATA
-23,9,5,INCLUDED_OPEN
-23,9,6,INCLUDED_OPEN
-23,9,7,INCLUDED_OPEN
-23,10,5,INCLUDED_OPEN
-23,10,6,INCLUDED_OPEN
-23,10,7,INCLUDED_OPEN
-23,11,5,INCLUDED_OPEN
-23,11,6,INCLUDED_OPEN
-23,11,7,INCLUDED_OPEN
-23,12,5,INCLUDED_OPEN
-23,12,6,INCLUDED_OPEN
-23,12,7,INCLUDED_OPEN
-23,13,5,INCLUDED_OPEN
-23,13,6,INCLUDED_OPEN
-23,13,7,INCLUDED_OPEN
-23,14,3,sng
-23,14,4,INCLUDED_OPEN
-23,14,5,INCLUDED_OPEN
-23,14,6,INCLUDED_OPEN
-23,14,7,INCLUDED_OPEN
-23,15,3,sng
-23,15,4,INCLUDED_OPEN
-23,15,5,INCLUDED_OPEN
-23,15,6,INCLUDED_OPEN
-23,15,7,INCLUDED_OPEN
-23,16,-2,sng-4
-23,16,-1,sng-4
-23,16,0,INCLUDED_OPEN
-23,16,1,sng
-23,16,2,INCLUDED_LOWDATA
-23,16,5,INCLUDED_OPEN
-23,16,6,INCLUDED_OPEN
-23,16,7,INCLUDED_OPEN
-23,17,-2,sng-4
-23,17,-1,INCLUDED_OPEN
-23,17,0,INCLUDED_OPEN
-23,17,1,sng
-23,17,5,INCLUDED_OPEN
-23,17,6,INCLUDED_OPEN
-23,17,7,INCLUDED_OPEN
-23,18,-2,INCLUDED_OPEN
-23,18,-1,INCLUDED_OPEN
-23,18,0,INCLUDED_OPEN
-23,18,1,INCLUDED_OPEN
-23,18,2,sng
-23,18,3,sng
-23,18,4,sng
-23,18,5,INCLUDED_OPEN
-23,18,6,INCLUDED_OPEN
-23,18,7,INCLUDED_OPEN
-23,19,-2,sng-4
-23,19,-1,INCLUDED_OPEN
-23,19,0,INCLUDED_OPEN
-23,19,1,INCLUDED_OPEN
-23,19,2,sng
-23,19,3,sng
-23,19,4,sng
-23,19,5,INCLUDED_OPEN
-23,19,6,INCLUDED_OPEN
-23,19,7,INCLUDED_OPEN
-23,20,-2,INCLUDED_OPEN
-23,20,-1,INCLUDED_OPEN
-23,20,0,INCLUDED_OPEN
-23,20,1,INCLUDED_OPEN
-23,20,2,sng
-23,20,3,sng
-23,20,4,INCLUDED_OPEN
-23,20,5,INCLUDED_OPEN
-23,20,6,INCLUDED_OPEN
-23,20,7,INCLUDED_OPEN
-23,21,-2,INCLUDED_LOWDATA
-23,21,-1,INCLUDED_OPEN
-23,21,0,INCLUDED_OPEN
-23,21,1,INCLUDED_OPEN
-23,21,2,INCLUDED_LOWDATA
-23,21,5,INCLUDED_OPEN
-23,21,6,INCLUDED_OPEN
-23,21,7,INCLUDED_OPEN
-23,22,-2,INCLUDED_LOWDATA
-23,22,-1,INCLUDED_OPEN
-23,22,0,INCLUDED_OPEN
-23,22,1,INCLUDED_OPEN
-23,22,5,INCLUDED_OPEN
-23,22,6,INCLUDED_OPEN
-23,22,7,INCLUDED_OPEN
-23,23,-2,constrained-misc
-23,23,-1,INCLUDED_OPEN
-23,23,0,INCLUDED_OPEN
-23,23,1,INCLUDED_OPEN
-23,23,2,sng-5
-23,23,3,INCLUDED_OPEN
-23,23,4,INCLUDED_OPEN
-23,23,5,INCLUDED_OPEN
-23,23,6,INCLUDED_OPEN
-23,23,7,INCLUDED_OPEN
-23,24,-2,constrained-misc
-23,24,-1,INCLUDED_OPEN
-23,24,0,INCLUDED_OPEN
-23,24,1,INCLUDED_OPEN
-23,24,2,INCLUDED_OPEN
-23,24,3,INCLUDED_OPEN
-23,24,4,INCLUDED_OPEN
-23,24,5,INCLUDED_OPEN
-23,24,6,INCLUDED_OPEN
-23,24,7,INCLUDED_OPEN
-23,25,3,INCLUDED_OPEN
-23,25,4,INCLUDED_OPEN
-23,25,5,INCLUDED_OPEN
-23,25,6,INCLUDED_OPEN
-23,25,7,INCLUDED_OPEN
-23,26,3,INCLUDED_OPEN
-23,26,4,INCLUDED_OPEN
-23,26,5,INCLUDED_OPEN
-23,26,6,INCLUDED_OPEN
-23,26,7,INCLUDED_OPEN
-23,27,3,INCLUDED_OPEN
-23,27,4,INCLUDED_OPEN
-23,27,5,INCLUDED_OPEN
-23,27,6,INCLUDED_OPEN
-23,27,7,INCLUDED_LOWDATA
-22,-24,-12,INCLUDED_LOWDATA
-22,-24,-2,INCLUDED_OPEN
-22,-24,-1,INCLUDED_OPEN
-22,-24,0,INCLUDED_OPEN
-22,-24,1,INCLUDED_OPEN
-22,-24,2,INCLUDED_LOWDATA
-22,-23,-12,INCLUDED_LOWDATA
-22,-23,-2,INCLUDED_OPEN
-22,-23,-1,INCLUDED_OPEN
-22,-23,0,INCLUDED_OPEN
-22,-23,1,INCLUDED_OPEN
-22,-23,2,INCLUDED_LOWDATA
-22,-22,-2,INCLUDED_OPEN
-22,-22,-1,INCLUDED_OPEN
-22,-22,0,INCLUDED_OPEN
-22,-22,1,INCLUDED_OPEN
-22,-22,2,INCLUDED_LOWDATA
-22,-21,-2,INCLUDED_OPEN
-22,-21,-1,INCLUDED_OPEN
-22,-21,0,INCLUDED_OPEN
-22,-21,1,INCLUDED_OPEN
-22,-21,2,INCLUDED_LOWDATA
-22,-20,-2,INCLUDED_OPEN
-22,-20,-1,INCLUDED_OPEN
-22,-20,0,INCLUDED_OPEN
-22,-20,1,INCLUDED_OPEN
-22,-20,2,INCLUDED_LOWDATA
-22,-19,-2,INCLUDED_OPEN
-22,-19,-1,INCLUDED_OPEN
-22,-19,0,INCLUDED_OPEN
-22,-19,1,INCLUDED_OPEN
-22,-19,2,INCLUDED_LOWDATA
-22,-18,-2,INCLUDED_OPEN
-22,-18,-1,INCLUDED_OPEN
-22,-18,0,INCLUDED_OPEN
-22,-18,1,INCLUDED_OPEN
-22,-18,2,INCLUDED_LOWDATA
-22,-17,-2,INCLUDED_OPEN
-22,-17,-1,INCLUDED_OPEN
-22,-17,0,INCLUDED_OPEN
-22,-17,1,INCLUDED_OPEN
-22,-17,2,INCLUDED_LOWDATA
-22,-16,-2,INCLUDED_OPEN
-22,-16,-1,INCLUDED_OPEN
-22,-16,0,INCLUDED_OPEN
-22,-16,1,INCLUDED_OPEN
-22,-16,2,INCLUDED_LOWDATA
-22,-15,-2,INCLUDED_OPEN
-22,-15,-1,INCLUDED_OPEN
-22,-15,0,INCLUDED_OPEN
-22,-15,1,INCLUDED_OPEN
-22,-15,2,INCLUDED_LOWDATA
-22,-14,-2,INCLUDED_OPEN
-22,-14,-1,INCLUDED_OPEN
-22,-14,0,INCLUDED_OPEN
-22,-14,1,INCLUDED_OPEN
-22,-14,2,INCLUDED_LOWDATA
-22,-13,-2,INCLUDED_OPEN
-22,-13,-1,INCLUDED_OPEN
-22,-13,0,INCLUDED_OPEN
-22,-13,1,INCLUDED_OPEN
-22,-13,2,INCLUDED_LOWDATA
-22,-12,-2,INCLUDED_OPEN
-22,-12,-1,INCLUDED_OPEN
-22,-12,0,INCLUDED_OPEN
-22,-12,1,INCLUDED_OPEN
-22,-11,-3,INCLUDED_LOWDATA
-22,-11,-2,INCLUDED_OPEN
-22,-11,-1,INCLUDED_OPEN
-22,-11,0,INCLUDED_OPEN
-22,-11,1,INCLUDED_OPEN
-22,-10,-3,INCLUDED_LOWDATA
-22,-10,-2,INCLUDED_OPEN
-22,-10,-1,INCLUDED_OPEN
-22,-10,0,INCLUDED_OPEN
-22,-10,1,INCLUDED_OPEN
-22,-10,2,INCLUDED_LOWDATA
-22,-9,-2,INCLUDED_OPEN
-22,-9,-1,INCLUDED_OPEN
-22,-9,0,INCLUDED_OPEN
-22,-9,1,INCLUDED_OPEN
-22,-9,2,INCLUDED_LOWDATA
-22,-9,3,INCLUDED_LOWDATA
-22,-8,-7,INCLUDED_LOWDATA
-22,-8,-2,INCLUDED_OPEN
-22,-8,-1,INCLUDED_OPEN
-22,-8,0,INCLUDED_OPEN
-22,-8,1,INCLUDED_OPEN
-22,-8,3,INCLUDED_LOWDATA
-22,-7,-7,INCLUDED_LOWDATA
-22,-7,-2,INCLUDED_OPEN
-22,-7,-1,INCLUDED_OPEN
-22,-7,0,INCLUDED_OPEN
-22,-7,1,INCLUDED_OPEN
-22,-7,2,INCLUDED_LOWDATA
-22,2,5,mega-sng
-22,2,6,INCLUDED_OPEN
-22,3,5,mega-sng
-22,3,6,INCLUDED_OPEN
-22,6,-2,sng-2
-22,6,-1,sng-2
-22,6,0,INCLUDED_OPEN
-22,6,1,INCLUDED_OPEN
-22,6,2,INCLUDED_OPEN
-22,6,4,constrained-misc
-22,6,5,INCLUDED_OPEN
-22,6,6,INCLUDED_OPEN
-22,6,7,INCLUDED_LOWDATA
-22,7,-2,INCLUDED_LOWDATA
-22,7,-1,INCLUDED_OPEN
-22,7,0,INCLUDED_OPEN
-22,7,1,INCLUDED_OPEN
-22,7,2,INCLUDED_LOWDATA
-22,7,4,INCLUDED_OPEN
-22,7,5,INCLUDED_OPEN
-22,7,6,INCLUDED_OPEN
-22,7,7,INCLUDED_OPEN
-22,8,-2,sng-2
-22,8,-1,INCLUDED_OPEN
-22,8,0,INCLUDED_OPEN
-22,8,1,INCLUDED_OPEN
-22,8,2,INCLUDED_OPEN
-22,8,3,sng-2
-22,8,4,INCLUDED_OPEN
-22,8,5,INCLUDED_OPEN
-22,8,6,INCLUDED_OPEN
-22,8,7,INCLUDED_OPEN
-22,9,-2,sng-2
-22,9,-1,sng-2
-22,9,0,INCLUDED_OPEN
-22,9,1,INCLUDED_OPEN
-22,9,2,INCLUDED_OPEN
-22,9,3,INCLUDED_OPEN
-22,9,4,INCLUDED_OPEN
-22,9,5,INCLUDED_OPEN
-22,9,6,INCLUDED_OPEN
-22,9,7,INCLUDED_OPEN
-22,10,-2,INCLUDED_OPEN
-22,10,-1,INCLUDED_OPEN
-22,10,0,INCLUDED_OPEN
-22,10,1,INCLUDED_OPEN
-22,10,2,INCLUDED_OPEN
-22,10,3,INCLUDED_OPEN
-22,10,4,INCLUDED_OPEN
-22,10,5,INCLUDED_OPEN
-22,10,6,INCLUDED_OPEN
-22,10,7,INCLUDED_OPEN
-22,11,-2,constrained-misc
-22,11,-1,INCLUDED_OPEN
-22,11,0,INCLUDED_OPEN
-22,11,1,INCLUDED_OPEN
-22,11,2,INCLUDED_OPEN
-22,11,3,INCLUDED_OPEN
-22,11,4,INCLUDED_OPEN
-22,11,5,INCLUDED_OPEN
-22,11,6,INCLUDED_OPEN
-22,11,7,INCLUDED_OPEN
-22,12,-2,INCLUDED_LOWDATA
-22,12,-1,INCLUDED_OPEN
-22,12,0,INCLUDED_OPEN
-22,12,1,INCLUDED_OPEN
-22,12,2,sng
-22,12,3,INCLUDED_OPEN
-22,12,4,INCLUDED_OPEN
-22,12,5,INCLUDED_OPEN
-22,12,6,INCLUDED_OPEN
-22,12,7,INCLUDED_OPEN
-22,13,-2,constrained-misc
-22,13,-1,constrained-misc
-22,13,0,constrained-misc
-22,13,1,INCLUDED_OPEN
-22,13,2,INCLUDED_OPEN
-22,13,3,sng
-22,13,4,INCLUDED_OPEN
-22,13,5,INCLUDED_OPEN
-22,13,6,INCLUDED_OPEN
-22,13,7,INCLUDED_OPEN
-22,14,3,sng
-22,14,4,INCLUDED_OPEN
-22,14,5,INCLUDED_OPEN
-22,14,6,INCLUDED_OPEN
-22,14,7,INCLUDED_OPEN
-22,15,3,INCLUDED_OPEN
-22,15,4,INCLUDED_OPEN
-22,15,5,INCLUDED_OPEN
-22,15,6,INCLUDED_OPEN
-22,15,7,INCLUDED_OPEN
-22,16,3,sng
-22,16,4,INCLUDED_OPEN
-22,16,5,INCLUDED_OPEN
-22,16,6,INCLUDED_OPEN
-22,16,7,INCLUDED_OPEN
-22,17,3,sng
-22,17,4,sng
-22,17,5,INCLUDED_OPEN
-22,17,6,INCLUDED_OPEN
-22,17,7,INCLUDED_OPEN
-22,18,-2,sng-4
-22,18,-1,sng-4
-22,18,0,INCLUDED_OPEN
-22,18,1,INCLUDED_OPEN
-22,18,2,sng
-22,18,3,sng
-22,18,4,sng
-22,18,5,INCLUDED_OPEN
-22,18,6,INCLUDED_OPEN
-22,18,7,INCLUDED_OPEN
-22,19,-2,sng-4
-22,19,-1,INCLUDED_OPEN
-22,19,0,INCLUDED_OPEN
-22,19,1,INCLUDED_OPEN
-22,19,2,sng
-22,19,3,sng
-22,19,4,sng
-22,19,5,INCLUDED_OPEN
-22,19,6,INCLUDED_OPEN
-22,19,7,INCLUDED_OPEN
-22,20,-2,INCLUDED_OPEN
-22,20,-1,INCLUDED_OPEN
-22,20,0,INCLUDED_OPEN
-22,20,1,INCLUDED_OPEN
-22,20,2,sng
-22,20,3,sng
-22,20,4,sng
-22,20,5,INCLUDED_OPEN
-22,20,6,INCLUDED_OPEN
-22,20,7,INCLUDED_OPEN
-22,21,-2,INCLUDED_LOWDATA
-22,21,-1,INCLUDED_OPEN
-22,21,0,INCLUDED_OPEN
-22,21,1,INCLUDED_OPEN
-22,21,2,INCLUDED_LOWDATA
-22,21,5,INCLUDED_OPEN
-22,21,6,INCLUDED_OPEN
-22,21,7,INCLUDED_OPEN
-22,22,-2,INCLUDED_LOWDATA
-22,22,-1,INCLUDED_OPEN
-22,22,0,INCLUDED_OPEN
-22,22,1,INCLUDED_OPEN
-22,22,5,INCLUDED_OPEN
-22,22,6,INCLUDED_OPEN
-22,22,7,INCLUDED_OPEN
-22,23,-2,INCLUDED_OPEN
-22,23,-1,INCLUDED_OPEN
-22,23,0,INCLUDED_OPEN
-22,23,1,INCLUDED_OPEN
-22,23,2,sng-5
-22,23,3,sng-5
-22,23,4,INCLUDED_OPEN
-22,23,5,INCLUDED_OPEN
-22,23,6,INCLUDED_OPEN
-22,23,7,INCLUDED_OPEN
-22,24,-2,INCLUDED_OPEN
-22,24,-1,INCLUDED_OPEN
-22,24,0,INCLUDED_OPEN
-22,24,1,INCLUDED_OPEN
-22,24,2,INCLUDED_OPEN
-22,24,3,INCLUDED_OPEN
-22,24,4,INCLUDED_OPEN
-22,24,5,INCLUDED_OPEN
-22,24,6,INCLUDED_OPEN
-22,24,7,INCLUDED_OPEN
-22,25,3,INCLUDED_OPEN
-22,25,4,INCLUDED_OPEN
-22,25,5,INCLUDED_OPEN
-22,25,6,INCLUDED_OPEN
-22,25,7,INCLUDED_OPEN
-22,26,3,INCLUDED_OPEN
-22,26,4,INCLUDED_OPEN
-22,26,5,INCLUDED_OPEN
-22,26,6,INCLUDED_OPEN
-22,26,7,INCLUDED_OPEN
-22,27,3,INCLUDED_OPEN
-22,27,4,INCLUDED_OPEN
-22,27,5,INCLUDED_OPEN
-22,27,6,INCLUDED_OPEN
-22,27,7,INCLUDED_LOWDATA
-21,-24,-12,INCLUDED_LOWDATA
-21,-24,-2,INCLUDED_OPEN
-21,-24,-1,INCLUDED_OPEN
-21,-24,0,INCLUDED_OPEN
-21,-24,1,INCLUDED_OPEN
-21,-24,2,INCLUDED_LOWDATA
-21,-23,-12,INCLUDED_LOWDATA
-21,-23,-2,INCLUDED_OPEN
-21,-23,-1,INCLUDED_OPEN
-21,-23,0,INCLUDED_OPEN
-21,-23,1,INCLUDED_OPEN
-21,-23,2,INCLUDED_LOWDATA
-21,-22,-12,INCLUDED_LOWDATA
-21,-22,-2,INCLUDED_OPEN
-21,-22,-1,INCLUDED_OPEN
-21,-22,0,INCLUDED_OPEN
-21,-22,1,INCLUDED_OPEN
-21,-22,2,INCLUDED_LOWDATA
-21,-21,-12,INCLUDED_LOWDATA
-21,-21,-9,INCLUDED_LOWDATA
-21,-21,-8,INCLUDED_LOWDATA
-21,-21,-7,INCLUDED_LOWDATA
-21,-21,-2,INCLUDED_OPEN
-21,-21,-1,INCLUDED_OPEN
-21,-21,0,INCLUDED_OPEN
-21,-21,1,INCLUDED_OPEN
-21,-21,2,INCLUDED_LOWDATA
-21,-20,-9,INCLUDED_LOWDATA
-21,-20,-8,INCLUDED_LOWDATA
-21,-20,-7,INCLUDED_LOWDATA
-21,-20,-2,INCLUDED_OPEN
-21,-20,-1,INCLUDED_OPEN
-21,-20,0,INCLUDED_OPEN
-21,-20,1,INCLUDED_OPEN
-21,-20,2,INCLUDED_LOWDATA
-21,-19,-10,INCLUDED_LOWDATA
-21,-19,-9,INCLUDED_LOWDATA
-21,-19,-8,INCLUDED_LOWDATA
-21,-19,-7,INCLUDED_LOWDATA
-21,-19,-2,INCLUDED_OPEN
-21,-19,-1,INCLUDED_OPEN
-21,-19,0,INCLUDED_OPEN
-21,-19,1,INCLUDED_OPEN
-21,-19,2,INCLUDED_LOWDATA
-21,-18,-10,INCLUDED_LOWDATA
-21,-18,-9,INCLUDED_LOWDATA
-21,-18,-8,INCLUDED_LOWDATA
-21,-18,-7,INCLUDED_LOWDATA
-21,-18,-2,INCLUDED_OPEN
-21,-18,-1,INCLUDED_OPEN
-21,-18,0,INCLUDED_OPEN
-21,-18,1,INCLUDED_OPEN
-21,-18,2,INCLUDED_LOWDATA
-21,-17,-7,INCLUDED_LOWDATA
-21,-17,-2,INCLUDED_OPEN
-21,-17,-1,INCLUDED_OPEN
-21,-17,0,INCLUDED_OPEN
-21,-17,1,INCLUDED_OPEN
-21,-17,2,INCLUDED_LOWDATA
-21,-16,-2,INCLUDED_OPEN
-21,-16,-1,INCLUDED_OPEN
-21,-16,0,INCLUDED_OPEN
-21,-16,1,INCLUDED_OPEN
-21,-16,2,INCLUDED_LOWDATA
-21,-15,-2,INCLUDED_OPEN
-21,-15,-1,INCLUDED_OPEN
-21,-15,0,INCLUDED_OPEN
-21,-15,1,INCLUDED_OPEN
-21,-14,-2,INCLUDED_OPEN
-21,-14,-1,INCLUDED_OPEN
-21,-14,0,INCLUDED_OPEN
-21,-14,1,INCLUDED_OPEN
-21,-14,2,INCLUDED_LOWDATA
-21,-13,-2,INCLUDED_OPEN
-21,-13,-1,INCLUDED_OPEN
-21,-13,0,INCLUDED_OPEN
-21,-13,1,INCLUDED_OPEN
-21,-13,2,INCLUDED_LOWDATA
-21,-12,-2,INCLUDED_OPEN
-21,-12,-1,INCLUDED_OPEN
-21,-12,0,INCLUDED_OPEN
-21,-12,1,INCLUDED_OPEN
-21,-12,2,INCLUDED_LOWDATA
-21,-11,-3,INCLUDED_LOWDATA
-21,-11,-2,INCLUDED_OPEN
-21,-11,-1,INCLUDED_OPEN
-21,-11,0,INCLUDED_OPEN
-21,-11,1,INCLUDED_OPEN
-21,-11,2,INCLUDED_LOWDATA
-21,-10,-2,INCLUDED_OPEN
-21,-10,-1,INCLUDED_OPEN
-21,-10,0,INCLUDED_OPEN
-21,-10,1,INCLUDED_OPEN
-21,-10,2,INCLUDED_LOWDATA
-21,-9,-2,INCLUDED_OPEN
-21,-9,-1,INCLUDED_OPEN
-21,-9,0,INCLUDED_OPEN
-21,-9,1,INCLUDED_OPEN
-21,-9,2,INCLUDED_LOWDATA
-21,-8,-7,INCLUDED_LOWDATA
-21,-8,-2,INCLUDED_OPEN
-21,-8,-1,INCLUDED_OPEN
-21,-8,0,INCLUDED_OPEN
-21,-8,1,INCLUDED_OPEN
-21,-8,2,INCLUDED_LOWDATA
-21,-7,-2,INCLUDED_OPEN
-21,-7,-1,INCLUDED_OPEN
-21,-7,0,INCLUDED_OPEN
-21,-7,1,INCLUDED_OPEN
-21,-7,2,INCLUDED_LOWDATA
-21,6,-2,sng-2
-21,6,-1,INCLUDED_OPEN
-21,6,0,INCLUDED_OPEN
-21,6,1,INCLUDED_LOWDATA
-21,6,2,INCLUDED_LOWDATA
-21,6,4,INCLUDED_OPEN
-21,6,5,INCLUDED_OPEN
-21,6,6,INCLUDED_OPEN
-21,6,7,INCLUDED_LOWDATA
-21,7,-2,INCLUDED_LOWDATA
-21,7,-1,INCLUDED_OPEN
-21,7,0,sng-2
-21,7,1,INCLUDED_OPEN
-21,7,2,INCLUDED_LOWDATA
-21,7,4,INCLUDED_LOWDATA
-21,7,5,INCLUDED_OPEN
-21,7,6,INCLUDED_OPEN
-21,7,7,INCLUDED_OPEN
-21,8,-2,INCLUDED_LOWDATA
-21,8,-1,INCLUDED_OPEN
-21,8,0,INCLUDED_OPEN
-21,8,1,INCLUDED_OPEN
-21,8,2,INCLUDED_OPEN
-21,8,3,sng-2
-21,8,4,INCLUDED_OPEN
-21,8,5,INCLUDED_OPEN
-21,8,6,INCLUDED_OPEN
-21,8,7,INCLUDED_OPEN
-21,9,-1,sng-2
-21,9,0,INCLUDED_OPEN
-21,9,1,INCLUDED_OPEN
-21,9,2,INCLUDED_OPEN
-21,9,3,INCLUDED_OPEN
-21,9,4,INCLUDED_OPEN
-21,9,5,INCLUDED_OPEN
-21,9,6,INCLUDED_OPEN
-21,9,7,INCLUDED_OPEN
-21,10,-2,INCLUDED_LOWDATA
-21,10,-1,INCLUDED_OPEN
-21,10,0,INCLUDED_OPEN
-21,10,1,INCLUDED_OPEN
-21,10,2,INCLUDED_OPEN
-21,10,3,INCLUDED_OPEN
-21,10,4,INCLUDED_OPEN
-21,10,5,INCLUDED_OPEN
-21,10,6,INCLUDED_OPEN
-21,10,7,INCLUDED_OPEN
-21,11,-2,INCLUDED_OPEN
-21,11,-1,INCLUDED_OPEN
-21,11,0,INCLUDED_OPEN
-21,11,1,INCLUDED_OPEN
-21,11,2,INCLUDED_OPEN
-21,11,3,INCLUDED_OPEN
-21,11,4,INCLUDED_OPEN
-21,11,5,INCLUDED_OPEN
-21,11,6,INCLUDED_OPEN
-21,11,7,INCLUDED_OPEN
-21,12,-2,INCLUDED_LOWDATA
-21,12,-1,INCLUDED_OPEN
-21,12,0,INCLUDED_OPEN
-21,12,1,INCLUDED_OPEN
-21,12,2,INCLUDED_OPEN
-21,12,3,INCLUDED_OPEN
-21,12,4,INCLUDED_OPEN
-21,12,5,INCLUDED_OPEN
-21,12,6,INCLUDED_OPEN
-21,12,7,INCLUDED_OPEN
-21,13,-2,INCLUDED_LOWDATA
-21,13,-1,INCLUDED_OPEN
-21,13,0,INCLUDED_OPEN
-21,13,1,INCLUDED_OPEN
-21,13,2,INCLUDED_OPEN
-21,13,3,INCLUDED_OPEN
-21,13,4,INCLUDED_OPEN
-21,13,5,INCLUDED_OPEN
-21,13,6,INCLUDED_OPEN
-21,13,7,INCLUDED_OPEN
-21,14,3,INCLUDED_OPEN
-21,14,4,INCLUDED_OPEN
-21,14,5,INCLUDED_OPEN
-21,14,6,INCLUDED_OPEN
-21,14,7,INCLUDED_OPEN
-21,15,3,INCLUDED_OPEN
-21,15,4,INCLUDED_OPEN
-21,15,5,INCLUDED_OPEN
-21,15,6,INCLUDED_OPEN
-21,15,7,INCLUDED_OPEN
-21,16,3,INCLUDED_OPEN
-21,16,4,INCLUDED_OPEN
-21,16,5,INCLUDED_OPEN
-21,16,6,INCLUDED_OPEN
-21,16,7,INCLUDED_OPEN
-21,17,3,sng
-21,17,4,INCLUDED_OPEN
-21,17,5,INCLUDED_OPEN
-21,17,6,INCLUDED_OPEN
-21,17,7,INCLUDED_OPEN
-21,18,5,INCLUDED_OPEN
-21,18,6,INCLUDED_OPEN
-21,18,7,INCLUDED_OPEN
-21,19,5,INCLUDED_OPEN
-21,19,6,INCLUDED_OPEN
-21,19,7,INCLUDED_OPEN
-21,20,5,INCLUDED_OPEN
-21,20,6,INCLUDED_OPEN
-21,20,7,INCLUDED_OPEN
-21,21,5,INCLUDED_OPEN
-21,21,6,INCLUDED_OPEN
-21,21,7,INCLUDED_OPEN
-21,22,5,INCLUDED_OPEN
-21,22,6,INCLUDED_OPEN
-21,22,7,INCLUDED_OPEN
-21,23,-2,INCLUDED_OPEN
-21,23,-1,INCLUDED_OPEN
-21,23,0,INCLUDED_LOWDATA
-21,23,5,INCLUDED_OPEN
-21,23,6,INCLUDED_OPEN
-21,23,7,INCLUDED_OPEN
-21,24,-2,INCLUDED_OPEN
-21,24,-1,INCLUDED_OPEN
-21,24,0,INCLUDED_LOWDATA
-21,24,4,INCLUDED_LOWDATA
-21,24,5,INCLUDED_OPEN
-21,24,6,INCLUDED_OPEN
-21,24,7,INCLUDED_OPEN
-21,25,3,INCLUDED_OPEN
-21,25,4,INCLUDED_OPEN
-21,25,5,INCLUDED_OPEN
-21,25,6,INCLUDED_OPEN
-21,25,7,INCLUDED_OPEN
-21,26,3,INCLUDED_OPEN
-21,26,4,INCLUDED_OPEN
-21,26,5,INCLUDED_OPEN
-21,26,6,INCLUDED_OPEN
-21,26,7,INCLUDED_OPEN
-21,27,3,INCLUDED_OPEN
-21,27,4,INCLUDED_OPEN
-21,27,5,INCLUDED_OPEN
-21,27,6,INCLUDED_OPEN
-21,27,7,INCLUDED_LOWDATA
-20,-24,-2,INCLUDED_OPEN
-20,-24,-1,INCLUDED_OPEN
-20,-24,0,INCLUDED_OPEN
-20,-24,1,INCLUDED_OPEN
-20,-24,2,INCLUDED_LOWDATA
-20,-23,-12,INCLUDED_LOWDATA
-20,-23,-2,INCLUDED_OPEN
-20,-23,-1,INCLUDED_OPEN
-20,-23,0,INCLUDED_OPEN
-20,-23,1,INCLUDED_OPEN
-20,-23,2,INCLUDED_LOWDATA
-20,-22,-12,INCLUDED_LOWDATA
-20,-22,-10,INCLUDED_LOWDATA
-20,-22,-9,INCLUDED_LOWDATA
-20,-22,-8,INCLUDED_LOWDATA
-20,-22,-7,INCLUDED_LOWDATA
-20,-22,-6,INCLUDED_LOWDATA
-20,-22,-5,INCLUDED_LOWDATA
-20,-22,-4,INCLUDED_LOWDATA
-20,-22,-2,constrained-misc
-20,-22,-1,INCLUDED_OPEN
-20,-22,0,INCLUDED_OPEN
-20,-22,1,INCLUDED_OPEN
-20,-22,2,INCLUDED_LOWDATA
-20,-21,-12,INCLUDED_LOWDATA
-20,-21,-10,INCLUDED_LOWDATA
-20,-21,-9,INCLUDED_LOWDATA
-20,-21,-8,INCLUDED_LOWDATA
-20,-21,-7,INCLUDED_LOWDATA
-20,-21,-6,INCLUDED_LOWDATA
-20,-21,-4,INCLUDED_LOWDATA
-20,-21,-2,INCLUDED_OPEN
-20,-21,-1,INCLUDED_OPEN
-20,-21,0,INCLUDED_OPEN
-20,-21,1,INCLUDED_OPEN
-20,-21,2,INCLUDED_LOWDATA
-20,-20,-12,INCLUDED_LOWDATA
-20,-20,-10,INCLUDED_LOWDATA
-20,-20,-7,INCLUDED_LOWDATA
-20,-20,-6,INCLUDED_LOWDATA
-20,-20,-4,INCLUDED_LOWDATA
-20,-20,-2,INCLUDED_OPEN
-20,-20,-1,INCLUDED_OPEN
-20,-20,0,INCLUDED_OPEN
-20,-20,1,INCLUDED_OPEN
-20,-20,2,INCLUDED_LOWDATA
-20,-19,-12,INCLUDED_LOWDATA
-20,-19,-7,INCLUDED_LOWDATA
-20,-19,-6,INCLUDED_LOWDATA
-20,-19,-4,INCLUDED_LOWDATA
-20,-19,-2,INCLUDED_OPEN
-20,-19,-1,INCLUDED_OPEN
-20,-19,0,INCLUDED_OPEN
-20,-19,1,INCLUDED_OPEN
-20,-19,2,INCLUDED_LOWDATA
-20,-18,-12,INCLUDED_LOWDATA
-20,-18,-7,INCLUDED_LOWDATA
-20,-18,-6,INCLUDED_LOWDATA
-20,-18,-4,INCLUDED_LOWDATA
-20,-18,-2,INCLUDED_OPEN
-20,-18,-1,INCLUDED_OPEN
-20,-18,0,INCLUDED_OPEN
-20,-18,1,INCLUDED_OPEN
-20,-18,2,INCLUDED_LOWDATA
-20,-17,-12,INCLUDED_LOWDATA
-20,-17,-7,INCLUDED_LOWDATA
-20,-17,-6,INCLUDED_LOWDATA
-20,-17,-4,INCLUDED_LOWDATA
-20,-17,-2,INCLUDED_OPEN
-20,-17,-1,INCLUDED_OPEN
-20,-17,0,INCLUDED_OPEN
-20,-17,1,INCLUDED_OPEN
-20,-17,2,INCLUDED_LOWDATA
-20,-16,-12,INCLUDED_LOWDATA
-20,-16,-7,INCLUDED_LOWDATA
-20,-16,-6,INCLUDED_LOWDATA
-20,-16,-2,INCLUDED_OPEN
-20,-16,-1,INCLUDED_OPEN
-20,-16,0,INCLUDED_OPEN
-20,-16,1,INCLUDED_OPEN
-20,-16,2,INCLUDED_LOWDATA
-20,-15,-6,INCLUDED_LOWDATA
-20,-15,-2,INCLUDED_OPEN
-20,-15,-1,INCLUDED_OPEN
-20,-15,0,INCLUDED_OPEN
-20,-15,1,INCLUDED_OPEN
-20,-15,2,INCLUDED_LOWDATA
-20,-14,-2,INCLUDED_OPEN
-20,-14,-1,INCLUDED_OPEN
-20,-14,0,INCLUDED_OPEN
-20,-14,1,INCLUDED_OPEN
-20,-14,2,INCLUDED_LOWDATA
-20,-13,-2,INCLUDED_OPEN
-20,-13,-1,INCLUDED_OPEN
-20,-13,0,INCLUDED_OPEN
-20,-13,1,INCLUDED_OPEN
-20,-13,2,INCLUDED_LOWDATA
-20,-12,-2,INCLUDED_OPEN
-20,-12,-1,INCLUDED_OPEN
-20,-12,0,INCLUDED_OPEN
-20,-12,1,INCLUDED_OPEN
-20,-12,2,INCLUDED_LOWDATA
-20,-11,-2,INCLUDED_OPEN
-20,-11,-1,INCLUDED_OPEN
-20,-11,0,INCLUDED_OPEN
-20,-11,1,INCLUDED_OPEN
-20,-11,2,INCLUDED_LOWDATA
-20,-10,-2,INCLUDED_OPEN
-20,-10,-1,INCLUDED_OPEN
-20,-10,0,INCLUDED_OPEN
-20,-10,1,INCLUDED_OPEN
-20,-10,2,INCLUDED_LOWDATA
-20,-9,-2,INCLUDED_OPEN
-20,-9,-1,INCLUDED_OPEN
-20,-9,0,INCLUDED_OPEN
-20,-9,1,INCLUDED_OPEN
-20,-9,2,INCLUDED_LOWDATA
-20,-8,-2,INCLUDED_OPEN
-20,-8,-1,INCLUDED_OPEN
-20,-8,0,INCLUDED_OPEN
-20,-8,1,INCLUDED_OPEN
-20,-8,2,INCLUDED_LOWDATA
-20,-7,-2,INCLUDED_OPEN
-20,-7,-1,INCLUDED_OPEN
-20,-7,0,INCLUDED_OPEN
-20,-7,1,INCLUDED_OPEN
-20,6,-2,sng-2
-20,6,-1,INCLUDED_OPEN
-20,6,0,INCLUDED_OPEN
-20,6,1,INCLUDED_LOWDATA
-20,6,4,INCLUDED_LOWDATA
-20,6,5,INCLUDED_OPEN
-20,6,6,INCLUDED_OPEN
-20,6,7,INCLUDED_LOWDATA
-20,7,-2,INCLUDED_LOWDATA
-20,7,-1,INCLUDED_OPEN
-20,7,0,INCLUDED_OPEN
-20,7,1,INCLUDED_LOWDATA
-20,7,2,sng-2
-20,7,4,INCLUDED_LOWDATA
-20,7,5,INCLUDED_OPEN
-20,7,6,INCLUDED_OPEN
-20,7,7,INCLUDED_OPEN
-20,8,-2,INCLUDED_LOWDATA
-20,8,-1,sng-2
-20,8,0,INCLUDED_OPEN
-20,8,1,INCLUDED_OPEN
-20,8,2,sng-2
-20,8,3,INCLUDED_OPEN
-20,8,4,sng-2
-20,8,5,INCLUDED_OPEN
-20,8,6,INCLUDED_OPEN
-20,8,7,INCLUDED_OPEN
-20,9,-1,sng-2
-20,9,0,sng-2
-20,9,1,INCLUDED_OPEN
-20,9,2,sng-2
-20,9,3,sng-2
-20,9,4,sng-2
-20,9,5,INCLUDED_OPEN
-20,9,6,INCLUDED_OPEN
-20,9,7,INCLUDED_OPEN
-20,10,-2,INCLUDED_LOWDATA
-20,10,-1,sng-2
-20,10,0,sng-2
-20,10,1,sng-2
-20,10,2,INCLUDED_OPEN
-20,10,3,sng-2
-20,10,4,sng-2
-20,10,5,INCLUDED_OPEN
-20,10,6,INCLUDED_OPEN
-20,10,7,INCLUDED_OPEN
-20,11,-2,INCLUDED_OPEN
-20,11,-1,INCLUDED_OPEN
-20,11,0,INCLUDED_OPEN
-20,11,1,INCLUDED_OPEN
-20,11,2,INCLUDED_OPEN
-20,11,3,INCLUDED_OPEN
-20,11,4,INCLUDED_OPEN
-20,11,5,INCLUDED_OPEN
-20,11,6,INCLUDED_OPEN
-20,11,7,INCLUDED_OPEN
-20,12,-2,INCLUDED_LOWDATA
-20,12,-1,INCLUDED_OPEN
-20,12,0,INCLUDED_OPEN
-20,12,1,INCLUDED_OPEN
-20,12,2,INCLUDED_OPEN
-20,12,3,INCLUDED_OPEN
-20,12,4,INCLUDED_OPEN
-20,12,5,INCLUDED_OPEN
-20,12,6,INCLUDED_OPEN
-20,12,7,INCLUDED_OPEN
-20,13,-2,constrained-misc
-20,13,-1,INCLUDED_OPEN
-20,13,0,INCLUDED_OPEN
-20,13,1,INCLUDED_OPEN
-20,13,2,INCLUDED_OPEN
-20,13,3,INCLUDED_OPEN
-20,13,4,INCLUDED_OPEN
-20,13,5,INCLUDED_OPEN
-20,13,6,INCLUDED_OPEN
-20,13,7,INCLUDED_OPEN
-20,14,-2,INCLUDED_LOWDATA
-20,14,-1,INCLUDED_OPEN
-20,14,0,INCLUDED_LOWDATA
-20,14,3,INCLUDED_OPEN
-20,14,4,INCLUDED_OPEN
-20,14,5,INCLUDED_OPEN
-20,14,6,INCLUDED_OPEN
-20,14,7,INCLUDED_OPEN
-20,15,-2,INCLUDED_LOWDATA
-20,15,-1,INCLUDED_OPEN
-20,15,0,INCLUDED_LOWDATA
-20,15,3,INCLUDED_OPEN
-20,15,4,INCLUDED_OPEN
-20,15,5,INCLUDED_OPEN
-20,15,6,INCLUDED_OPEN
-20,15,7,INCLUDED_OPEN
-20,16,-2,sng
-20,16,-1,INCLUDED_OPEN
-20,16,0,sng
-20,16,1,sng
-20,16,2,sng
-20,16,3,INCLUDED_OPEN
-20,16,4,INCLUDED_OPEN
-20,16,5,INCLUDED_OPEN
-20,16,6,INCLUDED_OPEN
-20,16,7,INCLUDED_OPEN
-20,17,-2,sng
-20,17,-1,sng
-20,17,0,sng
-20,17,1,sng
-20,17,2,sng
-20,17,3,INCLUDED_OPEN
-20,17,4,INCLUDED_OPEN
-20,17,5,INCLUDED_OPEN
-20,17,6,INCLUDED_OPEN
-20,17,7,INCLUDED_OPEN
-20,18,5,INCLUDED_OPEN
-20,18,6,INCLUDED_OPEN
-20,18,7,INCLUDED_OPEN
-20,19,5,INCLUDED_OPEN
-20,19,6,INCLUDED_OPEN
-20,19,7,INCLUDED_OPEN
-20,20,-1,INCLUDED_LOWDATA
-20,20,5,INCLUDED_OPEN
-20,20,6,INCLUDED_OPEN
-20,20,7,INCLUDED_OPEN
-20,21,5,INCLUDED_OPEN
-20,21,6,INCLUDED_OPEN
-20,21,7,INCLUDED_OPEN
-20,22,5,INCLUDED_OPEN
-20,22,6,INCLUDED_OPEN
-20,22,7,INCLUDED_OPEN
-20,23,-2,INCLUDED_OPEN
-20,23,-1,INCLUDED_OPEN
-20,23,0,INCLUDED_LOWDATA
-20,23,5,INCLUDED_OPEN
-20,23,6,INCLUDED_OPEN
-20,23,7,INCLUDED_OPEN
-20,24,-2,constrained-misc
-20,24,-1,INCLUDED_OPEN
-20,24,0,INCLUDED_LOWDATA
-20,24,3,INCLUDED_LOWDATA
-20,24,5,INCLUDED_OPEN
-20,24,6,INCLUDED_OPEN
-20,24,7,INCLUDED_OPEN
-20,25,3,INCLUDED_OPEN
-20,25,4,INCLUDED_OPEN
-20,25,5,INCLUDED_OPEN
-20,25,6,INCLUDED_OPEN
-20,25,7,INCLUDED_OPEN
-20,26,3,INCLUDED_OPEN
-20,26,4,INCLUDED_OPEN
-20,26,5,INCLUDED_OPEN
-20,26,6,INCLUDED_OPEN
-20,26,7,INCLUDED_OPEN
-20,27,3,INCLUDED_OPEN
-20,27,4,INCLUDED_OPEN
-20,27,5,INCLUDED_OPEN
-20,27,6,INCLUDED_OPEN
-20,27,7,INCLUDED_LOWDATA
-19,-24,-2,INCLUDED_OPEN
-19,-24,-1,INCLUDED_OPEN
-19,-24,0,INCLUDED_OPEN
-19,-24,1,INCLUDED_OPEN
-19,-24,2,INCLUDED_LOWDATA
-19,-23,-2,INCLUDED_OPEN
-19,-23,-1,INCLUDED_OPEN
-19,-23,0,INCLUDED_OPEN
-19,-23,1,INCLUDED_OPEN
-19,-23,2,INCLUDED_LOWDATA
-19,-22,-2,INCLUDED_OPEN
-19,-22,-1,INCLUDED_OPEN
-19,-22,0,INCLUDED_OPEN
-19,-22,1,INCLUDED_OPEN
-19,-22,2,INCLUDED_LOWDATA
-19,-21,-2,INCLUDED_OPEN
-19,-21,-1,INCLUDED_OPEN
-19,-21,0,INCLUDED_OPEN
-19,-21,1,INCLUDED_OPEN
-19,-21,2,INCLUDED_LOWDATA
-19,-20,-2,INCLUDED_OPEN
-19,-20,-1,INCLUDED_OPEN
-19,-20,0,INCLUDED_OPEN
-19,-20,1,INCLUDED_OPEN
-19,-20,2,INCLUDED_LOWDATA
-19,-19,-2,INCLUDED_OPEN
-19,-19,-1,INCLUDED_OPEN
-19,-19,0,INCLUDED_OPEN
-19,-19,1,INCLUDED_OPEN
-19,-19,2,INCLUDED_LOWDATA
-19,-18,-2,INCLUDED_OPEN
-19,-18,-1,INCLUDED_OPEN
-19,-18,0,INCLUDED_OPEN
-19,-18,1,INCLUDED_OPEN
-19,-18,2,INCLUDED_LOWDATA
-19,-17,-2,INCLUDED_OPEN
-19,-17,-1,INCLUDED_OPEN
-19,-17,0,INCLUDED_OPEN
-19,-17,1,INCLUDED_OPEN
-19,-17,2,INCLUDED_LOWDATA
-19,-16,-2,INCLUDED_OPEN
-19,-16,-1,INCLUDED_OPEN
-19,-16,0,INCLUDED_OPEN
-19,-16,1,INCLUDED_OPEN
-19,-16,2,INCLUDED_LOWDATA
-19,-15,-12,INCLUDED_LOWDATA
-19,-15,-6,INCLUDED_LOWDATA
-19,-15,-2,INCLUDED_OPEN
-19,-15,-1,INCLUDED_OPEN
-19,-15,0,INCLUDED_OPEN
-19,-15,1,INCLUDED_OPEN
-19,-15,2,INCLUDED_LOWDATA
-19,-14,-2,INCLUDED_OPEN
-19,-14,-1,INCLUDED_OPEN
-19,-14,0,INCLUDED_OPEN
-19,-14,1,INCLUDED_OPEN
-19,-14,2,INCLUDED_LOWDATA
-19,-13,-2,INCLUDED_OPEN
-19,-13,-1,INCLUDED_OPEN
-19,-13,0,INCLUDED_OPEN
-19,-13,1,INCLUDED_OPEN
-19,-13,2,INCLUDED_LOWDATA
-19,-12,-2,INCLUDED_OPEN
-19,-12,-1,INCLUDED_OPEN
-19,-12,0,INCLUDED_OPEN
-19,-12,1,INCLUDED_OPEN
-19,-12,2,INCLUDED_LOWDATA
-19,-11,-2,INCLUDED_OPEN
-19,-11,-1,INCLUDED_OPEN
-19,-11,0,INCLUDED_OPEN
-19,-11,1,INCLUDED_OPEN
-19,-11,2,INCLUDED_LOWDATA
-19,-10,-2,INCLUDED_OPEN
-19,-10,-1,INCLUDED_OPEN
-19,-10,0,INCLUDED_OPEN
-19,-10,1,INCLUDED_OPEN
-19,-9,-2,INCLUDED_OPEN
-19,-9,-1,INCLUDED_OPEN
-19,-9,0,INCLUDED_OPEN
-19,-9,1,INCLUDED_OPEN
-19,-8,-2,INCLUDED_OPEN
-19,-8,-1,INCLUDED_OPEN
-19,-8,0,INCLUDED_OPEN
-19,-8,1,INCLUDED_OPEN
-19,-8,2,INCLUDED_LOWDATA
-19,-7,-2,constrained-misc
-19,-7,-1,constrained-misc
-19,-7,0,INCLUDED_OPEN
-19,-7,1,INCLUDED_OPEN
-19,-7,2,INCLUDED_LOWDATA
-19,6,-2,INCLUDED_LOWDATA
-19,6,-1,INCLUDED_OPEN
-19,6,0,INCLUDED_OPEN
-19,6,1,INCLUDED_OPEN
-19,6,4,INCLUDED_OPEN
-19,6,5,INCLUDED_OPEN
-19,6,6,INCLUDED_OPEN
-19,6,7,INCLUDED_LOWDATA
-19,7,-2,INCLUDED_LOWDATA
-19,7,-1,INCLUDED_OPEN
-19,7,0,INCLUDED_OPEN
-19,7,2,INCLUDED_LOWDATA
-19,7,4,INCLUDED_OPEN
-19,7,5,INCLUDED_OPEN
-19,7,6,INCLUDED_OPEN
-19,7,7,INCLUDED_OPEN
-19,8,-2,INCLUDED_LOWDATA
-19,8,-1,sng-2
-19,8,0,sng-2
-19,8,1,INCLUDED_LOWDATA
-19,8,2,INCLUDED_LOWDATA
-19,8,5,INCLUDED_OPEN
-19,8,6,INCLUDED_OPEN
-19,8,7,INCLUDED_OPEN
-19,9,5,INCLUDED_OPEN
-19,9,6,INCLUDED_OPEN
-19,9,7,INCLUDED_OPEN
-19,10,5,INCLUDED_OPEN
-19,10,6,INCLUDED_OPEN
-19,10,7,INCLUDED_OPEN
-19,11,-2,INCLUDED_OPEN
-19,11,-1,INCLUDED_OPEN
-19,11,0,INCLUDED_OPEN
-19,11,1,INCLUDED_OPEN
-19,11,2,sng-2
-19,11,3,INCLUDED_OPEN
-19,11,4,INCLUDED_OPEN
-19,11,5,INCLUDED_OPEN
-19,11,6,INCLUDED_OPEN
-19,11,7,INCLUDED_OPEN
-19,12,-2,INCLUDED_LOWDATA
-19,12,-1,INCLUDED_OPEN
-19,12,0,INCLUDED_OPEN
-19,12,1,INCLUDED_OPEN
-19,12,2,INCLUDED_OPEN
-19,12,3,INCLUDED_OPEN
-19,12,4,INCLUDED_OPEN
-19,12,5,INCLUDED_OPEN
-19,12,6,INCLUDED_OPEN
-19,12,7,INCLUDED_OPEN
-19,13,-2,INCLUDED_LOWDATA
-19,13,-1,INCLUDED_OPEN
-19,13,0,INCLUDED_OPEN
-19,13,1,sng-3
-19,13,2,sng-3
-19,13,3,INCLUDED_OPEN
-19,13,4,INCLUDED_OPEN
-19,13,5,INCLUDED_OPEN
-19,13,6,INCLUDED_OPEN
-19,13,7,INCLUDED_OPEN
-19,14,-2,INCLUDED_LOWDATA
-19,14,-1,INCLUDED_OPEN
-19,14,0,INCLUDED_LOWDATA
-19,14,3,INCLUDED_OPEN
-19,14,4,INCLUDED_OPEN
-19,14,5,INCLUDED_OPEN
-19,14,6,INCLUDED_OPEN
-19,14,7,INCLUDED_OPEN
-19,15,-2,INCLUDED_OPEN
-19,15,-1,INCLUDED_OPEN
-19,15,0,INCLUDED_LOWDATA
-19,15,3,INCLUDED_OPEN
-19,15,4,INCLUDED_OPEN
-19,15,5,INCLUDED_OPEN
-19,15,6,INCLUDED_OPEN
-19,15,7,INCLUDED_OPEN
-19,16,-2,INCLUDED_OPEN
-19,16,-1,INCLUDED_OPEN
-19,16,0,INCLUDED_OPEN
-19,16,1,INCLUDED_OPEN
-19,16,2,INCLUDED_OPEN
-19,16,3,INCLUDED_OPEN
-19,16,4,INCLUDED_OPEN
-19,16,5,INCLUDED_OPEN
-19,16,6,INCLUDED_OPEN
-19,16,7,INCLUDED_OPEN
-19,17,-2,INCLUDED_LOWDATA
-19,17,-1,INCLUDED_OPEN
-19,17,0,INCLUDED_OPEN
-19,17,1,INCLUDED_OPEN
-19,17,2,INCLUDED_OPEN
-19,17,3,INCLUDED_OPEN
-19,17,4,INCLUDED_OPEN
-19,17,5,INCLUDED_OPEN
-19,17,6,INCLUDED_OPEN
-19,17,7,INCLUDED_OPEN
-19,18,-2,INCLUDED_LOWDATA
-19,18,-1,INCLUDED_OPEN
-19,18,0,INCLUDED_OPEN
-19,18,1,INCLUDED_OPEN
-19,18,2,INCLUDED_OPEN
-19,18,3,INCLUDED_OPEN
-19,18,4,INCLUDED_OPEN
-19,18,5,INCLUDED_OPEN
-19,18,6,INCLUDED_OPEN
-19,18,7,INCLUDED_OPEN
-19,19,-2,INCLUDED_OPEN
-19,19,-1,INCLUDED_OPEN
-19,19,0,INCLUDED_OPEN
-19,19,1,INCLUDED_OPEN
-19,19,2,INCLUDED_OPEN
-19,19,3,INCLUDED_OPEN
-19,19,4,INCLUDED_OPEN
-19,19,5,INCLUDED_OPEN
-19,19,6,INCLUDED_OPEN
-19,19,7,INCLUDED_OPEN
-19,20,-2,INCLUDED_LOWDATA
-19,20,-1,INCLUDED_OPEN
-19,20,0,INCLUDED_OPEN
-19,20,1,INCLUDED_OPEN
-19,20,2,INCLUDED_OPEN
-19,20,3,INCLUDED_OPEN
-19,20,4,INCLUDED_OPEN
-19,20,5,INCLUDED_OPEN
-19,20,6,INCLUDED_OPEN
-19,20,7,INCLUDED_OPEN
-19,21,-2,INCLUDED_LOWDATA
-19,21,-1,INCLUDED_OPEN
-19,21,0,INCLUDED_OPEN
-19,21,1,INCLUDED_OPEN
-19,21,2,INCLUDED_OPEN
-19,21,3,INCLUDED_OPEN
-19,21,4,INCLUDED_OPEN
-19,21,5,INCLUDED_OPEN
-19,21,6,INCLUDED_OPEN
-19,21,7,INCLUDED_OPEN
-19,22,-2,INCLUDED_OPEN
-19,22,-1,INCLUDED_OPEN
-19,22,0,INCLUDED_OPEN
-19,22,1,INCLUDED_OPEN
-19,22,2,INCLUDED_OPEN
-19,22,3,INCLUDED_OPEN
-19,22,4,INCLUDED_OPEN
-19,22,5,INCLUDED_OPEN
-19,22,6,INCLUDED_OPEN
-19,22,7,INCLUDED_OPEN
-19,23,-2,constrained-misc
-19,23,-1,INCLUDED_OPEN
-19,23,0,INCLUDED_OPEN
-19,23,1,INCLUDED_OPEN
-19,23,2,INCLUDED_OPEN
-19,23,3,INCLUDED_OPEN
-19,23,4,INCLUDED_OPEN
-19,23,5,INCLUDED_OPEN
-19,23,6,INCLUDED_OPEN
-19,23,7,INCLUDED_OPEN
-19,24,-2,INCLUDED_OPEN
-19,24,-1,INCLUDED_OPEN
-19,24,0,INCLUDED_OPEN
-19,24,1,INCLUDED_OPEN
-19,24,2,INCLUDED_OPEN
-19,24,3,INCLUDED_OPEN
-19,24,4,INCLUDED_OPEN
-19,24,5,INCLUDED_OPEN
-19,24,6,INCLUDED_OPEN
-19,24,7,INCLUDED_OPEN
-19,25,3,INCLUDED_OPEN
-19,25,4,INCLUDED_OPEN
-19,25,5,INCLUDED_OPEN
-19,25,6,INCLUDED_OPEN
-19,25,7,INCLUDED_OPEN
-19,26,3,INCLUDED_OPEN
-19,26,4,INCLUDED_OPEN
-19,26,5,INCLUDED_OPEN
-19,26,6,INCLUDED_OPEN
-19,26,7,INCLUDED_OPEN
-19,27,3,INCLUDED_OPEN
-19,27,4,INCLUDED_OPEN
-19,27,5,INCLUDED_OPEN
-19,27,6,INCLUDED_OPEN
-19,27,7,INCLUDED_LOWDATA
-18,-24,-2,INCLUDED_OPEN
-18,-24,-1,INCLUDED_OPEN
-18,-24,0,INCLUDED_OPEN
-18,-24,1,INCLUDED_OPEN
-18,-24,2,INCLUDED_LOWDATA
-18,-23,-2,INCLUDED_OPEN
-18,-23,-1,INCLUDED_OPEN
-18,-23,0,INCLUDED_OPEN
-18,-23,1,INCLUDED_OPEN
-18,-23,2,INCLUDED_LOWDATA
-18,-22,-2,INCLUDED_OPEN
-18,-22,-1,INCLUDED_OPEN
-18,-22,0,INCLUDED_OPEN
-18,-22,1,INCLUDED_OPEN
-18,-22,2,INCLUDED_LOWDATA
-18,-21,-2,INCLUDED_OPEN
-18,-21,-1,INCLUDED_OPEN
-18,-21,0,INCLUDED_OPEN
-18,-21,1,INCLUDED_OPEN
-18,-21,2,INCLUDED_LOWDATA
-18,-20,-1,INCLUDED_LOWDATA
-18,-20,0,INCLUDED_LOWDATA
-18,-16,-1,INCLUDED_LOWDATA
-18,-16,1,INCLUDED_LOWDATA
-18,-15,-2,INCLUDED_OPEN
-18,-15,-1,INCLUDED_OPEN
-18,-15,0,INCLUDED_OPEN
-18,-15,1,INCLUDED_LOWDATA
-18,-14,-6,INCLUDED_LOWDATA
-18,-14,-2,INCLUDED_OPEN
-18,-14,-1,INCLUDED_OPEN
-18,-14,0,INCLUDED_OPEN
-18,-14,1,INCLUDED_LOWDATA
-18,-13,-2,constrained-misc
-18,-13,-1,constrained-misc
-18,-13,0,INCLUDED_OPEN
-18,-13,1,INCLUDED_LOWDATA
-18,6,-1,INCLUDED_OPEN
-18,6,0,INCLUDED_OPEN
-18,6,1,INCLUDED_LOWDATA
-18,6,2,INCLUDED_LOWDATA
-18,6,4,INCLUDED_LOWDATA
-18,6,5,INCLUDED_OPEN
-18,6,6,INCLUDED_OPEN
-18,6,7,INCLUDED_LOWDATA
-18,7,-2,sng-2
-18,7,-1,INCLUDED_OPEN
-18,7,0,INCLUDED_OPEN
-18,7,1,INCLUDED_LOWDATA
-18,7,2,INCLUDED_LOWDATA
-18,7,4,INCLUDED_OPEN
-18,7,5,INCLUDED_OPEN
-18,7,6,INCLUDED_OPEN
-18,7,7,INCLUDED_OPEN
-18,8,-2,INCLUDED_LOWDATA
-18,8,-1,sng-2
-18,8,0,INCLUDED_OPEN
-18,8,1,sng-2
-18,8,2,sng-2
-18,8,4,INCLUDED_LOWDATA
-18,8,5,INCLUDED_OPEN
-18,8,6,INCLUDED_OPEN
-18,8,7,INCLUDED_OPEN
-18,9,-1,INCLUDED_LOWDATA
-18,9,3,INCLUDED_LOWDATA
-18,9,5,INCLUDED_OPEN
-18,9,6,INCLUDED_OPEN
-18,9,7,INCLUDED_OPEN
-18,10,-1,INCLUDED_LOWDATA
-18,10,5,INCLUDED_OPEN
-18,10,6,INCLUDED_OPEN
-18,10,7,INCLUDED_OPEN
-18,11,-2,INCLUDED_OPEN
-18,11,-1,INCLUDED_OPEN
-18,11,0,INCLUDED_OPEN
-18,11,1,sng-2
-18,11,2,sng-2
-18,11,3,INCLUDED_OPEN
-18,11,4,INCLUDED_OPEN
-18,11,5,INCLUDED_OPEN
-18,11,6,INCLUDED_OPEN
-18,11,7,INCLUDED_OPEN
-18,12,-2,INCLUDED_OPEN
-18,12,-1,INCLUDED_OPEN
-18,12,0,INCLUDED_OPEN
-18,12,1,INCLUDED_OPEN
-18,12,2,INCLUDED_OPEN
-18,12,3,INCLUDED_OPEN
-18,12,4,INCLUDED_OPEN
-18,12,5,INCLUDED_OPEN
-18,12,6,INCLUDED_OPEN
-18,12,7,INCLUDED_OPEN
-18,13,-2,INCLUDED_OPEN
-18,13,-1,INCLUDED_OPEN
-18,13,0,INCLUDED_OPEN
-18,13,1,sng-3
-18,13,2,sng-3
-18,13,3,INCLUDED_OPEN
-18,13,4,INCLUDED_OPEN
-18,13,5,INCLUDED_OPEN
-18,13,6,INCLUDED_OPEN
-18,13,7,INCLUDED_OPEN
-18,14,-2,INCLUDED_LOWDATA
-18,14,-1,INCLUDED_OPEN
-18,14,0,INCLUDED_LOWDATA
-18,14,3,INCLUDED_OPEN
-18,14,4,INCLUDED_OPEN
-18,14,5,INCLUDED_OPEN
-18,14,6,INCLUDED_OPEN
-18,14,7,INCLUDED_OPEN
-18,15,-2,INCLUDED_OPEN
-18,15,-1,INCLUDED_OPEN
-18,15,0,INCLUDED_LOWDATA
-18,15,3,INCLUDED_OPEN
-18,15,4,INCLUDED_OPEN
-18,15,5,INCLUDED_OPEN
-18,15,6,INCLUDED_OPEN
-18,15,7,INCLUDED_OPEN
-18,16,-2,INCLUDED_OPEN
-18,16,-1,INCLUDED_OPEN
-18,16,0,INCLUDED_OPEN
-18,16,1,constrained-misc
-18,16,2,constrained-misc
-18,16,3,INCLUDED_OPEN
-18,16,4,INCLUDED_OPEN
-18,16,5,INCLUDED_OPEN
-18,16,6,INCLUDED_OPEN
-18,16,7,INCLUDED_OPEN
-18,17,-2,INCLUDED_LOWDATA
-18,17,-1,INCLUDED_OPEN
-18,17,0,INCLUDED_OPEN
-18,17,1,INCLUDED_OPEN
-18,17,2,INCLUDED_OPEN
-18,17,3,INCLUDED_OPEN
-18,17,4,INCLUDED_OPEN
-18,17,5,INCLUDED_OPEN
-18,17,6,INCLUDED_OPEN
-18,17,7,INCLUDED_OPEN
-18,18,-2,INCLUDED_LOWDATA
-18,18,-1,INCLUDED_OPEN
-18,18,0,INCLUDED_OPEN
-18,18,1,INCLUDED_OPEN
-18,18,2,INCLUDED_OPEN
-18,18,3,INCLUDED_OPEN
-18,18,4,INCLUDED_OPEN
-18,18,5,INCLUDED_OPEN
-18,18,6,INCLUDED_OPEN
-18,18,7,INCLUDED_OPEN
-18,19,-2,INCLUDED_LOWDATA
-18,19,-1,INCLUDED_OPEN
-18,19,0,INCLUDED_OPEN
-18,19,1,INCLUDED_OPEN
-18,19,2,INCLUDED_OPEN
-18,19,3,INCLUDED_OPEN
-18,19,4,INCLUDED_OPEN
-18,19,5,INCLUDED_OPEN
-18,19,6,INCLUDED_OPEN
-18,19,7,INCLUDED_OPEN
-18,20,-2,INCLUDED_OPEN
-18,20,-1,INCLUDED_OPEN
-18,20,0,INCLUDED_OPEN
-18,20,1,INCLUDED_OPEN
-18,20,2,INCLUDED_OPEN
-18,20,3,INCLUDED_OPEN
-18,20,4,INCLUDED_OPEN
-18,20,5,INCLUDED_OPEN
-18,20,6,INCLUDED_OPEN
-18,20,7,INCLUDED_OPEN
-18,21,-2,INCLUDED_OPEN
-18,21,-1,INCLUDED_OPEN
-18,21,0,INCLUDED_OPEN
-18,21,1,INCLUDED_OPEN
-18,21,2,INCLUDED_OPEN
-18,21,3,INCLUDED_OPEN
-18,21,4,INCLUDED_OPEN
-18,21,5,INCLUDED_OPEN
-18,21,6,INCLUDED_OPEN
-18,21,7,INCLUDED_OPEN
-18,22,-2,INCLUDED_LOWDATA
-18,22,-1,INCLUDED_OPEN
-18,22,0,INCLUDED_OPEN
-18,22,1,INCLUDED_OPEN
-18,22,2,INCLUDED_OPEN
-18,22,3,INCLUDED_OPEN
-18,22,4,INCLUDED_OPEN
-18,22,5,INCLUDED_OPEN
-18,22,6,INCLUDED_OPEN
-18,22,7,INCLUDED_OPEN
-18,23,-2,INCLUDED_OPEN
-18,23,-1,INCLUDED_OPEN
-18,23,0,INCLUDED_OPEN
-18,23,1,INCLUDED_OPEN
-18,23,2,INCLUDED_OPEN
-18,23,3,INCLUDED_OPEN
-18,23,4,INCLUDED_OPEN
-18,23,5,INCLUDED_OPEN
-18,23,6,INCLUDED_OPEN
-18,23,7,INCLUDED_OPEN
-18,24,-2,INCLUDED_OPEN
-18,24,-1,INCLUDED_OPEN
-18,24,0,INCLUDED_OPEN
-18,24,1,constrained-misc
-18,24,2,constrained-misc
-18,24,3,INCLUDED_OPEN
-18,24,4,INCLUDED_OPEN
-18,24,5,INCLUDED_OPEN
-18,24,6,INCLUDED_OPEN
-18,24,7,INCLUDED_OPEN
-18,25,3,INCLUDED_OPEN
-18,25,4,INCLUDED_OPEN
-18,25,5,INCLUDED_OPEN
-18,25,6,INCLUDED_OPEN
-18,25,7,INCLUDED_OPEN
-18,26,3,INCLUDED_OPEN
-18,26,4,INCLUDED_OPEN
-18,26,5,INCLUDED_OPEN
-18,26,6,INCLUDED_OPEN
-18,26,7,INCLUDED_OPEN
-18,27,3,INCLUDED_OPEN
-18,27,4,INCLUDED_OPEN
-18,27,5,INCLUDED_OPEN
-18,27,6,INCLUDED_OPEN
-18,27,7,INCLUDED_LOWDATA
-17,-24,-2,INCLUDED_OPEN
-17,-24,-1,INCLUDED_OPEN
-17,-24,0,INCLUDED_OPEN
-17,-24,1,INCLUDED_OPEN
-17,-24,2,INCLUDED_LOWDATA
-17,-23,-2,INCLUDED_OPEN
-17,-23,-1,INCLUDED_OPEN
-17,-23,0,INCLUDED_OPEN
-17,-23,1,INCLUDED_OPEN
-17,-23,2,INCLUDED_LOWDATA
-17,-22,-2,INCLUDED_OPEN
-17,-22,-1,INCLUDED_OPEN
-17,-22,0,INCLUDED_OPEN
-17,-22,1,INCLUDED_OPEN
-17,-22,2,INCLUDED_LOWDATA
-17,-21,-2,INCLUDED_OPEN
-17,-21,-1,INCLUDED_OPEN
-17,-21,0,INCLUDED_OPEN
-17,-21,1,INCLUDED_OPEN
-17,-21,2,INCLUDED_LOWDATA
-17,-20,-1,INCLUDED_LOWDATA
-17,-16,-1,EXCLUDED_TELE
-17,-15,-2,INCLUDED_OPEN
-17,-15,-1,EXCLUDED_TELE
-17,-15,0,EXCLUDED_TELE
-17,-15,1,EXCLUDED_TELE
-17,-14,-2,INCLUDED_LOWDATA
-17,-14,-1,EXCLUDED_TELE
-17,-14,0,EXCLUDED_TELE
-17,-14,1,EXCLUDED_TELE
-17,-13,-2,constrained-misc
-17,-13,-1,EXCLUDED_TELE
-17,-13,0,EXCLUDED_TELE
-17,-13,1,EXCLUDED_TELE
-17,-13,2,EXCLUDED_TELE
-17,6,-2,sng-2
-17,6,-1,sng-2
-17,6,0,INCLUDED_OPEN
-17,6,1,INCLUDED_OPEN
-17,6,2,INCLUDED_OPEN
-17,6,4,INCLUDED_OPEN
-17,6,5,INCLUDED_OPEN
-17,6,6,INCLUDED_OPEN
-17,6,7,INCLUDED_LOWDATA
-17,7,-1,INCLUDED_OPEN
-17,7,0,INCLUDED_OPEN
-17,7,1,INCLUDED_OPEN
-17,7,2,INCLUDED_LOWDATA
-17,7,4,INCLUDED_LOWDATA
-17,7,5,INCLUDED_OPEN
-17,7,6,INCLUDED_OPEN
-17,7,7,INCLUDED_OPEN
-17,8,-2,INCLUDED_OPEN
-17,8,-1,sng-2
-17,8,0,INCLUDED_OPEN
-17,8,1,INCLUDED_OPEN
-17,8,2,INCLUDED_OPEN
-17,8,3,sng-2
-17,8,4,INCLUDED_OPEN
-17,8,5,INCLUDED_OPEN
-17,8,6,INCLUDED_OPEN
-17,8,7,INCLUDED_OPEN
-17,9,-2,sng-2
-17,9,-1,INCLUDED_OPEN
-17,9,0,INCLUDED_OPEN
-17,9,1,INCLUDED_OPEN
-17,9,2,sng-2
-17,9,3,INCLUDED_OPEN
-17,9,4,INCLUDED_OPEN
-17,9,5,INCLUDED_OPEN
-17,9,6,INCLUDED_OPEN
-17,9,7,INCLUDED_OPEN
-17,10,-2,sng-2
-17,10,-1,INCLUDED_OPEN
-17,10,0,INCLUDED_OPEN
-17,10,1,INCLUDED_OPEN
-17,10,2,INCLUDED_OPEN
-17,10,3,INCLUDED_OPEN
-17,10,4,INCLUDED_OPEN
-17,10,5,INCLUDED_OPEN
-17,10,6,INCLUDED_OPEN
-17,10,7,INCLUDED_OPEN
-17,11,-2,INCLUDED_OPEN
-17,11,-1,INCLUDED_OPEN
-17,11,0,INCLUDED_OPEN
-17,11,1,INCLUDED_OPEN
-17,11,2,INCLUDED_OPEN
-17,11,3,INCLUDED_OPEN
-17,11,4,INCLUDED_OPEN
-17,11,5,INCLUDED_OPEN
-17,11,6,INCLUDED_OPEN
-17,11,7,INCLUDED_OPEN
-17,12,-2,INCLUDED_OPEN
-17,12,-1,INCLUDED_OPEN
-17,12,0,INCLUDED_OPEN
-17,12,1,INCLUDED_OPEN
-17,12,2,INCLUDED_OPEN
-17,12,3,INCLUDED_OPEN
-17,12,4,INCLUDED_OPEN
-17,12,5,INCLUDED_OPEN
-17,12,6,INCLUDED_OPEN
-17,12,7,INCLUDED_OPEN
-17,13,-1,INCLUDED_OPEN
-17,13,0,INCLUDED_OPEN
-17,13,1,sng-3
-17,13,2,sng-3
-17,13,3,INCLUDED_OPEN
-17,13,4,INCLUDED_OPEN
-17,13,5,INCLUDED_OPEN
-17,13,6,INCLUDED_OPEN
-17,13,7,INCLUDED_OPEN
-17,14,-1,INCLUDED_OPEN
-17,14,0,INCLUDED_LOWDATA
-17,14,3,INCLUDED_OPEN
-17,14,4,INCLUDED_OPEN
-17,14,5,INCLUDED_OPEN
-17,14,6,INCLUDED_OPEN
-17,14,7,INCLUDED_OPEN
-17,15,-2,INCLUDED_LOWDATA
-17,15,-1,INCLUDED_OPEN
-17,15,0,INCLUDED_LOWDATA
-17,15,3,INCLUDED_OPEN
-17,15,4,INCLUDED_OPEN
-17,15,5,INCLUDED_OPEN
-17,15,6,INCLUDED_OPEN
-17,15,7,INCLUDED_OPEN
-17,16,-2,constrained-misc
-17,16,-1,INCLUDED_OPEN
-17,16,0,INCLUDED_OPEN
-17,16,1,INCLUDED_OPEN
-17,16,2,constrained-misc
-17,16,3,INCLUDED_OPEN
-17,16,4,INCLUDED_OPEN
-17,16,5,INCLUDED_OPEN
-17,16,6,INCLUDED_OPEN
-17,16,7,INCLUDED_OPEN
-17,17,-2,INCLUDED_LOWDATA
-17,17,-1,INCLUDED_OPEN
-17,17,0,INCLUDED_OPEN
-17,17,1,INCLUDED_OPEN
-17,17,2,INCLUDED_OPEN
-17,17,3,INCLUDED_OPEN
-17,17,4,INCLUDED_OPEN
-17,17,5,INCLUDED_OPEN
-17,17,6,INCLUDED_OPEN
-17,17,7,INCLUDED_OPEN
-17,18,-2,INCLUDED_LOWDATA
-17,18,-1,INCLUDED_OPEN
-17,18,0,INCLUDED_OPEN
-17,18,1,INCLUDED_OPEN
-17,18,2,INCLUDED_OPEN
-17,18,3,INCLUDED_OPEN
-17,18,4,INCLUDED_OPEN
-17,18,5,INCLUDED_OPEN
-17,18,6,INCLUDED_OPEN
-17,18,7,INCLUDED_OPEN
-17,19,-2,INCLUDED_LOWDATA
-17,19,-1,INCLUDED_OPEN
-17,19,0,INCLUDED_OPEN
-17,19,1,INCLUDED_OPEN
-17,19,2,INCLUDED_OPEN
-17,19,3,INCLUDED_OPEN
-17,19,4,INCLUDED_OPEN
-17,19,5,INCLUDED_OPEN
-17,19,6,INCLUDED_OPEN
-17,19,7,INCLUDED_OPEN
-17,20,-2,constrained-misc
-17,20,-1,INCLUDED_OPEN
-17,20,0,INCLUDED_OPEN
-17,20,1,INCLUDED_OPEN
-17,20,2,INCLUDED_OPEN
-17,20,3,INCLUDED_OPEN
-17,20,4,INCLUDED_OPEN
-17,20,5,INCLUDED_OPEN
-17,20,6,INCLUDED_OPEN
-17,20,7,INCLUDED_OPEN
-17,21,-2,constrained-misc
-17,21,-1,INCLUDED_OPEN
-17,21,0,INCLUDED_OPEN
-17,21,1,INCLUDED_OPEN
-17,21,2,INCLUDED_OPEN
-17,21,3,INCLUDED_OPEN
-17,21,4,INCLUDED_OPEN
-17,21,5,INCLUDED_OPEN
-17,21,6,INCLUDED_OPEN
-17,21,7,INCLUDED_OPEN
-17,22,-2,INCLUDED_OPEN
-17,22,-1,INCLUDED_OPEN
-17,22,0,INCLUDED_OPEN
-17,22,1,INCLUDED_OPEN
-17,22,2,INCLUDED_OPEN
-17,22,3,INCLUDED_OPEN
-17,22,4,INCLUDED_OPEN
-17,22,5,INCLUDED_OPEN
-17,22,6,INCLUDED_OPEN
-17,22,7,INCLUDED_OPEN
-17,23,-2,INCLUDED_OPEN
-17,23,-1,INCLUDED_OPEN
-17,23,0,INCLUDED_OPEN
-17,23,1,INCLUDED_OPEN
-17,23,2,INCLUDED_OPEN
-17,23,3,INCLUDED_OPEN
-17,23,4,INCLUDED_OPEN
-17,23,5,INCLUDED_OPEN
-17,23,6,INCLUDED_OPEN
-17,23,7,INCLUDED_OPEN
-17,24,-2,INCLUDED_OPEN
-17,24,-1,INCLUDED_OPEN
-17,24,0,INCLUDED_OPEN
-17,24,1,constrained-misc
-17,24,2,INCLUDED_OPEN
-17,24,3,INCLUDED_OPEN
-17,24,4,INCLUDED_OPEN
-17,24,5,INCLUDED_OPEN
-17,24,6,INCLUDED_OPEN
-17,24,7,INCLUDED_OPEN
-17,25,3,INCLUDED_OPEN
-17,25,4,INCLUDED_OPEN
-17,25,5,INCLUDED_OPEN
-17,25,6,INCLUDED_OPEN
-17,25,7,INCLUDED_OPEN
-17,26,3,INCLUDED_OPEN
-17,26,4,INCLUDED_OPEN
-17,26,5,INCLUDED_OPEN
-17,26,6,INCLUDED_OPEN
-17,26,7,INCLUDED_OPEN
-17,27,3,INCLUDED_OPEN
-17,27,4,INCLUDED_OPEN
-17,27,5,INCLUDED_OPEN
-17,27,6,INCLUDED_OPEN
-17,27,7,INCLUDED_LOWDATA
-16,-24,-2,INCLUDED_OPEN
-16,-24,-1,INCLUDED_OPEN
-16,-24,0,INCLUDED_OPEN
-16,-24,1,INCLUDED_OPEN
-16,-23,-2,INCLUDED_OPEN
-16,-23,-1,INCLUDED_OPEN
-16,-23,0,INCLUDED_OPEN
-16,-23,1,INCLUDED_OPEN
-16,-23,2,INCLUDED_LOWDATA
-16,-22,-2,INCLUDED_OPEN
-16,-22,-1,INCLUDED_OPEN
-16,-22,0,INCLUDED_OPEN
-16,-22,1,INCLUDED_OPEN
-16,-22,2,INCLUDED_LOWDATA
-16,-21,-2,INCLUDED_OPEN
-16,-21,-1,INCLUDED_OPEN
-16,-21,0,INCLUDED_OPEN
-16,-21,1,INCLUDED_OPEN
-16,-21,2,INCLUDED_LOWDATA
-16,-16,-1,EXCLUDED_TELE
-16,-15,-1,EXCLUDED_TELE
-16,-15,0,EXCLUDED_TELE
-16,-15,1,EXCLUDED_TELE
-16,-14,0,EXCLUDED_TELE
-16,-14,1,EXCLUDED_TELE
-16,-13,0,EXCLUDED_TELE
-16,6,-2,sng-2
-16,6,-1,sng-2
-16,6,0,INCLUDED_OPEN
-16,6,1,constrained-misc
-16,6,2,constrained-misc
-16,6,4,INCLUDED_OPEN
-16,6,5,INCLUDED_OPEN
-16,6,6,INCLUDED_OPEN
-16,6,7,INCLUDED_LOWDATA
-16,7,-2,sng-2
-16,7,-1,INCLUDED_OPEN
-16,7,0,INCLUDED_OPEN
-16,7,1,INCLUDED_OPEN
-16,7,2,INCLUDED_LOWDATA
-16,7,4,INCLUDED_OPEN
-16,7,5,INCLUDED_OPEN
-16,7,6,INCLUDED_OPEN
-16,7,7,INCLUDED_OPEN
-16,8,-2,sng-2
-16,8,-1,INCLUDED_OPEN
-16,8,0,INCLUDED_OPEN
-16,8,1,INCLUDED_OPEN
-16,8,2,sng-2
-16,8,3,INCLUDED_OPEN
-16,8,4,INCLUDED_OPEN
-16,8,5,INCLUDED_OPEN
-16,8,6,INCLUDED_OPEN
-16,8,7,INCLUDED_OPEN
-16,9,-1,INCLUDED_OPEN
-16,9,0,INCLUDED_OPEN
-16,9,1,INCLUDED_OPEN
-16,9,2,sng-2
-16,9,3,INCLUDED_OPEN
-16,9,4,INCLUDED_OPEN
-16,9,5,INCLUDED_OPEN
-16,9,6,INCLUDED_OPEN
-16,9,7,INCLUDED_OPEN
-16,10,-2,sng-2
-16,10,-1,INCLUDED_OPEN
-16,10,0,INCLUDED_OPEN
-16,10,1,sng-2
-16,10,2,sng-2
-16,10,3,INCLUDED_OPEN
-16,10,4,INCLUDED_OPEN
-16,10,5,INCLUDED_OPEN
-16,10,6,INCLUDED_OPEN
-16,10,7,INCLUDED_OPEN
-16,11,-2,INCLUDED_OPEN
-16,11,-1,INCLUDED_OPEN
-16,11,0,INCLUDED_OPEN
-16,11,1,INCLUDED_OPEN
-16,11,2,INCLUDED_OPEN
-16,11,3,INCLUDED_OPEN
-16,11,4,INCLUDED_OPEN
-16,11,5,INCLUDED_OPEN
-16,11,6,INCLUDED_OPEN
-16,11,7,INCLUDED_OPEN
-16,12,-2,INCLUDED_LOWDATA
-16,12,-1,constrained-misc
-16,12,0,INCLUDED_OPEN
-16,12,1,INCLUDED_OPEN
-16,12,2,sng-3
-16,12,3,INCLUDED_OPEN
-16,12,4,INCLUDED_OPEN
-16,12,5,INCLUDED_OPEN
-16,12,6,INCLUDED_OPEN
-16,12,7,INCLUDED_OPEN
-16,13,3,INCLUDED_OPEN
-16,13,4,INCLUDED_OPEN
-16,13,5,INCLUDED_OPEN
-16,13,6,INCLUDED_OPEN
-16,13,7,INCLUDED_OPEN
-16,14,3,INCLUDED_OPEN
-16,14,4,INCLUDED_OPEN
-16,14,5,INCLUDED_OPEN
-16,14,6,INCLUDED_OPEN
-16,14,7,INCLUDED_OPEN
-16,15,3,INCLUDED_OPEN
-16,15,4,INCLUDED_OPEN
-16,15,5,INCLUDED_OPEN
-16,15,6,INCLUDED_OPEN
-16,15,7,INCLUDED_OPEN
-16,16,3,INCLUDED_OPEN
-16,16,4,INCLUDED_OPEN
-16,16,5,INCLUDED_OPEN
-16,16,6,INCLUDED_OPEN
-16,16,7,INCLUDED_OPEN
-16,17,3,INCLUDED_OPEN
-16,17,4,INCLUDED_OPEN
-16,17,5,INCLUDED_OPEN
-16,17,6,INCLUDED_OPEN
-16,17,7,INCLUDED_OPEN
-16,18,3,INCLUDED_OPEN
-16,18,4,INCLUDED_OPEN
-16,18,5,INCLUDED_OPEN
-16,18,6,INCLUDED_OPEN
-16,18,7,INCLUDED_OPEN
-16,19,3,INCLUDED_OPEN
-16,19,4,INCLUDED_OPEN
-16,19,5,INCLUDED_OPEN
-16,19,6,INCLUDED_OPEN
-16,19,7,INCLUDED_OPEN
-16,20,3,sng-3
-16,20,4,INCLUDED_OPEN
-16,20,5,INCLUDED_OPEN
-16,20,6,INCLUDED_OPEN
-16,20,7,INCLUDED_OPEN
-16,21,5,INCLUDED_OPEN
-16,21,6,INCLUDED_OPEN
-16,21,7,INCLUDED_OPEN
-16,22,5,INCLUDED_OPEN
-16,22,6,INCLUDED_OPEN
-16,22,7,INCLUDED_OPEN
-16,23,5,INCLUDED_OPEN
-16,23,6,INCLUDED_OPEN
-16,23,7,INCLUDED_OPEN
-16,24,5,INCLUDED_OPEN
-16,24,6,INCLUDED_OPEN
-16,24,7,INCLUDED_OPEN
-16,25,3,INCLUDED_OPEN
-16,25,4,INCLUDED_OPEN
-16,25,5,INCLUDED_OPEN
-16,25,6,INCLUDED_OPEN
-16,25,7,INCLUDED_OPEN
-16,26,3,INCLUDED_OPEN
-16,26,4,INCLUDED_OPEN
-16,26,5,INCLUDED_OPEN
-16,26,6,INCLUDED_OPEN
-16,26,7,INCLUDED_OPEN
-16,27,3,INCLUDED_OPEN
-16,27,4,INCLUDED_OPEN
-16,27,5,INCLUDED_OPEN
-16,27,6,INCLUDED_OPEN
-16,27,7,INCLUDED_OPEN
-15,-24,-2,INCLUDED_OPEN
-15,-24,-1,INCLUDED_OPEN
-15,-24,0,INCLUDED_OPEN
-15,-24,1,INCLUDED_OPEN
-15,-23,-2,INCLUDED_OPEN
-15,-23,-1,INCLUDED_OPEN
-15,-23,0,INCLUDED_OPEN
-15,-23,1,INCLUDED_OPEN
-15,-23,2,INCLUDED_LOWDATA
-15,-22,-2,INCLUDED_OPEN
-15,-22,-1,INCLUDED_OPEN
-15,-22,0,INCLUDED_OPEN
-15,-22,1,INCLUDED_OPEN
-15,-22,2,INCLUDED_LOWDATA
-15,-21,-2,INCLUDED_OPEN
-15,-21,-1,INCLUDED_OPEN
-15,-21,0,INCLUDED_OPEN
-15,-21,1,INCLUDED_OPEN
-15,-17,-1,INCLUDED_LOWDATA
-15,-16,-1,constrained-misc
-15,6,4,INCLUDED_LOWDATA
-15,6,5,INCLUDED_OPEN
-15,6,6,INCLUDED_OPEN
-15,6,7,INCLUDED_LOWDATA
-15,7,4,INCLUDED_OPEN
-15,7,5,INCLUDED_OPEN
-15,7,6,INCLUDED_OPEN
-15,7,7,INCLUDED_OPEN
-15,8,3,INCLUDED_LOWDATA
-15,8,4,INCLUDED_OPEN
-15,8,5,constrained-misc
-15,8,6,INCLUDED_OPEN
-15,8,7,INCLUDED_OPEN
-15,9,3,INCLUDED_OPEN
-15,9,4,INCLUDED_OPEN
-15,9,5,INCLUDED_OPEN
-15,9,6,INCLUDED_OPEN
-15,9,7,INCLUDED_OPEN
-15,10,3,INCLUDED_OPEN
-15,10,4,INCLUDED_OPEN
-15,10,5,INCLUDED_OPEN
-15,10,6,INCLUDED_OPEN
-15,10,7,INCLUDED_OPEN
-15,11,-2,INCLUDED_OPEN
-15,11,-1,INCLUDED_OPEN
-15,11,0,INCLUDED_OPEN
-15,11,1,INCLUDED_OPEN
-15,11,2,INCLUDED_OPEN
-15,11,3,INCLUDED_OPEN
-15,11,4,INCLUDED_OPEN
-15,11,5,INCLUDED_OPEN
-15,11,6,INCLUDED_OPEN
-15,11,7,INCLUDED_OPEN
-15,12,-2,INCLUDED_LOWDATA
-15,12,-1,constrained-misc
-15,12,0,INCLUDED_OPEN
-15,12,1,sng-3
-15,12,2,sng-3
-15,12,3,INCLUDED_OPEN
-15,12,4,INCLUDED_OPEN
-15,12,5,INCLUDED_OPEN
-15,12,6,INCLUDED_OPEN
-15,12,7,INCLUDED_OPEN
-15,13,-1,INCLUDED_LOWDATA
-15,13,3,INCLUDED_OPEN
-15,13,4,INCLUDED_OPEN
-15,13,5,INCLUDED_OPEN
-15,13,6,INCLUDED_OPEN
-15,13,7,INCLUDED_OPEN
-15,14,3,INCLUDED_OPEN
-15,14,4,INCLUDED_OPEN
-15,14,5,INCLUDED_OPEN
-15,14,6,INCLUDED_OPEN
-15,14,7,INCLUDED_OPEN
-15,15,3,INCLUDED_OPEN
-15,15,4,INCLUDED_OPEN
-15,15,5,INCLUDED_OPEN
-15,15,6,INCLUDED_OPEN
-15,15,7,INCLUDED_OPEN
-15,16,-1,INCLUDED_LOWDATA
-15,16,3,INCLUDED_OPEN
-15,16,4,INCLUDED_OPEN
-15,16,5,INCLUDED_OPEN
-15,16,6,INCLUDED_OPEN
-15,16,7,INCLUDED_OPEN
-15,17,-1,INCLUDED_LOWDATA
-15,17,3,INCLUDED_OPEN
-15,17,4,INCLUDED_OPEN
-15,17,5,INCLUDED_OPEN
-15,17,6,INCLUDED_OPEN
-15,17,7,INCLUDED_OPEN
-15,18,-1,INCLUDED_LOWDATA
-15,18,3,INCLUDED_OPEN
-15,18,4,INCLUDED_OPEN
-15,18,5,INCLUDED_OPEN
-15,18,6,INCLUDED_OPEN
-15,18,7,INCLUDED_OPEN
-15,19,-1,INCLUDED_LOWDATA
-15,19,3,INCLUDED_OPEN
-15,19,4,INCLUDED_OPEN
-15,19,5,INCLUDED_OPEN
-15,19,6,INCLUDED_OPEN
-15,19,7,INCLUDED_OPEN
-15,20,-1,INCLUDED_LOWDATA
-15,20,3,sng-3
-15,20,4,INCLUDED_OPEN
-15,20,5,INCLUDED_OPEN
-15,20,6,INCLUDED_OPEN
-15,20,7,INCLUDED_OPEN
-15,21,5,INCLUDED_OPEN
-15,21,6,INCLUDED_OPEN
-15,21,7,INCLUDED_OPEN
-15,22,5,INCLUDED_OPEN
-15,22,6,INCLUDED_OPEN
-15,22,7,INCLUDED_OPEN
-15,23,5,INCLUDED_OPEN
-15,23,6,INCLUDED_OPEN
-15,23,7,INCLUDED_OPEN
-15,24,5,INCLUDED_OPEN
-15,24,6,INCLUDED_OPEN
-15,24,7,INCLUDED_OPEN
-15,25,3,INCLUDED_OPEN
-15,25,4,INCLUDED_OPEN
-15,25,5,INCLUDED_OPEN
-15,25,6,INCLUDED_OPEN
-15,25,7,INCLUDED_OPEN
-15,26,3,INCLUDED_OPEN
-15,26,4,INCLUDED_OPEN
-15,26,5,INCLUDED_OPEN
-15,26,6,INCLUDED_OPEN
-15,26,7,INCLUDED_OPEN
-15,27,3,INCLUDED_OPEN
-15,27,4,INCLUDED_OPEN
-15,27,5,INCLUDED_OPEN
-15,27,6,INCLUDED_OPEN
-15,27,7,INCLUDED_LOWDATA
-14,-24,-2,INCLUDED_OPEN
-14,-24,-1,INCLUDED_OPEN
-14,-24,0,INCLUDED_OPEN
-14,-24,1,INCLUDED_OPEN
-14,-23,-2,INCLUDED_OPEN
-14,-23,-1,INCLUDED_OPEN
-14,-23,0,INCLUDED_OPEN
-14,-23,1,INCLUDED_OPEN
-14,-23,2,INCLUDED_LOWDATA
-14,-22,-2,INCLUDED_OPEN
-14,-22,-1,INCLUDED_OPEN
-14,-22,0,INCLUDED_OPEN
-14,-22,1,INCLUDED_OPEN
-14,-22,2,INCLUDED_LOWDATA
-14,-21,-2,INCLUDED_OPEN
-14,-21,-1,INCLUDED_OPEN
-14,-21,0,INCLUDED_OPEN
-14,-21,1,INCLUDED_OPEN
-14,-21,2,INCLUDED_LOWDATA
-14,-18,-1,INCLUDED_LOWDATA
-14,-17,-1,INCLUDED_LOWDATA
-14,6,4,INCLUDED_OPEN
-14,6,5,INCLUDED_OPEN
-14,6,6,INCLUDED_OPEN
-14,6,7,INCLUDED_LOWDATA
-14,7,3,INCLUDED_LOWDATA
-14,7,4,INCLUDED_LOWDATA
-14,7,5,INCLUDED_OPEN
-14,7,6,INCLUDED_OPEN
-14,7,7,INCLUDED_OPEN
-14,8,-1,constrained-misc
-14,8,3,INCLUDED_LOWDATA
-14,8,4,INCLUDED_OPEN
-14,8,5,INCLUDED_OPEN
-14,8,6,INCLUDED_OPEN
-14,8,7,INCLUDED_OPEN
-14,9,3,INCLUDED_OPEN
-14,9,4,INCLUDED_OPEN
-14,9,5,INCLUDED_OPEN
-14,9,6,INCLUDED_OPEN
-14,9,7,INCLUDED_OPEN
-14,10,3,INCLUDED_OPEN
-14,10,4,INCLUDED_OPEN
-14,10,5,INCLUDED_OPEN
-14,10,6,INCLUDED_OPEN
-14,10,7,INCLUDED_OPEN
-14,11,-2,INCLUDED_OPEN
-14,11,-1,INCLUDED_OPEN
-14,11,0,INCLUDED_OPEN
-14,11,1,INCLUDED_OPEN
-14,11,2,INCLUDED_OPEN
-14,11,3,INCLUDED_OPEN
-14,11,4,INCLUDED_OPEN
-14,11,5,INCLUDED_OPEN
-14,11,6,INCLUDED_OPEN
-14,11,7,INCLUDED_OPEN
-14,12,-2,INCLUDED_OPEN
-14,12,-1,INCLUDED_OPEN
-14,12,0,INCLUDED_OPEN
-14,12,1,INCLUDED_OPEN
-14,12,2,INCLUDED_OPEN
-14,12,3,INCLUDED_OPEN
-14,12,4,INCLUDED_OPEN
-14,12,5,INCLUDED_OPEN
-14,12,6,INCLUDED_OPEN
-14,12,7,INCLUDED_OPEN
-14,13,-2,INCLUDED_LOWDATA
-14,13,-1,INCLUDED_OPEN
-14,13,0,INCLUDED_OPEN
-14,13,1,sng-3
-14,13,2,sng-3
-14,13,3,INCLUDED_OPEN
-14,13,4,INCLUDED_OPEN
-14,13,5,INCLUDED_OPEN
-14,13,6,INCLUDED_OPEN
-14,13,7,INCLUDED_OPEN
-14,14,-2,INCLUDED_LOWDATA
-14,14,-1,INCLUDED_OPEN
-14,14,0,INCLUDED_OPEN
-14,14,1,sng-3
-14,14,2,sng-3
-14,14,3,INCLUDED_OPEN
-14,14,4,INCLUDED_OPEN
-14,14,5,INCLUDED_OPEN
-14,14,6,INCLUDED_OPEN
-14,14,7,INCLUDED_OPEN
-14,15,-2,INCLUDED_OPEN
-14,15,-1,INCLUDED_OPEN
-14,15,0,INCLUDED_LOWDATA
-14,15,3,INCLUDED_OPEN
-14,15,4,INCLUDED_OPEN
-14,15,5,INCLUDED_OPEN
-14,15,6,INCLUDED_OPEN
-14,15,7,INCLUDED_OPEN
-14,16,-2,sng-3
-14,16,-1,sng-3
-14,16,0,INCLUDED_LOWDATA
-14,16,3,INCLUDED_OPEN
-14,16,4,INCLUDED_OPEN
-14,16,5,INCLUDED_OPEN
-14,16,6,INCLUDED_OPEN
-14,16,7,INCLUDED_OPEN
-14,17,-2,INCLUDED_OPEN
-14,17,-1,INCLUDED_OPEN
-14,17,0,INCLUDED_OPEN
-14,17,1,sng-3
-14,17,2,sng-3
-14,17,3,INCLUDED_OPEN
-14,17,4,INCLUDED_OPEN
-14,17,5,INCLUDED_OPEN
-14,17,6,INCLUDED_OPEN
-14,17,7,INCLUDED_OPEN
-14,18,-2,INCLUDED_LOWDATA
-14,18,-1,INCLUDED_OPEN
-14,18,0,INCLUDED_OPEN
-14,18,1,INCLUDED_OPEN
-14,18,2,sng-3
-14,18,3,INCLUDED_OPEN
-14,18,4,INCLUDED_OPEN
-14,18,5,INCLUDED_OPEN
-14,18,6,INCLUDED_OPEN
-14,18,7,INCLUDED_OPEN
-14,19,-2,constrained-misc
-14,19,-1,INCLUDED_OPEN
-14,19,0,INCLUDED_OPEN
-14,19,1,INCLUDED_OPEN
-14,19,2,sng-3
-14,19,3,sng-3
-14,19,4,INCLUDED_OPEN
-14,19,5,INCLUDED_OPEN
-14,19,6,INCLUDED_OPEN
-14,19,7,INCLUDED_OPEN
-14,20,-2,INCLUDED_OPEN
-14,20,-1,INCLUDED_OPEN
-14,20,0,INCLUDED_OPEN
-14,20,1,INCLUDED_OPEN
-14,20,2,sng-3
-14,20,3,sng-3
-14,20,4,INCLUDED_OPEN
-14,20,5,INCLUDED_OPEN
-14,20,6,INCLUDED_OPEN
-14,20,7,INCLUDED_OPEN
-14,21,-2,INCLUDED_LOWDATA
-14,21,-1,INCLUDED_OPEN
-14,21,0,INCLUDED_OPEN
-14,21,1,INCLUDED_OPEN
-14,21,2,INCLUDED_LOWDATA
-14,21,5,INCLUDED_OPEN
-14,21,6,INCLUDED_OPEN
-14,21,7,INCLUDED_OPEN
-14,22,-2,INCLUDED_LOWDATA
-14,22,-1,INCLUDED_OPEN
-14,22,0,INCLUDED_OPEN
-14,22,1,INCLUDED_OPEN
-14,22,5,INCLUDED_OPEN
-14,22,6,INCLUDED_OPEN
-14,22,7,INCLUDED_OPEN
-14,23,-2,INCLUDED_OPEN
-14,23,-1,INCLUDED_OPEN
-14,23,0,INCLUDED_OPEN
-14,23,1,INCLUDED_OPEN
-14,23,2,constrained-misc
-14,23,3,INCLUDED_OPEN
-14,23,4,INCLUDED_OPEN
-14,23,5,INCLUDED_OPEN
-14,23,6,INCLUDED_OPEN
-14,23,7,INCLUDED_OPEN
-14,24,-2,constrained-misc
-14,24,-1,INCLUDED_OPEN
-14,24,0,INCLUDED_OPEN
-14,24,1,INCLUDED_OPEN
-14,24,2,INCLUDED_OPEN
-14,24,3,INCLUDED_OPEN
-14,24,4,INCLUDED_OPEN
-14,24,5,INCLUDED_OPEN
-14,24,6,INCLUDED_OPEN
-14,24,7,INCLUDED_OPEN
-14,25,3,INCLUDED_OPEN
-14,25,4,INCLUDED_OPEN
-14,25,5,INCLUDED_OPEN
-14,25,6,INCLUDED_OPEN
-14,25,7,INCLUDED_OPEN
-14,26,3,INCLUDED_OPEN
-14,26,4,INCLUDED_OPEN
-14,26,5,INCLUDED_OPEN
-14,26,6,INCLUDED_OPEN
-14,26,7,INCLUDED_OPEN
-14,27,3,INCLUDED_OPEN
-14,27,4,INCLUDED_OPEN
-14,27,5,INCLUDED_OPEN
-14,27,6,INCLUDED_OPEN
-14,27,7,INCLUDED_LOWDATA
-13,-24,-2,INCLUDED_OPEN
-13,-24,-1,INCLUDED_OPEN
-13,-24,0,INCLUDED_OPEN
-13,-24,1,INCLUDED_OPEN
-13,-24,2,INCLUDED_LOWDATA
-13,-23,-2,INCLUDED_OPEN
-13,-23,-1,INCLUDED_OPEN
-13,-23,0,INCLUDED_OPEN
-13,-23,1,INCLUDED_OPEN
-13,-23,2,INCLUDED_LOWDATA
-13,-22,-2,INCLUDED_OPEN
-13,-22,-1,INCLUDED_OPEN
-13,-22,0,INCLUDED_OPEN
-13,-22,1,INCLUDED_OPEN
-13,-22,2,INCLUDED_LOWDATA
-13,-21,-2,INCLUDED_OPEN
-13,-21,-1,INCLUDED_OPEN
-13,-21,0,INCLUDED_OPEN
-13,-21,1,INCLUDED_OPEN
-13,-20,-1,INCLUDED_LOWDATA
-13,-18,-1,INCLUDED_LOWDATA
-13,6,-2,constrained-misc
-13,6,-1,INCLUDED_OPEN
-13,6,0,INCLUDED_OPEN
-13,6,1,INCLUDED_OPEN
-13,6,2,INCLUDED_OPEN
-13,6,3,INCLUDED_OPEN
-13,6,4,INCLUDED_OPEN
-13,6,5,INCLUDED_OPEN
-13,6,6,INCLUDED_OPEN
-13,6,7,INCLUDED_LOWDATA
-13,7,-2,INCLUDED_OPEN
-13,7,-1,INCLUDED_OPEN
-13,7,0,INCLUDED_OPEN
-13,7,1,INCLUDED_OPEN
-13,7,2,INCLUDED_OPEN
-13,7,3,INCLUDED_OPEN
-13,7,4,INCLUDED_OPEN
-13,7,5,INCLUDED_OPEN
-13,7,6,INCLUDED_OPEN
-13,7,7,INCLUDED_OPEN
-13,8,-2,INCLUDED_OPEN
-13,8,-1,constrained-misc
-13,8,0,INCLUDED_OPEN
-13,8,1,INCLUDED_OPEN
-13,8,2,constrained-misc
-13,8,3,INCLUDED_OPEN
-13,8,4,INCLUDED_OPEN
-13,8,5,INCLUDED_OPEN
-13,8,6,INCLUDED_OPEN
-13,8,7,INCLUDED_OPEN
-13,9,3,INCLUDED_OPEN
-13,9,4,INCLUDED_OPEN
-13,9,5,INCLUDED_OPEN
-13,9,6,INCLUDED_OPEN
-13,9,7,INCLUDED_OPEN
-13,10,3,INCLUDED_OPEN
-13,10,4,INCLUDED_OPEN
-13,10,5,INCLUDED_OPEN
-13,10,6,INCLUDED_OPEN
-13,10,7,INCLUDED_OPEN
-13,11,-2,INCLUDED_OPEN
-13,11,-1,sng-3
-13,11,0,sng-3
-13,11,1,INCLUDED_OPEN
-13,11,2,sng-3
-13,11,3,INCLUDED_OPEN
-13,11,4,INCLUDED_OPEN
-13,11,5,INCLUDED_OPEN
-13,11,6,INCLUDED_OPEN
-13,11,7,INCLUDED_OPEN
-13,12,-2,INCLUDED_OPEN
-13,12,-1,INCLUDED_OPEN
-13,12,0,INCLUDED_OPEN
-13,12,1,sng-3
-13,12,2,sng-3
-13,12,3,INCLUDED_OPEN
-13,12,4,INCLUDED_OPEN
-13,12,5,INCLUDED_OPEN
-13,12,6,INCLUDED_OPEN
-13,12,7,INCLUDED_OPEN
-13,13,-2,INCLUDED_LOWDATA
-13,13,-1,INCLUDED_OPEN
-13,13,0,sng-3
-13,13,1,INCLUDED_OPEN
-13,13,2,sng-3
-13,13,3,INCLUDED_OPEN
-13,13,4,INCLUDED_OPEN
-13,13,5,INCLUDED_OPEN
-13,13,6,INCLUDED_OPEN
-13,13,7,INCLUDED_OPEN
-13,14,-2,sng-3
-13,14,-1,INCLUDED_OPEN
-13,14,0,sng-3
-13,14,1,sng-3
-13,14,2,sng-3
-13,14,3,INCLUDED_OPEN
-13,14,4,INCLUDED_OPEN
-13,14,5,INCLUDED_OPEN
-13,14,6,INCLUDED_OPEN
-13,14,7,INCLUDED_OPEN
-13,15,-2,INCLUDED_OPEN
-13,15,-1,INCLUDED_OPEN
-13,15,0,INCLUDED_LOWDATA
-13,15,3,INCLUDED_OPEN
-13,15,4,INCLUDED_OPEN
-13,15,5,INCLUDED_OPEN
-13,15,6,INCLUDED_OPEN
-13,15,7,INCLUDED_OPEN
-13,16,-2,INCLUDED_OPEN
-13,16,-1,INCLUDED_OPEN
-13,16,0,INCLUDED_LOWDATA
-13,16,3,INCLUDED_OPEN
-13,16,4,INCLUDED_OPEN
-13,16,5,INCLUDED_OPEN
-13,16,6,INCLUDED_OPEN
-13,16,7,INCLUDED_OPEN
-13,17,-2,INCLUDED_OPEN
-13,17,-1,INCLUDED_OPEN
-13,17,0,sng-3
-13,17,1,sng-3
-13,17,2,sng-3
-13,17,3,INCLUDED_OPEN
-13,17,4,INCLUDED_OPEN
-13,17,5,INCLUDED_OPEN
-13,17,6,INCLUDED_OPEN
-13,17,7,INCLUDED_OPEN
-13,18,-1,INCLUDED_OPEN
-13,18,0,INCLUDED_OPEN
-13,18,1,INCLUDED_OPEN
-13,18,2,INCLUDED_OPEN
-13,18,3,INCLUDED_OPEN
-13,18,4,INCLUDED_OPEN
-13,18,5,INCLUDED_OPEN
-13,18,6,INCLUDED_OPEN
-13,18,7,INCLUDED_OPEN
-13,19,-2,INCLUDED_OPEN
-13,19,-1,INCLUDED_OPEN
-13,19,0,INCLUDED_OPEN
-13,19,1,INCLUDED_OPEN
-13,19,2,INCLUDED_OPEN
-13,19,3,INCLUDED_OPEN
-13,19,4,INCLUDED_OPEN
-13,19,5,INCLUDED_OPEN
-13,19,6,INCLUDED_OPEN
-13,19,7,INCLUDED_OPEN
-13,20,-2,INCLUDED_OPEN
-13,20,-1,INCLUDED_OPEN
-13,20,0,INCLUDED_OPEN
-13,20,1,INCLUDED_OPEN
-13,20,2,sng-3
-13,20,3,sng-3
-13,20,4,INCLUDED_OPEN
-13,20,5,INCLUDED_OPEN
-13,20,6,INCLUDED_OPEN
-13,20,7,INCLUDED_OPEN
-13,21,-2,INCLUDED_OPEN
-13,21,-1,INCLUDED_OPEN
-13,21,0,INCLUDED_OPEN
-13,21,1,INCLUDED_LOWDATA
-13,21,5,INCLUDED_OPEN
-13,21,6,INCLUDED_OPEN
-13,21,7,INCLUDED_OPEN
-13,22,-2,INCLUDED_LOWDATA
-13,22,-1,INCLUDED_OPEN
-13,22,0,INCLUDED_OPEN
-13,22,1,INCLUDED_LOWDATA
-13,22,5,INCLUDED_OPEN
-13,22,6,INCLUDED_OPEN
-13,22,7,INCLUDED_OPEN
-13,23,-2,INCLUDED_OPEN
-13,23,-1,INCLUDED_OPEN
-13,23,0,INCLUDED_OPEN
-13,23,1,INCLUDED_OPEN
-13,23,2,INCLUDED_OPEN
-13,23,3,INCLUDED_OPEN
-13,23,4,INCLUDED_OPEN
-13,23,5,INCLUDED_OPEN
-13,23,6,INCLUDED_OPEN
-13,23,7,INCLUDED_OPEN
-13,24,-2,INCLUDED_OPEN
-13,24,-1,INCLUDED_OPEN
-13,24,0,INCLUDED_OPEN
-13,24,1,INCLUDED_OPEN
-13,24,2,INCLUDED_OPEN
-13,24,3,INCLUDED_OPEN
-13,24,4,INCLUDED_OPEN
-13,24,5,INCLUDED_OPEN
-13,24,6,INCLUDED_OPEN
-13,24,7,INCLUDED_OPEN
-13,25,3,INCLUDED_OPEN
-13,25,4,INCLUDED_OPEN
-13,25,5,INCLUDED_OPEN
-13,25,6,INCLUDED_OPEN
-13,25,7,INCLUDED_OPEN
-13,26,3,INCLUDED_OPEN
-13,26,4,INCLUDED_OPEN
-13,26,5,INCLUDED_OPEN
-13,26,6,INCLUDED_OPEN
-13,26,7,INCLUDED_OPEN
-13,27,3,INCLUDED_OPEN
-13,27,4,INCLUDED_OPEN
-13,27,5,INCLUDED_OPEN
-13,27,6,INCLUDED_OPEN
-13,27,7,INCLUDED_LOWDATA
-12,-28,-2,INCLUDED_OPEN
-12,-28,-1,ralow-ng-tunnel
-12,-28,0,ralow-ng-tunnel
-12,-28,1,ralow-ng-tunnel
-12,-28,2,ralow-ng-tunnel
-12,-28,3,ralow-ng-tunnel
-12,-28,4,INCLUDED_OPEN
-12,-28,5,INCLUDED_OPEN
-12,-28,6,INCLUDED_OPEN
-12,-28,7,INCLUDED_OPEN
-12,-28,8,INCLUDED_OPEN
-12,-28,9,INCLUDED_OPEN
-12,-28,10,INCLUDED_OPEN
-12,-28,11,INCLUDED_LOWDATA
-12,-27,-2,ralow-ng-tunnel
-12,-27,-1,INCLUDED_OPEN
-12,-27,0,INCLUDED_OPEN
-12,-27,1,INCLUDED_OPEN
-12,-27,2,INCLUDED_OPEN
-12,-27,3,INCLUDED_OPEN
-12,-27,4,INCLUDED_OPEN
-12,-27,5,INCLUDED_OPEN
-12,-27,6,INCLUDED_OPEN
-12,-27,7,INCLUDED_OPEN
-12,-27,8,INCLUDED_OPEN
-12,-27,9,INCLUDED_OPEN
-12,-27,10,INCLUDED_OPEN
-12,-27,11,INCLUDED_LOWDATA
-12,-26,-2,INCLUDED_OPEN
-12,-26,-1,ralow-ng-tunnel
-12,-26,0,INCLUDED_OPEN
-12,-26,1,INCLUDED_OPEN
-12,-26,2,INCLUDED_OPEN
-12,-26,3,INCLUDED_OPEN
-12,-26,4,INCLUDED_OPEN
-12,-26,5,INCLUDED_OPEN
-12,-26,6,INCLUDED_OPEN
-12,-26,7,INCLUDED_OPEN
-12,-26,8,INCLUDED_OPEN
-12,-26,9,INCLUDED_OPEN
-12,-26,10,INCLUDED_OPEN
-12,-26,11,INCLUDED_LOWDATA
-12,-25,-1,INCLUDED_OPEN
-12,-25,0,INCLUDED_LOWDATA
-12,-25,1,INCLUDED_LOWDATA
-12,-25,2,INCLUDED_LOWDATA
-12,-25,3,INCLUDED_OPEN
-12,-25,4,INCLUDED_OPEN
-12,-25,5,INCLUDED_OPEN
-12,-25,6,INCLUDED_OPEN
-12,-25,7,INCLUDED_OPEN
-12,-25,8,INCLUDED_OPEN
-12,-25,9,INCLUDED_OPEN
-12,-25,10,INCLUDED_OPEN
-12,-25,11,INCLUDED_LOWDATA
-12,-24,-1,INCLUDED_OPEN
-12,-24,0,INCLUDED_LOWDATA
-12,-24,1,INCLUDED_LOWDATA
-12,-24,3,INCLUDED_OPEN
-12,-24,4,INCLUDED_OPEN
-12,-24,5,INCLUDED_OPEN
-12,-24,6,INCLUDED_OPEN
-12,-24,7,INCLUDED_OPEN
-12,-24,8,INCLUDED_OPEN
-12,-24,9,INCLUDED_OPEN
-12,-24,10,INCLUDED_OPEN
-12,-24,11,INCLUDED_LOWDATA
-12,-23,-2,INCLUDED_OPEN
-12,-23,-1,INCLUDED_OPEN
-12,-23,0,INCLUDED_OPEN
-12,-23,1,INCLUDED_OPEN
-12,-23,2,INCLUDED_LOWDATA
-12,-23,3,INCLUDED_OPEN
-12,-23,4,INCLUDED_OPEN
-12,-23,5,INCLUDED_OPEN
-12,-23,6,INCLUDED_OPEN
-12,-23,7,INCLUDED_OPEN
-12,-23,8,INCLUDED_OPEN
-12,-23,9,INCLUDED_OPEN
-12,-23,10,INCLUDED_OPEN
-12,-23,11,INCLUDED_LOWDATA
-12,-22,-2,INCLUDED_OPEN
-12,-22,-1,INCLUDED_OPEN
-12,-22,0,INCLUDED_OPEN
-12,-22,1,INCLUDED_OPEN
-12,-22,3,INCLUDED_OPEN
-12,-22,4,INCLUDED_OPEN
-12,-22,5,INCLUDED_OPEN
-12,-22,6,INCLUDED_OPEN
-12,-22,7,INCLUDED_OPEN
-12,-22,8,INCLUDED_OPEN
-12,-22,9,INCLUDED_OPEN
-12,-22,10,INCLUDED_OPEN
-12,-21,-2,constrained-misc
-12,-21,-1,INCLUDED_OPEN
-12,-21,0,INCLUDED_OPEN
-12,-21,1,INCLUDED_OPEN
-12,-21,3,INCLUDED_OPEN
-12,-21,4,INCLUDED_OPEN
-12,-21,5,INCLUDED_OPEN
-12,-21,6,INCLUDED_OPEN
-12,-21,7,INCLUDED_OPEN
-12,-21,8,INCLUDED_OPEN
-12,-21,9,INCLUDED_OPEN
-12,-21,10,INCLUDED_OPEN
-12,-21,11,INCLUDED_LOWDATA
-12,-20,-1,INCLUDED_OPEN
-12,-20,0,INCLUDED_LOWDATA
-12,-20,3,constrained-misc
-12,-20,4,INCLUDED_OPEN
-12,-20,5,INCLUDED_OPEN
-12,-20,6,INCLUDED_OPEN
-12,-20,7,INCLUDED_OPEN
-12,-20,8,INCLUDED_OPEN
-12,-20,9,INCLUDED_OPEN
-12,-20,10,INCLUDED_OPEN
-12,-19,-2,INCLUDED_OPEN
-12,-19,-1,INCLUDED_OPEN
-12,-19,0,INCLUDED_OPEN
-12,-19,1,INCLUDED_OPEN
-12,-19,2,INCLUDED_OPEN
-12,-19,3,INCLUDED_OPEN
-12,-19,4,INCLUDED_OPEN
-12,-19,5,INCLUDED_OPEN
-12,-19,6,INCLUDED_OPEN
-12,-19,7,INCLUDED_OPEN
-12,-19,8,INCLUDED_OPEN
-12,-19,9,INCLUDED_OPEN
-12,-19,10,INCLUDED_OPEN
-12,-19,11,INCLUDED_LOWDATA
-12,-18,-2,INCLUDED_OPEN
-12,-18,-1,INCLUDED_OPEN
-12,-18,0,INCLUDED_OPEN
-12,-18,1,INCLUDED_OPEN
-12,-18,2,INCLUDED_OPEN
-12,-18,3,INCLUDED_OPEN
-12,-18,4,INCLUDED_OPEN
-12,-18,5,INCLUDED_OPEN
-12,-18,6,INCLUDED_OPEN
-12,-18,7,INCLUDED_OPEN
-12,-18,8,INCLUDED_OPEN
-12,-18,9,INCLUDED_OPEN
-12,-18,10,INCLUDED_OPEN
-12,-18,11,INCLUDED_LOWDATA
-12,-17,-2,constrained-misc
-12,-17,-1,INCLUDED_OPEN
-12,-17,0,INCLUDED_OPEN
-12,-17,1,INCLUDED_OPEN
-12,-17,2,INCLUDED_OPEN
-12,-17,3,INCLUDED_OPEN
-12,-17,4,INCLUDED_OPEN
-12,-17,5,INCLUDED_OPEN
-12,-17,6,INCLUDED_OPEN
-12,-17,7,INCLUDED_OPEN
-12,-17,8,INCLUDED_OPEN
-12,-17,9,INCLUDED_OPEN
-12,-17,10,INCLUDED_OPEN
-12,-17,11,INCLUDED_LOWDATA
-12,-16,-1,INCLUDED_LOWDATA
-12,-15,-1,INCLUDED_LOWDATA
-12,-14,-1,INCLUDED_LOWDATA
-12,-13,-1,INCLUDED_LOWDATA
-12,6,-2,constrained-misc
-12,6,-1,INCLUDED_OPEN
-12,6,0,INCLUDED_OPEN
-12,6,1,INCLUDED_OPEN
-12,6,2,INCLUDED_OPEN
-12,6,3,INCLUDED_OPEN
-12,6,4,INCLUDED_OPEN
-12,6,5,INCLUDED_OPEN
-12,6,6,INCLUDED_OPEN
-12,6,7,INCLUDED_LOWDATA
-12,7,-2,INCLUDED_LOWDATA
-12,7,-1,INCLUDED_OPEN
-12,7,0,INCLUDED_OPEN
-12,7,1,INCLUDED_OPEN
-12,7,2,constrained-misc
-12,7,3,INCLUDED_OPEN
-12,7,4,INCLUDED_OPEN
-12,7,5,INCLUDED_OPEN
-12,7,6,INCLUDED_OPEN
-12,7,7,INCLUDED_OPEN
-12,8,-2,constrained-misc
-12,8,-1,INCLUDED_OPEN
-12,8,0,INCLUDED_OPEN
-12,8,1,INCLUDED_OPEN
-12,8,2,constrained-misc
-12,8,3,INCLUDED_OPEN
-12,8,4,INCLUDED_OPEN
-12,8,5,INCLUDED_OPEN
-12,8,6,INCLUDED_OPEN
-12,8,7,INCLUDED_OPEN
-12,9,3,INCLUDED_OPEN
-12,9,4,INCLUDED_OPEN
-12,9,5,INCLUDED_OPEN
-12,9,6,INCLUDED_OPEN
-12,9,7,INCLUDED_OPEN
-12,10,3,sng-3
-12,10,4,INCLUDED_OPEN
-12,10,5,INCLUDED_OPEN
-12,10,6,INCLUDED_OPEN
-12,10,7,INCLUDED_OPEN
-12,11,5,INCLUDED_OPEN
-12,11,6,INCLUDED_OPEN
-12,11,7,INCLUDED_OPEN
-12,12,5,INCLUDED_OPEN
-12,12,6,INCLUDED_OPEN
-12,12,7,INCLUDED_OPEN
-12,13,5,INCLUDED_OPEN
-12,13,6,INCLUDED_OPEN
-12,13,7,INCLUDED_OPEN
-12,14,5,INCLUDED_OPEN
-12,14,6,INCLUDED_OPEN
-12,14,7,INCLUDED_OPEN
-12,15,-2,INCLUDED_LOWDATA
-12,15,-1,sng-3
-12,15,3,INCLUDED_OPEN
-12,15,4,INCLUDED_OPEN
-12,15,5,INCLUDED_OPEN
-12,15,6,INCLUDED_OPEN
-12,15,7,INCLUDED_OPEN
-12,16,-1,sng-3
-12,16,3,INCLUDED_OPEN
-12,16,4,INCLUDED_OPEN
-12,16,5,INCLUDED_OPEN
-12,16,6,INCLUDED_OPEN
-12,16,7,INCLUDED_OPEN
-12,17,5,INCLUDED_OPEN
-12,17,6,INCLUDED_OPEN
-12,17,7,INCLUDED_OPEN
-12,18,5,INCLUDED_OPEN
-12,18,6,INCLUDED_OPEN
-12,18,7,INCLUDED_OPEN
-12,19,-1,sng-3
-12,19,0,sng-3
-12,19,1,sng-3
-12,19,2,sng-3
-12,19,3,sng-3
-12,19,4,sng-3
-12,19,5,INCLUDED_OPEN
-12,19,6,INCLUDED_OPEN
-12,19,7,INCLUDED_OPEN
-12,20,-2,sng-3
-12,20,-1,sng-3
-12,20,0,sng-3
-12,20,1,sng-3
-12,20,2,sng-3
-12,20,3,sng-3
-12,20,4,INCLUDED_OPEN
-12,20,5,INCLUDED_OPEN
-12,20,6,INCLUDED_OPEN
-12,20,7,INCLUDED_OPEN
-12,21,5,INCLUDED_OPEN
-12,21,6,INCLUDED_OPEN
-12,21,7,INCLUDED_OPEN
-12,22,5,INCLUDED_OPEN
-12,22,6,INCLUDED_OPEN
-12,22,7,INCLUDED_OPEN
-12,23,-2,INCLUDED_LOWDATA
-12,23,-1,INCLUDED_OPEN
-12,23,0,INCLUDED_OPEN
-12,23,1,INCLUDED_OPEN
-12,23,2,INCLUDED_OPEN
-12,23,3,INCLUDED_OPEN
-12,23,4,INCLUDED_OPEN
-12,23,5,INCLUDED_OPEN
-12,23,6,INCLUDED_OPEN
-12,23,7,INCLUDED_OPEN
-12,24,-2,INCLUDED_OPEN
-12,24,-1,INCLUDED_OPEN
-12,24,0,INCLUDED_OPEN
-12,24,1,INCLUDED_OPEN
-12,24,2,INCLUDED_OPEN
-12,24,3,INCLUDED_OPEN
-12,24,4,INCLUDED_OPEN
-12,24,5,INCLUDED_OPEN
-12,24,6,INCLUDED_OPEN
-12,24,7,INCLUDED_OPEN
-12,25,3,INCLUDED_OPEN
-12,25,4,INCLUDED_OPEN
-12,25,5,INCLUDED_OPEN
-12,25,6,INCLUDED_OPEN
-12,25,7,INCLUDED_OPEN
-12,26,2,INCLUDED_LOWDATA
-12,26,3,INCLUDED_OPEN
-12,26,4,INCLUDED_OPEN
-12,26,5,INCLUDED_OPEN
-12,26,6,INCLUDED_OPEN
-12,26,7,INCLUDED_OPEN
-12,27,3,INCLUDED_OPEN
-12,27,4,INCLUDED_OPEN
-12,27,5,INCLUDED_OPEN
-12,27,6,INCLUDED_OPEN
-12,27,7,INCLUDED_LOWDATA
-11,-28,-2,INCLUDED_OPEN
-11,-28,-1,ralow-ng-tunnel
-11,-28,0,INCLUDED_OPEN
-11,-28,1,INCLUDED_OPEN
-11,-28,2,INCLUDED_OPEN
-11,-28,3,INCLUDED_OPEN
-11,-28,4,INCLUDED_OPEN
-11,-28,5,INCLUDED_OPEN
-11,-28,6,INCLUDED_OPEN
-11,-28,7,INCLUDED_OPEN
-11,-28,8,INCLUDED_OPEN
-11,-28,9,INCLUDED_OPEN
-11,-28,10,INCLUDED_OPEN
-11,-28,11,INCLUDED_OPEN
-11,-28,12,INCLUDED_LOWDATA
-11,-27,-2,ralow-ng-tunnel
-11,-27,-1,INCLUDED_OPEN
-11,-27,0,INCLUDED_OPEN
-11,-27,1,INCLUDED_OPEN
-11,-27,2,INCLUDED_OPEN
-11,-27,3,INCLUDED_OPEN
-11,-27,4,INCLUDED_OPEN
-11,-27,5,INCLUDED_OPEN
-11,-27,6,INCLUDED_OPEN
-11,-27,7,INCLUDED_OPEN
-11,-27,8,INCLUDED_OPEN
-11,-27,9,INCLUDED_OPEN
-11,-27,10,INCLUDED_OPEN
-11,-27,11,INCLUDED_OPEN
-11,-27,12,INCLUDED_LOWDATA
-11,-26,-2,INCLUDED_LOWDATA
-11,-26,-1,INCLUDED_OPEN
-11,-26,0,INCLUDED_OPEN
-11,-26,1,INCLUDED_OPEN
-11,-26,2,INCLUDED_OPEN
-11,-26,3,INCLUDED_OPEN
-11,-26,4,INCLUDED_OPEN
-11,-26,5,INCLUDED_OPEN
-11,-26,6,INCLUDED_OPEN
-11,-26,7,INCLUDED_OPEN
-11,-26,8,INCLUDED_OPEN
-11,-26,9,INCLUDED_OPEN
-11,-26,10,INCLUDED_OPEN
-11,-26,11,INCLUDED_OPEN
-11,-26,12,INCLUDED_OPEN
-11,-25,-2,INCLUDED_OPEN
-11,-25,-1,INCLUDED_OPEN
-11,-25,0,INCLUDED_OPEN
-11,-25,1,INCLUDED_OPEN
-11,-25,2,INCLUDED_OPEN
-11,-25,3,INCLUDED_OPEN
-11,-25,4,INCLUDED_OPEN
-11,-25,5,INCLUDED_OPEN
-11,-25,6,INCLUDED_OPEN
-11,-25,7,INCLUDED_OPEN
-11,-25,8,INCLUDED_OPEN
-11,-25,9,INCLUDED_OPEN
-11,-25,10,INCLUDED_OPEN
-11,-25,11,INCLUDED_OPEN
-11,-25,12,INCLUDED_OPEN
-11,-24,-2,INCLUDED_OPEN
-11,-24,-1,INCLUDED_OPEN
-11,-24,0,INCLUDED_OPEN
-11,-24,1,INCLUDED_OPEN
-11,-24,2,INCLUDED_OPEN
-11,-24,3,INCLUDED_OPEN
-11,-24,4,INCLUDED_OPEN
-11,-24,5,INCLUDED_OPEN
-11,-24,6,INCLUDED_OPEN
-11,-24,7,INCLUDED_OPEN
-11,-24,8,INCLUDED_OPEN
-11,-24,9,INCLUDED_OPEN
-11,-24,10,INCLUDED_OPEN
-11,-24,11,INCLUDED_OPEN
-11,-24,12,INCLUDED_LOWDATA
-11,-23,-2,INCLUDED_OPEN
-11,-23,-1,INCLUDED_OPEN
-11,-23,0,INCLUDED_OPEN
-11,-23,1,INCLUDED_OPEN
-11,-23,2,INCLUDED_OPEN
-11,-23,3,INCLUDED_OPEN
-11,-23,4,INCLUDED_OPEN
-11,-23,5,INCLUDED_OPEN
-11,-23,6,INCLUDED_OPEN
-11,-23,7,INCLUDED_OPEN
-11,-23,8,INCLUDED_OPEN
-11,-23,9,INCLUDED_OPEN
-11,-23,10,INCLUDED_OPEN
-11,-23,11,INCLUDED_OPEN
-11,-23,12,INCLUDED_LOWDATA
-11,-22,-2,INCLUDED_OPEN
-11,-22,-1,INCLUDED_OPEN
-11,-22,0,INCLUDED_OPEN
-11,-22,1,INCLUDED_OPEN
-11,-22,2,INCLUDED_OPEN
-11,-22,3,INCLUDED_OPEN
-11,-22,4,INCLUDED_OPEN
-11,-22,5,INCLUDED_OPEN
-11,-22,6,INCLUDED_OPEN
-11,-22,7,INCLUDED_OPEN
-11,-22,8,INCLUDED_OPEN
-11,-22,9,INCLUDED_OPEN
-11,-22,10,INCLUDED_OPEN
-11,-22,11,INCLUDED_OPEN
-11,-22,12,INCLUDED_OPEN
-11,-21,-2,INCLUDED_OPEN
-11,-21,-1,INCLUDED_OPEN
-11,-21,0,INCLUDED_OPEN
-11,-21,1,INCLUDED_OPEN
-11,-21,2,INCLUDED_OPEN
-11,-21,3,INCLUDED_OPEN
-11,-21,4,INCLUDED_OPEN
-11,-21,5,INCLUDED_OPEN
-11,-21,6,INCLUDED_OPEN
-11,-21,7,INCLUDED_OPEN
-11,-21,8,INCLUDED_OPEN
-11,-21,9,INCLUDED_OPEN
-11,-21,10,INCLUDED_OPEN
-11,-21,11,INCLUDED_OPEN
-11,-21,12,INCLUDED_LOWDATA
-11,-20,-2,INCLUDED_OPEN
-11,-20,-1,INCLUDED_OPEN
-11,-20,0,INCLUDED_OPEN
-11,-20,1,INCLUDED_OPEN
-11,-20,2,INCLUDED_OPEN
-11,-20,3,INCLUDED_OPEN
-11,-20,4,INCLUDED_OPEN
-11,-20,5,INCLUDED_OPEN
-11,-20,6,INCLUDED_OPEN
-11,-20,7,INCLUDED_OPEN
-11,-20,8,INCLUDED_OPEN
-11,-20,9,INCLUDED_OPEN
-11,-20,10,INCLUDED_OPEN
-11,-20,11,INCLUDED_OPEN
-11,-20,12,INCLUDED_LOWDATA
-11,-19,-2,INCLUDED_OPEN
-11,-19,-1,INCLUDED_OPEN
-11,-19,0,INCLUDED_OPEN
-11,-19,1,INCLUDED_OPEN
-11,-19,2,INCLUDED_OPEN
-11,-19,3,INCLUDED_OPEN
-11,-19,4,INCLUDED_OPEN
-11,-19,5,INCLUDED_OPEN
-11,-19,6,INCLUDED_OPEN
-11,-19,7,INCLUDED_OPEN
-11,-19,8,INCLUDED_OPEN
-11,-19,9,INCLUDED_OPEN
-11,-19,10,INCLUDED_OPEN
-11,-19,11,INCLUDED_OPEN
-11,-19,12,INCLUDED_LOWDATA
-11,-18,-2,INCLUDED_OPEN
-11,-18,-1,INCLUDED_OPEN
-11,-18,0,INCLUDED_OPEN
-11,-18,1,INCLUDED_OPEN
-11,-18,2,INCLUDED_OPEN
-11,-18,3,INCLUDED_OPEN
-11,-18,4,INCLUDED_OPEN
-11,-18,5,INCLUDED_OPEN
-11,-18,6,INCLUDED_OPEN
-11,-18,7,INCLUDED_OPEN
-11,-18,8,INCLUDED_OPEN
-11,-18,9,INCLUDED_OPEN
-11,-18,10,INCLUDED_OPEN
-11,-18,11,INCLUDED_OPEN
-11,-18,12,INCLUDED_OPEN
-11,-17,-2,INCLUDED_OPEN
-11,-17,-1,INCLUDED_OPEN
-11,-17,0,INCLUDED_OPEN
-11,-17,1,INCLUDED_OPEN
-11,-17,2,INCLUDED_OPEN
-11,-17,3,INCLUDED_OPEN
-11,-17,4,INCLUDED_OPEN
-11,-17,5,INCLUDED_OPEN
-11,-17,6,INCLUDED_OPEN
-11,-17,7,INCLUDED_OPEN
-11,-17,8,INCLUDED_OPEN
-11,-17,9,INCLUDED_OPEN
-11,-17,10,INCLUDED_OPEN
-11,-17,11,INCLUDED_OPEN
-11,-13,-1,INCLUDED_LOWDATA
-11,-12,-1,INCLUDED_LOWDATA
-11,-12,0,INCLUDED_LOWDATA
-11,-11,-1,INCLUDED_LOWDATA
-11,6,-2,INCLUDED_OPEN
-11,6,-1,INCLUDED_OPEN
-11,6,0,INCLUDED_OPEN
-11,6,1,INCLUDED_OPEN
-11,6,2,INCLUDED_OPEN
-11,6,3,INCLUDED_OPEN
-11,6,4,INCLUDED_OPEN
-11,6,5,INCLUDED_OPEN
-11,6,6,INCLUDED_OPEN
-11,6,7,INCLUDED_LOWDATA
-11,7,-2,INCLUDED_LOWDATA
-11,7,-1,INCLUDED_OPEN
-11,7,0,INCLUDED_OPEN
-11,7,1,INCLUDED_OPEN
-11,7,2,INCLUDED_OPEN
-11,7,3,INCLUDED_OPEN
-11,7,4,INCLUDED_OPEN
-11,7,5,INCLUDED_OPEN
-11,7,6,INCLUDED_OPEN
-11,7,7,INCLUDED_OPEN
-11,8,-1,INCLUDED_OPEN
-11,8,0,INCLUDED_OPEN
-11,8,1,INCLUDED_OPEN
-11,8,2,INCLUDED_OPEN
-11,8,3,INCLUDED_OPEN
-11,8,4,INCLUDED_OPEN
-11,8,5,INCLUDED_OPEN
-11,8,6,INCLUDED_OPEN
-11,8,7,INCLUDED_OPEN
-11,9,3,INCLUDED_OPEN
-11,9,4,INCLUDED_OPEN
-11,9,5,INCLUDED_OPEN
-11,9,6,INCLUDED_OPEN
-11,9,7,INCLUDED_OPEN
-11,10,3,INCLUDED_OPEN
-11,10,4,INCLUDED_OPEN
-11,10,5,INCLUDED_OPEN
-11,10,6,INCLUDED_OPEN
-11,10,7,INCLUDED_OPEN
-11,11,5,INCLUDED_OPEN
-11,11,6,INCLUDED_OPEN
-11,11,7,INCLUDED_OPEN
-11,12,5,INCLUDED_OPEN
-11,12,6,INCLUDED_OPEN
-11,12,7,INCLUDED_OPEN
-11,13,5,INCLUDED_OPEN
-11,13,6,INCLUDED_OPEN
-11,13,7,INCLUDED_OPEN
-11,14,5,INCLUDED_OPEN
-11,14,6,INCLUDED_OPEN
-11,14,7,INCLUDED_OPEN
-11,15,3,INCLUDED_OPEN
-11,15,4,INCLUDED_OPEN
-11,15,5,INCLUDED_OPEN
-11,15,6,INCLUDED_OPEN
-11,15,7,INCLUDED_OPEN
-11,16,3,INCLUDED_OPEN
-11,16,4,INCLUDED_OPEN
-11,16,5,INCLUDED_OPEN
-11,16,6,INCLUDED_OPEN
-11,16,7,INCLUDED_OPEN
-11,17,5,INCLUDED_OPEN
-11,17,6,INCLUDED_OPEN
-11,17,7,INCLUDED_OPEN
-11,18,5,INCLUDED_OPEN
-11,18,6,INCLUDED_OPEN
-11,18,7,INCLUDED_OPEN
-11,19,5,INCLUDED_OPEN
-11,19,6,INCLUDED_OPEN
-11,19,7,INCLUDED_OPEN
-11,20,5,INCLUDED_OPEN
-11,20,6,INCLUDED_OPEN
-11,20,7,INCLUDED_OPEN
-11,21,5,INCLUDED_OPEN
-11,21,6,INCLUDED_OPEN
-11,21,7,INCLUDED_OPEN
-11,22,-1,INCLUDED_LOWDATA
-11,22,5,INCLUDED_OPEN
-11,22,6,INCLUDED_OPEN
-11,22,7,INCLUDED_OPEN
-11,23,-2,INCLUDED_OPEN
-11,23,-1,INCLUDED_OPEN
-11,23,0,INCLUDED_OPEN
-11,23,1,INCLUDED_OPEN
-11,23,2,INCLUDED_OPEN
-11,23,3,INCLUDED_OPEN
-11,23,4,INCLUDED_OPEN
-11,23,5,INCLUDED_OPEN
-11,23,6,INCLUDED_OPEN
-11,23,7,INCLUDED_OPEN
-11,24,-2,INCLUDED_OPEN
-11,24,-1,INCLUDED_OPEN
-11,24,0,INCLUDED_OPEN
-11,24,1,INCLUDED_OPEN
-11,24,2,INCLUDED_OPEN
-11,24,3,INCLUDED_OPEN
-11,24,4,INCLUDED_OPEN
-11,24,5,INCLUDED_OPEN
-11,24,6,INCLUDED_OPEN
-11,24,7,INCLUDED_OPEN
-11,25,3,INCLUDED_OPEN
-11,25,4,INCLUDED_OPEN
-11,25,5,INCLUDED_OPEN
-11,25,6,INCLUDED_OPEN
-11,25,7,INCLUDED_OPEN
-11,26,2,INCLUDED_LOWDATA
-11,26,3,INCLUDED_OPEN
-11,26,4,INCLUDED_OPEN
-11,26,5,INCLUDED_OPEN
-11,26,6,INCLUDED_OPEN
-11,26,7,INCLUDED_OPEN
-11,27,2,INCLUDED_LOWDATA
-11,27,3,INCLUDED_OPEN
-11,27,4,INCLUDED_OPEN
-11,27,5,INCLUDED_OPEN
-11,27,6,INCLUDED_OPEN
-11,27,7,INCLUDED_LOWDATA
-10,-28,-2,INCLUDED_OPEN
-10,-28,-1,INCLUDED_OPEN
-10,-28,0,INCLUDED_OPEN
-10,-28,1,INCLUDED_OPEN
-10,-28,2,constrained-misc
-10,-28,3,INCLUDED_OPEN
-10,-28,4,INCLUDED_OPEN
-10,-28,5,INCLUDED_OPEN
-10,-28,6,INCLUDED_OPEN
-10,-28,7,INCLUDED_OPEN
-10,-28,8,INCLUDED_OPEN
-10,-28,9,INCLUDED_OPEN
-10,-28,10,INCLUDED_OPEN
-10,-28,11,INCLUDED_OPEN
-10,-27,-2,INCLUDED_LOWDATA
-10,-27,-1,INCLUDED_OPEN
-10,-27,0,INCLUDED_OPEN
-10,-27,1,INCLUDED_OPEN
-10,-27,2,INCLUDED_OPEN
-10,-27,3,INCLUDED_OPEN
-10,-27,4,INCLUDED_OPEN
-10,-27,5,INCLUDED_OPEN
-10,-27,6,INCLUDED_OPEN
-10,-27,7,INCLUDED_OPEN
-10,-27,8,INCLUDED_OPEN
-10,-27,9,INCLUDED_OPEN
-10,-27,10,INCLUDED_OPEN
-10,-27,11,INCLUDED_OPEN
-10,-27,12,INCLUDED_OPEN
-10,-27,13,INCLUDED_LOWDATA
-10,-26,-2,INCLUDED_OPEN
-10,-26,-1,INCLUDED_OPEN
-10,-26,0,INCLUDED_OPEN
-10,-26,1,INCLUDED_OPEN
-10,-26,2,INCLUDED_OPEN
-10,-26,3,INCLUDED_OPEN
-10,-26,4,INCLUDED_OPEN
-10,-26,5,INCLUDED_OPEN
-10,-26,6,INCLUDED_OPEN
-10,-26,7,INCLUDED_OPEN
-10,-26,8,INCLUDED_OPEN
-10,-26,9,INCLUDED_OPEN
-10,-26,10,INCLUDED_OPEN
-10,-26,11,INCLUDED_OPEN
-10,-26,12,INCLUDED_OPEN
-10,-26,13,INCLUDED_LOWDATA
-10,-25,-2,INCLUDED_OPEN
-10,-25,-1,INCLUDED_OPEN
-10,-25,0,INCLUDED_OPEN
-10,-25,1,INCLUDED_OPEN
-10,-25,2,INCLUDED_OPEN
-10,-25,3,INCLUDED_OPEN
-10,-25,4,INCLUDED_OPEN
-10,-25,5,INCLUDED_OPEN
-10,-25,6,INCLUDED_OPEN
-10,-25,7,INCLUDED_OPEN
-10,-25,8,INCLUDED_OPEN
-10,-25,9,INCLUDED_OPEN
-10,-25,10,INCLUDED_OPEN
-10,-25,11,INCLUDED_OPEN
-10,-25,12,INCLUDED_OPEN
-10,-25,13,INCLUDED_LOWDATA
-10,-24,-2,INCLUDED_OPEN
-10,-24,-1,INCLUDED_OPEN
-10,-24,0,INCLUDED_OPEN
-10,-24,1,INCLUDED_OPEN
-10,-24,2,INCLUDED_OPEN
-10,-24,3,INCLUDED_OPEN
-10,-24,4,INCLUDED_OPEN
-10,-24,5,INCLUDED_OPEN
-10,-24,6,INCLUDED_OPEN
-10,-24,7,INCLUDED_OPEN
-10,-24,8,INCLUDED_OPEN
-10,-24,9,INCLUDED_OPEN
-10,-24,10,INCLUDED_OPEN
-10,-24,11,INCLUDED_OPEN
-10,-24,12,INCLUDED_OPEN
-10,-24,13,INCLUDED_LOWDATA
-10,-23,-2,INCLUDED_OPEN
-10,-23,-1,INCLUDED_OPEN
-10,-23,0,INCLUDED_OPEN
-10,-23,1,INCLUDED_OPEN
-10,-23,2,INCLUDED_OPEN
-10,-23,3,INCLUDED_OPEN
-10,-23,4,INCLUDED_OPEN
-10,-23,5,INCLUDED_OPEN
-10,-23,6,INCLUDED_OPEN
-10,-23,7,INCLUDED_OPEN
-10,-23,8,INCLUDED_OPEN
-10,-23,9,INCLUDED_OPEN
-10,-23,10,INCLUDED_OPEN
-10,-23,11,INCLUDED_OPEN
-10,-23,12,INCLUDED_OPEN
-10,-23,13,INCLUDED_LOWDATA
-10,-22,-2,INCLUDED_OPEN
-10,-22,-1,INCLUDED_OPEN
-10,-22,0,INCLUDED_OPEN
-10,-22,1,INCLUDED_OPEN
-10,-22,2,INCLUDED_OPEN
-10,-22,3,INCLUDED_OPEN
-10,-22,4,INCLUDED_OPEN
-10,-22,5,INCLUDED_OPEN
-10,-22,6,INCLUDED_OPEN
-10,-22,7,INCLUDED_OPEN
-10,-22,8,INCLUDED_OPEN
-10,-22,9,INCLUDED_OPEN
-10,-22,10,INCLUDED_OPEN
-10,-22,11,INCLUDED_OPEN
-10,-22,12,INCLUDED_OPEN
-10,-22,13,INCLUDED_LOWDATA
-10,-21,-2,INCLUDED_OPEN
-10,-21,-1,INCLUDED_OPEN
-10,-21,0,INCLUDED_OPEN
-10,-21,1,INCLUDED_OPEN
-10,-21,2,INCLUDED_OPEN
-10,-21,3,INCLUDED_OPEN
-10,-21,4,INCLUDED_OPEN
-10,-21,5,INCLUDED_OPEN
-10,-21,6,INCLUDED_OPEN
-10,-21,7,INCLUDED_OPEN
-10,-21,8,INCLUDED_OPEN
-10,-21,9,INCLUDED_OPEN
-10,-21,10,INCLUDED_OPEN
-10,-21,11,INCLUDED_OPEN
-10,-21,12,INCLUDED_OPEN
-10,-21,13,INCLUDED_LOWDATA
-10,-20,-2,INCLUDED_OPEN
-10,-20,-1,INCLUDED_OPEN
-10,-20,0,INCLUDED_OPEN
-10,-20,1,INCLUDED_OPEN
-10,-20,2,INCLUDED_OPEN
-10,-20,3,INCLUDED_OPEN
-10,-20,4,INCLUDED_OPEN
-10,-20,5,INCLUDED_OPEN
-10,-20,6,INCLUDED_OPEN
-10,-20,7,INCLUDED_OPEN
-10,-20,8,INCLUDED_OPEN
-10,-20,9,INCLUDED_OPEN
-10,-20,10,INCLUDED_OPEN
-10,-20,11,INCLUDED_OPEN
-10,-20,12,INCLUDED_LOWDATA
-10,-20,13,INCLUDED_LOWDATA
-10,-19,-2,INCLUDED_OPEN
-10,-19,-1,INCLUDED_OPEN
-10,-19,0,INCLUDED_OPEN
-10,-19,1,INCLUDED_OPEN
-10,-19,2,INCLUDED_OPEN
-10,-19,3,INCLUDED_OPEN
-10,-19,4,INCLUDED_OPEN
-10,-19,5,INCLUDED_OPEN
-10,-19,6,INCLUDED_OPEN
-10,-19,7,INCLUDED_OPEN
-10,-19,8,INCLUDED_OPEN
-10,-19,9,INCLUDED_OPEN
-10,-19,10,INCLUDED_OPEN
-10,-19,11,INCLUDED_OPEN
-10,-19,12,INCLUDED_LOWDATA
-10,-19,13,INCLUDED_LOWDATA
-10,-18,-2,INCLUDED_OPEN
-10,-18,-1,INCLUDED_OPEN
-10,-18,0,INCLUDED_OPEN
-10,-18,1,INCLUDED_OPEN
-10,-18,2,INCLUDED_OPEN
-10,-18,3,INCLUDED_OPEN
-10,-18,4,INCLUDED_OPEN
-10,-18,5,INCLUDED_OPEN
-10,-18,6,INCLUDED_OPEN
-10,-18,7,INCLUDED_OPEN
-10,-18,8,INCLUDED_OPEN
-10,-18,9,INCLUDED_OPEN
-10,-18,10,INCLUDED_OPEN
-10,-18,11,INCLUDED_OPEN
-10,-18,12,INCLUDED_OPEN
-10,-18,13,INCLUDED_LOWDATA
-10,-17,-2,INCLUDED_OPEN
-10,-17,-1,INCLUDED_OPEN
-10,-17,0,INCLUDED_OPEN
-10,-17,1,INCLUDED_OPEN
-10,-17,2,INCLUDED_OPEN
-10,-17,3,INCLUDED_OPEN
-10,-17,4,INCLUDED_OPEN
-10,-17,5,INCLUDED_OPEN
-10,-17,6,INCLUDED_OPEN
-10,-17,7,INCLUDED_OPEN
-10,-17,8,INCLUDED_OPEN
-10,-17,9,INCLUDED_OPEN
-10,-17,10,INCLUDED_OPEN
-10,-17,11,INCLUDED_OPEN
-10,-11,-1,INCLUDED_LOWDATA
-10,6,-2,INCLUDED_OPEN
-10,6,-1,INCLUDED_OPEN
-10,6,0,INCLUDED_OPEN
-10,6,1,INCLUDED_OPEN
-10,6,2,INCLUDED_OPEN
-10,6,3,INCLUDED_OPEN
-10,6,4,INCLUDED_OPEN
-10,6,5,INCLUDED_OPEN
-10,6,6,INCLUDED_OPEN
-10,7,-2,INCLUDED_OPEN
-10,7,-1,INCLUDED_OPEN
-10,7,0,INCLUDED_OPEN
-10,7,1,INCLUDED_OPEN
-10,7,2,INCLUDED_OPEN
-10,7,3,INCLUDED_OPEN
-10,7,4,INCLUDED_OPEN
-10,7,5,INCLUDED_OPEN
-10,7,6,INCLUDED_OPEN
-10,7,7,INCLUDED_OPEN
-10,8,-2,INCLUDED_OPEN
-10,8,-1,INCLUDED_OPEN
-10,8,0,INCLUDED_OPEN
-10,8,1,INCLUDED_OPEN
-10,8,2,INCLUDED_OPEN
-10,8,3,INCLUDED_OPEN
-10,8,4,INCLUDED_OPEN
-10,8,5,INCLUDED_OPEN
-10,8,6,INCLUDED_OPEN
-10,8,7,INCLUDED_OPEN
-10,9,3,INCLUDED_OPEN
-10,9,4,INCLUDED_OPEN
-10,9,5,INCLUDED_OPEN
-10,9,6,INCLUDED_OPEN
-10,9,7,INCLUDED_OPEN
-10,10,3,INCLUDED_OPEN
-10,10,4,INCLUDED_OPEN
-10,10,5,INCLUDED_OPEN
-10,10,6,INCLUDED_OPEN
-10,10,7,INCLUDED_OPEN
-10,11,-2,constrained-misc
-10,11,-1,INCLUDED_OPEN
-10,11,0,INCLUDED_OPEN
-10,11,1,INCLUDED_OPEN
-10,11,2,INCLUDED_OPEN
-10,11,3,INCLUDED_OPEN
-10,11,4,INCLUDED_OPEN
-10,11,5,INCLUDED_OPEN
-10,11,6,INCLUDED_OPEN
-10,11,7,INCLUDED_OPEN
-10,12,-1,INCLUDED_OPEN
-10,12,0,INCLUDED_OPEN
-10,12,1,INCLUDED_OPEN
-10,12,2,INCLUDED_OPEN
-10,12,3,INCLUDED_OPEN
-10,12,4,INCLUDED_OPEN
-10,12,5,INCLUDED_OPEN
-10,12,6,INCLUDED_OPEN
-10,12,7,INCLUDED_OPEN
-10,13,-2,INCLUDED_LOWDATA
-10,13,-1,INCLUDED_OPEN
-10,13,0,INCLUDED_OPEN
-10,13,1,INCLUDED_OPEN
-10,13,2,INCLUDED_OPEN
-10,13,3,INCLUDED_OPEN
-10,13,4,INCLUDED_OPEN
-10,13,5,INCLUDED_OPEN
-10,13,6,INCLUDED_OPEN
-10,13,7,INCLUDED_OPEN
-10,14,-2,constrained-misc
-10,14,-1,INCLUDED_OPEN
-10,14,0,INCLUDED_OPEN
-10,14,1,INCLUDED_OPEN
-10,14,2,INCLUDED_OPEN
-10,14,3,INCLUDED_OPEN
-10,14,4,INCLUDED_OPEN
-10,14,5,INCLUDED_OPEN
-10,14,6,INCLUDED_OPEN
-10,14,7,INCLUDED_OPEN
-10,15,-1,INCLUDED_LOWDATA
-10,15,3,INCLUDED_OPEN
-10,15,4,INCLUDED_OPEN
-10,15,5,INCLUDED_OPEN
-10,15,6,INCLUDED_OPEN
-10,15,7,INCLUDED_OPEN
-10,16,3,INCLUDED_OPEN
-10,16,4,INCLUDED_OPEN
-10,16,5,INCLUDED_OPEN
-10,16,6,INCLUDED_OPEN
-10,16,7,INCLUDED_OPEN
-10,17,-2,constrained-misc
-10,17,-1,INCLUDED_OPEN
-10,17,0,INCLUDED_OPEN
-10,17,1,INCLUDED_OPEN
-10,17,2,INCLUDED_OPEN
-10,17,3,INCLUDED_OPEN
-10,17,4,INCLUDED_OPEN
-10,17,5,INCLUDED_OPEN
-10,17,6,INCLUDED_OPEN
-10,17,7,INCLUDED_OPEN
-10,18,-2,constrained-misc
-10,18,-1,INCLUDED_OPEN
-10,18,0,INCLUDED_OPEN
-10,18,1,INCLUDED_OPEN
-10,18,2,INCLUDED_OPEN
-10,18,3,INCLUDED_OPEN
-10,18,4,INCLUDED_OPEN
-10,18,5,INCLUDED_OPEN
-10,18,6,INCLUDED_OPEN
-10,18,7,INCLUDED_OPEN
-10,19,5,INCLUDED_OPEN
-10,19,6,INCLUDED_OPEN
-10,19,7,INCLUDED_OPEN
-10,20,-1,INCLUDED_LOWDATA
-10,20,5,INCLUDED_OPEN
-10,20,6,INCLUDED_OPEN
-10,20,7,INCLUDED_OPEN
-10,21,-2,constrained-misc
-10,21,-1,INCLUDED_OPEN
-10,21,0,INCLUDED_OPEN
-10,21,1,INCLUDED_OPEN
-10,21,2,INCLUDED_OPEN
-10,21,3,constrained-misc
-10,21,4,INCLUDED_OPEN
-10,21,5,INCLUDED_OPEN
-10,21,6,INCLUDED_OPEN
-10,21,7,INCLUDED_OPEN
-10,22,-2,INCLUDED_OPEN
-10,22,-1,INCLUDED_OPEN
-10,22,0,INCLUDED_OPEN
-10,22,1,INCLUDED_OPEN
-10,22,2,INCLUDED_OPEN
-10,22,3,INCLUDED_OPEN
-10,22,4,INCLUDED_OPEN
-10,22,5,INCLUDED_OPEN
-10,22,6,INCLUDED_OPEN
-10,22,7,INCLUDED_OPEN
-10,23,-2,INCLUDED_OPEN
-10,23,-1,INCLUDED_OPEN
-10,23,0,INCLUDED_OPEN
-10,23,1,INCLUDED_OPEN
-10,23,2,INCLUDED_OPEN
-10,23,3,INCLUDED_OPEN
-10,23,4,INCLUDED_OPEN
-10,23,5,INCLUDED_OPEN
-10,23,6,INCLUDED_OPEN
-10,23,7,INCLUDED_OPEN
-10,24,-2,INCLUDED_OPEN
-10,24,-1,INCLUDED_OPEN
-10,24,0,INCLUDED_OPEN
-10,24,1,INCLUDED_OPEN
-10,24,2,INCLUDED_OPEN
-10,24,3,INCLUDED_OPEN
-10,24,4,INCLUDED_OPEN
-10,24,5,INCLUDED_OPEN
-10,24,6,INCLUDED_OPEN
-10,24,7,INCLUDED_OPEN
-10,25,3,INCLUDED_OPEN
-10,25,4,INCLUDED_OPEN
-10,25,5,INCLUDED_OPEN
-10,25,6,INCLUDED_OPEN
-10,25,7,INCLUDED_OPEN
-10,26,3,INCLUDED_OPEN
-10,26,4,INCLUDED_OPEN
-10,26,5,INCLUDED_OPEN
-10,26,6,INCLUDED_OPEN
-10,26,7,INCLUDED_OPEN
-10,27,2,INCLUDED_LOWDATA
-10,27,3,INCLUDED_OPEN
-10,27,4,INCLUDED_OPEN
-10,27,5,INCLUDED_OPEN
-10,27,6,INCLUDED_OPEN
-10,27,7,INCLUDED_LOWDATA
-9,-28,-2,constrained-misc
-9,-28,-1,constrained-misc
-9,-28,0,INCLUDED_OPEN
-9,-28,1,INCLUDED_OPEN
-9,-28,2,INCLUDED_OPEN
-9,-28,3,INCLUDED_OPEN
-9,-28,4,INCLUDED_OPEN
-9,-28,5,INCLUDED_OPEN
-9,-28,6,INCLUDED_OPEN
-9,-28,7,INCLUDED_OPEN
-9,-28,8,INCLUDED_OPEN
-9,-28,9,INCLUDED_OPEN
-9,-28,10,INCLUDED_OPEN
-9,-28,11,INCLUDED_OPEN
-9,-28,12,INCLUDED_LOWDATA
-9,-27,-2,constrained-misc
-9,-27,-1,INCLUDED_OPEN
-9,-27,0,INCLUDED_OPEN
-9,-27,1,INCLUDED_OPEN
-9,-27,2,INCLUDED_OPEN
-9,-27,3,INCLUDED_OPEN
-9,-27,4,INCLUDED_OPEN
-9,-27,5,INCLUDED_OPEN
-9,-27,6,INCLUDED_OPEN
-9,-27,7,INCLUDED_OPEN
-9,-27,8,INCLUDED_OPEN
-9,-27,9,INCLUDED_OPEN
-9,-27,10,INCLUDED_OPEN
-9,-27,11,INCLUDED_OPEN
-9,-27,12,INCLUDED_OPEN
-9,-27,13,INCLUDED_LOWDATA
-9,-26,-2,INCLUDED_OPEN
-9,-26,-1,INCLUDED_OPEN
-9,-26,0,INCLUDED_OPEN
-9,-26,1,INCLUDED_OPEN
-9,-26,2,INCLUDED_OPEN
-9,-26,3,INCLUDED_OPEN
-9,-26,4,INCLUDED_OPEN
-9,-26,5,INCLUDED_OPEN
-9,-26,6,INCLUDED_OPEN
-9,-26,7,INCLUDED_OPEN
-9,-26,8,INCLUDED_OPEN
-9,-26,9,INCLUDED_OPEN
-9,-26,10,INCLUDED_OPEN
-9,-26,11,INCLUDED_OPEN
-9,-26,12,INCLUDED_LOWDATA
-9,-26,13,INCLUDED_OPEN
-9,-26,14,INCLUDED_LOWDATA
-9,-25,-2,INCLUDED_OPEN
-9,-25,-1,INCLUDED_OPEN
-9,-25,0,INCLUDED_OPEN
-9,-25,1,INCLUDED_OPEN
-9,-25,2,INCLUDED_OPEN
-9,-25,3,INCLUDED_OPEN
-9,-25,4,INCLUDED_OPEN
-9,-25,5,INCLUDED_OPEN
-9,-25,6,INCLUDED_OPEN
-9,-25,7,INCLUDED_OPEN
-9,-25,8,INCLUDED_OPEN
-9,-25,9,INCLUDED_OPEN
-9,-25,10,INCLUDED_OPEN
-9,-25,11,INCLUDED_OPEN
-9,-25,12,INCLUDED_LOWDATA
-9,-25,13,INCLUDED_LOWDATA
-9,-25,14,INCLUDED_OPEN
-9,-24,-2,INCLUDED_OPEN
-9,-24,-1,INCLUDED_OPEN
-9,-24,0,INCLUDED_OPEN
-9,-24,1,INCLUDED_OPEN
-9,-24,2,INCLUDED_OPEN
-9,-24,3,INCLUDED_OPEN
-9,-24,4,INCLUDED_OPEN
-9,-24,5,INCLUDED_OPEN
-9,-24,6,INCLUDED_OPEN
-9,-24,7,INCLUDED_OPEN
-9,-24,8,INCLUDED_OPEN
-9,-24,9,INCLUDED_OPEN
-9,-24,10,INCLUDED_OPEN
-9,-24,11,INCLUDED_OPEN
-9,-24,12,INCLUDED_LOWDATA
-9,-24,13,INCLUDED_LOWDATA
-9,-24,14,INCLUDED_OPEN
-9,-23,-2,INCLUDED_OPEN
-9,-23,-1,INCLUDED_OPEN
-9,-23,0,INCLUDED_OPEN
-9,-23,1,INCLUDED_OPEN
-9,-23,2,INCLUDED_OPEN
-9,-23,3,INCLUDED_OPEN
-9,-23,4,INCLUDED_OPEN
-9,-23,5,INCLUDED_OPEN
-9,-23,6,INCLUDED_OPEN
-9,-23,7,INCLUDED_OPEN
-9,-23,8,INCLUDED_OPEN
-9,-23,9,INCLUDED_OPEN
-9,-23,10,INCLUDED_OPEN
-9,-23,11,INCLUDED_OPEN
-9,-23,12,INCLUDED_OPEN
-9,-23,13,INCLUDED_LOWDATA
-9,-23,14,INCLUDED_LOWDATA
-9,-22,-2,INCLUDED_OPEN
-9,-22,-1,INCLUDED_OPEN
-9,-22,0,INCLUDED_OPEN
-9,-22,1,INCLUDED_OPEN
-9,-22,2,INCLUDED_OPEN
-9,-22,3,INCLUDED_OPEN
-9,-22,4,INCLUDED_OPEN
-9,-22,5,INCLUDED_OPEN
-9,-22,6,INCLUDED_OPEN
-9,-22,7,INCLUDED_OPEN
-9,-22,8,INCLUDED_OPEN
-9,-22,9,INCLUDED_OPEN
-9,-22,10,INCLUDED_OPEN
-9,-22,11,INCLUDED_OPEN
-9,-22,12,INCLUDED_OPEN
-9,-22,13,INCLUDED_OPEN
-9,-22,14,INCLUDED_LOWDATA
-9,-21,-2,INCLUDED_OPEN
-9,-21,-1,INCLUDED_OPEN
-9,-21,0,INCLUDED_OPEN
-9,-21,1,INCLUDED_OPEN
-9,-21,2,INCLUDED_OPEN
-9,-21,3,INCLUDED_OPEN
-9,-21,4,INCLUDED_OPEN
-9,-21,5,INCLUDED_OPEN
-9,-21,6,INCLUDED_OPEN
-9,-21,7,INCLUDED_OPEN
-9,-21,8,INCLUDED_OPEN
-9,-21,9,INCLUDED_OPEN
-9,-21,10,INCLUDED_OPEN
-9,-21,11,INCLUDED_OPEN
-9,-21,12,INCLUDED_LOWDATA
-9,-21,13,INCLUDED_LOWDATA
-9,-21,14,INCLUDED_LOWDATA
-9,-20,-2,INCLUDED_OPEN
-9,-20,-1,INCLUDED_OPEN
-9,-20,0,INCLUDED_OPEN
-9,-20,1,INCLUDED_OPEN
-9,-20,2,INCLUDED_OPEN
-9,-20,3,INCLUDED_OPEN
-9,-20,4,INCLUDED_OPEN
-9,-20,5,INCLUDED_OPEN
-9,-20,6,INCLUDED_OPEN
-9,-20,7,INCLUDED_OPEN
-9,-20,8,INCLUDED_OPEN
-9,-20,9,INCLUDED_OPEN
-9,-20,10,INCLUDED_OPEN
-9,-20,11,INCLUDED_OPEN
-9,-20,12,INCLUDED_LOWDATA
-9,-20,13,INCLUDED_LOWDATA
-9,-20,14,INCLUDED_LOWDATA
-9,-19,-2,INCLUDED_OPEN
-9,-19,-1,INCLUDED_OPEN
-9,-19,0,INCLUDED_OPEN
-9,-19,1,INCLUDED_OPEN
-9,-19,2,INCLUDED_OPEN
-9,-19,3,INCLUDED_OPEN
-9,-19,4,INCLUDED_OPEN
-9,-19,5,INCLUDED_OPEN
-9,-19,6,INCLUDED_OPEN
-9,-19,7,INCLUDED_OPEN
-9,-19,8,INCLUDED_OPEN
-9,-19,9,INCLUDED_OPEN
-9,-19,10,INCLUDED_OPEN
-9,-19,11,INCLUDED_OPEN
-9,-19,12,INCLUDED_LOWDATA
-9,-19,13,INCLUDED_LOWDATA
-9,-18,-2,INCLUDED_OPEN
-9,-18,-1,INCLUDED_OPEN
-9,-18,0,INCLUDED_OPEN
-9,-18,1,INCLUDED_OPEN
-9,-18,2,INCLUDED_OPEN
-9,-18,3,INCLUDED_OPEN
-9,-18,4,INCLUDED_OPEN
-9,-18,5,INCLUDED_OPEN
-9,-18,6,INCLUDED_OPEN
-9,-18,7,INCLUDED_OPEN
-9,-18,8,INCLUDED_OPEN
-9,-18,9,INCLUDED_OPEN
-9,-18,10,INCLUDED_OPEN
-9,-18,11,INCLUDED_OPEN
-9,-18,12,INCLUDED_OPEN
-9,-18,13,INCLUDED_LOWDATA
-9,-17,-2,INCLUDED_OPEN
-9,-17,-1,INCLUDED_OPEN
-9,-17,0,INCLUDED_OPEN
-9,-17,1,INCLUDED_OPEN
-9,-17,2,INCLUDED_OPEN
-9,-17,3,INCLUDED_OPEN
-9,-17,4,INCLUDED_OPEN
-9,-17,5,INCLUDED_OPEN
-9,-17,6,INCLUDED_OPEN
-9,-17,7,INCLUDED_OPEN
-9,-17,8,INCLUDED_OPEN
-9,-17,9,INCLUDED_OPEN
-9,-17,10,INCLUDED_OPEN
-9,-17,11,INCLUDED_OPEN
-9,-17,12,INCLUDED_LOWDATA
-9,-11,-1,INCLUDED_LOWDATA
-9,6,-2,constrained-misc
-9,6,-1,INCLUDED_OPEN
-9,6,0,INCLUDED_OPEN
-9,6,1,INCLUDED_OPEN
-9,6,2,INCLUDED_OPEN
-9,6,3,INCLUDED_OPEN
-9,6,4,INCLUDED_OPEN
-9,6,5,INCLUDED_OPEN
-9,6,6,INCLUDED_OPEN
-9,7,-2,INCLUDED_OPEN
-9,7,-1,INCLUDED_OPEN
-9,7,0,INCLUDED_OPEN
-9,7,1,INCLUDED_OPEN
-9,7,2,INCLUDED_OPEN
-9,7,3,INCLUDED_OPEN
-9,7,4,INCLUDED_OPEN
-9,7,5,INCLUDED_OPEN
-9,7,6,INCLUDED_OPEN
-9,7,7,INCLUDED_OPEN
-9,8,-2,INCLUDED_OPEN
-9,8,-1,INCLUDED_OPEN
-9,8,0,INCLUDED_OPEN
-9,8,1,INCLUDED_OPEN
-9,8,2,INCLUDED_OPEN
-9,8,3,INCLUDED_OPEN
-9,8,4,INCLUDED_OPEN
-9,8,5,INCLUDED_OPEN
-9,8,6,INCLUDED_OPEN
-9,8,7,INCLUDED_OPEN
-9,9,-2,INCLUDED_LOWDATA
-9,9,-1,INCLUDED_OPEN
-9,9,0,INCLUDED_OPEN
-9,9,1,INCLUDED_OPEN
-9,9,2,INCLUDED_OPEN
-9,9,3,INCLUDED_OPEN
-9,9,4,INCLUDED_OPEN
-9,9,5,INCLUDED_OPEN
-9,9,6,INCLUDED_OPEN
-9,9,7,INCLUDED_OPEN
-9,10,-2,constrained-misc
-9,10,-1,INCLUDED_OPEN
-9,10,0,INCLUDED_OPEN
-9,10,1,INCLUDED_OPEN
-9,10,2,INCLUDED_OPEN
-9,10,3,INCLUDED_OPEN
-9,10,4,INCLUDED_OPEN
-9,10,5,INCLUDED_OPEN
-9,10,6,INCLUDED_OPEN
-9,10,7,INCLUDED_OPEN
-9,11,-2,INCLUDED_OPEN
-9,11,-1,INCLUDED_OPEN
-9,11,0,INCLUDED_OPEN
-9,11,1,INCLUDED_OPEN
-9,11,2,INCLUDED_OPEN
-9,11,3,INCLUDED_OPEN
-9,11,4,INCLUDED_OPEN
-9,11,5,INCLUDED_OPEN
-9,11,6,INCLUDED_OPEN
-9,11,7,INCLUDED_OPEN
-9,12,-2,INCLUDED_LOWDATA
-9,12,-1,INCLUDED_OPEN
-9,12,0,INCLUDED_OPEN
-9,12,1,INCLUDED_OPEN
-9,12,2,INCLUDED_OPEN
-9,12,3,INCLUDED_OPEN
-9,12,4,INCLUDED_OPEN
-9,12,5,INCLUDED_OPEN
-9,12,6,INCLUDED_OPEN
-9,12,7,INCLUDED_OPEN
-9,13,-2,constrained-misc
-9,13,-1,INCLUDED_OPEN
-9,13,0,INCLUDED_OPEN
-9,13,1,INCLUDED_OPEN
-9,13,2,INCLUDED_OPEN
-9,13,3,INCLUDED_OPEN
-9,13,4,INCLUDED_OPEN
-9,13,5,INCLUDED_OPEN
-9,13,6,INCLUDED_OPEN
-9,13,7,INCLUDED_OPEN
-9,14,-2,INCLUDED_LOWDATA
-9,14,-1,INCLUDED_OPEN
-9,14,0,INCLUDED_OPEN
-9,14,1,INCLUDED_OPEN
-9,14,2,INCLUDED_OPEN
-9,14,3,INCLUDED_OPEN
-9,14,4,INCLUDED_OPEN
-9,14,5,INCLUDED_OPEN
-9,14,6,INCLUDED_OPEN
-9,14,7,INCLUDED_OPEN
-9,15,-2,INCLUDED_OPEN
-9,15,-1,INCLUDED_OPEN
-9,15,0,INCLUDED_OPEN
-9,15,1,INCLUDED_OPEN
-9,15,2,INCLUDED_OPEN
-9,15,3,INCLUDED_OPEN
-9,15,4,INCLUDED_OPEN
-9,15,5,INCLUDED_OPEN
-9,15,6,INCLUDED_OPEN
-9,15,7,INCLUDED_OPEN
-9,16,-2,constrained-misc
-9,16,-1,INCLUDED_OPEN
-9,16,0,INCLUDED_OPEN
-9,16,1,INCLUDED_OPEN
-9,16,2,INCLUDED_OPEN
-9,16,3,INCLUDED_OPEN
-9,16,4,INCLUDED_OPEN
-9,16,5,INCLUDED_OPEN
-9,16,6,INCLUDED_OPEN
-9,16,7,INCLUDED_OPEN
-9,17,-2,INCLUDED_LOWDATA
-9,17,-1,INCLUDED_OPEN
-9,17,0,INCLUDED_OPEN
-9,17,1,INCLUDED_OPEN
-9,17,2,INCLUDED_OPEN
-9,17,3,INCLUDED_OPEN
-9,17,4,INCLUDED_OPEN
-9,17,5,INCLUDED_OPEN
-9,17,6,INCLUDED_OPEN
-9,17,7,INCLUDED_OPEN
-9,18,-2,INCLUDED_OPEN
-9,18,-1,INCLUDED_OPEN
-9,18,0,INCLUDED_OPEN
-9,18,1,INCLUDED_OPEN
-9,18,2,INCLUDED_OPEN
-9,18,3,INCLUDED_OPEN
-9,18,4,INCLUDED_OPEN
-9,18,5,INCLUDED_OPEN
-9,18,6,INCLUDED_OPEN
-9,18,7,INCLUDED_OPEN
-9,19,-2,INCLUDED_LOWDATA
-9,19,-1,INCLUDED_OPEN
-9,19,0,INCLUDED_OPEN
-9,19,1,INCLUDED_OPEN
-9,19,2,INCLUDED_OPEN
-9,19,3,INCLUDED_OPEN
-9,19,4,INCLUDED_OPEN
-9,19,5,INCLUDED_OPEN
-9,19,6,INCLUDED_OPEN
-9,19,7,INCLUDED_OPEN
-9,20,-2,constrained-misc
-9,20,-1,INCLUDED_OPEN
-9,20,0,INCLUDED_OPEN
-9,20,1,INCLUDED_OPEN
-9,20,2,INCLUDED_OPEN
-9,20,3,INCLUDED_OPEN
-9,20,4,INCLUDED_OPEN
-9,20,5,INCLUDED_OPEN
-9,20,6,INCLUDED_OPEN
-9,20,7,INCLUDED_OPEN
-9,21,-2,INCLUDED_OPEN
-9,21,-1,INCLUDED_OPEN
-9,21,0,INCLUDED_OPEN
-9,21,1,INCLUDED_OPEN
-9,21,2,INCLUDED_OPEN
-9,21,3,INCLUDED_OPEN
-9,21,4,INCLUDED_OPEN
-9,21,5,INCLUDED_OPEN
-9,21,6,INCLUDED_OPEN
-9,21,7,INCLUDED_OPEN
-9,22,-2,INCLUDED_LOWDATA
-9,22,-1,INCLUDED_OPEN
-9,22,0,INCLUDED_OPEN
-9,22,1,INCLUDED_OPEN
-9,22,2,INCLUDED_OPEN
-9,22,3,INCLUDED_OPEN
-9,22,4,INCLUDED_OPEN
-9,22,5,INCLUDED_OPEN
-9,22,6,INCLUDED_OPEN
-9,22,7,INCLUDED_OPEN
-9,23,-2,INCLUDED_LOWDATA
-9,23,-1,INCLUDED_OPEN
-9,23,0,INCLUDED_OPEN
-9,23,1,INCLUDED_OPEN
-9,23,2,INCLUDED_OPEN
-9,23,3,INCLUDED_OPEN
-9,23,4,INCLUDED_OPEN
-9,23,5,INCLUDED_OPEN
-9,23,6,INCLUDED_OPEN
-9,23,7,INCLUDED_OPEN
-9,24,-2,INCLUDED_OPEN
-9,24,-1,INCLUDED_OPEN
-9,24,0,INCLUDED_OPEN
-9,24,1,INCLUDED_OPEN
-9,24,2,INCLUDED_OPEN
-9,24,3,INCLUDED_OPEN
-9,24,4,INCLUDED_OPEN
-9,24,5,INCLUDED_OPEN
-9,24,6,INCLUDED_OPEN
-9,24,7,INCLUDED_OPEN
-9,25,0,INCLUDED_LOWDATA
-9,25,3,INCLUDED_OPEN
-9,25,4,INCLUDED_OPEN
-9,25,5,INCLUDED_OPEN
-9,25,6,INCLUDED_OPEN
-9,25,7,INCLUDED_OPEN
-9,26,3,INCLUDED_OPEN
-9,26,4,INCLUDED_OPEN
-9,26,5,INCLUDED_OPEN
-9,26,6,INCLUDED_OPEN
-9,26,7,INCLUDED_OPEN
-9,27,2,INCLUDED_LOWDATA
-9,27,3,INCLUDED_OPEN
-9,27,4,INCLUDED_OPEN
-9,27,5,INCLUDED_OPEN
-9,27,6,INCLUDED_OPEN
-9,27,7,INCLUDED_LOWDATA
-8,-28,4,INCLUDED_OPEN
-8,-28,5,INCLUDED_OPEN
-8,-28,6,INCLUDED_OPEN
-8,-28,7,INCLUDED_OPEN
-8,-28,8,INCLUDED_OPEN
-8,-28,9,INCLUDED_OPEN
-8,-28,10,INCLUDED_OPEN
-8,-28,11,INCLUDED_OPEN
-8,-28,12,INCLUDED_LOWDATA
-8,-27,4,INCLUDED_OPEN
-8,-27,5,INCLUDED_OPEN
-8,-27,6,INCLUDED_OPEN
-8,-27,7,INCLUDED_OPEN
-8,-27,8,INCLUDED_OPEN
-8,-27,9,INCLUDED_OPEN
-8,-27,10,INCLUDED_OPEN
-8,-27,11,INCLUDED_OPEN
-8,-27,12,INCLUDED_OPEN
-8,-27,13,INCLUDED_LOWDATA
-8,-26,4,INCLUDED_OPEN
-8,-26,5,INCLUDED_OPEN
-8,-26,6,INCLUDED_OPEN
-8,-26,7,INCLUDED_OPEN
-8,-26,8,INCLUDED_OPEN
-8,-26,9,INCLUDED_OPEN
-8,-26,10,INCLUDED_OPEN
-8,-26,11,INCLUDED_OPEN
-8,-26,12,constrained-misc
-8,-26,13,INCLUDED_OPEN
-8,-26,14,INCLUDED_LOWDATA
-8,-25,4,INCLUDED_OPEN
-8,-25,5,INCLUDED_OPEN
-8,-25,6,INCLUDED_OPEN
-8,-25,7,INCLUDED_OPEN
-8,-25,8,INCLUDED_OPEN
-8,-25,9,INCLUDED_OPEN
-8,-25,10,INCLUDED_OPEN
-8,-25,11,INCLUDED_OPEN
-8,-25,12,constrained-misc
-8,-25,13,constrained-misc
-8,-25,14,INCLUDED_OPEN
-8,-24,4,INCLUDED_OPEN
-8,-24,5,INCLUDED_OPEN
-8,-24,6,INCLUDED_OPEN
-8,-24,7,INCLUDED_OPEN
-8,-24,8,INCLUDED_OPEN
-8,-24,9,INCLUDED_OPEN
-8,-24,10,INCLUDED_OPEN
-8,-24,11,INCLUDED_OPEN
-8,-24,12,INCLUDED_OPEN
-8,-24,13,constrained-misc
-8,-24,14,INCLUDED_OPEN
-8,-23,4,INCLUDED_OPEN
-8,-23,5,INCLUDED_OPEN
-8,-23,6,INCLUDED_OPEN
-8,-23,7,INCLUDED_OPEN
-8,-23,8,INCLUDED_OPEN
-8,-23,9,INCLUDED_OPEN
-8,-23,10,INCLUDED_OPEN
-8,-23,11,INCLUDED_OPEN
-8,-23,12,INCLUDED_OPEN
-8,-23,13,constrained-misc
-8,-23,14,INCLUDED_OPEN
-8,-22,-1,INCLUDED_LOWDATA
-8,-22,4,INCLUDED_OPEN
-8,-22,5,INCLUDED_OPEN
-8,-22,6,INCLUDED_OPEN
-8,-22,7,INCLUDED_OPEN
-8,-22,8,INCLUDED_OPEN
-8,-22,9,INCLUDED_OPEN
-8,-22,10,INCLUDED_OPEN
-8,-22,11,INCLUDED_OPEN
-8,-22,12,INCLUDED_OPEN
-8,-22,13,constrained-misc
-8,-22,14,INCLUDED_OPEN
-8,-21,4,INCLUDED_OPEN
-8,-21,5,INCLUDED_OPEN
-8,-21,6,INCLUDED_OPEN
-8,-21,7,INCLUDED_OPEN
-8,-21,8,INCLUDED_OPEN
-8,-21,9,constrained-misc
-8,-21,10,INCLUDED_OPEN
-8,-21,11,INCLUDED_OPEN
-8,-21,12,INCLUDED_OPEN
-8,-21,13,INCLUDED_OPEN
-8,-21,14,INCLUDED_LOWDATA
-8,-20,-1,INCLUDED_LOWDATA
-8,-20,0,INCLUDED_LOWDATA
-8,-20,4,INCLUDED_OPEN
-8,-20,5,INCLUDED_OPEN
-8,-20,6,INCLUDED_OPEN
-8,-20,7,INCLUDED_OPEN
-8,-20,8,INCLUDED_OPEN
-8,-20,9,INCLUDED_OPEN
-8,-20,10,INCLUDED_OPEN
-8,-20,11,INCLUDED_OPEN
-8,-20,12,INCLUDED_OPEN
-8,-20,13,INCLUDED_OPEN
-8,-20,14,INCLUDED_LOWDATA
-8,-19,-2,INCLUDED_OPEN
-8,-19,-1,INCLUDED_OPEN
-8,-19,0,INCLUDED_OPEN
-8,-19,1,INCLUDED_OPEN
-8,-19,2,INCLUDED_OPEN
-8,-19,4,INCLUDED_OPEN
-8,-19,5,INCLUDED_OPEN
-8,-19,6,INCLUDED_OPEN
-8,-19,7,INCLUDED_OPEN
-8,-19,8,INCLUDED_OPEN
-8,-19,9,INCLUDED_OPEN
-8,-19,10,INCLUDED_OPEN
-8,-19,11,INCLUDED_OPEN
-8,-19,12,INCLUDED_OPEN
-8,-19,13,INCLUDED_LOWDATA
-8,-19,14,INCLUDED_LOWDATA
-8,-18,-2,INCLUDED_OPEN
-8,-18,-1,INCLUDED_OPEN
-8,-18,0,INCLUDED_OPEN
-8,-18,1,INCLUDED_OPEN
-8,-18,2,INCLUDED_OPEN
-8,-18,3,INCLUDED_LOWDATA
-8,-18,4,INCLUDED_OPEN
-8,-18,5,INCLUDED_OPEN
-8,-18,6,INCLUDED_OPEN
-8,-18,7,INCLUDED_OPEN
-8,-18,8,INCLUDED_OPEN
-8,-18,9,INCLUDED_OPEN
-8,-18,10,INCLUDED_OPEN
-8,-18,11,INCLUDED_OPEN
-8,-18,12,INCLUDED_OPEN
-8,-18,13,INCLUDED_LOWDATA
-8,-17,-2,INCLUDED_OPEN
-8,-17,-1,INCLUDED_OPEN
-8,-17,0,INCLUDED_OPEN
-8,-17,1,INCLUDED_OPEN
-8,-17,2,INCLUDED_OPEN
-8,-17,4,INCLUDED_OPEN
-8,-17,5,INCLUDED_OPEN
-8,-17,6,INCLUDED_OPEN
-8,-17,7,INCLUDED_OPEN
-8,-17,8,INCLUDED_OPEN
-8,-17,9,INCLUDED_OPEN
-8,-17,10,INCLUDED_OPEN
-8,-17,11,INCLUDED_OPEN
-8,-17,12,INCLUDED_LOWDATA
-8,-11,-1,INCLUDED_LOWDATA
-8,6,-1,INCLUDED_LOWDATA
-8,6,0,INCLUDED_LOWDATA
-8,6,1,INCLUDED_LOWDATA
-8,6,2,INCLUDED_LOWDATA
-8,7,-2,constrained-misc
-8,7,-1,INCLUDED_OPEN
-8,7,0,INCLUDED_OPEN
-8,7,1,INCLUDED_OPEN
-8,7,2,INCLUDED_OPEN
-8,7,3,INCLUDED_OPEN
-8,7,4,INCLUDED_OPEN
-8,7,5,INCLUDED_OPEN
-8,7,6,INCLUDED_OPEN
-8,7,7,INCLUDED_LOWDATA
-8,8,-2,INCLUDED_LOWDATA
-8,8,-1,INCLUDED_OPEN
-8,8,0,INCLUDED_OPEN
-8,8,1,INCLUDED_OPEN
-8,8,2,INCLUDED_OPEN
-8,8,3,INCLUDED_OPEN
-8,8,4,INCLUDED_OPEN
-8,8,5,INCLUDED_OPEN
-8,8,6,INCLUDED_OPEN
-8,8,7,INCLUDED_LOWDATA
-8,9,-2,INCLUDED_LOWDATA
-8,9,-1,INCLUDED_OPEN
-8,9,0,INCLUDED_OPEN
-8,9,1,INCLUDED_OPEN
-8,9,2,INCLUDED_OPEN
-8,9,3,INCLUDED_OPEN
-8,9,4,INCLUDED_OPEN
-8,9,5,INCLUDED_OPEN
-8,9,6,INCLUDED_OPEN
-8,9,7,INCLUDED_OPEN
-8,10,-1,INCLUDED_OPEN
-8,10,0,INCLUDED_OPEN
-8,10,1,INCLUDED_OPEN
-8,10,2,INCLUDED_OPEN
-8,10,3,INCLUDED_OPEN
-8,10,4,INCLUDED_OPEN
-8,10,5,INCLUDED_OPEN
-8,10,6,INCLUDED_OPEN
-8,10,7,INCLUDED_LOWDATA
-8,11,-2,INCLUDED_LOWDATA
-8,11,-1,INCLUDED_OPEN
-8,11,0,INCLUDED_OPEN
-8,11,1,INCLUDED_OPEN
-8,11,2,INCLUDED_OPEN
-8,11,3,INCLUDED_OPEN
-8,11,4,INCLUDED_OPEN
-8,11,5,INCLUDED_OPEN
-8,11,6,INCLUDED_OPEN
-8,11,7,INCLUDED_OPEN
-8,12,-2,INCLUDED_LOWDATA
-8,12,-1,INCLUDED_OPEN
-8,12,0,INCLUDED_OPEN
-8,12,1,INCLUDED_OPEN
-8,12,2,INCLUDED_OPEN
-8,12,3,INCLUDED_OPEN
-8,12,4,INCLUDED_OPEN
-8,12,5,INCLUDED_OPEN
-8,12,6,INCLUDED_OPEN
-8,12,7,INCLUDED_OPEN
-8,13,-2,constrained-misc
-8,13,-1,INCLUDED_OPEN
-8,13,0,INCLUDED_OPEN
-8,13,1,INCLUDED_OPEN
-8,13,2,INCLUDED_OPEN
-8,13,3,INCLUDED_OPEN
-8,13,4,INCLUDED_OPEN
-8,13,5,INCLUDED_OPEN
-8,13,6,INCLUDED_OPEN
-8,13,7,INCLUDED_OPEN
-8,14,-1,INCLUDED_OPEN
-8,14,0,INCLUDED_OPEN
-8,14,1,INCLUDED_OPEN
-8,14,2,INCLUDED_OPEN
-8,14,3,INCLUDED_OPEN
-8,14,4,INCLUDED_OPEN
-8,14,5,INCLUDED_OPEN
-8,14,6,INCLUDED_OPEN
-8,14,7,INCLUDED_OPEN
-8,15,-1,INCLUDED_OPEN
-8,15,0,INCLUDED_OPEN
-8,15,1,INCLUDED_OPEN
-8,15,2,INCLUDED_OPEN
-8,15,3,INCLUDED_OPEN
-8,15,4,INCLUDED_OPEN
-8,15,5,INCLUDED_OPEN
-8,15,6,INCLUDED_OPEN
-8,15,7,INCLUDED_OPEN
-8,16,-2,INCLUDED_LOWDATA
-8,16,-1,INCLUDED_OPEN
-8,16,0,INCLUDED_OPEN
-8,16,1,INCLUDED_OPEN
-8,16,2,INCLUDED_OPEN
-8,16,3,INCLUDED_OPEN
-8,16,4,INCLUDED_OPEN
-8,16,5,INCLUDED_OPEN
-8,16,6,INCLUDED_OPEN
-8,16,7,INCLUDED_OPEN
-8,17,-2,constrained-misc
-8,17,-1,INCLUDED_OPEN
-8,17,0,INCLUDED_OPEN
-8,17,1,INCLUDED_OPEN
-8,17,2,INCLUDED_OPEN
-8,17,3,INCLUDED_OPEN
-8,17,4,INCLUDED_OPEN
-8,17,5,INCLUDED_OPEN
-8,17,6,INCLUDED_OPEN
-8,17,7,INCLUDED_OPEN
-8,18,-2,INCLUDED_LOWDATA
-8,18,-1,INCLUDED_OPEN
-8,18,0,INCLUDED_OPEN
-8,18,1,INCLUDED_OPEN
-8,18,2,INCLUDED_OPEN
-8,18,3,INCLUDED_OPEN
-8,18,4,INCLUDED_OPEN
-8,18,5,INCLUDED_OPEN
-8,18,6,INCLUDED_OPEN
-8,18,7,INCLUDED_OPEN
-8,19,-1,INCLUDED_OPEN
-8,19,0,INCLUDED_OPEN
-8,19,1,INCLUDED_OPEN
-8,19,2,INCLUDED_OPEN
-8,19,3,INCLUDED_OPEN
-8,19,4,INCLUDED_OPEN
-8,19,5,INCLUDED_OPEN
-8,19,6,INCLUDED_OPEN
-8,19,7,INCLUDED_OPEN
-8,20,-2,INCLUDED_LOWDATA
-8,20,-1,INCLUDED_OPEN
-8,20,0,INCLUDED_OPEN
-8,20,1,INCLUDED_OPEN
-8,20,2,INCLUDED_OPEN
-8,20,3,INCLUDED_OPEN
-8,20,4,INCLUDED_OPEN
-8,20,5,INCLUDED_OPEN
-8,20,6,INCLUDED_OPEN
-8,20,7,INCLUDED_OPEN
-8,21,-2,INCLUDED_LOWDATA
-8,21,-1,INCLUDED_OPEN
-8,21,0,INCLUDED_OPEN
-8,21,1,INCLUDED_OPEN
-8,21,2,INCLUDED_OPEN
-8,21,3,INCLUDED_OPEN
-8,21,4,INCLUDED_OPEN
-8,21,5,INCLUDED_OPEN
-8,21,6,INCLUDED_OPEN
-8,21,7,INCLUDED_OPEN
-8,22,-2,INCLUDED_LOWDATA
-8,22,-1,INCLUDED_OPEN
-8,22,0,INCLUDED_OPEN
-8,22,1,INCLUDED_OPEN
-8,22,2,INCLUDED_OPEN
-8,22,3,INCLUDED_OPEN
-8,22,4,INCLUDED_OPEN
-8,22,5,INCLUDED_OPEN
-8,22,6,INCLUDED_OPEN
-8,22,7,INCLUDED_OPEN
-8,23,-2,INCLUDED_LOWDATA
-8,23,-1,INCLUDED_OPEN
-8,23,0,INCLUDED_OPEN
-8,23,1,INCLUDED_OPEN
-8,23,2,INCLUDED_OPEN
-8,23,3,INCLUDED_OPEN
-8,23,4,INCLUDED_OPEN
-8,23,5,INCLUDED_OPEN
-8,23,6,INCLUDED_OPEN
-8,23,7,INCLUDED_OPEN
-8,24,-2,INCLUDED_LOWDATA
-8,24,-1,INCLUDED_OPEN
-8,24,0,INCLUDED_OPEN
-8,24,1,INCLUDED_OPEN
-8,24,2,INCLUDED_OPEN
-8,24,3,INCLUDED_OPEN
-8,24,4,INCLUDED_OPEN
-8,24,5,INCLUDED_OPEN
-8,24,6,INCLUDED_OPEN
-8,24,7,INCLUDED_OPEN
-8,25,3,INCLUDED_OPEN
-8,25,4,INCLUDED_OPEN
-8,25,5,INCLUDED_OPEN
-8,25,6,INCLUDED_OPEN
-8,25,7,INCLUDED_OPEN
-8,26,3,INCLUDED_OPEN
-8,26,4,INCLUDED_OPEN
-8,26,5,INCLUDED_OPEN
-8,26,6,INCLUDED_OPEN
-8,26,7,INCLUDED_OPEN
-8,27,2,INCLUDED_LOWDATA
-8,27,3,INCLUDED_OPEN
-8,27,4,INCLUDED_OPEN
-8,27,5,INCLUDED_OPEN
-8,27,6,INCLUDED_OPEN
-8,27,7,INCLUDED_LOWDATA
-7,-28,-2,constrained-misc
-7,-28,-1,INCLUDED_OPEN
-7,-28,0,INCLUDED_OPEN
-7,-28,1,INCLUDED_OPEN
-7,-28,2,INCLUDED_OPEN
-7,-28,4,INCLUDED_OPEN
-7,-28,5,INCLUDED_OPEN
-7,-28,6,INCLUDED_OPEN
-7,-28,7,INCLUDED_OPEN
-7,-28,8,INCLUDED_OPEN
-7,-28,9,INCLUDED_OPEN
-7,-28,10,INCLUDED_OPEN
-7,-28,11,INCLUDED_OPEN
-7,-27,-2,INCLUDED_OPEN
-7,-27,-1,INCLUDED_OPEN
-7,-27,0,INCLUDED_OPEN
-7,-27,1,INCLUDED_OPEN
-7,-27,2,INCLUDED_OPEN
-7,-27,4,INCLUDED_OPEN
-7,-27,5,INCLUDED_OPEN
-7,-27,6,INCLUDED_OPEN
-7,-27,7,INCLUDED_OPEN
-7,-27,8,INCLUDED_OPEN
-7,-27,9,INCLUDED_OPEN
-7,-27,10,INCLUDED_OPEN
-7,-27,11,INCLUDED_OPEN
-7,-26,-2,INCLUDED_OPEN
-7,-26,-1,INCLUDED_OPEN
-7,-26,0,INCLUDED_OPEN
-7,-26,1,INCLUDED_OPEN
-7,-26,2,INCLUDED_OPEN
-7,-26,4,INCLUDED_OPEN
-7,-26,5,INCLUDED_OPEN
-7,-26,6,INCLUDED_OPEN
-7,-26,7,INCLUDED_OPEN
-7,-26,8,INCLUDED_OPEN
-7,-26,9,INCLUDED_OPEN
-7,-26,10,INCLUDED_OPEN
-7,-26,11,INCLUDED_OPEN
-7,-25,-2,INCLUDED_OPEN
-7,-25,-1,INCLUDED_OPEN
-7,-25,0,INCLUDED_OPEN
-7,-25,1,INCLUDED_OPEN
-7,-25,2,INCLUDED_OPEN
-7,-25,4,INCLUDED_OPEN
-7,-25,5,INCLUDED_OPEN
-7,-25,6,INCLUDED_OPEN
-7,-25,7,INCLUDED_OPEN
-7,-25,8,INCLUDED_OPEN
-7,-25,9,INCLUDED_OPEN
-7,-25,10,INCLUDED_OPEN
-7,-25,11,INCLUDED_OPEN
-7,-24,-2,INCLUDED_OPEN
-7,-24,-1,INCLUDED_OPEN
-7,-24,0,INCLUDED_OPEN
-7,-24,1,INCLUDED_OPEN
-7,-24,2,INCLUDED_OPEN
-7,-24,4,INCLUDED_OPEN
-7,-24,5,INCLUDED_OPEN
-7,-24,6,INCLUDED_OPEN
-7,-24,7,INCLUDED_OPEN
-7,-24,8,INCLUDED_OPEN
-7,-24,9,INCLUDED_OPEN
-7,-24,10,INCLUDED_OPEN
-7,-24,11,INCLUDED_OPEN
-7,-24,12,INCLUDED_LOWDATA
-7,-23,-2,INCLUDED_OPEN
-7,-23,-1,INCLUDED_OPEN
-7,-23,0,INCLUDED_OPEN
-7,-23,4,constrained-misc
-7,-23,5,INCLUDED_OPEN
-7,-23,6,INCLUDED_OPEN
-7,-23,7,INCLUDED_OPEN
-7,-23,8,constrained-misc
-7,-23,9,INCLUDED_OPEN
-7,-23,10,INCLUDED_OPEN
-7,-23,11,INCLUDED_OPEN
-7,-22,-2,INCLUDED_OPEN
-7,-22,-1,INCLUDED_OPEN
-7,-22,0,INCLUDED_OPEN
-7,-22,4,INCLUDED_OPEN
-7,-22,5,INCLUDED_OPEN
-7,-22,6,INCLUDED_OPEN
-7,-22,7,constrained-misc
-7,-22,8,INCLUDED_OPEN
-7,-22,9,INCLUDED_OPEN
-7,-22,10,INCLUDED_OPEN
-7,-22,11,INCLUDED_OPEN
-7,-22,12,INCLUDED_LOWDATA
-7,-21,-2,INCLUDED_OPEN
-7,-21,-1,INCLUDED_OPEN
-7,-21,0,INCLUDED_OPEN
-7,-21,1,INCLUDED_OPEN
-7,-21,2,INCLUDED_OPEN
-7,-21,3,INCLUDED_LOWDATA
-7,-21,4,constrained-misc
-7,-21,5,INCLUDED_OPEN
-7,-21,6,INCLUDED_OPEN
-7,-21,7,INCLUDED_OPEN
-7,-21,8,INCLUDED_OPEN
-7,-21,9,INCLUDED_OPEN
-7,-21,10,INCLUDED_OPEN
-7,-21,11,INCLUDED_OPEN
-7,-21,12,INCLUDED_LOWDATA
-7,-20,-2,INCLUDED_OPEN
-7,-20,-1,INCLUDED_OPEN
-7,-20,0,INCLUDED_OPEN
-7,-20,1,INCLUDED_OPEN
-7,-20,2,INCLUDED_OPEN
-7,-20,4,INCLUDED_OPEN
-7,-20,5,INCLUDED_OPEN
-7,-20,6,INCLUDED_OPEN
-7,-20,7,INCLUDED_OPEN
-7,-20,8,INCLUDED_OPEN
-7,-20,9,INCLUDED_OPEN
-7,-20,10,INCLUDED_OPEN
-7,-20,11,INCLUDED_OPEN
-7,-20,12,INCLUDED_LOWDATA
-7,-19,-2,INCLUDED_OPEN
-7,-19,-1,INCLUDED_OPEN
-7,-19,0,INCLUDED_OPEN
-7,-19,1,INCLUDED_OPEN
-7,-19,2,INCLUDED_OPEN
-7,-19,4,INCLUDED_OPEN
-7,-19,5,INCLUDED_OPEN
-7,-19,6,INCLUDED_OPEN
-7,-19,7,INCLUDED_OPEN
-7,-19,8,INCLUDED_OPEN
-7,-19,9,INCLUDED_OPEN
-7,-19,10,INCLUDED_OPEN
-7,-19,11,INCLUDED_OPEN
-7,-19,12,INCLUDED_LOWDATA
-7,-18,-2,INCLUDED_OPEN
-7,-18,-1,INCLUDED_OPEN
-7,-18,0,INCLUDED_OPEN
-7,-18,1,INCLUDED_OPEN
-7,-18,2,INCLUDED_OPEN
-7,-18,4,INCLUDED_OPEN
-7,-18,5,INCLUDED_OPEN
-7,-18,6,INCLUDED_OPEN
-7,-18,7,INCLUDED_OPEN
-7,-18,8,INCLUDED_OPEN
-7,-18,9,INCLUDED_OPEN
-7,-18,10,INCLUDED_OPEN
-7,-18,11,INCLUDED_OPEN
-7,-18,12,INCLUDED_LOWDATA
-7,-17,-2,INCLUDED_OPEN
-7,-17,-1,INCLUDED_OPEN
-7,-17,0,INCLUDED_OPEN
-7,-17,1,INCLUDED_OPEN
-7,-17,2,INCLUDED_OPEN
-7,-17,4,INCLUDED_OPEN
-7,-17,5,INCLUDED_OPEN
-7,-17,6,INCLUDED_OPEN
-7,-17,7,INCLUDED_OPEN
-7,-17,8,INCLUDED_OPEN
-7,-17,9,INCLUDED_OPEN
-7,-17,10,ratop
-7,-17,11,INCLUDED_OPEN
-7,-17,12,INCLUDED_LOWDATA
-7,-15,-5,constrained-misc
-7,-15,-4,constrained-misc
-7,-15,-3,INCLUDED_OPEN
-7,-15,-2,INCLUDED_OPEN
-7,-15,-1,INCLUDED_OPEN
-7,-15,0,INCLUDED_OPEN
-7,-15,1,constrained-misc
-7,-15,2,INCLUDED_OPEN
-7,-14,-5,INCLUDED_OPEN
-7,-14,-4,INCLUDED_OPEN
-7,-14,-3,INCLUDED_OPEN
-7,-14,-2,INCLUDED_OPEN
-7,-14,-1,INCLUDED_OPEN
-7,-14,0,INCLUDED_OPEN
-7,-14,1,constrained-misc
-7,-14,2,constrained-misc
-7,-13,-5,tele-sng-in
-7,-13,-4,INCLUDED_OPEN
-7,-13,-3,INCLUDED_OPEN
-7,-13,-2,INCLUDED_OPEN
-7,-13,-1,INCLUDED_OPEN
-7,-13,0,INCLUDED_OPEN
-7,-13,1,INCLUDED_OPEN
-7,-13,2,INCLUDED_OPEN
-7,-12,-5,INCLUDED_OPEN
-7,-12,-4,tele-sng-in
-7,-12,-3,INCLUDED_OPEN
-7,-12,-2,INCLUDED_OPEN
-7,-12,-1,INCLUDED_LOWDATA
-7,-11,-6,constrained-misc
-7,-11,-5,INCLUDED_OPEN
-7,-11,-4,INCLUDED_OPEN
-7,-11,-3,INCLUDED_OPEN
-7,-11,-2,INCLUDED_OPEN
-7,-11,-1,constrained-misc
-7,-10,-6,INCLUDED_OPEN
-7,-10,-5,INCLUDED_OPEN
-7,-10,-4,INCLUDED_OPEN
-7,-10,-3,INCLUDED_OPEN
-7,-10,-2,INCLUDED_OPEN
-7,-10,-1,INCLUDED_OPEN
-7,-9,-7,INCLUDED_OPEN
-7,-9,-6,INCLUDED_OPEN
-7,-9,-5,INCLUDED_OPEN
-7,-9,-4,INCLUDED_OPEN
-7,-9,-3,INCLUDED_OPEN
-7,-9,-2,INCLUDED_OPEN
-7,-9,-1,INCLUDED_OPEN
-7,-8,-7,INCLUDED_OPEN
-7,-8,-6,INCLUDED_OPEN
-7,-8,-5,INCLUDED_OPEN
-7,-8,-4,INCLUDED_OPEN
-7,-8,-3,INCLUDED_OPEN
-7,-8,-2,INCLUDED_OPEN
-7,-8,-1,INCLUDED_OPEN
-7,-7,-7,INCLUDED_OPEN
-7,-7,-6,INCLUDED_OPEN
-7,-7,-5,INCLUDED_OPEN
-7,-7,-4,INCLUDED_OPEN
-7,-7,-3,INCLUDED_OPEN
-7,-7,-2,INCLUDED_OPEN
-7,-7,-1,INCLUDED_OPEN
-7,-6,-7,INCLUDED_OPEN
-7,-6,-6,INCLUDED_OPEN
-7,-6,-5,INCLUDED_OPEN
-7,-6,-4,INCLUDED_OPEN
-7,-6,-3,INCLUDED_OPEN
-7,-6,-2,INCLUDED_OPEN
-7,-6,-1,INCLUDED_OPEN
-7,-5,-7,constrained-misc
-7,-5,-6,constrained-misc
-7,-5,-5,INCLUDED_OPEN
-7,-5,-4,INCLUDED_OPEN
-7,-5,-3,INCLUDED_OPEN
-7,-5,-2,INCLUDED_OPEN
-7,-5,-1,INCLUDED_OPEN
-7,7,-1,INCLUDED_LOWDATA
-7,7,0,INCLUDED_LOWDATA
-7,7,1,INCLUDED_LOWDATA
-7,7,3,INCLUDED_LOWDATA
-7,7,5,INCLUDED_LOWDATA
-7,8,-1,INCLUDED_OPEN
-7,8,0,INCLUDED_OPEN
-7,8,1,INCLUDED_OPEN
-7,8,2,INCLUDED_OPEN
-7,8,3,INCLUDED_OPEN
-7,8,4,INCLUDED_OPEN
-7,8,5,INCLUDED_OPEN
-7,8,6,INCLUDED_OPEN
-7,8,7,INCLUDED_LOWDATA
-7,9,-1,INCLUDED_OPEN
-7,9,0,INCLUDED_OPEN
-7,9,1,INCLUDED_OPEN
-7,9,2,INCLUDED_OPEN
-7,9,3,INCLUDED_OPEN
-7,9,4,INCLUDED_OPEN
-7,9,5,INCLUDED_OPEN
-7,9,6,INCLUDED_OPEN
-7,9,7,INCLUDED_OPEN
-7,10,-1,INCLUDED_OPEN
-7,10,0,INCLUDED_OPEN
-7,10,1,INCLUDED_OPEN
-7,10,2,INCLUDED_OPEN
-7,10,3,INCLUDED_OPEN
-7,10,4,INCLUDED_OPEN
-7,10,5,INCLUDED_OPEN
-7,10,6,INCLUDED_OPEN
-7,10,7,INCLUDED_LOWDATA
-7,11,-1,INCLUDED_OPEN
-7,11,0,INCLUDED_OPEN
-7,11,1,INCLUDED_OPEN
-7,11,2,INCLUDED_OPEN
-7,11,3,INCLUDED_OPEN
-7,11,4,INCLUDED_OPEN
-7,11,5,INCLUDED_OPEN
-7,11,6,INCLUDED_OPEN
-7,11,7,INCLUDED_OPEN
-7,12,-1,INCLUDED_OPEN
-7,12,0,INCLUDED_OPEN
-7,12,1,INCLUDED_OPEN
-7,12,2,INCLUDED_OPEN
-7,12,3,INCLUDED_OPEN
-7,12,4,INCLUDED_OPEN
-7,12,5,INCLUDED_OPEN
-7,12,6,INCLUDED_OPEN
-7,12,7,INCLUDED_OPEN
-7,13,-1,INCLUDED_OPEN
-7,13,0,INCLUDED_OPEN
-7,13,1,INCLUDED_OPEN
-7,13,2,INCLUDED_OPEN
-7,13,3,INCLUDED_OPEN
-7,13,4,INCLUDED_OPEN
-7,13,5,INCLUDED_OPEN
-7,13,6,INCLUDED_OPEN
-7,13,7,INCLUDED_OPEN
-7,14,-1,INCLUDED_OPEN
-7,14,0,INCLUDED_OPEN
-7,14,1,INCLUDED_OPEN
-7,14,2,INCLUDED_OPEN
-7,14,3,INCLUDED_OPEN
-7,14,4,INCLUDED_OPEN
-7,14,5,INCLUDED_OPEN
-7,14,6,INCLUDED_OPEN
-7,14,7,INCLUDED_OPEN
-7,15,-1,INCLUDED_OPEN
-7,15,0,INCLUDED_OPEN
-7,15,1,INCLUDED_OPEN
-7,15,2,INCLUDED_OPEN
-7,15,3,INCLUDED_OPEN
-7,15,4,INCLUDED_OPEN
-7,15,5,INCLUDED_OPEN
-7,15,6,INCLUDED_OPEN
-7,15,7,INCLUDED_OPEN
-7,16,-1,INCLUDED_OPEN
-7,16,0,INCLUDED_OPEN
-7,16,1,INCLUDED_OPEN
-7,16,2,INCLUDED_OPEN
-7,16,3,INCLUDED_OPEN
-7,16,4,INCLUDED_OPEN
-7,16,5,INCLUDED_OPEN
-7,16,6,INCLUDED_OPEN
-7,16,7,INCLUDED_OPEN
-7,17,-1,INCLUDED_OPEN
-7,17,0,INCLUDED_OPEN
-7,17,1,INCLUDED_OPEN
-7,17,2,INCLUDED_OPEN
-7,17,3,INCLUDED_OPEN
-7,17,4,INCLUDED_OPEN
-7,17,5,INCLUDED_OPEN
-7,17,6,INCLUDED_OPEN
-7,17,7,INCLUDED_OPEN
-7,18,-1,INCLUDED_OPEN
-7,18,0,INCLUDED_OPEN
-7,18,1,INCLUDED_OPEN
-7,18,2,INCLUDED_OPEN
-7,18,3,INCLUDED_OPEN
-7,18,4,INCLUDED_OPEN
-7,18,5,INCLUDED_OPEN
-7,18,6,INCLUDED_OPEN
-7,18,7,INCLUDED_OPEN
-7,19,-1,INCLUDED_OPEN
-7,19,0,INCLUDED_OPEN
-7,19,1,INCLUDED_OPEN
-7,19,2,INCLUDED_OPEN
-7,19,3,INCLUDED_OPEN
-7,19,4,INCLUDED_OPEN
-7,19,5,INCLUDED_OPEN
-7,19,6,INCLUDED_OPEN
-7,19,7,INCLUDED_OPEN
-7,20,-1,INCLUDED_OPEN
-7,20,0,INCLUDED_OPEN
-7,20,1,INCLUDED_OPEN
-7,20,2,INCLUDED_OPEN
-7,20,3,INCLUDED_OPEN
-7,20,4,INCLUDED_OPEN
-7,20,5,INCLUDED_OPEN
-7,20,6,INCLUDED_OPEN
-7,20,7,INCLUDED_OPEN
-7,21,-1,INCLUDED_OPEN
-7,21,0,INCLUDED_OPEN
-7,21,1,INCLUDED_OPEN
-7,21,2,INCLUDED_OPEN
-7,21,3,INCLUDED_OPEN
-7,21,4,INCLUDED_OPEN
-7,21,5,INCLUDED_OPEN
-7,21,6,INCLUDED_OPEN
-7,21,7,INCLUDED_OPEN
-7,22,-1,INCLUDED_OPEN
-7,22,0,INCLUDED_OPEN
-7,22,1,INCLUDED_OPEN
-7,22,2,INCLUDED_OPEN
-7,22,3,INCLUDED_OPEN
-7,22,4,INCLUDED_OPEN
-7,22,5,INCLUDED_OPEN
-7,22,6,INCLUDED_OPEN
-7,22,7,INCLUDED_OPEN
-7,23,-1,INCLUDED_OPEN
-7,23,0,INCLUDED_OPEN
-7,23,1,INCLUDED_OPEN
-7,23,2,INCLUDED_OPEN
-7,23,3,INCLUDED_OPEN
-7,23,4,INCLUDED_OPEN
-7,23,5,INCLUDED_OPEN
-7,23,6,INCLUDED_OPEN
-7,23,7,INCLUDED_OPEN
-7,24,-1,INCLUDED_OPEN
-7,24,0,INCLUDED_OPEN
-7,24,1,INCLUDED_OPEN
-7,24,2,INCLUDED_OPEN
-7,24,3,INCLUDED_OPEN
-7,24,4,INCLUDED_OPEN
-7,24,5,INCLUDED_OPEN
-7,24,6,INCLUDED_OPEN
-7,24,7,INCLUDED_OPEN
-7,25,3,INCLUDED_OPEN
-7,25,4,INCLUDED_OPEN
-7,25,5,INCLUDED_OPEN
-7,25,6,INCLUDED_OPEN
-7,25,7,INCLUDED_OPEN
-7,26,2,INCLUDED_LOWDATA
-7,26,3,INCLUDED_OPEN
-7,26,4,INCLUDED_OPEN
-7,26,5,INCLUDED_OPEN
-7,26,6,INCLUDED_OPEN
-7,26,7,INCLUDED_OPEN
-7,27,2,INCLUDED_LOWDATA
-7,27,3,INCLUDED_OPEN
-7,27,4,INCLUDED_OPEN
-7,27,5,INCLUDED_OPEN
-7,27,6,INCLUDED_OPEN
-7,27,7,INCLUDED_LOWDATA
-6,-28,-2,INCLUDED_OPEN
-6,-28,-1,INCLUDED_OPEN
-6,-28,0,INCLUDED_OPEN
-6,-28,1,INCLUDED_OPEN
-6,-28,2,INCLUDED_OPEN
-6,-28,4,INCLUDED_OPEN
-6,-28,5,INCLUDED_OPEN
-6,-28,6,INCLUDED_OPEN
-6,-28,7,INCLUDED_OPEN
-6,-28,8,INCLUDED_OPEN
-6,-28,9,INCLUDED_OPEN
-6,-28,10,INCLUDED_OPEN
-6,-28,11,INCLUDED_OPEN
-6,-27,-2,INCLUDED_OPEN
-6,-27,-1,INCLUDED_OPEN
-6,-27,0,INCLUDED_OPEN
-6,-27,1,INCLUDED_OPEN
-6,-27,2,INCLUDED_OPEN
-6,-27,4,INCLUDED_OPEN
-6,-27,5,INCLUDED_OPEN
-6,-27,6,INCLUDED_OPEN
-6,-27,7,INCLUDED_OPEN
-6,-27,8,INCLUDED_OPEN
-6,-27,9,INCLUDED_OPEN
-6,-27,10,INCLUDED_OPEN
-6,-27,11,INCLUDED_OPEN
-6,-27,12,INCLUDED_OPEN
-6,-27,13,INCLUDED_LOWDATA
-6,-26,-2,INCLUDED_OPEN
-6,-26,-1,INCLUDED_OPEN
-6,-26,0,INCLUDED_OPEN
-6,-26,1,INCLUDED_OPEN
-6,-26,2,INCLUDED_OPEN
-6,-26,3,INCLUDED_OPEN
-6,-26,4,INCLUDED_OPEN
-6,-26,5,INCLUDED_OPEN
-6,-26,6,INCLUDED_OPEN
-6,-26,7,INCLUDED_OPEN
-6,-26,8,INCLUDED_OPEN
-6,-26,9,INCLUDED_OPEN
-6,-26,10,INCLUDED_OPEN
-6,-26,11,INCLUDED_OPEN
-6,-26,12,INCLUDED_OPEN
-6,-26,13,INCLUDED_OPEN
-6,-26,14,INCLUDED_OPEN
-6,-25,-2,INCLUDED_OPEN
-6,-25,-1,INCLUDED_OPEN
-6,-25,0,INCLUDED_OPEN
-6,-25,1,INCLUDED_OPEN
-6,-25,2,INCLUDED_OPEN
-6,-25,3,INCLUDED_OPEN
-6,-25,4,INCLUDED_OPEN
-6,-25,5,INCLUDED_OPEN
-6,-25,6,INCLUDED_OPEN
-6,-25,7,INCLUDED_OPEN
-6,-25,8,INCLUDED_OPEN
-6,-25,9,INCLUDED_OPEN
-6,-25,10,INCLUDED_OPEN
-6,-25,11,INCLUDED_OPEN
-6,-25,12,INCLUDED_OPEN
-6,-25,13,INCLUDED_OPEN
-6,-25,14,INCLUDED_OPEN
-6,-24,-2,INCLUDED_OPEN
-6,-24,-1,INCLUDED_OPEN
-6,-24,0,INCLUDED_OPEN
-6,-24,1,INCLUDED_OPEN
-6,-24,2,INCLUDED_OPEN
-6,-24,3,INCLUDED_OPEN
-6,-24,4,INCLUDED_OPEN
-6,-24,5,INCLUDED_OPEN
-6,-24,6,INCLUDED_OPEN
-6,-24,7,INCLUDED_OPEN
-6,-24,8,INCLUDED_OPEN
-6,-24,9,INCLUDED_OPEN
-6,-24,10,INCLUDED_OPEN
-6,-24,11,INCLUDED_OPEN
-6,-24,12,INCLUDED_OPEN
-6,-24,13,INCLUDED_OPEN
-6,-24,14,INCLUDED_OPEN
-6,-23,-2,INCLUDED_OPEN
-6,-23,-1,INCLUDED_OPEN
-6,-23,0,INCLUDED_OPEN
-6,-23,1,INCLUDED_OPEN
-6,-23,9,INCLUDED_OPEN
-6,-23,10,INCLUDED_OPEN
-6,-23,11,INCLUDED_OPEN
-6,-23,12,INCLUDED_OPEN
-6,-23,13,INCLUDED_OPEN
-6,-23,14,INCLUDED_LOWDATA
-6,-22,-2,INCLUDED_OPEN
-6,-22,-1,INCLUDED_OPEN
-6,-22,0,INCLUDED_OPEN
-6,-22,1,INCLUDED_OPEN
-6,-22,9,INCLUDED_OPEN
-6,-22,10,ratop
-6,-22,11,INCLUDED_OPEN
-6,-22,12,INCLUDED_OPEN
-6,-22,13,INCLUDED_OPEN
-6,-22,14,INCLUDED_LOWDATA
-6,-21,-2,INCLUDED_OPEN
-6,-21,-1,INCLUDED_OPEN
-6,-21,0,INCLUDED_OPEN
-6,-21,1,INCLUDED_OPEN
-6,-21,2,INCLUDED_OPEN
-6,-21,3,INCLUDED_OPEN
-6,-21,4,INCLUDED_OPEN
-6,-21,5,INCLUDED_OPEN
-6,-21,6,INCLUDED_OPEN
-6,-21,7,INCLUDED_OPEN
-6,-21,9,INCLUDED_OPEN
-6,-21,10,INCLUDED_OPEN
-6,-21,11,INCLUDED_OPEN
-6,-21,12,INCLUDED_OPEN
-6,-21,13,INCLUDED_OPEN
-6,-21,14,INCLUDED_OPEN
-6,-20,-2,INCLUDED_OPEN
-6,-20,-1,INCLUDED_OPEN
-6,-20,0,INCLUDED_OPEN
-6,-20,1,INCLUDED_OPEN
-6,-20,2,INCLUDED_OPEN
-6,-20,3,INCLUDED_OPEN
-6,-20,4,INCLUDED_OPEN
-6,-20,5,INCLUDED_OPEN
-6,-20,6,INCLUDED_OPEN
-6,-20,7,INCLUDED_OPEN
-6,-20,8,INCLUDED_LOWDATA
-6,-20,9,INCLUDED_OPEN
-6,-20,10,ratop
-6,-20,11,INCLUDED_OPEN
-6,-20,12,INCLUDED_OPEN
-6,-20,13,INCLUDED_OPEN
-6,-20,14,INCLUDED_OPEN
-6,-19,-2,INCLUDED_OPEN
-6,-19,-1,INCLUDED_OPEN
-6,-19,0,INCLUDED_OPEN
-6,-19,1,INCLUDED_OPEN
-6,-19,2,INCLUDED_OPEN
-6,-19,3,INCLUDED_OPEN
-6,-19,4,INCLUDED_OPEN
-6,-19,5,INCLUDED_OPEN
-6,-19,6,INCLUDED_OPEN
-6,-19,7,INCLUDED_OPEN
-6,-19,8,INCLUDED_LOWDATA
-6,-19,9,INCLUDED_OPEN
-6,-19,10,INCLUDED_OPEN
-6,-19,11,INCLUDED_OPEN
-6,-19,12,INCLUDED_OPEN
-6,-19,13,INCLUDED_OPEN
-6,-19,14,INCLUDED_LOWDATA
-6,-18,-2,INCLUDED_OPEN
-6,-18,-1,INCLUDED_OPEN
-6,-18,0,INCLUDED_OPEN
-6,-18,1,INCLUDED_OPEN
-6,-18,2,INCLUDED_OPEN
-6,-18,4,INCLUDED_OPEN
-6,-18,5,INCLUDED_OPEN
-6,-18,6,INCLUDED_OPEN
-6,-18,7,INCLUDED_OPEN
-6,-18,8,INCLUDED_LOWDATA
-6,-18,9,INCLUDED_OPEN
-6,-18,10,INCLUDED_OPEN
-6,-18,11,INCLUDED_OPEN
-6,-18,12,INCLUDED_OPEN
-6,-18,13,INCLUDED_LOWDATA
-6,-17,-2,INCLUDED_OPEN
-6,-17,-1,INCLUDED_OPEN
-6,-17,0,INCLUDED_OPEN
-6,-17,1,INCLUDED_OPEN
-6,-17,2,INCLUDED_OPEN
-6,-17,4,INCLUDED_OPEN
-6,-17,5,INCLUDED_OPEN
-6,-17,6,INCLUDED_OPEN
-6,-17,7,INCLUDED_OPEN
-6,-17,8,INCLUDED_LOWDATA
-6,-17,9,INCLUDED_OPEN
-6,-17,10,ratop
-6,-17,11,INCLUDED_OPEN
-6,-17,12,INCLUDED_LOWDATA
-6,-15,-5,INCLUDED_OPEN
-6,-15,-4,INCLUDED_OPEN
-6,-15,-3,INCLUDED_OPEN
-6,-15,-2,INCLUDED_OPEN
-6,-15,-1,INCLUDED_OPEN
-6,-15,0,INCLUDED_OPEN
-6,-15,1,INCLUDED_OPEN
-6,-15,2,INCLUDED_OPEN
-6,-14,-5,INCLUDED_OPEN
-6,-14,-4,INCLUDED_OPEN
-6,-14,-3,INCLUDED_OPEN
-6,-14,-2,INCLUDED_OPEN
-6,-14,-1,INCLUDED_OPEN
-6,-14,0,INCLUDED_OPEN
-6,-14,1,INCLUDED_LOWDATA
-6,-13,-5,INCLUDED_OPEN
-6,-13,-4,INCLUDED_OPEN
-6,-13,-3,INCLUDED_OPEN
-6,-13,-2,INCLUDED_OPEN
-6,-13,-1,INCLUDED_OPEN
-6,-13,0,INCLUDED_OPEN
-6,-13,1,INCLUDED_OPEN
-6,-13,2,INCLUDED_LOWDATA
-6,-12,-5,INCLUDED_OPEN
-6,-12,-4,tele-sng-in
-6,-12,-3,INCLUDED_OPEN
-6,-12,-2,INCLUDED_OPEN
-6,-12,-1,INCLUDED_LOWDATA
-6,-12,0,INCLUDED_LOWDATA
-6,-12,1,INCLUDED_LOWDATA
-6,-11,-6,INCLUDED_OPEN
-6,-11,-5,INCLUDED_OPEN
-6,-11,-4,tele-sng-in
-6,-11,-3,INCLUDED_OPEN
-6,-11,-2,INCLUDED_OPEN
-6,-11,-1,INCLUDED_LOWDATA
-6,-10,-6,INCLUDED_OPEN
-6,-10,-5,INCLUDED_OPEN
-6,-10,-4,INCLUDED_OPEN
-6,-10,-3,INCLUDED_OPEN
-6,-10,-2,INCLUDED_OPEN
-6,-10,-1,INCLUDED_OPEN
-6,-9,-7,INCLUDED_LOWDATA
-6,-9,-6,INCLUDED_OPEN
-6,-9,-5,INCLUDED_OPEN
-6,-9,-4,INCLUDED_OPEN
-6,-9,-3,INCLUDED_OPEN
-6,-9,-2,INCLUDED_OPEN
-6,-9,-1,INCLUDED_LOWDATA
-6,-8,-7,INCLUDED_OPEN
-6,-8,-6,INCLUDED_OPEN
-6,-8,-5,INCLUDED_OPEN
-6,-8,-4,INCLUDED_OPEN
-6,-8,-3,INCLUDED_OPEN
-6,-8,-2,INCLUDED_OPEN
-6,-8,-1,INCLUDED_LOWDATA
-6,-7,-7,INCLUDED_LOWDATA
-6,-7,-6,INCLUDED_OPEN
-6,-7,-5,INCLUDED_OPEN
-6,-7,-4,INCLUDED_OPEN
-6,-7,-3,INCLUDED_OPEN
-6,-7,-2,INCLUDED_LOWDATA
-6,-7,-1,INCLUDED_LOWDATA
-6,-6,-7,INCLUDED_LOWDATA
-6,-6,-6,INCLUDED_OPEN
-6,-6,-5,INCLUDED_OPEN
-6,-6,-4,INCLUDED_OPEN
-6,-6,-3,INCLUDED_OPEN
-6,-6,-2,INCLUDED_LOWDATA
-6,-5,-7,INCLUDED_LOWDATA
-6,-5,-6,INCLUDED_OPEN
-6,-5,-5,INCLUDED_OPEN
-6,-5,-4,INCLUDED_OPEN
-6,-5,-3,INCLUDED_OPEN
-6,-5,-2,INCLUDED_OPEN
-6,-5,-1,INCLUDED_LOWDATA
-6,8,-1,INCLUDED_LOWDATA
-6,8,0,INCLUDED_LOWDATA
-6,8,3,INCLUDED_LOWDATA
-6,8,5,INCLUDED_LOWDATA
-6,9,-1,INCLUDED_OPEN
-6,9,0,INCLUDED_OPEN
-6,9,1,INCLUDED_OPEN
-6,9,2,INCLUDED_OPEN
-6,9,3,INCLUDED_OPEN
-6,9,4,INCLUDED_OPEN
-6,9,5,INCLUDED_OPEN
-6,9,6,INCLUDED_OPEN
-6,9,7,INCLUDED_LOWDATA
-6,10,-1,INCLUDED_OPEN
-6,10,0,INCLUDED_OPEN
-6,10,1,INCLUDED_OPEN
-6,10,2,INCLUDED_OPEN
-6,10,3,INCLUDED_OPEN
-6,10,4,INCLUDED_OPEN
-6,10,5,INCLUDED_OPEN
-6,10,6,INCLUDED_OPEN
-6,10,7,INCLUDED_LOWDATA
-6,11,-1,INCLUDED_OPEN
-6,11,0,INCLUDED_OPEN
-6,11,1,INCLUDED_OPEN
-6,11,2,INCLUDED_OPEN
-6,11,3,INCLUDED_OPEN
-6,11,4,INCLUDED_OPEN
-6,11,5,INCLUDED_OPEN
-6,11,6,INCLUDED_OPEN
-6,11,7,INCLUDED_LOWDATA
-6,12,-1,INCLUDED_OPEN
-6,12,0,INCLUDED_OPEN
-6,12,1,INCLUDED_OPEN
-6,12,2,INCLUDED_OPEN
-6,12,3,INCLUDED_OPEN
-6,12,4,INCLUDED_OPEN
-6,12,5,INCLUDED_OPEN
-6,12,6,INCLUDED_OPEN
-6,12,7,INCLUDED_LOWDATA
-6,13,-1,INCLUDED_OPEN
-6,13,0,INCLUDED_OPEN
-6,13,1,INCLUDED_OPEN
-6,13,2,INCLUDED_OPEN
-6,13,3,INCLUDED_OPEN
-6,13,4,INCLUDED_OPEN
-6,13,5,INCLUDED_OPEN
-6,13,6,INCLUDED_OPEN
-6,13,7,INCLUDED_OPEN
-6,14,-1,INCLUDED_OPEN
-6,14,0,INCLUDED_OPEN
-6,14,1,INCLUDED_OPEN
-6,14,2,INCLUDED_OPEN
-6,14,3,INCLUDED_OPEN
-6,14,4,INCLUDED_OPEN
-6,14,5,INCLUDED_OPEN
-6,14,6,INCLUDED_OPEN
-6,14,7,INCLUDED_OPEN
-6,15,-1,INCLUDED_OPEN
-6,15,0,INCLUDED_OPEN
-6,15,1,INCLUDED_OPEN
-6,15,2,INCLUDED_OPEN
-6,15,3,INCLUDED_OPEN
-6,15,4,INCLUDED_OPEN
-6,15,5,INCLUDED_OPEN
-6,15,6,INCLUDED_OPEN
-6,15,7,INCLUDED_OPEN
-6,16,-1,INCLUDED_OPEN
-6,16,0,INCLUDED_OPEN
-6,16,1,INCLUDED_OPEN
-6,16,2,INCLUDED_OPEN
-6,16,3,INCLUDED_OPEN
-6,16,4,INCLUDED_OPEN
-6,16,5,INCLUDED_OPEN
-6,16,6,INCLUDED_OPEN
-6,16,7,INCLUDED_OPEN
-6,17,-1,INCLUDED_OPEN
-6,17,0,INCLUDED_OPEN
-6,17,1,INCLUDED_OPEN
-6,17,2,INCLUDED_OPEN
-6,17,3,INCLUDED_OPEN
-6,17,4,INCLUDED_OPEN
-6,17,5,INCLUDED_OPEN
-6,17,6,INCLUDED_OPEN
-6,17,7,INCLUDED_OPEN
-6,18,-1,INCLUDED_OPEN
-6,18,0,INCLUDED_OPEN
-6,18,1,INCLUDED_OPEN
-6,18,2,INCLUDED_OPEN
-6,18,3,INCLUDED_OPEN
-6,18,4,INCLUDED_OPEN
-6,18,5,INCLUDED_OPEN
-6,18,6,INCLUDED_OPEN
-6,18,7,INCLUDED_OPEN
-6,19,-1,INCLUDED_OPEN
-6,19,0,INCLUDED_OPEN
-6,19,1,INCLUDED_OPEN
-6,19,2,INCLUDED_OPEN
-6,19,3,INCLUDED_OPEN
-6,19,4,INCLUDED_OPEN
-6,19,5,INCLUDED_OPEN
-6,19,6,INCLUDED_OPEN
-6,19,7,INCLUDED_OPEN
-6,20,-1,INCLUDED_OPEN
-6,20,0,INCLUDED_OPEN
-6,20,1,INCLUDED_OPEN
-6,20,2,INCLUDED_OPEN
-6,20,3,INCLUDED_OPEN
-6,20,4,INCLUDED_OPEN
-6,20,5,INCLUDED_OPEN
-6,20,6,INCLUDED_OPEN
-6,20,7,INCLUDED_OPEN
-6,21,-1,INCLUDED_OPEN
-6,21,0,INCLUDED_OPEN
-6,21,1,INCLUDED_OPEN
-6,21,2,INCLUDED_OPEN
-6,21,3,INCLUDED_OPEN
-6,21,4,INCLUDED_OPEN
-6,21,5,INCLUDED_OPEN
-6,21,6,INCLUDED_OPEN
-6,21,7,INCLUDED_OPEN
-6,22,-1,INCLUDED_OPEN
-6,22,0,INCLUDED_OPEN
-6,22,1,INCLUDED_OPEN
-6,22,2,INCLUDED_OPEN
-6,22,3,INCLUDED_OPEN
-6,22,4,INCLUDED_OPEN
-6,22,5,INCLUDED_OPEN
-6,22,6,INCLUDED_OPEN
-6,22,7,INCLUDED_OPEN
-6,23,-1,INCLUDED_OPEN
-6,23,0,INCLUDED_OPEN
-6,23,1,INCLUDED_OPEN
-6,23,2,INCLUDED_OPEN
-6,23,3,INCLUDED_OPEN
-6,23,4,INCLUDED_OPEN
-6,23,5,INCLUDED_OPEN
-6,23,6,INCLUDED_OPEN
-6,23,7,INCLUDED_OPEN
-6,24,-1,INCLUDED_LOWDATA
-6,24,0,INCLUDED_LOWDATA
-6,24,1,INCLUDED_LOWDATA
-6,24,2,INCLUDED_LOWDATA
-6,24,3,INCLUDED_OPEN
-6,24,4,INCLUDED_OPEN
-6,24,5,INCLUDED_OPEN
-6,24,6,INCLUDED_OPEN
-6,24,7,INCLUDED_OPEN
-6,25,3,INCLUDED_OPEN
-6,25,4,INCLUDED_OPEN
-6,25,5,INCLUDED_OPEN
-6,25,6,INCLUDED_OPEN
-6,25,7,INCLUDED_OPEN
-6,26,1,INCLUDED_LOWDATA
-6,26,2,INCLUDED_LOWDATA
-6,26,3,INCLUDED_OPEN
-6,26,4,INCLUDED_OPEN
-6,26,5,INCLUDED_OPEN
-6,26,6,INCLUDED_OPEN
-6,26,7,INCLUDED_OPEN
-6,27,3,INCLUDED_OPEN
-6,27,4,INCLUDED_OPEN
-6,27,5,INCLUDED_OPEN
-6,27,6,INCLUDED_OPEN
-6,27,7,INCLUDED_LOWDATA
-5,-28,-2,INCLUDED_OPEN
-5,-28,-1,INCLUDED_OPEN
-5,-28,0,INCLUDED_OPEN
-5,-28,1,INCLUDED_OPEN
-5,-28,2,INCLUDED_OPEN
-5,-28,4,INCLUDED_OPEN
-5,-28,5,INCLUDED_OPEN
-5,-28,6,INCLUDED_OPEN
-5,-28,7,INCLUDED_OPEN
-5,-28,8,INCLUDED_OPEN
-5,-28,9,INCLUDED_OPEN
-5,-28,10,INCLUDED_OPEN
-5,-28,11,INCLUDED_OPEN
-5,-27,-2,INCLUDED_OPEN
-5,-27,-1,INCLUDED_OPEN
-5,-27,0,INCLUDED_OPEN
-5,-27,1,INCLUDED_OPEN
-5,-27,2,INCLUDED_OPEN
-5,-27,4,INCLUDED_OPEN
-5,-27,5,INCLUDED_OPEN
-5,-27,6,INCLUDED_OPEN
-5,-27,7,INCLUDED_OPEN
-5,-27,8,INCLUDED_OPEN
-5,-27,9,INCLUDED_OPEN
-5,-27,10,INCLUDED_OPEN
-5,-27,11,INCLUDED_OPEN
-5,-27,12,INCLUDED_OPEN
-5,-27,13,INCLUDED_LOWDATA
-5,-26,-2,INCLUDED_OPEN
-5,-26,-1,INCLUDED_OPEN
-5,-26,0,INCLUDED_OPEN
-5,-26,1,INCLUDED_OPEN
-5,-26,2,INCLUDED_OPEN
-5,-26,3,INCLUDED_OPEN
-5,-26,4,INCLUDED_OPEN
-5,-26,5,INCLUDED_OPEN
-5,-26,6,INCLUDED_OPEN
-5,-26,7,INCLUDED_OPEN
-5,-26,8,INCLUDED_OPEN
-5,-26,9,INCLUDED_OPEN
-5,-26,10,INCLUDED_OPEN
-5,-26,11,INCLUDED_OPEN
-5,-26,12,INCLUDED_OPEN
-5,-26,13,INCLUDED_OPEN
-5,-26,14,INCLUDED_LOWDATA
-5,-25,-2,INCLUDED_OPEN
-5,-25,-1,INCLUDED_OPEN
-5,-25,0,INCLUDED_OPEN
-5,-25,1,INCLUDED_OPEN
-5,-25,2,INCLUDED_OPEN
-5,-25,3,INCLUDED_OPEN
-5,-25,4,INCLUDED_OPEN
-5,-25,5,INCLUDED_OPEN
-5,-25,6,INCLUDED_OPEN
-5,-25,7,INCLUDED_OPEN
-5,-25,8,INCLUDED_OPEN
-5,-25,9,INCLUDED_OPEN
-5,-25,10,INCLUDED_OPEN
-5,-25,11,INCLUDED_OPEN
-5,-25,12,INCLUDED_OPEN
-5,-25,13,INCLUDED_OPEN
-5,-25,14,INCLUDED_OPEN
-5,-24,-2,INCLUDED_OPEN
-5,-24,-1,INCLUDED_OPEN
-5,-24,0,INCLUDED_OPEN
-5,-24,1,INCLUDED_OPEN
-5,-24,2,INCLUDED_OPEN
-5,-24,3,INCLUDED_OPEN
-5,-24,4,INCLUDED_OPEN
-5,-24,5,INCLUDED_OPEN
-5,-24,6,INCLUDED_OPEN
-5,-24,7,INCLUDED_OPEN
-5,-24,8,INCLUDED_OPEN
-5,-24,9,INCLUDED_OPEN
-5,-24,10,INCLUDED_OPEN
-5,-24,11,INCLUDED_OPEN
-5,-24,12,INCLUDED_OPEN
-5,-24,13,INCLUDED_OPEN
-5,-24,14,INCLUDED_LOWDATA
-5,-23,-2,INCLUDED_OPEN
-5,-23,-1,INCLUDED_OPEN
-5,-23,0,INCLUDED_OPEN
-5,-23,1,INCLUDED_OPEN
-5,-23,2,INCLUDED_OPEN
-5,-23,9,INCLUDED_OPEN
-5,-23,10,ratop
-5,-23,11,INCLUDED_OPEN
-5,-23,12,INCLUDED_OPEN
-5,-23,13,constrained-misc
-5,-23,14,INCLUDED_LOWDATA
-5,-22,-2,INCLUDED_OPEN
-5,-22,-1,INCLUDED_OPEN
-5,-22,0,INCLUDED_OPEN
-5,-22,1,INCLUDED_OPEN
-5,-22,2,INCLUDED_OPEN
-5,-22,9,INCLUDED_OPEN
-5,-22,10,ratop
-5,-22,11,INCLUDED_OPEN
-5,-22,12,INCLUDED_OPEN
-5,-22,13,INCLUDED_OPEN
-5,-22,14,INCLUDED_LOWDATA
-5,-21,-2,INCLUDED_OPEN
-5,-21,-1,INCLUDED_OPEN
-5,-21,0,INCLUDED_OPEN
-5,-21,1,INCLUDED_OPEN
-5,-21,2,INCLUDED_OPEN
-5,-21,3,INCLUDED_OPEN
-5,-21,4,INCLUDED_OPEN
-5,-21,5,INCLUDED_OPEN
-5,-21,6,INCLUDED_OPEN
-5,-21,7,INCLUDED_OPEN
-5,-21,9,INCLUDED_OPEN
-5,-21,10,ratop
-5,-21,11,INCLUDED_OPEN
-5,-21,12,INCLUDED_OPEN
-5,-21,13,INCLUDED_LOWDATA
-5,-21,14,INCLUDED_LOWDATA
-5,-20,-2,INCLUDED_OPEN
-5,-20,-1,INCLUDED_OPEN
-5,-20,0,INCLUDED_OPEN
-5,-20,1,INCLUDED_OPEN
-5,-20,2,INCLUDED_OPEN
-5,-20,3,INCLUDED_OPEN
-5,-20,4,INCLUDED_OPEN
-5,-20,5,INCLUDED_OPEN
-5,-20,6,INCLUDED_OPEN
-5,-20,7,INCLUDED_OPEN
-5,-20,9,INCLUDED_OPEN
-5,-20,10,ratop
-5,-20,11,INCLUDED_OPEN
-5,-20,12,INCLUDED_OPEN
-5,-20,13,INCLUDED_OPEN
-5,-20,14,INCLUDED_LOWDATA
-5,-19,-2,INCLUDED_OPEN
-5,-19,-1,INCLUDED_OPEN
-5,-19,0,INCLUDED_OPEN
-5,-19,1,INCLUDED_OPEN
-5,-19,2,INCLUDED_OPEN
-5,-19,3,INCLUDED_OPEN
-5,-19,4,INCLUDED_OPEN
-5,-19,5,INCLUDED_OPEN
-5,-19,6,INCLUDED_OPEN
-5,-19,7,INCLUDED_OPEN
-5,-19,8,INCLUDED_LOWDATA
-5,-19,9,INCLUDED_OPEN
-5,-19,10,ratop
-5,-19,11,INCLUDED_OPEN
-5,-19,12,INCLUDED_OPEN
-5,-19,13,INCLUDED_OPEN
-5,-19,14,INCLUDED_LOWDATA
-5,-18,-2,INCLUDED_OPEN
-5,-18,-1,INCLUDED_OPEN
-5,-18,0,INCLUDED_OPEN
-5,-18,1,INCLUDED_OPEN
-5,-18,2,INCLUDED_OPEN
-5,-18,4,INCLUDED_OPEN
-5,-18,5,INCLUDED_OPEN
-5,-18,6,INCLUDED_OPEN
-5,-18,7,INCLUDED_OPEN
-5,-18,8,INCLUDED_LOWDATA
-5,-18,9,INCLUDED_OPEN
-5,-18,10,ratop
-5,-18,11,INCLUDED_OPEN
-5,-18,12,INCLUDED_OPEN
-5,-18,13,INCLUDED_LOWDATA
-5,-17,-2,INCLUDED_OPEN
-5,-17,-1,INCLUDED_OPEN
-5,-17,0,INCLUDED_OPEN
-5,-17,1,INCLUDED_OPEN
-5,-17,2,INCLUDED_OPEN
-5,-17,4,INCLUDED_OPEN
-5,-17,5,INCLUDED_OPEN
-5,-17,6,INCLUDED_OPEN
-5,-17,7,INCLUDED_OPEN
-5,-17,8,INCLUDED_LOWDATA
-5,-17,9,INCLUDED_OPEN
-5,-17,10,ratop
-5,-17,11,INCLUDED_OPEN
-5,-17,12,INCLUDED_LOWDATA
-5,-15,-5,INCLUDED_OPEN
-5,-15,-4,INCLUDED_OPEN
-5,-15,-3,INCLUDED_OPEN
-5,-15,-2,INCLUDED_OPEN
-5,-15,-1,INCLUDED_OPEN
-5,-15,0,INCLUDED_OPEN
-5,-15,1,constrained-misc
-5,-15,2,INCLUDED_OPEN
-5,-14,-5,INCLUDED_OPEN
-5,-14,-4,INCLUDED_OPEN
-5,-14,-3,INCLUDED_OPEN
-5,-14,-2,INCLUDED_OPEN
-5,-14,-1,INCLUDED_OPEN
-5,-14,0,INCLUDED_OPEN
-5,-14,1,INCLUDED_OPEN
-5,-14,2,INCLUDED_LOWDATA
-5,-13,-5,INCLUDED_OPEN
-5,-13,-4,INCLUDED_OPEN
-5,-13,-3,INCLUDED_OPEN
-5,-13,-2,INCLUDED_OPEN
-5,-13,-1,INCLUDED_OPEN
-5,-13,0,INCLUDED_OPEN
-5,-13,1,INCLUDED_OPEN
-5,-13,2,INCLUDED_OPEN
-5,-12,-5,INCLUDED_OPEN
-5,-12,-4,tele-sng-in
-5,-12,-3,INCLUDED_OPEN
-5,-12,-2,INCLUDED_OPEN
-5,-12,-1,INCLUDED_LOWDATA
-5,-12,0,INCLUDED_LOWDATA
-5,-11,-6,INCLUDED_OPEN
-5,-11,-5,INCLUDED_OPEN
-5,-11,-4,INCLUDED_OPEN
-5,-11,-3,INCLUDED_OPEN
-5,-11,-2,INCLUDED_OPEN
-5,-11,-1,constrained-misc
-5,-10,-6,INCLUDED_LOWDATA
-5,-10,-5,INCLUDED_OPEN
-5,-10,-4,INCLUDED_OPEN
-5,-10,-3,tele-sng-in
-5,-10,-2,INCLUDED_OPEN
-5,-10,-1,constrained-misc
-5,-9,-7,INCLUDED_LOWDATA
-5,-9,-6,INCLUDED_OPEN
-5,-9,-5,INCLUDED_OPEN
-5,-9,-4,INCLUDED_OPEN
-5,-9,-3,INCLUDED_OPEN
-5,-9,-2,INCLUDED_LOWDATA
-5,-9,-1,INCLUDED_LOWDATA
-5,-8,-7,INCLUDED_OPEN
-5,-8,-6,INCLUDED_OPEN
-5,-8,-5,INCLUDED_OPEN
-5,-8,-4,INCLUDED_OPEN
-5,-8,-3,INCLUDED_OPEN
-5,-8,-2,INCLUDED_OPEN
-5,-8,-1,INCLUDED_OPEN
-5,-7,-7,INCLUDED_LOWDATA
-5,-7,-6,INCLUDED_OPEN
-5,-7,-5,INCLUDED_OPEN
-5,-7,-4,INCLUDED_OPEN
-5,-7,-3,INCLUDED_OPEN
-5,-7,-2,INCLUDED_OPEN
-5,-7,-1,INCLUDED_LOWDATA
-5,-6,-7,INCLUDED_OPEN
-5,-6,-6,INCLUDED_OPEN
-5,-6,-5,INCLUDED_OPEN
-5,-6,-4,INCLUDED_OPEN
-5,-6,-3,INCLUDED_OPEN
-5,-6,-2,INCLUDED_LOWDATA
-5,-6,-1,INCLUDED_LOWDATA
-5,-5,-7,INCLUDED_OPEN
-5,-5,-6,INCLUDED_OPEN
-5,-5,-5,INCLUDED_OPEN
-5,-5,-4,INCLUDED_OPEN
-5,-5,-3,INCLUDED_OPEN
-5,-5,-2,INCLUDED_OPEN
-5,-5,-1,INCLUDED_OPEN
-5,9,0,INCLUDED_LOWDATA
-5,9,1,INCLUDED_LOWDATA
-5,9,2,INCLUDED_LOWDATA
-5,9,4,INCLUDED_LOWDATA
-5,9,5,INCLUDED_LOWDATA
-5,9,6,INCLUDED_LOWDATA
-5,10,-1,INCLUDED_OPEN
-5,10,0,INCLUDED_OPEN
-5,10,1,INCLUDED_OPEN
-5,10,2,INCLUDED_OPEN
-5,10,3,INCLUDED_OPEN
-5,10,4,INCLUDED_OPEN
-5,10,5,INCLUDED_OPEN
-5,10,6,INCLUDED_OPEN
-5,10,7,INCLUDED_LOWDATA
-5,11,-1,INCLUDED_OPEN
-5,11,0,INCLUDED_OPEN
-5,11,1,INCLUDED_OPEN
-5,11,2,INCLUDED_OPEN
-5,11,3,INCLUDED_OPEN
-5,11,4,INCLUDED_OPEN
-5,11,5,INCLUDED_OPEN
-5,11,6,INCLUDED_OPEN
-5,11,7,INCLUDED_LOWDATA
-5,12,-1,INCLUDED_LOWDATA
-5,12,0,INCLUDED_OPEN
-5,12,1,INCLUDED_OPEN
-5,12,2,INCLUDED_OPEN
-5,12,3,INCLUDED_OPEN
-5,12,4,INCLUDED_OPEN
-5,12,5,INCLUDED_OPEN
-5,12,6,INCLUDED_OPEN
-5,12,7,INCLUDED_LOWDATA
-5,13,-1,INCLUDED_OPEN
-5,13,0,INCLUDED_OPEN
-5,13,1,INCLUDED_OPEN
-5,13,2,INCLUDED_OPEN
-5,13,3,INCLUDED_OPEN
-5,13,4,INCLUDED_OPEN
-5,13,5,INCLUDED_OPEN
-5,13,6,INCLUDED_OPEN
-5,13,7,INCLUDED_OPEN
-5,14,-1,INCLUDED_LOWDATA
-5,14,0,INCLUDED_OPEN
-5,14,1,INCLUDED_OPEN
-5,14,2,INCLUDED_OPEN
-5,14,3,INCLUDED_OPEN
-5,14,4,INCLUDED_OPEN
-5,14,5,INCLUDED_OPEN
-5,14,6,INCLUDED_OPEN
-5,14,7,INCLUDED_OPEN
-5,15,-1,INCLUDED_OPEN
-5,15,0,INCLUDED_OPEN
-5,15,1,INCLUDED_OPEN
-5,15,2,INCLUDED_OPEN
-5,15,3,INCLUDED_OPEN
-5,15,4,INCLUDED_OPEN
-5,15,5,INCLUDED_OPEN
-5,15,6,INCLUDED_OPEN
-5,15,7,INCLUDED_OPEN
-5,16,-1,INCLUDED_LOWDATA
-5,16,0,INCLUDED_OPEN
-5,16,1,INCLUDED_OPEN
-5,16,2,INCLUDED_OPEN
-5,16,3,INCLUDED_OPEN
-5,16,4,INCLUDED_OPEN
-5,16,5,INCLUDED_OPEN
-5,16,6,INCLUDED_OPEN
-5,16,7,INCLUDED_OPEN
-5,17,-1,INCLUDED_LOWDATA
-5,17,0,INCLUDED_OPEN
-5,17,1,INCLUDED_OPEN
-5,17,2,INCLUDED_OPEN
-5,17,3,INCLUDED_OPEN
-5,17,4,INCLUDED_OPEN
-5,17,5,INCLUDED_OPEN
-5,17,6,INCLUDED_OPEN
-5,17,7,INCLUDED_OPEN
-5,18,-1,INCLUDED_LOWDATA
-5,18,0,INCLUDED_OPEN
-5,18,1,INCLUDED_OPEN
-5,18,2,INCLUDED_OPEN
-5,18,3,INCLUDED_OPEN
-5,18,4,INCLUDED_OPEN
-5,18,5,INCLUDED_OPEN
-5,18,6,INCLUDED_OPEN
-5,18,7,INCLUDED_OPEN
-5,19,-1,INCLUDED_OPEN
-5,19,0,INCLUDED_OPEN
-5,19,1,INCLUDED_OPEN
-5,19,2,INCLUDED_OPEN
-5,19,3,INCLUDED_OPEN
-5,19,4,INCLUDED_OPEN
-5,19,5,INCLUDED_OPEN
-5,19,6,INCLUDED_OPEN
-5,19,7,INCLUDED_OPEN
-5,20,-1,INCLUDED_OPEN
-5,20,0,INCLUDED_OPEN
-5,20,1,INCLUDED_OPEN
-5,20,2,INCLUDED_OPEN
-5,20,3,INCLUDED_OPEN
-5,20,4,INCLUDED_OPEN
-5,20,5,INCLUDED_OPEN
-5,20,6,INCLUDED_OPEN
-5,20,7,INCLUDED_OPEN
-5,21,-1,INCLUDED_LOWDATA
-5,21,0,INCLUDED_OPEN
-5,21,1,INCLUDED_OPEN
-5,21,2,INCLUDED_OPEN
-5,21,3,INCLUDED_OPEN
-5,21,4,INCLUDED_OPEN
-5,21,5,INCLUDED_OPEN
-5,21,6,INCLUDED_OPEN
-5,21,7,INCLUDED_OPEN
-5,22,-1,constrained-misc
-5,22,0,INCLUDED_OPEN
-5,22,1,INCLUDED_OPEN
-5,22,2,INCLUDED_OPEN
-5,22,3,INCLUDED_OPEN
-5,22,4,INCLUDED_OPEN
-5,22,5,INCLUDED_OPEN
-5,22,6,INCLUDED_OPEN
-5,22,7,INCLUDED_OPEN
-5,23,0,INCLUDED_LOWDATA
-5,23,1,INCLUDED_LOWDATA
-5,23,3,INCLUDED_OPEN
-5,23,4,INCLUDED_OPEN
-5,23,5,INCLUDED_OPEN
-5,23,6,INCLUDED_OPEN
-5,23,7,INCLUDED_OPEN
-5,24,3,INCLUDED_OPEN
-5,24,4,INCLUDED_OPEN
-5,24,5,INCLUDED_OPEN
-5,24,6,INCLUDED_OPEN
-5,24,7,INCLUDED_OPEN
-5,25,1,INCLUDED_LOWDATA
-5,25,3,INCLUDED_OPEN
-5,25,4,INCLUDED_OPEN
-5,25,5,INCLUDED_OPEN
-5,25,6,INCLUDED_OPEN
-5,25,7,INCLUDED_OPEN
-5,26,1,INCLUDED_LOWDATA
-5,26,3,INCLUDED_OPEN
-5,26,4,INCLUDED_OPEN
-5,26,5,INCLUDED_OPEN
-5,26,6,INCLUDED_OPEN
-5,26,7,INCLUDED_OPEN
-5,27,3,INCLUDED_OPEN
-5,27,4,INCLUDED_OPEN
-5,27,5,INCLUDED_OPEN
-5,27,6,INCLUDED_OPEN
-5,27,7,INCLUDED_LOWDATA
-4,-28,-2,INCLUDED_OPEN
-4,-28,-1,INCLUDED_OPEN
-4,-28,0,INCLUDED_OPEN
-4,-28,1,INCLUDED_OPEN
-4,-28,2,INCLUDED_OPEN
-4,-28,4,INCLUDED_OPEN
-4,-28,5,INCLUDED_OPEN
-4,-28,6,INCLUDED_OPEN
-4,-28,7,INCLUDED_OPEN
-4,-28,8,INCLUDED_OPEN
-4,-28,9,INCLUDED_OPEN
-4,-28,10,INCLUDED_OPEN
-4,-28,11,INCLUDED_OPEN
-4,-28,12,INCLUDED_LOWDATA
-4,-27,-2,INCLUDED_OPEN
-4,-27,-1,INCLUDED_OPEN
-4,-27,0,INCLUDED_OPEN
-4,-27,1,INCLUDED_OPEN
-4,-27,2,INCLUDED_OPEN
-4,-27,3,INCLUDED_LOWDATA
-4,-27,4,INCLUDED_OPEN
-4,-27,5,INCLUDED_OPEN
-4,-27,6,INCLUDED_OPEN
-4,-27,7,INCLUDED_OPEN
-4,-27,8,INCLUDED_OPEN
-4,-27,9,INCLUDED_OPEN
-4,-27,10,INCLUDED_OPEN
-4,-27,11,INCLUDED_OPEN
-4,-27,12,INCLUDED_OPEN
-4,-27,13,INCLUDED_LOWDATA
-4,-26,-2,INCLUDED_OPEN
-4,-26,-1,INCLUDED_OPEN
-4,-26,0,INCLUDED_OPEN
-4,-26,1,INCLUDED_OPEN
-4,-26,2,INCLUDED_OPEN
-4,-26,3,INCLUDED_OPEN
-4,-26,4,INCLUDED_OPEN
-4,-26,5,INCLUDED_OPEN
-4,-26,6,INCLUDED_OPEN
-4,-26,7,INCLUDED_OPEN
-4,-26,8,INCLUDED_OPEN
-4,-26,9,INCLUDED_OPEN
-4,-26,10,INCLUDED_OPEN
-4,-26,11,INCLUDED_OPEN
-4,-26,12,INCLUDED_OPEN
-4,-26,13,INCLUDED_OPEN
-4,-26,14,INCLUDED_LOWDATA
-4,-25,-2,INCLUDED_OPEN
-4,-25,-1,INCLUDED_OPEN
-4,-25,0,INCLUDED_OPEN
-4,-25,1,INCLUDED_OPEN
-4,-25,2,INCLUDED_OPEN
-4,-25,3,INCLUDED_OPEN
-4,-25,4,INCLUDED_OPEN
-4,-25,5,INCLUDED_OPEN
-4,-25,6,INCLUDED_OPEN
-4,-25,7,INCLUDED_OPEN
-4,-25,8,INCLUDED_OPEN
-4,-25,9,INCLUDED_OPEN
-4,-25,10,INCLUDED_OPEN
-4,-25,11,INCLUDED_OPEN
-4,-25,12,INCLUDED_OPEN
-4,-25,13,INCLUDED_LOWDATA
-4,-25,14,INCLUDED_OPEN
-4,-24,-2,INCLUDED_OPEN
-4,-24,-1,INCLUDED_OPEN
-4,-24,0,INCLUDED_OPEN
-4,-24,1,INCLUDED_OPEN
-4,-24,2,INCLUDED_OPEN
-4,-24,3,INCLUDED_OPEN
-4,-24,4,INCLUDED_OPEN
-4,-24,5,INCLUDED_OPEN
-4,-24,6,INCLUDED_OPEN
-4,-24,7,INCLUDED_OPEN
-4,-24,8,INCLUDED_OPEN
-4,-24,9,INCLUDED_OPEN
-4,-24,10,INCLUDED_OPEN
-4,-24,11,INCLUDED_OPEN
-4,-24,12,INCLUDED_OPEN
-4,-24,13,INCLUDED_OPEN
-4,-24,14,INCLUDED_OPEN
-4,-23,-2,INCLUDED_OPEN
-4,-23,-1,INCLUDED_OPEN
-4,-23,0,INCLUDED_OPEN
-4,-23,1,INCLUDED_OPEN
-4,-23,2,INCLUDED_OPEN
-4,-23,3,INCLUDED_OPEN
-4,-23,4,INCLUDED_OPEN
-4,-23,5,INCLUDED_OPEN
-4,-23,6,INCLUDED_OPEN
-4,-23,7,INCLUDED_OPEN
-4,-23,8,INCLUDED_LOWDATA
-4,-23,9,INCLUDED_OPEN
-4,-23,10,ratop
-4,-23,11,INCLUDED_OPEN
-4,-23,12,INCLUDED_OPEN
-4,-23,13,INCLUDED_LOWDATA
-4,-23,14,INCLUDED_LOWDATA
-4,-22,-2,INCLUDED_OPEN
-4,-22,-1,INCLUDED_OPEN
-4,-22,0,INCLUDED_OPEN
-4,-22,1,INCLUDED_OPEN
-4,-22,2,INCLUDED_OPEN
-4,-22,3,INCLUDED_OPEN
-4,-22,4,INCLUDED_OPEN
-4,-22,5,INCLUDED_OPEN
-4,-22,6,INCLUDED_OPEN
-4,-22,7,INCLUDED_OPEN
-4,-22,8,INCLUDED_LOWDATA
-4,-22,9,INCLUDED_LOWDATA
-4,-22,10,ratop
-4,-22,11,INCLUDED_OPEN
-4,-22,12,INCLUDED_OPEN
-4,-22,13,INCLUDED_LOWDATA
-4,-22,14,INCLUDED_LOWDATA
-4,-21,-2,INCLUDED_OPEN
-4,-21,-1,INCLUDED_OPEN
-4,-21,0,INCLUDED_OPEN
-4,-21,1,INCLUDED_OPEN
-4,-21,2,INCLUDED_OPEN
-4,-21,3,INCLUDED_OPEN
-4,-21,4,INCLUDED_OPEN
-4,-21,5,INCLUDED_OPEN
-4,-21,6,INCLUDED_OPEN
-4,-21,7,INCLUDED_OPEN
-4,-21,8,INCLUDED_OPEN
-4,-21,9,INCLUDED_OPEN
-4,-21,10,ratop
-4,-21,11,INCLUDED_OPEN
-4,-21,12,INCLUDED_OPEN
-4,-21,13,INCLUDED_OPEN
-4,-21,14,constrained-misc
-4,-20,-2,INCLUDED_OPEN
-4,-20,-1,INCLUDED_OPEN
-4,-20,0,INCLUDED_OPEN
-4,-20,1,INCLUDED_OPEN
-4,-20,2,INCLUDED_OPEN
-4,-20,3,INCLUDED_OPEN
-4,-20,4,INCLUDED_OPEN
-4,-20,5,INCLUDED_OPEN
-4,-20,6,INCLUDED_OPEN
-4,-20,7,INCLUDED_OPEN
-4,-20,8,INCLUDED_OPEN
-4,-20,9,INCLUDED_OPEN
-4,-20,10,ratop
-4,-20,11,INCLUDED_OPEN
-4,-20,12,INCLUDED_OPEN
-4,-20,13,constrained-misc
-4,-20,14,INCLUDED_LOWDATA
-4,-19,-2,INCLUDED_OPEN
-4,-19,-1,INCLUDED_OPEN
-4,-19,0,INCLUDED_OPEN
-4,-19,1,INCLUDED_OPEN
-4,-19,2,INCLUDED_OPEN
-4,-19,3,INCLUDED_OPEN
-4,-19,4,INCLUDED_OPEN
-4,-19,5,INCLUDED_OPEN
-4,-19,6,INCLUDED_OPEN
-4,-19,7,INCLUDED_OPEN
-4,-19,8,INCLUDED_OPEN
-4,-19,9,INCLUDED_OPEN
-4,-19,10,ratop
-4,-19,11,INCLUDED_OPEN
-4,-19,12,INCLUDED_OPEN
-4,-19,13,INCLUDED_OPEN
-4,-19,14,INCLUDED_LOWDATA
-4,-18,-2,INCLUDED_OPEN
-4,-18,-1,INCLUDED_OPEN
-4,-18,0,INCLUDED_OPEN
-4,-18,1,INCLUDED_OPEN
-4,-18,2,INCLUDED_OPEN
-4,-18,4,INCLUDED_OPEN
-4,-18,5,INCLUDED_OPEN
-4,-18,6,INCLUDED_OPEN
-4,-18,7,INCLUDED_OPEN
-4,-18,9,INCLUDED_LOWDATA
-4,-18,10,ratop
-4,-18,11,INCLUDED_OPEN
-4,-18,12,INCLUDED_OPEN
-4,-18,13,INCLUDED_LOWDATA
-4,-17,-2,INCLUDED_OPEN
-4,-17,-1,INCLUDED_OPEN
-4,-17,0,INCLUDED_OPEN
-4,-17,1,INCLUDED_OPEN
-4,-17,2,INCLUDED_OPEN
-4,-17,4,INCLUDED_OPEN
-4,-17,5,INCLUDED_OPEN
-4,-17,6,INCLUDED_OPEN
-4,-17,7,INCLUDED_OPEN
-4,-17,8,INCLUDED_LOWDATA
-4,-17,9,INCLUDED_OPEN
-4,-17,10,ratop
-4,-17,11,INCLUDED_OPEN
-4,-17,12,INCLUDED_LOWDATA
-4,-15,-4,INCLUDED_OPEN
-4,-15,-3,INCLUDED_OPEN
-4,-15,-2,INCLUDED_OPEN
-4,-15,-1,INCLUDED_OPEN
-4,-15,0,INCLUDED_OPEN
-4,-15,1,INCLUDED_OPEN
-4,-15,2,INCLUDED_OPEN
-4,-14,-4,INCLUDED_OPEN
-4,-14,-3,INCLUDED_OPEN
-4,-14,-2,INCLUDED_OPEN
-4,-14,-1,INCLUDED_OPEN
-4,-14,0,INCLUDED_OPEN
-4,-14,1,INCLUDED_OPEN
-4,-14,2,INCLUDED_LOWDATA
-4,-13,-4,INCLUDED_LOWDATA
-4,-13,-3,INCLUDED_OPEN
-4,-13,-2,INCLUDED_OPEN
-4,-13,-1,INCLUDED_OPEN
-4,-13,0,INCLUDED_OPEN
-4,-13,1,INCLUDED_OPEN
-4,-13,2,INCLUDED_OPEN
-4,-12,-3,INCLUDED_LOWDATA
-4,-12,0,INCLUDED_LOWDATA
-4,-12,1,INCLUDED_LOWDATA
-4,-8,-7,INCLUDED_OPEN
-4,-8,-6,INCLUDED_OPEN
-4,-8,-5,INCLUDED_OPEN
-4,-8,-4,INCLUDED_OPEN
-4,-7,-7,INCLUDED_OPEN
-4,-7,-6,INCLUDED_OPEN
-4,-7,-5,INCLUDED_OPEN
-4,-7,-4,INCLUDED_OPEN
-4,-6,-7,INCLUDED_OPEN
-4,-6,-6,INCLUDED_OPEN
-4,-6,-5,INCLUDED_OPEN
-4,-6,-4,INCLUDED_OPEN
-4,-5,-7,INCLUDED_OPEN
-4,-5,-6,INCLUDED_OPEN
-4,-5,-5,INCLUDED_OPEN
-4,-5,-4,INCLUDED_OPEN
-4,10,0,constrained-misc
-4,10,1,INCLUDED_LOWDATA
-4,10,2,INCLUDED_LOWDATA
-4,10,4,INCLUDED_LOWDATA
-4,11,0,INCLUDED_OPEN
-4,11,1,INCLUDED_OPEN
-4,11,2,INCLUDED_OPEN
-4,11,3,INCLUDED_OPEN
-4,11,4,INCLUDED_OPEN
-4,11,5,INCLUDED_OPEN
-4,11,6,INCLUDED_OPEN
-4,11,7,INCLUDED_LOWDATA
-4,12,0,INCLUDED_OPEN
-4,12,1,INCLUDED_OPEN
-4,12,2,INCLUDED_OPEN
-4,12,3,INCLUDED_OPEN
-4,12,4,INCLUDED_OPEN
-4,12,5,INCLUDED_OPEN
-4,12,6,INCLUDED_OPEN
-4,12,7,INCLUDED_OPEN
-4,13,0,INCLUDED_OPEN
-4,13,1,INCLUDED_OPEN
-4,13,2,INCLUDED_OPEN
-4,13,3,INCLUDED_OPEN
-4,13,4,INCLUDED_OPEN
-4,13,5,INCLUDED_OPEN
-4,13,6,INCLUDED_OPEN
-4,13,7,INCLUDED_OPEN
-4,14,0,INCLUDED_OPEN
-4,14,1,INCLUDED_OPEN
-4,14,2,INCLUDED_OPEN
-4,14,3,INCLUDED_OPEN
-4,14,4,INCLUDED_OPEN
-4,14,5,INCLUDED_OPEN
-4,14,6,INCLUDED_OPEN
-4,14,7,INCLUDED_LOWDATA
-4,15,0,INCLUDED_OPEN
-4,15,1,INCLUDED_OPEN
-4,15,2,INCLUDED_OPEN
-4,15,3,INCLUDED_OPEN
-4,15,4,INCLUDED_OPEN
-4,15,5,INCLUDED_OPEN
-4,15,6,INCLUDED_OPEN
-4,15,7,INCLUDED_OPEN
-4,16,0,INCLUDED_OPEN
-4,16,1,INCLUDED_OPEN
-4,16,2,INCLUDED_OPEN
-4,16,3,INCLUDED_OPEN
-4,16,4,INCLUDED_OPEN
-4,16,5,INCLUDED_OPEN
-4,16,6,INCLUDED_OPEN
-4,16,7,INCLUDED_OPEN
-4,17,0,INCLUDED_OPEN
-4,17,1,INCLUDED_OPEN
-4,17,2,INCLUDED_OPEN
-4,17,3,INCLUDED_OPEN
-4,17,4,INCLUDED_OPEN
-4,17,5,INCLUDED_OPEN
-4,17,6,INCLUDED_OPEN
-4,17,7,INCLUDED_LOWDATA
-4,18,0,INCLUDED_OPEN
-4,18,1,INCLUDED_OPEN
-4,18,2,INCLUDED_OPEN
-4,18,3,INCLUDED_OPEN
-4,18,4,INCLUDED_OPEN
-4,18,5,INCLUDED_OPEN
-4,18,6,INCLUDED_OPEN
-4,18,7,INCLUDED_OPEN
-4,19,0,INCLUDED_OPEN
-4,19,1,INCLUDED_OPEN
-4,19,2,INCLUDED_OPEN
-4,19,3,INCLUDED_OPEN
-4,19,4,INCLUDED_OPEN
-4,19,5,INCLUDED_OPEN
-4,19,6,INCLUDED_OPEN
-4,19,7,INCLUDED_OPEN
-4,20,0,INCLUDED_OPEN
-4,20,1,INCLUDED_OPEN
-4,20,2,INCLUDED_OPEN
-4,20,3,INCLUDED_OPEN
-4,20,4,INCLUDED_OPEN
-4,20,5,INCLUDED_OPEN
-4,20,6,INCLUDED_OPEN
-4,20,7,INCLUDED_OPEN
-4,21,0,INCLUDED_OPEN
-4,21,1,INCLUDED_OPEN
-4,21,2,INCLUDED_OPEN
-4,21,3,INCLUDED_OPEN
-4,21,4,INCLUDED_OPEN
-4,21,5,INCLUDED_OPEN
-4,21,6,INCLUDED_OPEN
-4,21,7,INCLUDED_OPEN
-4,22,0,INCLUDED_LOWDATA
-4,22,1,INCLUDED_LOWDATA
-4,22,2,INCLUDED_OPEN
-4,22,3,INCLUDED_OPEN
-4,22,4,INCLUDED_OPEN
-4,22,5,INCLUDED_OPEN
-4,22,6,INCLUDED_OPEN
-4,22,7,INCLUDED_OPEN
-4,23,2,INCLUDED_LOWDATA
-4,23,3,INCLUDED_OPEN
-4,23,4,INCLUDED_OPEN
-4,23,5,INCLUDED_OPEN
-4,23,6,INCLUDED_OPEN
-4,23,7,INCLUDED_OPEN
-4,24,1,INCLUDED_LOWDATA
-4,24,3,INCLUDED_OPEN
-4,24,4,INCLUDED_OPEN
-4,24,5,INCLUDED_OPEN
-4,24,6,INCLUDED_OPEN
-4,24,7,INCLUDED_OPEN
-4,25,1,INCLUDED_LOWDATA
-4,25,3,INCLUDED_OPEN
-4,25,4,INCLUDED_OPEN
-4,25,5,INCLUDED_OPEN
-4,25,6,INCLUDED_OPEN
-4,25,7,INCLUDED_OPEN
-4,26,3,INCLUDED_OPEN
-4,26,4,INCLUDED_OPEN
-4,26,5,INCLUDED_OPEN
-4,26,6,INCLUDED_OPEN
-4,27,3,INCLUDED_LOWDATA
-3,-28,-2,INCLUDED_OPEN
-3,-28,-1,INCLUDED_OPEN
-3,-28,0,INCLUDED_OPEN
-3,-28,1,INCLUDED_OPEN
-3,-28,2,INCLUDED_OPEN
-3,-28,4,INCLUDED_OPEN
-3,-28,5,INCLUDED_OPEN
-3,-28,6,INCLUDED_OPEN
-3,-28,7,INCLUDED_OPEN
-3,-28,8,INCLUDED_OPEN
-3,-28,9,INCLUDED_OPEN
-3,-28,10,INCLUDED_OPEN
-3,-28,11,INCLUDED_OPEN
-3,-28,12,INCLUDED_LOWDATA
-3,-27,-2,INCLUDED_OPEN
-3,-27,-1,INCLUDED_OPEN
-3,-27,0,INCLUDED_OPEN
-3,-27,1,INCLUDED_OPEN
-3,-27,2,INCLUDED_OPEN
-3,-27,4,INCLUDED_OPEN
-3,-27,5,INCLUDED_OPEN
-3,-27,6,INCLUDED_OPEN
-3,-27,7,INCLUDED_OPEN
-3,-27,8,INCLUDED_OPEN
-3,-27,9,INCLUDED_OPEN
-3,-27,10,INCLUDED_OPEN
-3,-27,11,INCLUDED_OPEN
-3,-27,12,INCLUDED_OPEN
-3,-27,13,INCLUDED_LOWDATA
-3,-26,-2,INCLUDED_OPEN
-3,-26,-1,INCLUDED_OPEN
-3,-26,0,INCLUDED_OPEN
-3,-26,1,INCLUDED_OPEN
-3,-26,2,INCLUDED_OPEN
-3,-26,3,INCLUDED_OPEN
-3,-26,4,INCLUDED_OPEN
-3,-26,5,INCLUDED_OPEN
-3,-26,6,INCLUDED_OPEN
-3,-26,7,INCLUDED_OPEN
-3,-26,8,INCLUDED_OPEN
-3,-26,9,INCLUDED_OPEN
-3,-26,10,INCLUDED_OPEN
-3,-26,11,INCLUDED_OPEN
-3,-26,12,INCLUDED_OPEN
-3,-26,13,INCLUDED_OPEN
-3,-26,14,INCLUDED_LOWDATA
-3,-25,-2,INCLUDED_OPEN
-3,-25,-1,INCLUDED_OPEN
-3,-25,0,INCLUDED_OPEN
-3,-25,1,INCLUDED_OPEN
-3,-25,2,INCLUDED_OPEN
-3,-25,3,INCLUDED_OPEN
-3,-25,4,INCLUDED_OPEN
-3,-25,5,INCLUDED_OPEN
-3,-25,6,INCLUDED_OPEN
-3,-25,7,INCLUDED_OPEN
-3,-25,8,INCLUDED_OPEN
-3,-25,9,INCLUDED_OPEN
-3,-25,10,INCLUDED_OPEN
-3,-25,11,INCLUDED_OPEN
-3,-25,12,INCLUDED_OPEN
-3,-25,13,constrained-misc
-3,-25,14,INCLUDED_OPEN
-3,-24,-2,INCLUDED_OPEN
-3,-24,-1,INCLUDED_OPEN
-3,-24,0,INCLUDED_OPEN
-3,-24,1,INCLUDED_OPEN
-3,-24,2,INCLUDED_OPEN
-3,-24,3,INCLUDED_OPEN
-3,-24,4,INCLUDED_OPEN
-3,-24,5,INCLUDED_OPEN
-3,-24,6,INCLUDED_OPEN
-3,-24,7,INCLUDED_OPEN
-3,-24,8,INCLUDED_OPEN
-3,-24,9,INCLUDED_OPEN
-3,-24,10,INCLUDED_OPEN
-3,-24,11,INCLUDED_OPEN
-3,-24,12,INCLUDED_OPEN
-3,-24,13,constrained-misc
-3,-24,14,INCLUDED_OPEN
-3,-23,-2,INCLUDED_OPEN
-3,-23,-1,INCLUDED_OPEN
-3,-23,0,INCLUDED_OPEN
-3,-23,1,INCLUDED_OPEN
-3,-23,2,INCLUDED_OPEN
-3,-23,3,INCLUDED_OPEN
-3,-23,4,INCLUDED_OPEN
-3,-23,5,INCLUDED_OPEN
-3,-23,6,INCLUDED_OPEN
-3,-23,7,INCLUDED_OPEN
-3,-23,9,INCLUDED_OPEN
-3,-23,10,INCLUDED_OPEN
-3,-23,11,INCLUDED_OPEN
-3,-23,12,INCLUDED_OPEN
-3,-23,13,INCLUDED_OPEN
-3,-23,14,INCLUDED_LOWDATA
-3,-22,-3,INCLUDED_LOWDATA
-3,-22,-2,INCLUDED_OPEN
-3,-22,-1,INCLUDED_OPEN
-3,-22,0,INCLUDED_OPEN
-3,-22,1,INCLUDED_OPEN
-3,-22,2,INCLUDED_OPEN
-3,-22,3,INCLUDED_OPEN
-3,-22,4,INCLUDED_OPEN
-3,-22,5,INCLUDED_OPEN
-3,-22,6,INCLUDED_OPEN
-3,-22,7,INCLUDED_OPEN
-3,-22,8,INCLUDED_LOWDATA
-3,-22,9,INCLUDED_OPEN
-3,-22,10,ratop
-3,-22,11,INCLUDED_OPEN
-3,-22,12,INCLUDED_OPEN
-3,-22,13,constrained-misc
-3,-22,14,constrained-misc
-3,-21,-3,INCLUDED_LOWDATA
-3,-21,-2,INCLUDED_OPEN
-3,-21,-1,INCLUDED_OPEN
-3,-21,0,INCLUDED_OPEN
-3,-21,1,INCLUDED_OPEN
-3,-21,2,INCLUDED_OPEN
-3,-21,3,INCLUDED_OPEN
-3,-21,4,INCLUDED_OPEN
-3,-21,5,INCLUDED_OPEN
-3,-21,6,INCLUDED_OPEN
-3,-21,7,INCLUDED_OPEN
-3,-21,8,INCLUDED_OPEN
-3,-21,9,INCLUDED_OPEN
-3,-21,10,ratop
-3,-21,11,INCLUDED_OPEN
-3,-21,12,INCLUDED_OPEN
-3,-21,13,constrained-misc
-3,-21,14,INCLUDED_LOWDATA
-3,-20,-3,INCLUDED_LOWDATA
-3,-20,-2,INCLUDED_OPEN
-3,-20,-1,INCLUDED_OPEN
-3,-20,0,INCLUDED_OPEN
-3,-20,1,INCLUDED_OPEN
-3,-20,2,INCLUDED_OPEN
-3,-20,3,INCLUDED_OPEN
-3,-20,4,INCLUDED_OPEN
-3,-20,5,INCLUDED_OPEN
-3,-20,6,INCLUDED_OPEN
-3,-20,7,INCLUDED_OPEN
-3,-20,8,INCLUDED_OPEN
-3,-20,9,INCLUDED_OPEN
-3,-20,10,INCLUDED_OPEN
-3,-20,11,INCLUDED_OPEN
-3,-20,12,constrained-misc
-3,-20,13,INCLUDED_LOWDATA
-3,-20,14,INCLUDED_LOWDATA
-3,-19,-3,INCLUDED_LOWDATA
-3,-19,-2,INCLUDED_OPEN
-3,-19,-1,INCLUDED_OPEN
-3,-19,0,INCLUDED_OPEN
-3,-19,1,INCLUDED_OPEN
-3,-19,2,INCLUDED_OPEN
-3,-19,3,INCLUDED_OPEN
-3,-19,4,INCLUDED_OPEN
-3,-19,5,INCLUDED_OPEN
-3,-19,6,INCLUDED_OPEN
-3,-19,7,INCLUDED_OPEN
-3,-19,8,INCLUDED_OPEN
-3,-19,9,INCLUDED_OPEN
-3,-19,10,INCLUDED_OPEN
-3,-19,11,INCLUDED_OPEN
-3,-19,12,INCLUDED_OPEN
-3,-19,13,constrained-misc
-3,-19,14,INCLUDED_LOWDATA
-3,-18,-4,INCLUDED_LOWDATA
-3,-18,-3,INCLUDED_LOWDATA
-3,-18,-2,INCLUDED_OPEN
-3,-18,-1,INCLUDED_OPEN
-3,-18,0,INCLUDED_OPEN
-3,-18,1,INCLUDED_OPEN
-3,-18,2,INCLUDED_OPEN
-3,-18,4,INCLUDED_OPEN
-3,-18,5,INCLUDED_OPEN
-3,-18,6,INCLUDED_OPEN
-3,-18,7,INCLUDED_OPEN
-3,-18,9,INCLUDED_OPEN
-3,-18,10,ratop
-3,-18,11,INCLUDED_OPEN
-3,-18,12,INCLUDED_OPEN
-3,-18,13,INCLUDED_LOWDATA
-3,-17,-4,INCLUDED_LOWDATA
-3,-17,-2,INCLUDED_OPEN
-3,-17,-1,INCLUDED_OPEN
-3,-17,0,INCLUDED_OPEN
-3,-17,1,INCLUDED_OPEN
-3,-17,2,INCLUDED_OPEN
-3,-17,4,INCLUDED_OPEN
-3,-17,5,INCLUDED_OPEN
-3,-17,6,INCLUDED_OPEN
-3,-17,7,INCLUDED_OPEN
-3,-17,8,INCLUDED_LOWDATA
-3,-17,9,INCLUDED_OPEN
-3,-17,10,ratop
-3,-17,11,INCLUDED_OPEN
-3,-17,12,INCLUDED_LOWDATA
-3,-16,-5,INCLUDED_LOWDATA
-3,-16,-4,INCLUDED_LOWDATA
-3,-15,-5,INCLUDED_LOWDATA
-3,-15,-4,INCLUDED_OPEN
-3,-15,-3,INCLUDED_OPEN
-3,-15,-2,INCLUDED_OPEN
-3,-15,-1,INCLUDED_OPEN
-3,-15,0,INCLUDED_OPEN
-3,-15,1,INCLUDED_OPEN
-3,-15,2,INCLUDED_OPEN
-3,-14,-4,INCLUDED_LOWDATA
-3,-14,-3,INCLUDED_OPEN
-3,-14,-2,INCLUDED_OPEN
-3,-14,-1,INCLUDED_OPEN
-3,-14,0,INCLUDED_OPEN
-3,-14,1,INCLUDED_OPEN
-3,-14,2,INCLUDED_LOWDATA
-3,-13,-4,INCLUDED_OPEN
-3,-13,-3,INCLUDED_OPEN
-3,-13,-2,INCLUDED_OPEN
-3,-13,-1,INCLUDED_OPEN
-3,-13,0,INCLUDED_OPEN
-3,-13,1,INCLUDED_OPEN
-3,-13,2,INCLUDED_OPEN
-3,-12,0,INCLUDED_LOWDATA
-3,-8,-7,INCLUDED_OPEN
-3,-8,-6,INCLUDED_OPEN
-3,-8,-5,INCLUDED_OPEN
-3,-8,-4,INCLUDED_OPEN
-3,-8,-3,INCLUDED_OPEN
-3,-8,-2,INCLUDED_OPEN
-3,-7,-7,INCLUDED_OPEN
-3,-7,-6,INCLUDED_OPEN
-3,-7,-5,INCLUDED_OPEN
-3,-7,-4,INCLUDED_OPEN
-3,-7,-3,INCLUDED_OPEN
-3,-7,-2,INCLUDED_OPEN
-3,-6,-7,INCLUDED_OPEN
-3,-6,-6,INCLUDED_OPEN
-3,-6,-5,INCLUDED_OPEN
-3,-6,-4,INCLUDED_OPEN
-3,-6,-3,INCLUDED_OPEN
-3,-6,-2,INCLUDED_OPEN
-3,-5,-7,INCLUDED_OPEN
-3,-5,-6,INCLUDED_OPEN
-3,-5,-5,INCLUDED_OPEN
-3,-5,-4,INCLUDED_OPEN
-3,-5,-3,INCLUDED_OPEN
-3,-5,-2,INCLUDED_OPEN
-3,11,0,INCLUDED_LOWDATA
-3,11,1,INCLUDED_LOWDATA
-3,11,2,INCLUDED_LOWDATA
-3,11,3,INCLUDED_LOWDATA
-3,11,4,INCLUDED_LOWDATA
-3,12,0,INCLUDED_OPEN
-3,12,1,INCLUDED_OPEN
-3,12,2,INCLUDED_OPEN
-3,12,3,INCLUDED_OPEN
-3,12,4,INCLUDED_OPEN
-3,12,5,INCLUDED_OPEN
-3,12,6,INCLUDED_OPEN
-3,12,7,INCLUDED_LOWDATA
-3,13,0,INCLUDED_OPEN
-3,13,1,INCLUDED_OPEN
-3,13,2,INCLUDED_OPEN
-3,13,3,INCLUDED_OPEN
-3,13,4,INCLUDED_OPEN
-3,13,5,INCLUDED_OPEN
-3,13,6,INCLUDED_OPEN
-3,13,7,INCLUDED_OPEN
-3,14,0,INCLUDED_OPEN
-3,14,1,INCLUDED_OPEN
-3,14,2,INCLUDED_OPEN
-3,14,3,INCLUDED_OPEN
-3,14,4,INCLUDED_OPEN
-3,14,5,INCLUDED_OPEN
-3,14,6,INCLUDED_OPEN
-3,14,7,INCLUDED_LOWDATA
-3,15,0,INCLUDED_OPEN
-3,15,1,INCLUDED_OPEN
-3,15,2,INCLUDED_OPEN
-3,15,3,INCLUDED_OPEN
-3,15,4,INCLUDED_OPEN
-3,15,5,INCLUDED_OPEN
-3,15,6,INCLUDED_OPEN
-3,15,7,INCLUDED_LOWDATA
-3,16,0,INCLUDED_OPEN
-3,16,1,INCLUDED_OPEN
-3,16,2,INCLUDED_OPEN
-3,16,3,INCLUDED_OPEN
-3,16,4,INCLUDED_OPEN
-3,16,5,INCLUDED_OPEN
-3,16,6,INCLUDED_OPEN
-3,16,7,INCLUDED_LOWDATA
-3,17,0,INCLUDED_OPEN
-3,17,1,INCLUDED_OPEN
-3,17,2,INCLUDED_OPEN
-3,17,3,INCLUDED_OPEN
-3,17,4,INCLUDED_OPEN
-3,17,5,INCLUDED_OPEN
-3,17,6,INCLUDED_OPEN
-3,17,7,INCLUDED_OPEN
-3,18,0,INCLUDED_OPEN
-3,18,1,INCLUDED_OPEN
-3,18,2,INCLUDED_OPEN
-3,18,3,INCLUDED_OPEN
-3,18,4,INCLUDED_OPEN
-3,18,5,INCLUDED_OPEN
-3,18,6,INCLUDED_OPEN
-3,18,7,INCLUDED_OPEN
-3,19,0,INCLUDED_OPEN
-3,19,1,INCLUDED_OPEN
-3,19,2,INCLUDED_OPEN
-3,19,3,INCLUDED_OPEN
-3,19,4,INCLUDED_OPEN
-3,19,5,INCLUDED_OPEN
-3,19,6,INCLUDED_OPEN
-3,19,7,INCLUDED_OPEN
-3,20,0,INCLUDED_OPEN
-3,20,1,INCLUDED_OPEN
-3,20,2,INCLUDED_OPEN
-3,20,3,INCLUDED_OPEN
-3,20,4,INCLUDED_OPEN
-3,20,5,INCLUDED_OPEN
-3,20,6,INCLUDED_OPEN
-3,20,7,INCLUDED_OPEN
-3,21,0,INCLUDED_LOWDATA
-3,21,1,INCLUDED_OPEN
-3,21,2,INCLUDED_OPEN
-3,21,3,INCLUDED_OPEN
-3,21,4,INCLUDED_OPEN
-3,21,5,INCLUDED_OPEN
-3,21,6,INCLUDED_OPEN
-3,21,7,INCLUDED_OPEN
-3,22,2,INCLUDED_OPEN
-3,22,3,INCLUDED_OPEN
-3,22,4,INCLUDED_OPEN
-3,22,5,INCLUDED_OPEN
-3,22,6,INCLUDED_OPEN
-3,22,7,INCLUDED_OPEN
-3,23,2,INCLUDED_OPEN
-3,23,3,INCLUDED_OPEN
-3,23,4,INCLUDED_OPEN
-3,23,5,INCLUDED_OPEN
-3,23,6,INCLUDED_OPEN
-3,23,7,INCLUDED_OPEN
-3,24,1,INCLUDED_LOWDATA
-3,24,2,INCLUDED_LOWDATA
-3,24,3,INCLUDED_OPEN
-3,24,4,INCLUDED_OPEN
-3,24,5,INCLUDED_OPEN
-3,24,6,INCLUDED_OPEN
-3,24,7,INCLUDED_LOWDATA
-3,25,3,INCLUDED_OPEN
-3,25,4,INCLUDED_OPEN
-3,25,5,INCLUDED_OPEN
-3,25,6,INCLUDED_OPEN
-3,25,7,INCLUDED_LOWDATA
-3,26,3,INCLUDED_LOWDATA
-3,26,4,INCLUDED_LOWDATA
-2,-28,-2,INCLUDED_OPEN
-2,-28,-1,INCLUDED_OPEN
-2,-28,0,INCLUDED_OPEN
-2,-28,1,INCLUDED_OPEN
-2,-28,2,INCLUDED_OPEN
-2,-28,4,INCLUDED_OPEN
-2,-28,5,INCLUDED_OPEN
-2,-28,6,INCLUDED_OPEN
-2,-28,7,INCLUDED_OPEN
-2,-28,8,INCLUDED_OPEN
-2,-28,9,INCLUDED_OPEN
-2,-28,10,INCLUDED_OPEN
-2,-28,11,INCLUDED_OPEN
-2,-27,-2,INCLUDED_OPEN
-2,-27,-1,INCLUDED_OPEN
-2,-27,0,INCLUDED_OPEN
-2,-27,1,INCLUDED_OPEN
-2,-27,2,INCLUDED_OPEN
-2,-27,4,INCLUDED_OPEN
-2,-27,5,INCLUDED_OPEN
-2,-27,6,INCLUDED_OPEN
-2,-27,7,INCLUDED_OPEN
-2,-27,8,INCLUDED_OPEN
-2,-27,9,INCLUDED_OPEN
-2,-27,10,INCLUDED_OPEN
-2,-27,11,INCLUDED_OPEN
-2,-27,12,INCLUDED_LOWDATA
-2,-26,-2,INCLUDED_OPEN
-2,-26,-1,INCLUDED_OPEN
-2,-26,0,INCLUDED_OPEN
-2,-26,1,INCLUDED_OPEN
-2,-26,2,INCLUDED_OPEN
-2,-26,3,INCLUDED_OPEN
-2,-26,4,INCLUDED_OPEN
-2,-26,5,INCLUDED_OPEN
-2,-26,6,INCLUDED_OPEN
-2,-26,7,INCLUDED_OPEN
-2,-26,8,INCLUDED_OPEN
-2,-26,9,INCLUDED_OPEN
-2,-26,10,INCLUDED_OPEN
-2,-26,11,INCLUDED_OPEN
-2,-25,-2,INCLUDED_OPEN
-2,-25,-1,INCLUDED_OPEN
-2,-25,0,INCLUDED_OPEN
-2,-25,1,INCLUDED_OPEN
-2,-25,2,INCLUDED_OPEN
-2,-25,3,INCLUDED_OPEN
-2,-25,4,INCLUDED_OPEN
-2,-25,5,INCLUDED_OPEN
-2,-25,6,INCLUDED_OPEN
-2,-25,7,INCLUDED_OPEN
-2,-25,8,INCLUDED_OPEN
-2,-25,9,INCLUDED_OPEN
-2,-25,10,INCLUDED_OPEN
-2,-25,11,INCLUDED_OPEN
-2,-25,12,INCLUDED_LOWDATA
-2,-24,-2,INCLUDED_OPEN
-2,-24,-1,INCLUDED_OPEN
-2,-24,0,INCLUDED_OPEN
-2,-24,1,INCLUDED_OPEN
-2,-24,2,INCLUDED_OPEN
-2,-24,3,INCLUDED_OPEN
-2,-24,4,INCLUDED_OPEN
-2,-24,5,INCLUDED_OPEN
-2,-24,6,INCLUDED_OPEN
-2,-24,7,INCLUDED_OPEN
-2,-24,8,INCLUDED_OPEN
-2,-24,9,INCLUDED_OPEN
-2,-24,10,INCLUDED_OPEN
-2,-24,11,INCLUDED_OPEN
-2,-24,12,INCLUDED_LOWDATA
-2,-23,-3,INCLUDED_LOWDATA
-2,-23,-2,INCLUDED_OPEN
-2,-23,-1,INCLUDED_OPEN
-2,-23,0,INCLUDED_OPEN
-2,-23,1,INCLUDED_OPEN
-2,-23,2,INCLUDED_OPEN
-2,-23,3,INCLUDED_OPEN
-2,-23,4,INCLUDED_OPEN
-2,-23,5,INCLUDED_OPEN
-2,-23,6,INCLUDED_OPEN
-2,-23,7,INCLUDED_OPEN
-2,-23,8,INCLUDED_LOWDATA
-2,-23,9,INCLUDED_LOWDATA
-2,-23,10,INCLUDED_OPEN
-2,-23,11,INCLUDED_OPEN
-2,-23,12,INCLUDED_LOWDATA
-2,-22,-3,INCLUDED_LOWDATA
-2,-22,-2,INCLUDED_OPEN
-2,-22,-1,INCLUDED_OPEN
-2,-22,0,INCLUDED_OPEN
-2,-22,1,INCLUDED_OPEN
-2,-22,2,INCLUDED_OPEN
-2,-22,3,INCLUDED_OPEN
-2,-22,4,INCLUDED_OPEN
-2,-22,5,INCLUDED_OPEN
-2,-22,6,INCLUDED_OPEN
-2,-22,7,INCLUDED_OPEN
-2,-22,8,INCLUDED_LOWDATA
-2,-22,9,INCLUDED_OPEN
-2,-22,10,ratop
-2,-22,11,INCLUDED_OPEN
-2,-22,12,INCLUDED_LOWDATA
-2,-21,-2,INCLUDED_OPEN
-2,-21,-1,INCLUDED_OPEN
-2,-21,0,INCLUDED_OPEN
-2,-21,1,INCLUDED_OPEN
-2,-21,2,INCLUDED_OPEN
-2,-21,3,INCLUDED_OPEN
-2,-21,4,INCLUDED_OPEN
-2,-21,5,INCLUDED_OPEN
-2,-21,6,INCLUDED_OPEN
-2,-21,7,INCLUDED_OPEN
-2,-21,8,INCLUDED_OPEN
-2,-21,9,INCLUDED_OPEN
-2,-21,10,ratop
-2,-21,11,INCLUDED_OPEN
-2,-21,12,INCLUDED_LOWDATA
-2,-20,-2,INCLUDED_OPEN
-2,-20,-1,INCLUDED_OPEN
-2,-20,0,INCLUDED_OPEN
-2,-20,1,INCLUDED_OPEN
-2,-20,2,INCLUDED_OPEN
-2,-20,3,INCLUDED_OPEN
-2,-20,4,INCLUDED_OPEN
-2,-20,5,INCLUDED_OPEN
-2,-20,6,INCLUDED_OPEN
-2,-20,7,INCLUDED_OPEN
-2,-20,8,INCLUDED_OPEN
-2,-20,9,INCLUDED_OPEN
-2,-20,10,INCLUDED_OPEN
-2,-20,11,INCLUDED_OPEN
-2,-20,12,INCLUDED_LOWDATA
-2,-19,-2,INCLUDED_OPEN
-2,-19,-1,INCLUDED_OPEN
-2,-19,0,INCLUDED_OPEN
-2,-19,1,INCLUDED_OPEN
-2,-19,2,INCLUDED_OPEN
-2,-19,3,INCLUDED_OPEN
-2,-19,4,INCLUDED_OPEN
-2,-19,5,INCLUDED_OPEN
-2,-19,6,INCLUDED_OPEN
-2,-19,7,INCLUDED_OPEN
-2,-19,8,INCLUDED_OPEN
-2,-19,9,INCLUDED_OPEN
-2,-19,10,INCLUDED_OPEN
-2,-19,11,INCLUDED_OPEN
-2,-19,12,INCLUDED_LOWDATA
-2,-18,-2,INCLUDED_OPEN
-2,-18,-1,INCLUDED_OPEN
-2,-18,0,INCLUDED_OPEN
-2,-18,1,INCLUDED_OPEN
-2,-18,2,INCLUDED_OPEN
-2,-18,4,INCLUDED_OPEN
-2,-18,5,INCLUDED_OPEN
-2,-18,6,INCLUDED_OPEN
-2,-18,7,INCLUDED_OPEN
-2,-18,8,INCLUDED_LOWDATA
-2,-18,9,INCLUDED_OPEN
-2,-18,10,INCLUDED_OPEN
-2,-18,11,INCLUDED_OPEN
-2,-17,-2,INCLUDED_OPEN
-2,-17,-1,INCLUDED_OPEN
-2,-17,0,INCLUDED_OPEN
-2,-17,1,INCLUDED_OPEN
-2,-17,2,INCLUDED_OPEN
-2,-17,4,INCLUDED_OPEN
-2,-17,5,INCLUDED_OPEN
-2,-17,6,INCLUDED_OPEN
-2,-17,7,INCLUDED_OPEN
-2,-17,8,INCLUDED_LOWDATA
-2,-17,9,INCLUDED_OPEN
-2,-17,10,ratop
-2,-17,11,INCLUDED_OPEN
-2,-15,-5,INCLUDED_LOWDATA
-2,-15,-3,INCLUDED_OPEN
-2,-15,-2,INCLUDED_OPEN
-2,-15,-1,INCLUDED_OPEN
-2,-15,0,INCLUDED_OPEN
-2,-15,1,INCLUDED_OPEN
-2,-15,2,constrained-misc
-2,-14,-5,INCLUDED_LOWDATA
-2,-14,-3,INCLUDED_OPEN
-2,-14,-2,INCLUDED_OPEN
-2,-14,-1,INCLUDED_OPEN
-2,-14,0,INCLUDED_OPEN
-2,-14,1,INCLUDED_OPEN
-2,-14,2,constrained-misc
-2,-13,-5,INCLUDED_LOWDATA
-2,-13,-3,INCLUDED_OPEN
-2,-13,-2,INCLUDED_OPEN
-2,-13,-1,INCLUDED_OPEN
-2,-13,0,INCLUDED_OPEN
-2,-13,1,INCLUDED_OPEN
-2,-13,2,INCLUDED_OPEN
-2,-12,-5,INCLUDED_LOWDATA
-2,-12,0,INCLUDED_LOWDATA
-2,-8,-7,INCLUDED_OPEN
-2,-8,-6,INCLUDED_OPEN
-2,-8,-5,INCLUDED_OPEN
-2,-8,-4,INCLUDED_OPEN
-2,-8,-3,INCLUDED_OPEN
-2,-8,-2,INCLUDED_OPEN
-2,-7,-7,INCLUDED_OPEN
-2,-7,-6,INCLUDED_OPEN
-2,-7,-5,INCLUDED_OPEN
-2,-7,-4,INCLUDED_OPEN
-2,-7,-3,INCLUDED_LOWDATA
-2,-7,-2,INCLUDED_LOWDATA
-2,-6,-7,INCLUDED_OPEN
-2,-6,-6,INCLUDED_OPEN
-2,-6,-5,INCLUDED_OPEN
-2,-6,-4,INCLUDED_OPEN
-2,-6,-3,INCLUDED_LOWDATA
-2,-6,-2,INCLUDED_LOWDATA
-2,-5,-7,INCLUDED_OPEN
-2,-5,-6,INCLUDED_OPEN
-2,-5,-5,INCLUDED_OPEN
-2,-5,-4,INCLUDED_OPEN
-2,-5,-3,INCLUDED_OPEN
-2,-5,-2,INCLUDED_OPEN
-2,12,1,constrained-misc
-2,12,2,INCLUDED_LOWDATA
-2,12,3,INCLUDED_LOWDATA
-2,12,5,INCLUDED_LOWDATA
-2,12,6,INCLUDED_LOWDATA
-2,13,0,INCLUDED_OPEN
-2,13,1,INCLUDED_OPEN
-2,13,2,INCLUDED_OPEN
-2,13,3,INCLUDED_OPEN
-2,13,4,INCLUDED_OPEN
-2,13,5,INCLUDED_OPEN
-2,13,6,INCLUDED_OPEN
-2,13,7,INCLUDED_OPEN
-2,14,0,INCLUDED_OPEN
-2,14,1,INCLUDED_OPEN
-2,14,2,INCLUDED_OPEN
-2,14,3,INCLUDED_OPEN
-2,14,4,INCLUDED_OPEN
-2,14,5,INCLUDED_OPEN
-2,14,6,INCLUDED_OPEN
-2,14,7,INCLUDED_OPEN
-2,15,0,INCLUDED_OPEN
-2,15,1,INCLUDED_OPEN
-2,15,2,INCLUDED_OPEN
-2,15,3,INCLUDED_OPEN
-2,15,4,INCLUDED_OPEN
-2,15,5,INCLUDED_OPEN
-2,15,6,INCLUDED_OPEN
-2,15,7,INCLUDED_LOWDATA
-2,16,0,INCLUDED_OPEN
-2,16,1,INCLUDED_OPEN
-2,16,2,INCLUDED_OPEN
-2,16,3,INCLUDED_OPEN
-2,16,4,INCLUDED_OPEN
-2,16,5,INCLUDED_OPEN
-2,16,6,INCLUDED_OPEN
-2,16,7,INCLUDED_OPEN
-2,17,0,INCLUDED_LOWDATA
-2,17,1,INCLUDED_OPEN
-2,17,2,INCLUDED_OPEN
-2,17,3,INCLUDED_OPEN
-2,17,4,INCLUDED_OPEN
-2,17,5,INCLUDED_OPEN
-2,17,6,INCLUDED_OPEN
-2,17,7,INCLUDED_OPEN
-2,18,0,INCLUDED_OPEN
-2,18,1,INCLUDED_OPEN
-2,18,2,INCLUDED_OPEN
-2,18,3,INCLUDED_OPEN
-2,18,4,INCLUDED_OPEN
-2,18,5,INCLUDED_OPEN
-2,18,6,INCLUDED_OPEN
-2,18,7,INCLUDED_LOWDATA
-2,19,0,INCLUDED_OPEN
-2,19,1,INCLUDED_OPEN
-2,19,2,INCLUDED_OPEN
-2,19,3,INCLUDED_OPEN
-2,19,4,INCLUDED_OPEN
-2,19,5,INCLUDED_OPEN
-2,19,6,INCLUDED_OPEN
-2,19,7,INCLUDED_OPEN
-2,20,0,INCLUDED_LOWDATA
-2,20,1,INCLUDED_OPEN
-2,20,2,INCLUDED_OPEN
-2,20,3,INCLUDED_OPEN
-2,20,4,INCLUDED_OPEN
-2,20,5,INCLUDED_OPEN
-2,20,6,INCLUDED_OPEN
-2,20,7,INCLUDED_OPEN
-2,21,1,INCLUDED_OPEN
-2,21,2,INCLUDED_OPEN
-2,21,3,INCLUDED_OPEN
-2,21,4,INCLUDED_OPEN
-2,21,5,INCLUDED_OPEN
-2,21,6,INCLUDED_OPEN
-2,21,7,INCLUDED_OPEN
-2,22,1,INCLUDED_OPEN
-2,22,2,INCLUDED_OPEN
-2,22,3,INCLUDED_OPEN
-2,22,4,INCLUDED_OPEN
-2,22,5,INCLUDED_OPEN
-2,22,6,INCLUDED_OPEN
-2,22,7,INCLUDED_OPEN
-2,23,1,INCLUDED_LOWDATA
-2,23,2,INCLUDED_OPEN
-2,23,3,INCLUDED_OPEN
-2,23,4,INCLUDED_OPEN
-2,23,5,INCLUDED_OPEN
-2,23,6,INCLUDED_OPEN
-2,23,7,INCLUDED_OPEN
-2,24,2,constrained-misc
-2,24,3,INCLUDED_OPEN
-2,24,4,INCLUDED_OPEN
-2,24,5,INCLUDED_OPEN
-2,24,6,INCLUDED_OPEN
-2,25,3,INCLUDED_LOWDATA
-1,-28,-2,INCLUDED_OPEN
-1,-28,-1,INCLUDED_OPEN
-1,-28,0,INCLUDED_OPEN
-1,-28,1,INCLUDED_OPEN
-1,-28,2,INCLUDED_OPEN
-1,-28,4,INCLUDED_OPEN
-1,-28,5,INCLUDED_OPEN
-1,-28,6,INCLUDED_OPEN
-1,-28,7,INCLUDED_OPEN
-1,-28,8,INCLUDED_OPEN
-1,-28,9,INCLUDED_OPEN
-1,-28,10,INCLUDED_OPEN
-1,-28,11,INCLUDED_OPEN
-1,-28,12,INCLUDED_LOWDATA
-1,-27,-2,INCLUDED_LOWDATA
-1,-27,-1,INCLUDED_OPEN
-1,-27,0,INCLUDED_OPEN
-1,-27,1,INCLUDED_OPEN
-1,-27,2,INCLUDED_OPEN
-1,-27,4,INCLUDED_OPEN
-1,-27,5,INCLUDED_OPEN
-1,-27,6,INCLUDED_OPEN
-1,-27,7,INCLUDED_OPEN
-1,-27,8,INCLUDED_OPEN
-1,-27,9,INCLUDED_OPEN
-1,-27,10,INCLUDED_OPEN
-1,-27,11,INCLUDED_OPEN
-1,-27,12,INCLUDED_OPEN
-1,-27,13,INCLUDED_LOWDATA
-1,-26,-2,INCLUDED_OPEN
-1,-26,-1,INCLUDED_OPEN
-1,-26,0,INCLUDED_OPEN
-1,-26,1,INCLUDED_OPEN
-1,-26,2,INCLUDED_OPEN
-1,-26,3,INCLUDED_OPEN
-1,-26,4,INCLUDED_OPEN
-1,-26,5,INCLUDED_OPEN
-1,-26,6,INCLUDED_OPEN
-1,-26,7,INCLUDED_OPEN
-1,-26,8,INCLUDED_OPEN
-1,-26,9,INCLUDED_OPEN
-1,-26,10,INCLUDED_OPEN
-1,-26,11,INCLUDED_OPEN
-1,-26,12,INCLUDED_OPEN
-1,-26,13,INCLUDED_OPEN
-1,-26,14,INCLUDED_OPEN
-1,-25,-2,INCLUDED_OPEN
-1,-25,-1,INCLUDED_OPEN
-1,-25,0,INCLUDED_OPEN
-1,-25,1,INCLUDED_OPEN
-1,-25,2,INCLUDED_OPEN
-1,-25,3,INCLUDED_OPEN
-1,-25,4,INCLUDED_OPEN
-1,-25,5,INCLUDED_OPEN
-1,-25,6,INCLUDED_OPEN
-1,-25,7,INCLUDED_OPEN
-1,-25,8,INCLUDED_OPEN
-1,-25,9,INCLUDED_OPEN
-1,-25,10,INCLUDED_OPEN
-1,-25,11,INCLUDED_OPEN
-1,-25,12,INCLUDED_OPEN
-1,-25,13,INCLUDED_OPEN
-1,-25,14,INCLUDED_OPEN
-1,-24,-2,INCLUDED_OPEN
-1,-24,-1,INCLUDED_OPEN
-1,-24,0,INCLUDED_OPEN
-1,-24,1,INCLUDED_OPEN
-1,-24,2,INCLUDED_OPEN
-1,-24,3,INCLUDED_OPEN
-1,-24,4,INCLUDED_OPEN
-1,-24,5,INCLUDED_OPEN
-1,-24,6,INCLUDED_OPEN
-1,-24,7,INCLUDED_OPEN
-1,-24,8,INCLUDED_OPEN
-1,-24,9,INCLUDED_OPEN
-1,-24,10,INCLUDED_OPEN
-1,-24,11,INCLUDED_OPEN
-1,-24,12,INCLUDED_OPEN
-1,-24,13,INCLUDED_OPEN
-1,-24,14,constrained-misc
-1,-23,-2,INCLUDED_OPEN
-1,-23,-1,INCLUDED_OPEN
-1,-23,0,INCLUDED_OPEN
-1,-23,1,INCLUDED_OPEN
-1,-23,2,INCLUDED_OPEN
-1,-23,3,INCLUDED_OPEN
-1,-23,4,INCLUDED_OPEN
-1,-23,5,INCLUDED_OPEN
-1,-23,6,INCLUDED_OPEN
-1,-23,7,INCLUDED_OPEN
-1,-23,8,INCLUDED_LOWDATA
-1,-23,9,INCLUDED_OPEN
-1,-23,10,INCLUDED_OPEN
-1,-23,11,INCLUDED_OPEN
-1,-23,12,INCLUDED_OPEN
-1,-23,13,INCLUDED_OPEN
-1,-23,14,INCLUDED_LOWDATA
-1,-22,-2,INCLUDED_OPEN
-1,-22,-1,INCLUDED_OPEN
-1,-22,0,INCLUDED_OPEN
-1,-22,1,INCLUDED_OPEN
-1,-22,2,INCLUDED_OPEN
-1,-22,3,INCLUDED_OPEN
-1,-22,4,INCLUDED_OPEN
-1,-22,5,INCLUDED_OPEN
-1,-22,6,INCLUDED_OPEN
-1,-22,7,INCLUDED_OPEN
-1,-22,8,INCLUDED_LOWDATA
-1,-22,9,INCLUDED_OPEN
-1,-22,10,ratop
-1,-22,11,INCLUDED_OPEN
-1,-22,12,INCLUDED_OPEN
-1,-22,13,ratop-6
-1,-22,14,ratop-6
-1,-21,-2,INCLUDED_OPEN
-1,-21,-1,INCLUDED_OPEN
-1,-21,0,INCLUDED_OPEN
-1,-21,1,INCLUDED_OPEN
-1,-21,2,INCLUDED_OPEN
-1,-21,3,INCLUDED_OPEN
-1,-21,4,INCLUDED_OPEN
-1,-21,5,INCLUDED_OPEN
-1,-21,6,INCLUDED_OPEN
-1,-21,7,INCLUDED_OPEN
-1,-21,8,INCLUDED_OPEN
-1,-21,9,INCLUDED_OPEN
-1,-21,10,ratop
-1,-21,11,INCLUDED_OPEN
-1,-21,12,INCLUDED_OPEN
-1,-21,13,ratop-6
-1,-21,14,ratop-6
-1,-20,-2,INCLUDED_OPEN
-1,-20,-1,INCLUDED_OPEN
-1,-20,0,INCLUDED_OPEN
-1,-20,1,INCLUDED_OPEN
-1,-20,2,INCLUDED_OPEN
-1,-20,3,INCLUDED_OPEN
-1,-20,4,INCLUDED_OPEN
-1,-20,5,INCLUDED_OPEN
-1,-20,6,INCLUDED_OPEN
-1,-20,7,INCLUDED_OPEN
-1,-20,8,INCLUDED_OPEN
-1,-20,9,INCLUDED_OPEN
-1,-20,10,INCLUDED_OPEN
-1,-20,11,INCLUDED_OPEN
-1,-20,12,INCLUDED_OPEN
-1,-20,13,ratop-6
-1,-20,14,INCLUDED_OPEN
-1,-19,-2,INCLUDED_OPEN
-1,-19,-1,INCLUDED_OPEN
-1,-19,0,INCLUDED_OPEN
-1,-19,1,INCLUDED_OPEN
-1,-19,2,INCLUDED_OPEN
-1,-19,3,INCLUDED_OPEN
-1,-19,4,INCLUDED_OPEN
-1,-19,5,INCLUDED_OPEN
-1,-19,6,INCLUDED_OPEN
-1,-19,7,INCLUDED_OPEN
-1,-19,8,INCLUDED_OPEN
-1,-19,9,INCLUDED_OPEN
-1,-19,10,INCLUDED_OPEN
-1,-19,11,INCLUDED_OPEN
-1,-19,12,INCLUDED_OPEN
-1,-19,13,ratop-6
-1,-19,14,INCLUDED_LOWDATA
-1,-18,-2,INCLUDED_OPEN
-1,-18,-1,INCLUDED_OPEN
-1,-18,0,INCLUDED_OPEN
-1,-18,1,INCLUDED_OPEN
-1,-18,2,INCLUDED_OPEN
-1,-18,4,INCLUDED_OPEN
-1,-18,5,INCLUDED_OPEN
-1,-18,6,INCLUDED_OPEN
-1,-18,7,INCLUDED_OPEN
-1,-18,8,INCLUDED_LOWDATA
-1,-18,9,ratop
-1,-18,10,INCLUDED_OPEN
-1,-18,11,INCLUDED_OPEN
-1,-18,12,ratop-6
-1,-18,13,INCLUDED_LOWDATA
-1,-17,-2,INCLUDED_OPEN
-1,-17,-1,INCLUDED_OPEN
-1,-17,0,INCLUDED_OPEN
-1,-17,1,INCLUDED_OPEN
-1,-17,2,INCLUDED_OPEN
-1,-17,4,INCLUDED_OPEN
-1,-17,5,INCLUDED_OPEN
-1,-17,6,INCLUDED_OPEN
-1,-17,7,INCLUDED_OPEN
-1,-17,8,INCLUDED_LOWDATA
-1,-17,9,INCLUDED_OPEN
-1,-17,10,INCLUDED_OPEN
-1,-17,11,INCLUDED_OPEN
-1,-17,12,INCLUDED_LOWDATA
-1,-16,-1,INCLUDED_LOWDATA
-1,-15,-3,constrained-misc
-1,-15,-2,INCLUDED_OPEN
-1,-15,-1,INCLUDED_OPEN
-1,-15,0,INCLUDED_OPEN
-1,-15,1,INCLUDED_OPEN
-1,-15,2,constrained-misc
-1,-14,-3,INCLUDED_LOWDATA
-1,-14,-2,INCLUDED_OPEN
-1,-14,-1,INCLUDED_OPEN
-1,-14,0,INCLUDED_OPEN
-1,-14,1,INCLUDED_OPEN
-1,-14,2,INCLUDED_OPEN
-1,-13,-3,INCLUDED_OPEN
-1,-13,-2,INCLUDED_OPEN
-1,-13,-1,INCLUDED_OPEN
-1,-13,0,INCLUDED_OPEN
-1,-13,1,INCLUDED_OPEN
-1,-13,2,INCLUDED_OPEN
-1,-12,-5,INCLUDED_LOWDATA
-1,-12,-4,INCLUDED_LOWDATA
-1,-11,-4,INCLUDED_LOWDATA
-1,-11,1,INCLUDED_LOWDATA
-1,-8,-7,INCLUDED_OPEN
-1,-8,-6,INCLUDED_OPEN
-1,-8,-5,INCLUDED_OPEN
-1,-8,-4,INCLUDED_OPEN
-1,-8,-3,INCLUDED_OPEN
-1,-8,-2,INCLUDED_OPEN
-1,-7,-7,INCLUDED_OPEN
-1,-7,-6,INCLUDED_OPEN
-1,-7,-5,INCLUDED_OPEN
-1,-7,-4,INCLUDED_OPEN
-1,-7,-3,INCLUDED_OPEN
-1,-7,-2,INCLUDED_LOWDATA
-1,-6,-7,INCLUDED_OPEN
-1,-6,-6,INCLUDED_OPEN
-1,-6,-5,INCLUDED_OPEN
-1,-6,-4,INCLUDED_OPEN
-1,-6,-3,INCLUDED_LOWDATA
-1,-6,-2,INCLUDED_LOWDATA
-1,-5,-7,INCLUDED_OPEN
-1,-5,-6,INCLUDED_OPEN
-1,-5,-5,INCLUDED_OPEN
-1,-5,-4,INCLUDED_OPEN
-1,-5,-3,INCLUDED_OPEN
-1,-5,-2,INCLUDED_OPEN
-1,13,1,INCLUDED_LOWDATA
-1,13,2,INCLUDED_LOWDATA
-1,13,3,INCLUDED_LOWDATA
-1,13,6,INCLUDED_LOWDATA
-1,14,0,INCLUDED_OPEN
-1,14,1,INCLUDED_OPEN
-1,14,2,INCLUDED_OPEN
-1,14,3,INCLUDED_OPEN
-1,14,4,INCLUDED_OPEN
-1,14,5,INCLUDED_OPEN
-1,14,6,INCLUDED_OPEN
-1,14,7,INCLUDED_LOWDATA
-1,15,0,INCLUDED_OPEN
-1,15,1,INCLUDED_OPEN
-1,15,2,INCLUDED_OPEN
-1,15,3,INCLUDED_OPEN
-1,15,4,INCLUDED_OPEN
-1,15,5,INCLUDED_OPEN
-1,15,6,INCLUDED_OPEN
-1,15,7,INCLUDED_OPEN
-1,16,0,INCLUDED_OPEN
-1,16,1,INCLUDED_OPEN
-1,16,2,INCLUDED_OPEN
-1,16,3,INCLUDED_OPEN
-1,16,4,INCLUDED_OPEN
-1,16,5,INCLUDED_OPEN
-1,16,6,INCLUDED_OPEN
-1,16,7,INCLUDED_OPEN
-1,17,0,INCLUDED_OPEN
-1,17,1,INCLUDED_OPEN
-1,17,2,INCLUDED_OPEN
-1,17,3,INCLUDED_OPEN
-1,17,4,INCLUDED_OPEN
-1,17,5,INCLUDED_OPEN
-1,17,6,INCLUDED_OPEN
-1,17,7,INCLUDED_OPEN
-1,18,0,INCLUDED_OPEN
-1,18,1,INCLUDED_OPEN
-1,18,2,INCLUDED_OPEN
-1,18,3,INCLUDED_OPEN
-1,18,4,INCLUDED_OPEN
-1,18,5,INCLUDED_OPEN
-1,18,6,INCLUDED_OPEN
-1,18,7,INCLUDED_LOWDATA
-1,19,0,INCLUDED_OPEN
-1,19,1,INCLUDED_OPEN
-1,19,2,INCLUDED_OPEN
-1,19,3,INCLUDED_OPEN
-1,19,4,INCLUDED_OPEN
-1,19,5,INCLUDED_OPEN
-1,19,6,INCLUDED_OPEN
-1,19,7,INCLUDED_LOWDATA
-1,20,0,INCLUDED_LOWDATA
-1,20,1,INCLUDED_OPEN
-1,20,2,INCLUDED_OPEN
-1,20,3,INCLUDED_OPEN
-1,20,4,INCLUDED_OPEN
-1,20,5,INCLUDED_OPEN
-1,20,6,INCLUDED_OPEN
-1,20,7,INCLUDED_LOWDATA
-1,21,1,INCLUDED_OPEN
-1,21,2,INCLUDED_OPEN
-1,21,3,INCLUDED_OPEN
-1,21,4,INCLUDED_OPEN
-1,21,5,INCLUDED_OPEN
-1,21,6,INCLUDED_OPEN
-1,21,7,INCLUDED_OPEN
-1,22,1,INCLUDED_OPEN
-1,22,2,INCLUDED_OPEN
-1,22,3,INCLUDED_OPEN
-1,22,4,INCLUDED_OPEN
-1,22,5,INCLUDED_OPEN
-1,22,6,INCLUDED_OPEN
-1,22,7,INCLUDED_OPEN
-1,23,1,INCLUDED_LOWDATA
-1,23,2,INCLUDED_OPEN
-1,23,3,INCLUDED_OPEN
-1,23,4,INCLUDED_OPEN
-1,23,5,INCLUDED_OPEN
-1,23,6,INCLUDED_OPEN
-1,23,7,INCLUDED_LOWDATA
0,-28,-1,INCLUDED_OPEN
0,-28,0,INCLUDED_OPEN
0,-28,1,INCLUDED_OPEN
0,-28,2,INCLUDED_OPEN
0,-28,4,INCLUDED_OPEN
0,-28,5,INCLUDED_OPEN
0,-28,6,INCLUDED_OPEN
0,-28,7,INCLUDED_OPEN
0,-28,8,INCLUDED_OPEN
0,-28,9,INCLUDED_OPEN
0,-28,10,INCLUDED_OPEN
0,-28,11,INCLUDED_OPEN
0,-28,12,INCLUDED_LOWDATA
0,-27,-1,INCLUDED_OPEN
0,-27,0,INCLUDED_OPEN
0,-27,1,INCLUDED_OPEN
0,-27,2,INCLUDED_OPEN
0,-27,4,INCLUDED_OPEN
0,-27,5,INCLUDED_OPEN
0,-27,6,INCLUDED_OPEN
0,-27,7,INCLUDED_OPEN
0,-27,8,INCLUDED_OPEN
0,-27,9,INCLUDED_OPEN
0,-27,10,INCLUDED_OPEN
0,-27,11,INCLUDED_OPEN
0,-27,12,INCLUDED_OPEN
0,-27,13,INCLUDED_LOWDATA
0,-26,-2,INCLUDED_OPEN
0,-26,-1,INCLUDED_OPEN
0,-26,0,INCLUDED_OPEN
0,-26,1,INCLUDED_OPEN
0,-26,2,INCLUDED_OPEN
0,-26,3,INCLUDED_OPEN
0,-26,4,INCLUDED_OPEN
0,-26,5,INCLUDED_OPEN
0,-26,6,INCLUDED_OPEN
0,-26,7,INCLUDED_OPEN
0,-26,8,INCLUDED_OPEN
0,-26,9,INCLUDED_OPEN
0,-26,10,INCLUDED_OPEN
0,-26,11,INCLUDED_OPEN
0,-26,12,INCLUDED_OPEN
0,-26,13,INCLUDED_OPEN
0,-26,14,constrained-misc
0,-25,-2,INCLUDED_OPEN
0,-25,-1,INCLUDED_OPEN
0,-25,0,INCLUDED_OPEN
0,-25,1,INCLUDED_OPEN
0,-25,2,INCLUDED_OPEN
0,-25,3,INCLUDED_OPEN
0,-25,4,INCLUDED_OPEN
0,-25,5,INCLUDED_OPEN
0,-25,6,INCLUDED_OPEN
0,-25,7,INCLUDED_OPEN
0,-25,8,INCLUDED_OPEN
0,-25,9,INCLUDED_OPEN
0,-25,10,INCLUDED_OPEN
0,-25,11,INCLUDED_OPEN
0,-25,12,INCLUDED_OPEN
0,-25,13,INCLUDED_OPEN
0,-25,14,INCLUDED_OPEN
0,-24,-2,INCLUDED_OPEN
0,-24,-1,INCLUDED_OPEN
0,-24,0,INCLUDED_OPEN
0,-24,1,INCLUDED_OPEN
0,-24,2,INCLUDED_OPEN
0,-24,3,INCLUDED_OPEN
0,-24,4,INCLUDED_OPEN
0,-24,5,INCLUDED_OPEN
0,-24,6,INCLUDED_OPEN
0,-24,7,INCLUDED_OPEN
0,-24,8,INCLUDED_OPEN
0,-24,9,INCLUDED_OPEN
0,-24,10,INCLUDED_OPEN
0,-24,11,INCLUDED_OPEN
0,-24,12,INCLUDED_OPEN
0,-24,13,INCLUDED_OPEN
0,-24,14,INCLUDED_OPEN
0,-23,-2,INCLUDED_OPEN
0,-23,-1,INCLUDED_OPEN
0,-23,0,INCLUDED_OPEN
0,-23,1,INCLUDED_OPEN
0,-23,2,INCLUDED_OPEN
0,-23,3,INCLUDED_OPEN
0,-23,4,INCLUDED_OPEN
0,-23,5,INCLUDED_OPEN
0,-23,6,INCLUDED_OPEN
0,-23,7,INCLUDED_OPEN
0,-23,8,INCLUDED_LOWDATA
0,-23,9,INCLUDED_LOWDATA
0,-23,10,INCLUDED_OPEN
0,-23,11,INCLUDED_OPEN
0,-23,12,INCLUDED_OPEN
0,-23,13,INCLUDED_OPEN
0,-23,14,INCLUDED_LOWDATA
0,-22,-2,INCLUDED_OPEN
0,-22,-1,INCLUDED_OPEN
0,-22,0,INCLUDED_OPEN
0,-22,1,INCLUDED_OPEN
0,-22,2,INCLUDED_OPEN
0,-22,3,INCLUDED_OPEN
0,-22,4,INCLUDED_OPEN
0,-22,5,INCLUDED_OPEN
0,-22,6,INCLUDED_OPEN
0,-22,7,INCLUDED_OPEN
0,-22,8,INCLUDED_LOWDATA
0,-22,9,INCLUDED_OPEN
0,-22,10,ratop
0,-22,11,INCLUDED_OPEN
0,-22,12,INCLUDED_OPEN
0,-22,13,INCLUDED_OPEN
0,-22,14,INCLUDED_LOWDATA
0,-21,-2,INCLUDED_OPEN
0,-21,-1,INCLUDED_OPEN
0,-21,0,INCLUDED_OPEN
0,-21,1,INCLUDED_OPEN
0,-21,2,INCLUDED_OPEN
0,-21,3,INCLUDED_OPEN
0,-21,4,INCLUDED_OPEN
0,-21,5,INCLUDED_OPEN
0,-21,6,INCLUDED_OPEN
0,-21,7,INCLUDED_OPEN
0,-21,8,INCLUDED_OPEN
0,-21,9,INCLUDED_OPEN
0,-21,10,ratop
0,-21,11,INCLUDED_OPEN
0,-21,12,INCLUDED_OPEN
0,-21,13,INCLUDED_OPEN
0,-21,14,ratop-6
0,-20,-2,INCLUDED_OPEN
0,-20,-1,INCLUDED_OPEN
0,-20,0,INCLUDED_OPEN
0,-20,1,INCLUDED_OPEN
0,-20,2,INCLUDED_OPEN
0,-20,3,INCLUDED_OPEN
0,-20,4,INCLUDED_OPEN
0,-20,5,INCLUDED_OPEN
0,-20,6,INCLUDED_OPEN
0,-20,7,INCLUDED_OPEN
0,-20,8,INCLUDED_OPEN
0,-20,9,INCLUDED_OPEN
0,-20,10,INCLUDED_OPEN
0,-20,11,INCLUDED_OPEN
0,-20,12,INCLUDED_OPEN
0,-20,13,ratop-6
0,-20,14,INCLUDED_OPEN
0,-19,-2,INCLUDED_OPEN
0,-19,-1,INCLUDED_OPEN
0,-19,0,INCLUDED_OPEN
0,-19,1,INCLUDED_OPEN
0,-19,2,INCLUDED_OPEN
0,-19,3,INCLUDED_OPEN
0,-19,4,INCLUDED_OPEN
0,-19,5,INCLUDED_OPEN
0,-19,6,INCLUDED_OPEN
0,-19,7,INCLUDED_OPEN
0,-19,8,INCLUDED_OPEN
0,-19,9,INCLUDED_OPEN
0,-19,10,INCLUDED_OPEN
0,-19,11,INCLUDED_OPEN
0,-19,12,INCLUDED_OPEN
0,-19,13,ratop-6
0,-19,14,INCLUDED_LOWDATA
0,-18,-2,INCLUDED_OPEN
0,-18,-1,INCLUDED_OPEN
0,-18,0,INCLUDED_OPEN
0,-18,1,INCLUDED_OPEN
0,-18,2,INCLUDED_OPEN
0,-18,4,INCLUDED_OPEN
0,-18,5,INCLUDED_OPEN
0,-18,6,INCLUDED_OPEN
0,-18,7,INCLUDED_OPEN
0,-18,9,INCLUDED_OPEN
0,-18,10,INCLUDED_OPEN
0,-18,11,INCLUDED_OPEN
0,-18,12,INCLUDED_OPEN
0,-18,13,INCLUDED_LOWDATA
0,-17,-2,INCLUDED_OPEN
0,-17,-1,INCLUDED_OPEN
0,-17,0,INCLUDED_OPEN
0,-17,1,INCLUDED_OPEN
0,-17,2,INCLUDED_OPEN
0,-17,4,INCLUDED_OPEN
0,-17,5,INCLUDED_OPEN
0,-17,6,INCLUDED_OPEN
0,-17,7,INCLUDED_OPEN
0,-17,9,INCLUDED_OPEN
0,-17,10,INCLUDED_OPEN
0,-17,11,INCLUDED_OPEN
0,-17,12,INCLUDED_LOWDATA
0,-16,-2,INCLUDED_OPEN
0,-16,-1,INCLUDED_OPEN
0,-16,0,INCLUDED_OPEN
0,-16,1,INCLUDED_LOWDATA
0,-15,-2,INCLUDED_OPEN
0,-15,-1,INCLUDED_OPEN
0,-15,0,INCLUDED_OPEN
0,-15,1,INCLUDED_OPEN
0,-15,2,constrained-misc
0,-14,-2,INCLUDED_OPEN
0,-14,-1,INCLUDED_OPEN
0,-14,0,INCLUDED_OPEN
0,-14,1,INCLUDED_OPEN
0,-14,2,INCLUDED_OPEN
0,-13,-2,INCLUDED_OPEN
0,-13,-1,INCLUDED_OPEN
0,-13,0,INCLUDED_OPEN
0,-13,1,INCLUDED_OPEN
0,-13,2,tele-sng-out
0,-11,-4,INCLUDED_LOWDATA
0,-10,-4,INCLUDED_LOWDATA
0,-9,-4,INCLUDED_LOWDATA
0,-8,-7,INCLUDED_OPEN
0,-8,-6,INCLUDED_OPEN
0,-8,-5,INCLUDED_OPEN
0,-8,-4,INCLUDED_OPEN
0,-8,-3,INCLUDED_OPEN
0,-8,-2,INCLUDED_OPEN
0,-7,-7,INCLUDED_OPEN
0,-7,-6,INCLUDED_OPEN
0,-7,-5,INCLUDED_OPEN
0,-7,-4,INCLUDED_OPEN
0,-7,-3,INCLUDED_OPEN
0,-7,-2,INCLUDED_LOWDATA
0,-6,-7,INCLUDED_OPEN
0,-6,-6,INCLUDED_OPEN
0,-6,-5,INCLUDED_OPEN
0,-6,-4,INCLUDED_OPEN
0,-6,-3,INCLUDED_LOWDATA
0,-6,-2,INCLUDED_LOWDATA
0,-5,-7,INCLUDED_OPEN
0,-5,-6,INCLUDED_OPEN
0,-5,-5,INCLUDED_OPEN
0,-5,-4,INCLUDED_OPEN
0,-5,-3,INCLUDED_OPEN
0,-5,-2,ring-2
0,14,1,INCLUDED_LOWDATA
0,14,2,INCLUDED_LOWDATA
0,15,0,INCLUDED_OPEN
0,15,1,INCLUDED_OPEN
0,15,2,INCLUDED_OPEN
0,15,3,INCLUDED_OPEN
0,15,4,INCLUDED_OPEN
0,15,5,INCLUDED_OPEN
0,15,6,INCLUDED_OPEN
0,15,7,INCLUDED_OPEN
0,16,0,INCLUDED_OPEN
0,16,1,INCLUDED_OPEN
0,16,2,INCLUDED_OPEN
0,16,3,INCLUDED_OPEN
0,16,4,INCLUDED_OPEN
0,16,5,INCLUDED_OPEN
0,16,6,INCLUDED_OPEN
0,16,7,INCLUDED_OPEN
0,17,0,INCLUDED_OPEN
0,17,1,INCLUDED_OPEN
0,17,2,INCLUDED_OPEN
0,17,3,INCLUDED_OPEN
0,17,4,INCLUDED_OPEN
0,17,5,INCLUDED_OPEN
0,17,6,INCLUDED_OPEN
0,17,7,INCLUDED_OPEN
0,18,0,INCLUDED_OPEN
0,18,1,INCLUDED_OPEN
0,18,2,INCLUDED_OPEN
0,18,3,INCLUDED_OPEN
0,18,4,INCLUDED_OPEN
0,18,5,INCLUDED_OPEN
0,18,6,INCLUDED_OPEN
0,18,7,INCLUDED_OPEN
0,19,0,INCLUDED_OPEN
0,19,1,INCLUDED_OPEN
0,19,2,INCLUDED_OPEN
0,19,3,INCLUDED_OPEN
0,19,4,INCLUDED_OPEN
0,19,5,INCLUDED_OPEN
0,19,6,INCLUDED_OPEN
0,19,7,INCLUDED_OPEN
0,20,0,INCLUDED_OPEN
0,20,1,INCLUDED_OPEN
0,20,2,INCLUDED_OPEN
0,20,3,INCLUDED_OPEN
0,20,4,INCLUDED_OPEN
0,20,5,INCLUDED_OPEN
0,20,6,INCLUDED_OPEN
0,20,7,INCLUDED_LOWDATA
0,21,0,constrained-misc
0,21,1,INCLUDED_OPEN
0,21,2,INCLUDED_OPEN
0,21,3,INCLUDED_OPEN
0,21,4,INCLUDED_OPEN
0,21,5,INCLUDED_OPEN
0,21,6,INCLUDED_OPEN
0,21,7,INCLUDED_LOWDATA
0,22,1,INCLUDED_OPEN
0,22,2,INCLUDED_OPEN
0,22,3,INCLUDED_OPEN
0,22,4,INCLUDED_OPEN
0,22,5,INCLUDED_OPEN
0,22,6,INCLUDED_OPEN
0,22,7,INCLUDED_LOWDATA
0,23,2,INCLUDED_LOWDATA
1,-28,-1,INCLUDED_OPEN
1,-28,0,INCLUDED_OPEN
1,-28,1,INCLUDED_OPEN
1,-28,2,INCLUDED_OPEN
1,-28,4,INCLUDED_OPEN
1,-28,5,INCLUDED_OPEN
1,-28,6,INCLUDED_OPEN
1,-28,7,INCLUDED_OPEN
1,-28,8,INCLUDED_OPEN
1,-28,9,INCLUDED_OPEN
1,-28,10,INCLUDED_OPEN
1,-28,11,INCLUDED_OPEN
1,-28,12,INCLUDED_LOWDATA
1,-27,-1,INCLUDED_OPEN
1,-27,0,INCLUDED_OPEN
1,-27,1,INCLUDED_OPEN
1,-27,2,INCLUDED_OPEN
1,-27,4,INCLUDED_OPEN
1,-27,5,INCLUDED_OPEN
1,-27,6,INCLUDED_OPEN
1,-27,7,INCLUDED_OPEN
1,-27,8,INCLUDED_OPEN
1,-27,9,INCLUDED_OPEN
1,-27,10,INCLUDED_OPEN
1,-27,11,INCLUDED_OPEN
1,-27,12,INCLUDED_OPEN
1,-27,13,INCLUDED_LOWDATA
1,-26,-2,INCLUDED_OPEN
1,-26,-1,INCLUDED_OPEN
1,-26,0,INCLUDED_OPEN
1,-26,1,INCLUDED_OPEN
1,-26,2,INCLUDED_OPEN
1,-26,3,INCLUDED_OPEN
1,-26,4,INCLUDED_OPEN
1,-26,5,INCLUDED_OPEN
1,-26,6,INCLUDED_OPEN
1,-26,7,INCLUDED_OPEN
1,-26,8,INCLUDED_OPEN
1,-26,9,INCLUDED_OPEN
1,-26,10,INCLUDED_OPEN
1,-26,11,INCLUDED_OPEN
1,-26,12,INCLUDED_OPEN
1,-26,13,INCLUDED_OPEN
1,-26,14,INCLUDED_OPEN
1,-25,-2,INCLUDED_OPEN
1,-25,-1,INCLUDED_OPEN
1,-25,0,INCLUDED_OPEN
1,-25,1,INCLUDED_OPEN
1,-25,2,INCLUDED_OPEN
1,-25,3,INCLUDED_OPEN
1,-25,4,INCLUDED_OPEN
1,-25,5,INCLUDED_OPEN
1,-25,6,INCLUDED_OPEN
1,-25,7,INCLUDED_OPEN
1,-25,8,INCLUDED_OPEN
1,-25,9,INCLUDED_OPEN
1,-25,10,INCLUDED_OPEN
1,-25,11,INCLUDED_OPEN
1,-25,12,INCLUDED_OPEN
1,-25,13,INCLUDED_OPEN
1,-25,14,INCLUDED_OPEN
1,-24,-2,INCLUDED_OPEN
1,-24,-1,INCLUDED_OPEN
1,-24,0,INCLUDED_OPEN
1,-24,1,INCLUDED_OPEN
1,-24,2,INCLUDED_OPEN
1,-24,3,INCLUDED_OPEN
1,-24,4,INCLUDED_OPEN
1,-24,5,INCLUDED_OPEN
1,-24,6,INCLUDED_OPEN
1,-24,7,INCLUDED_OPEN
1,-24,8,INCLUDED_OPEN
1,-24,9,INCLUDED_OPEN
1,-24,10,INCLUDED_OPEN
1,-24,11,INCLUDED_OPEN
1,-24,12,INCLUDED_OPEN
1,-24,13,INCLUDED_OPEN
1,-24,14,INCLUDED_OPEN
1,-23,-2,INCLUDED_OPEN
1,-23,-1,INCLUDED_OPEN
1,-23,0,INCLUDED_OPEN
1,-23,1,INCLUDED_OPEN
1,-23,2,INCLUDED_OPEN
1,-23,3,INCLUDED_OPEN
1,-23,4,INCLUDED_OPEN
1,-23,5,INCLUDED_OPEN
1,-23,6,INCLUDED_OPEN
1,-23,7,INCLUDED_OPEN
1,-23,9,INCLUDED_OPEN
1,-23,10,INCLUDED_OPEN
1,-23,11,INCLUDED_OPEN
1,-23,12,INCLUDED_OPEN
1,-23,13,INCLUDED_OPEN
1,-23,14,INCLUDED_LOWDATA
1,-22,-2,INCLUDED_OPEN
1,-22,-1,INCLUDED_OPEN
1,-22,0,INCLUDED_OPEN
1,-22,1,INCLUDED_OPEN
1,-22,2,INCLUDED_OPEN
1,-22,3,INCLUDED_OPEN
1,-22,4,INCLUDED_OPEN
1,-22,5,INCLUDED_OPEN
1,-22,6,INCLUDED_OPEN
1,-22,7,INCLUDED_OPEN
1,-22,8,INCLUDED_LOWDATA
1,-22,9,INCLUDED_OPEN
1,-22,10,ratop
1,-22,11,INCLUDED_OPEN
1,-22,12,INCLUDED_OPEN
1,-22,13,INCLUDED_OPEN
1,-22,14,INCLUDED_LOWDATA
1,-21,-2,INCLUDED_OPEN
1,-21,-1,INCLUDED_OPEN
1,-21,0,INCLUDED_OPEN
1,-21,1,INCLUDED_OPEN
1,-21,2,INCLUDED_OPEN
1,-21,3,INCLUDED_OPEN
1,-21,4,INCLUDED_OPEN
1,-21,5,INCLUDED_OPEN
1,-21,6,INCLUDED_OPEN
1,-21,7,INCLUDED_OPEN
1,-21,8,INCLUDED_OPEN
1,-21,9,INCLUDED_OPEN
1,-21,10,ratop
1,-21,11,INCLUDED_OPEN
1,-21,12,INCLUDED_OPEN
1,-21,13,INCLUDED_OPEN
1,-21,14,INCLUDED_OPEN
1,-20,-2,INCLUDED_OPEN
1,-20,-1,INCLUDED_OPEN
1,-20,0,INCLUDED_OPEN
1,-20,1,INCLUDED_OPEN
1,-20,2,INCLUDED_OPEN
1,-20,3,INCLUDED_OPEN
1,-20,4,INCLUDED_OPEN
1,-20,5,INCLUDED_OPEN
1,-20,6,INCLUDED_OPEN
1,-20,7,INCLUDED_OPEN
1,-20,8,INCLUDED_OPEN
1,-20,9,INCLUDED_OPEN
1,-20,10,INCLUDED_OPEN
1,-20,11,INCLUDED_OPEN
1,-20,12,INCLUDED_OPEN
1,-20,13,INCLUDED_OPEN
1,-20,14,INCLUDED_OPEN
1,-19,-2,INCLUDED_OPEN
1,-19,-1,INCLUDED_OPEN
1,-19,0,INCLUDED_OPEN
1,-19,1,INCLUDED_OPEN
1,-19,2,INCLUDED_OPEN
1,-19,3,INCLUDED_OPEN
1,-19,4,INCLUDED_OPEN
1,-19,5,INCLUDED_OPEN
1,-19,6,INCLUDED_OPEN
1,-19,7,INCLUDED_OPEN
1,-19,8,INCLUDED_OPEN
1,-19,9,INCLUDED_OPEN
1,-19,10,INCLUDED_OPEN
1,-19,11,INCLUDED_OPEN
1,-19,12,INCLUDED_OPEN
1,-19,13,INCLUDED_OPEN
1,-19,14,INCLUDED_LOWDATA
1,-18,-2,INCLUDED_OPEN
1,-18,-1,INCLUDED_OPEN
1,-18,0,INCLUDED_OPEN
1,-18,1,INCLUDED_OPEN
1,-18,2,INCLUDED_OPEN
1,-18,4,INCLUDED_OPEN
1,-18,5,INCLUDED_OPEN
1,-18,6,INCLUDED_OPEN
1,-18,7,INCLUDED_OPEN
1,-18,9,INCLUDED_OPEN
1,-18,10,INCLUDED_OPEN
1,-18,11,INCLUDED_OPEN
1,-18,12,INCLUDED_OPEN
1,-18,13,INCLUDED_LOWDATA
1,-17,-2,INCLUDED_OPEN
1,-17,-1,INCLUDED_OPEN
1,-17,0,INCLUDED_OPEN
1,-17,1,INCLUDED_OPEN
1,-17,2,INCLUDED_OPEN
1,-17,4,INCLUDED_OPEN
1,-17,5,INCLUDED_OPEN
1,-17,6,INCLUDED_OPEN
1,-17,7,INCLUDED_OPEN
1,-17,8,INCLUDED_LOWDATA
1,-17,9,INCLUDED_OPEN
1,-17,10,INCLUDED_OPEN
1,-17,11,INCLUDED_OPEN
1,-17,12,INCLUDED_LOWDATA
1,-16,-2,INCLUDED_OPEN
1,-16,-1,INCLUDED_OPEN
1,-16,0,INCLUDED_OPEN
1,-16,1,INCLUDED_LOWDATA
1,-15,-2,INCLUDED_OPEN
1,-15,-1,INCLUDED_OPEN
1,-15,0,INCLUDED_OPEN
1,-15,1,INCLUDED_OPEN
1,-15,2,INCLUDED_LOWDATA
1,-14,-2,INCLUDED_OPEN
1,-14,-1,INCLUDED_OPEN
1,-14,0,INCLUDED_OPEN
1,-14,1,INCLUDED_OPEN
1,-14,2,INCLUDED_OPEN
1,-13,-2,INCLUDED_OPEN
1,-13,-1,INCLUDED_OPEN
1,-13,0,INCLUDED_OPEN
1,-13,1,INCLUDED_OPEN
1,-13,2,tele-sng-out
1,-9,-4,INCLUDED_LOWDATA
1,-9,-3,INCLUDED_LOWDATA
1,-8,-7,INCLUDED_OPEN
1,-8,-6,INCLUDED_OPEN
1,-8,-5,INCLUDED_OPEN
1,-8,-4,INCLUDED_OPEN
1,-8,-3,INCLUDED_OPEN
1,-8,-2,INCLUDED_OPEN
1,-7,-7,INCLUDED_OPEN
1,-7,-6,INCLUDED_OPEN
1,-7,-5,INCLUDED_OPEN
1,-7,-4,INCLUDED_OPEN
1,-7,-3,INCLUDED_OPEN
1,-7,-2,INCLUDED_LOWDATA
1,-6,-7,INCLUDED_OPEN
1,-6,-6,INCLUDED_OPEN
1,-6,-5,INCLUDED_OPEN
1,-6,-4,INCLUDED_OPEN
1,-6,-3,INCLUDED_OPEN
1,-6,-2,INCLUDED_LOWDATA
1,-5,-7,INCLUDED_OPEN
1,-5,-6,INCLUDED_OPEN
1,-5,-5,INCLUDED_OPEN
1,-5,-4,INCLUDED_OPEN
1,-5,-3,INCLUDED_OPEN
1,-5,-2,ring-2
1,15,1,INCLUDED_LOWDATA
1,15,2,INCLUDED_LOWDATA
1,15,3,INCLUDED_LOWDATA
1,16,0,INCLUDED_OPEN
1,16,1,INCLUDED_OPEN
1,16,2,INCLUDED_OPEN
1,16,3,INCLUDED_OPEN
1,16,4,INCLUDED_OPEN
1,16,5,INCLUDED_OPEN
1,16,6,INCLUDED_OPEN
1,16,7,INCLUDED_LOWDATA
1,17,0,INCLUDED_OPEN
1,17,1,INCLUDED_OPEN
1,17,2,INCLUDED_OPEN
1,17,3,INCLUDED_OPEN
1,17,4,INCLUDED_OPEN
1,17,5,INCLUDED_OPEN
1,17,6,INCLUDED_OPEN
1,17,7,INCLUDED_OPEN
1,18,0,INCLUDED_OPEN
1,18,1,INCLUDED_OPEN
1,18,2,INCLUDED_OPEN
1,18,3,INCLUDED_OPEN
1,18,4,INCLUDED_OPEN
1,18,5,INCLUDED_OPEN
1,18,6,INCLUDED_OPEN
1,18,7,INCLUDED_LOWDATA
1,19,0,INCLUDED_OPEN
1,19,1,INCLUDED_OPEN
1,19,2,INCLUDED_OPEN
1,19,3,INCLUDED_OPEN
1,19,4,INCLUDED_OPEN
1,19,5,INCLUDED_OPEN
1,19,6,INCLUDED_OPEN
1,19,7,INCLUDED_OPEN
1,20,0,INCLUDED_OPEN
1,20,1,INCLUDED_OPEN
1,20,2,INCLUDED_OPEN
1,20,3,INCLUDED_OPEN
1,20,4,INCLUDED_OPEN
1,20,5,INCLUDED_OPEN
1,20,6,INCLUDED_OPEN
1,20,7,INCLUDED_OPEN
1,21,0,constrained-misc
1,21,1,INCLUDED_OPEN
1,21,2,INCLUDED_OPEN
1,21,3,INCLUDED_OPEN
1,21,4,INCLUDED_OPEN
1,21,5,INCLUDED_OPEN
1,21,6,INCLUDED_OPEN
1,21,7,INCLUDED_LOWDATA
1,22,1,INCLUDED_LOWDATA
1,22,2,INCLUDED_LOWDATA
1,23,1,INCLUDED_LOWDATA
2,-28,-1,INCLUDED_OPEN
2,-28,0,INCLUDED_OPEN
2,-28,1,INCLUDED_OPEN
2,-28,2,INCLUDED_OPEN
2,-28,4,INCLUDED_OPEN
2,-28,5,INCLUDED_OPEN
2,-28,6,INCLUDED_OPEN
2,-28,7,INCLUDED_OPEN
2,-28,8,INCLUDED_OPEN
2,-28,9,INCLUDED_OPEN
2,-28,10,INCLUDED_OPEN
2,-28,11,INCLUDED_OPEN
2,-28,12,INCLUDED_LOWDATA
2,-27,-1,INCLUDED_OPEN
2,-27,0,INCLUDED_OPEN
2,-27,1,INCLUDED_OPEN
2,-27,2,INCLUDED_OPEN
2,-27,3,INCLUDED_LOWDATA
2,-27,4,INCLUDED_OPEN
2,-27,5,INCLUDED_OPEN
2,-27,6,INCLUDED_OPEN
2,-27,7,INCLUDED_OPEN
2,-27,8,INCLUDED_OPEN
2,-27,9,INCLUDED_OPEN
2,-27,10,INCLUDED_OPEN
2,-27,11,INCLUDED_OPEN
2,-27,12,INCLUDED_OPEN
2,-27,13,INCLUDED_LOWDATA
2,-26,-2,INCLUDED_OPEN
2,-26,-1,INCLUDED_OPEN
2,-26,0,INCLUDED_OPEN
2,-26,1,INCLUDED_OPEN
2,-26,2,INCLUDED_OPEN
2,-26,3,INCLUDED_OPEN
2,-26,4,INCLUDED_OPEN
2,-26,5,INCLUDED_OPEN
2,-26,6,INCLUDED_OPEN
2,-26,7,INCLUDED_OPEN
2,-26,8,INCLUDED_OPEN
2,-26,9,INCLUDED_OPEN
2,-26,10,INCLUDED_OPEN
2,-26,11,INCLUDED_OPEN
2,-26,12,INCLUDED_OPEN
2,-26,13,INCLUDED_OPEN
2,-26,14,INCLUDED_OPEN
2,-25,-2,INCLUDED_OPEN
2,-25,-1,INCLUDED_OPEN
2,-25,0,INCLUDED_OPEN
2,-25,1,INCLUDED_OPEN
2,-25,2,INCLUDED_OPEN
2,-25,3,INCLUDED_OPEN
2,-25,4,INCLUDED_OPEN
2,-25,5,INCLUDED_OPEN
2,-25,6,INCLUDED_OPEN
2,-25,7,INCLUDED_OPEN
2,-25,8,INCLUDED_OPEN
2,-25,9,INCLUDED_OPEN
2,-25,10,INCLUDED_OPEN
2,-25,11,INCLUDED_OPEN
2,-25,12,INCLUDED_OPEN
2,-25,13,constrained-misc
2,-25,14,INCLUDED_OPEN
2,-24,-2,INCLUDED_OPEN
2,-24,-1,INCLUDED_OPEN
2,-24,0,INCLUDED_OPEN
2,-24,1,INCLUDED_OPEN
2,-24,2,INCLUDED_OPEN
2,-24,3,INCLUDED_OPEN
2,-24,4,INCLUDED_OPEN
2,-24,5,INCLUDED_OPEN
2,-24,6,INCLUDED_OPEN
2,-24,7,INCLUDED_OPEN
2,-24,8,INCLUDED_OPEN
2,-24,9,INCLUDED_OPEN
2,-24,10,INCLUDED_OPEN
2,-24,11,INCLUDED_OPEN
2,-24,12,INCLUDED_OPEN
2,-24,13,INCLUDED_OPEN
2,-24,14,INCLUDED_OPEN
2,-23,-2,INCLUDED_OPEN
2,-23,-1,INCLUDED_OPEN
2,-23,0,INCLUDED_OPEN
2,-23,1,INCLUDED_OPEN
2,-23,2,INCLUDED_OPEN
2,-23,3,INCLUDED_OPEN
2,-23,4,INCLUDED_OPEN
2,-23,5,INCLUDED_OPEN
2,-23,6,INCLUDED_OPEN
2,-23,7,INCLUDED_OPEN
2,-23,8,INCLUDED_LOWDATA
2,-23,9,INCLUDED_OPEN
2,-23,10,INCLUDED_OPEN
2,-23,11,INCLUDED_OPEN
2,-23,12,INCLUDED_OPEN
2,-23,13,INCLUDED_OPEN
2,-23,14,INCLUDED_OPEN
2,-22,-2,INCLUDED_OPEN
2,-22,-1,INCLUDED_OPEN
2,-22,0,INCLUDED_OPEN
2,-22,1,INCLUDED_OPEN
2,-22,2,INCLUDED_OPEN
2,-22,3,INCLUDED_OPEN
2,-22,4,INCLUDED_OPEN
2,-22,5,INCLUDED_OPEN
2,-22,6,INCLUDED_OPEN
2,-22,7,INCLUDED_OPEN
2,-22,8,INCLUDED_LOWDATA
2,-22,9,INCLUDED_OPEN
2,-22,10,ratop
2,-22,11,INCLUDED_OPEN
2,-22,12,INCLUDED_OPEN
2,-22,13,INCLUDED_OPEN
2,-22,14,INCLUDED_OPEN
2,-21,-2,INCLUDED_OPEN
2,-21,-1,INCLUDED_OPEN
2,-21,0,INCLUDED_OPEN
2,-21,1,INCLUDED_OPEN
2,-21,2,INCLUDED_OPEN
2,-21,3,INCLUDED_OPEN
2,-21,4,INCLUDED_OPEN
2,-21,5,INCLUDED_OPEN
2,-21,6,INCLUDED_OPEN
2,-21,7,INCLUDED_OPEN
2,-21,8,INCLUDED_OPEN
2,-21,9,INCLUDED_OPEN
2,-21,10,ratop
2,-21,11,INCLUDED_OPEN
2,-21,12,INCLUDED_OPEN
2,-21,13,constrained-misc
2,-21,14,INCLUDED_OPEN
2,-20,-2,INCLUDED_OPEN
2,-20,-1,INCLUDED_OPEN
2,-20,0,INCLUDED_OPEN
2,-20,1,INCLUDED_OPEN
2,-20,2,INCLUDED_OPEN
2,-20,3,INCLUDED_OPEN
2,-20,4,INCLUDED_OPEN
2,-20,5,INCLUDED_OPEN
2,-20,6,INCLUDED_OPEN
2,-20,7,INCLUDED_OPEN
2,-20,8,INCLUDED_OPEN
2,-20,9,INCLUDED_OPEN
2,-20,10,INCLUDED_OPEN
2,-20,11,INCLUDED_OPEN
2,-20,12,INCLUDED_OPEN
2,-20,13,INCLUDED_OPEN
2,-20,14,INCLUDED_OPEN
2,-19,-2,INCLUDED_OPEN
2,-19,-1,INCLUDED_OPEN
2,-19,0,INCLUDED_OPEN
2,-19,1,INCLUDED_OPEN
2,-19,2,INCLUDED_OPEN
2,-19,3,INCLUDED_OPEN
2,-19,4,INCLUDED_OPEN
2,-19,5,INCLUDED_OPEN
2,-19,6,INCLUDED_OPEN
2,-19,7,INCLUDED_OPEN
2,-19,8,INCLUDED_OPEN
2,-19,9,INCLUDED_OPEN
2,-19,10,INCLUDED_OPEN
2,-19,11,INCLUDED_OPEN
2,-19,12,constrained-misc
2,-19,13,constrained-misc
2,-19,14,INCLUDED_LOWDATA
2,-18,-2,INCLUDED_OPEN
2,-18,-1,INCLUDED_OPEN
2,-18,0,INCLUDED_OPEN
2,-18,1,INCLUDED_OPEN
2,-18,2,INCLUDED_OPEN
2,-18,4,INCLUDED_OPEN
2,-18,5,INCLUDED_OPEN
2,-18,6,INCLUDED_OPEN
2,-18,8,INCLUDED_LOWDATA
2,-18,9,INCLUDED_OPEN
2,-18,10,INCLUDED_OPEN
2,-18,11,INCLUDED_OPEN
2,-18,12,constrained-misc
2,-18,13,INCLUDED_LOWDATA
2,-17,-2,INCLUDED_OPEN
2,-17,-1,INCLUDED_OPEN
2,-17,0,INCLUDED_OPEN
2,-17,1,INCLUDED_OPEN
2,-17,2,INCLUDED_OPEN
2,-17,4,INCLUDED_OPEN
2,-17,5,INCLUDED_OPEN
2,-17,6,INCLUDED_OPEN
2,-17,8,INCLUDED_OPEN
2,-17,9,INCLUDED_OPEN
2,-17,10,INCLUDED_OPEN
2,-17,11,INCLUDED_OPEN
2,-16,-2,INCLUDED_OPEN
2,-16,-1,INCLUDED_OPEN
2,-16,0,INCLUDED_OPEN
2,-16,1,INCLUDED_LOWDATA
2,-15,-2,INCLUDED_OPEN
2,-15,-1,INCLUDED_OPEN
2,-15,0,INCLUDED_OPEN
2,-15,1,INCLUDED_OPEN
2,-15,2,tele-sng-out
2,-14,-2,INCLUDED_OPEN
2,-14,-1,INCLUDED_OPEN
2,-14,0,INCLUDED_OPEN
2,-14,1,INCLUDED_OPEN
2,-14,2,tele-sng-out
2,-13,-2,INCLUDED_OPEN
2,-13,-1,constrained-misc
2,-13,0,INCLUDED_OPEN
2,-13,1,INCLUDED_OPEN
2,-13,2,tele-sng-out
2,-8,-7,INCLUDED_OPEN
2,-8,-6,INCLUDED_OPEN
2,-8,-5,INCLUDED_OPEN
2,-8,-4,INCLUDED_OPEN
2,-8,-3,INCLUDED_OPEN
2,-8,-2,INCLUDED_OPEN
2,-7,-7,INCLUDED_OPEN
2,-7,-6,INCLUDED_OPEN
2,-7,-5,INCLUDED_OPEN
2,-7,-4,INCLUDED_OPEN
2,-7,-3,INCLUDED_OPEN
2,-7,-2,INCLUDED_LOWDATA
2,-6,-7,INCLUDED_LOWDATA
2,-6,-6,INCLUDED_OPEN
2,-6,-5,INCLUDED_OPEN
2,-6,-4,INCLUDED_OPEN
2,-6,-3,INCLUDED_OPEN
2,-6,-2,INCLUDED_LOWDATA
2,-5,-7,INCLUDED_OPEN
2,-5,-6,INCLUDED_OPEN
2,-5,-5,INCLUDED_OPEN
2,-5,-4,INCLUDED_OPEN
2,-5,-3,INCLUDED_OPEN
2,-5,-2,ring-2
2,16,0,INCLUDED_OPEN
2,16,1,INCLUDED_OPEN
2,16,2,INCLUDED_OPEN
2,16,3,INCLUDED_OPEN
2,16,4,INCLUDED_OPEN
2,16,5,INCLUDED_OPEN
2,16,6,INCLUDED_OPEN
2,17,0,INCLUDED_OPEN
2,17,1,INCLUDED_OPEN
2,17,2,INCLUDED_OPEN
2,17,3,INCLUDED_OPEN
2,17,4,INCLUDED_OPEN
2,17,5,INCLUDED_OPEN
2,17,6,INCLUDED_OPEN
2,17,7,INCLUDED_OPEN
2,18,0,INCLUDED_OPEN
2,18,1,INCLUDED_OPEN
2,18,2,INCLUDED_OPEN
2,18,3,INCLUDED_OPEN
2,18,4,INCLUDED_OPEN
2,18,5,INCLUDED_OPEN
2,18,6,INCLUDED_OPEN
2,18,7,INCLUDED_OPEN
2,19,0,INCLUDED_OPEN
2,19,1,INCLUDED_OPEN
2,19,2,INCLUDED_OPEN
2,19,3,INCLUDED_OPEN
2,19,4,INCLUDED_OPEN
2,19,5,INCLUDED_OPEN
2,19,6,INCLUDED_OPEN
2,19,7,INCLUDED_OPEN
2,20,0,INCLUDED_OPEN
2,20,1,INCLUDED_OPEN
2,20,2,INCLUDED_OPEN
2,20,3,INCLUDED_OPEN
2,20,4,INCLUDED_OPEN
2,20,5,INCLUDED_OPEN
2,20,6,INCLUDED_OPEN
2,20,7,sng-6
2,21,0,INCLUDED_LOWDATA
2,21,1,INCLUDED_OPEN
2,21,2,INCLUDED_OPEN
2,21,3,INCLUDED_OPEN
2,21,4,INCLUDED_OPEN
2,21,5,INCLUDED_OPEN
2,21,6,sng-6
2,23,0,INCLUDED_LOWDATA
2,23,1,INCLUDED_LOWDATA
3,-28,-1,INCLUDED_OPEN
3,-28,0,INCLUDED_OPEN
3,-28,1,INCLUDED_OPEN
3,-28,2,INCLUDED_OPEN
3,-28,3,INCLUDED_OPEN
3,-28,5,INCLUDED_OPEN
3,-28,6,INCLUDED_OPEN
3,-28,7,INCLUDED_OPEN
3,-28,8,INCLUDED_OPEN
3,-28,9,INCLUDED_OPEN
3,-28,10,INCLUDED_OPEN
3,-28,11,INCLUDED_OPEN
3,-28,12,INCLUDED_LOWDATA
3,-27,-1,INCLUDED_OPEN
3,-27,0,INCLUDED_OPEN
3,-27,1,INCLUDED_OPEN
3,-27,2,INCLUDED_OPEN
3,-27,3,INCLUDED_OPEN
3,-27,5,INCLUDED_OPEN
3,-27,6,INCLUDED_OPEN
3,-27,7,INCLUDED_OPEN
3,-27,8,INCLUDED_OPEN
3,-27,9,INCLUDED_OPEN
3,-27,10,INCLUDED_OPEN
3,-27,11,INCLUDED_OPEN
3,-27,12,INCLUDED_LOWDATA
3,-26,-2,INCLUDED_OPEN
3,-26,-1,INCLUDED_OPEN
3,-26,0,INCLUDED_OPEN
3,-26,1,INCLUDED_OPEN
3,-26,2,INCLUDED_OPEN
3,-26,3,INCLUDED_OPEN
3,-26,4,INCLUDED_OPEN
3,-26,5,INCLUDED_OPEN
3,-26,6,INCLUDED_OPEN
3,-26,7,INCLUDED_OPEN
3,-26,8,INCLUDED_OPEN
3,-26,9,INCLUDED_OPEN
3,-26,10,INCLUDED_OPEN
3,-26,11,INCLUDED_OPEN
3,-26,12,INCLUDED_LOWDATA
3,-25,-2,INCLUDED_OPEN
3,-25,-1,INCLUDED_OPEN
3,-25,0,INCLUDED_OPEN
3,-25,1,INCLUDED_OPEN
3,-25,2,INCLUDED_OPEN
3,-25,3,INCLUDED_OPEN
3,-25,4,INCLUDED_OPEN
3,-25,5,INCLUDED_OPEN
3,-25,6,INCLUDED_OPEN
3,-25,7,INCLUDED_OPEN
3,-25,8,INCLUDED_OPEN
3,-25,9,INCLUDED_OPEN
3,-25,10,INCLUDED_OPEN
3,-25,11,INCLUDED_OPEN
3,-25,12,INCLUDED_LOWDATA
3,-24,-2,INCLUDED_OPEN
3,-24,-1,INCLUDED_OPEN
3,-24,0,INCLUDED_OPEN
3,-24,1,INCLUDED_OPEN
3,-24,2,INCLUDED_OPEN
3,-24,3,INCLUDED_OPEN
3,-24,4,INCLUDED_OPEN
3,-24,5,INCLUDED_OPEN
3,-24,6,INCLUDED_OPEN
3,-24,7,INCLUDED_OPEN
3,-24,8,INCLUDED_OPEN
3,-24,9,INCLUDED_OPEN
3,-24,10,INCLUDED_OPEN
3,-24,11,INCLUDED_OPEN
3,-24,12,INCLUDED_LOWDATA
3,-23,-2,INCLUDED_OPEN
3,-23,-1,INCLUDED_OPEN
3,-23,0,INCLUDED_OPEN
3,-23,1,INCLUDED_OPEN
3,-23,2,INCLUDED_OPEN
3,-23,3,INCLUDED_OPEN
3,-23,4,INCLUDED_OPEN
3,-23,5,INCLUDED_OPEN
3,-23,6,INCLUDED_OPEN
3,-23,7,INCLUDED_OPEN
3,-23,8,INCLUDED_LOWDATA
3,-23,9,INCLUDED_LOWDATA
3,-23,10,INCLUDED_OPEN
3,-23,11,INCLUDED_OPEN
3,-23,12,INCLUDED_LOWDATA
3,-22,-2,INCLUDED_OPEN
3,-22,-1,INCLUDED_OPEN
3,-22,0,INCLUDED_OPEN
3,-22,1,INCLUDED_OPEN
3,-22,2,INCLUDED_OPEN
3,-22,3,INCLUDED_OPEN
3,-22,4,INCLUDED_OPEN
3,-22,5,INCLUDED_OPEN
3,-22,6,INCLUDED_OPEN
3,-22,7,INCLUDED_OPEN
3,-22,9,INCLUDED_OPEN
3,-22,10,ratop
3,-22,11,INCLUDED_OPEN
3,-22,12,INCLUDED_LOWDATA
3,-21,-2,INCLUDED_OPEN
3,-21,-1,INCLUDED_OPEN
3,-21,0,INCLUDED_OPEN
3,-21,1,INCLUDED_OPEN
3,-21,2,INCLUDED_OPEN
3,-21,3,INCLUDED_OPEN
3,-21,4,INCLUDED_OPEN
3,-21,5,INCLUDED_OPEN
3,-21,6,INCLUDED_OPEN
3,-21,7,INCLUDED_OPEN
3,-21,8,INCLUDED_OPEN
3,-21,9,INCLUDED_OPEN
3,-21,10,ratop
3,-21,11,INCLUDED_OPEN
3,-21,12,INCLUDED_LOWDATA
3,-20,-2,INCLUDED_OPEN
3,-20,-1,INCLUDED_OPEN
3,-20,0,INCLUDED_OPEN
3,-20,1,INCLUDED_OPEN
3,-20,2,INCLUDED_OPEN
3,-20,3,INCLUDED_OPEN
3,-20,4,INCLUDED_OPEN
3,-20,5,INCLUDED_OPEN
3,-20,6,INCLUDED_OPEN
3,-20,7,INCLUDED_OPEN
3,-20,8,INCLUDED_OPEN
3,-20,9,INCLUDED_OPEN
3,-20,10,INCLUDED_OPEN
3,-20,11,INCLUDED_OPEN
3,-20,12,INCLUDED_LOWDATA
3,-19,-2,INCLUDED_OPEN
3,-19,-1,INCLUDED_OPEN
3,-19,0,INCLUDED_OPEN
3,-19,1,INCLUDED_OPEN
3,-19,2,INCLUDED_OPEN
3,-19,3,INCLUDED_OPEN
3,-19,4,INCLUDED_OPEN
3,-19,5,INCLUDED_OPEN
3,-19,6,INCLUDED_OPEN
3,-19,7,INCLUDED_OPEN
3,-19,8,INCLUDED_OPEN
3,-19,9,INCLUDED_OPEN
3,-19,10,INCLUDED_OPEN
3,-19,11,INCLUDED_OPEN
3,-19,12,INCLUDED_LOWDATA
3,-18,-2,INCLUDED_OPEN
3,-18,-1,INCLUDED_OPEN
3,-18,0,INCLUDED_OPEN
3,-18,1,INCLUDED_OPEN
3,-18,2,INCLUDED_OPEN
3,-18,4,INCLUDED_OPEN
3,-18,5,INCLUDED_OPEN
3,-18,6,INCLUDED_OPEN
3,-18,8,INCLUDED_OPEN
3,-18,9,INCLUDED_OPEN
3,-18,10,INCLUDED_OPEN
3,-18,11,INCLUDED_OPEN
3,-18,12,INCLUDED_LOWDATA
3,-17,-2,constrained-misc
3,-17,-1,INCLUDED_OPEN
3,-17,0,INCLUDED_OPEN
3,-17,1,INCLUDED_OPEN
3,-17,2,INCLUDED_OPEN
3,-17,4,INCLUDED_OPEN
3,-17,5,INCLUDED_OPEN
3,-17,6,INCLUDED_OPEN
3,-17,8,INCLUDED_OPEN
3,-17,9,INCLUDED_OPEN
3,-17,10,INCLUDED_OPEN
3,-17,11,INCLUDED_OPEN
3,-8,-7,INCLUDED_OPEN
3,-8,-6,INCLUDED_OPEN
3,-8,-5,INCLUDED_OPEN
3,-8,-4,INCLUDED_OPEN
3,-8,-3,INCLUDED_OPEN
3,-8,-2,constrained-misc
3,-7,-7,INCLUDED_OPEN
3,-7,-6,INCLUDED_OPEN
3,-7,-5,INCLUDED_OPEN
3,-7,-4,INCLUDED_OPEN
3,-7,-3,INCLUDED_LOWDATA
3,-6,-7,INCLUDED_OPEN
3,-6,-6,INCLUDED_OPEN
3,-6,-5,INCLUDED_OPEN
3,-6,-4,INCLUDED_LOWDATA
3,-6,-3,ring-2
3,-5,-7,INCLUDED_OPEN
3,-5,-6,INCLUDED_OPEN
3,-5,-5,INCLUDED_OPEN
3,-5,-4,INCLUDED_OPEN
3,-5,-3,ring-2
3,-5,-2,ring-2
3,16,1,INCLUDED_LOWDATA
3,16,2,INCLUDED_LOWDATA
3,16,5,INCLUDED_OPEN
3,16,6,INCLUDED_OPEN
3,17,0,INCLUDED_LOWDATA
3,17,1,INCLUDED_OPEN
3,17,2,INCLUDED_OPEN
3,17,3,INCLUDED_OPEN
3,17,4,INCLUDED_OPEN
3,17,5,INCLUDED_OPEN
3,17,6,INCLUDED_OPEN
3,17,7,INCLUDED_LOWDATA
3,18,0,INCLUDED_LOWDATA
3,18,1,INCLUDED_OPEN
3,18,2,INCLUDED_OPEN
3,18,3,INCLUDED_OPEN
3,18,4,INCLUDED_OPEN
3,18,5,INCLUDED_OPEN
3,18,6,INCLUDED_OPEN
3,18,7,INCLUDED_LOWDATA
3,19,0,INCLUDED_LOWDATA
3,19,1,INCLUDED_OPEN
3,19,2,INCLUDED_OPEN
3,19,3,INCLUDED_OPEN
3,19,4,INCLUDED_OPEN
3,19,5,INCLUDED_OPEN
3,19,6,INCLUDED_OPEN
3,19,7,INCLUDED_LOWDATA
3,20,0,INCLUDED_LOWDATA
3,20,1,INCLUDED_OPEN
3,20,2,INCLUDED_OPEN
3,20,3,INCLUDED_OPEN
3,20,4,INCLUDED_OPEN
3,20,5,INCLUDED_OPEN
3,20,6,INCLUDED_OPEN
3,20,7,INCLUDED_LOWDATA
3,21,1,INCLUDED_LOWDATA
3,21,2,INCLUDED_LOWDATA
3,21,3,INCLUDED_LOWDATA
3,21,5,sng-6
3,21,6,sng-6
3,23,0,INCLUDED_LOWDATA
4,-28,-1,INCLUDED_OPEN
4,-28,0,INCLUDED_OPEN
4,-28,1,INCLUDED_OPEN
4,-28,2,INCLUDED_OPEN
4,-28,3,INCLUDED_OPEN
4,-28,5,INCLUDED_OPEN
4,-28,6,INCLUDED_OPEN
4,-28,7,INCLUDED_OPEN
4,-28,8,INCLUDED_OPEN
4,-28,9,INCLUDED_OPEN
4,-28,10,INCLUDED_OPEN
4,-28,11,INCLUDED_OPEN
4,-28,12,INCLUDED_LOWDATA
4,-27,-1,INCLUDED_OPEN
4,-27,0,INCLUDED_OPEN
4,-27,1,INCLUDED_OPEN
4,-27,2,INCLUDED_OPEN
4,-27,3,INCLUDED_OPEN
4,-27,5,INCLUDED_LOWDATA
4,-27,6,INCLUDED_OPEN
4,-27,7,INCLUDED_OPEN
4,-27,8,INCLUDED_OPEN
4,-27,9,INCLUDED_OPEN
4,-27,10,INCLUDED_OPEN
4,-27,11,INCLUDED_OPEN
4,-27,12,INCLUDED_OPEN
4,-26,-2,INCLUDED_OPEN
4,-26,-1,INCLUDED_OPEN
4,-26,0,INCLUDED_OPEN
4,-26,1,INCLUDED_OPEN
4,-26,2,INCLUDED_OPEN
4,-26,3,INCLUDED_OPEN
4,-26,4,INCLUDED_OPEN
4,-26,5,INCLUDED_OPEN
4,-26,6,INCLUDED_OPEN
4,-26,7,INCLUDED_OPEN
4,-26,8,INCLUDED_OPEN
4,-26,9,INCLUDED_OPEN
4,-26,10,INCLUDED_OPEN
4,-26,11,INCLUDED_OPEN
4,-26,12,INCLUDED_OPEN
4,-26,13,INCLUDED_OPEN
4,-26,14,INCLUDED_LOWDATA
4,-25,-2,INCLUDED_OPEN
4,-25,-1,INCLUDED_OPEN
4,-25,0,INCLUDED_OPEN
4,-25,1,INCLUDED_OPEN
4,-25,2,INCLUDED_OPEN
4,-25,3,INCLUDED_OPEN
4,-25,4,INCLUDED_OPEN
4,-25,5,INCLUDED_OPEN
4,-25,6,INCLUDED_OPEN
4,-25,7,INCLUDED_OPEN
4,-25,8,INCLUDED_OPEN
4,-25,9,INCLUDED_OPEN
4,-25,10,INCLUDED_OPEN
4,-25,11,INCLUDED_OPEN
4,-25,12,INCLUDED_OPEN
4,-25,13,INCLUDED_OPEN
4,-25,14,ratop-5
4,-24,-2,INCLUDED_OPEN
4,-24,-1,INCLUDED_OPEN
4,-24,0,INCLUDED_OPEN
4,-24,1,INCLUDED_OPEN
4,-24,2,INCLUDED_OPEN
4,-24,3,INCLUDED_OPEN
4,-24,4,INCLUDED_OPEN
4,-24,5,INCLUDED_OPEN
4,-24,6,INCLUDED_OPEN
4,-24,7,INCLUDED_OPEN
4,-24,8,INCLUDED_OPEN
4,-24,9,INCLUDED_OPEN
4,-24,10,INCLUDED_OPEN
4,-24,11,INCLUDED_OPEN
4,-24,12,INCLUDED_OPEN
4,-24,13,ratop-5
4,-24,14,ratop-5
4,-23,-2,INCLUDED_OPEN
4,-23,-1,INCLUDED_OPEN
4,-23,0,INCLUDED_OPEN
4,-23,1,INCLUDED_OPEN
4,-23,2,INCLUDED_OPEN
4,-23,3,INCLUDED_OPEN
4,-23,4,INCLUDED_OPEN
4,-23,5,INCLUDED_OPEN
4,-23,6,INCLUDED_OPEN
4,-23,7,INCLUDED_OPEN
4,-23,8,INCLUDED_LOWDATA
4,-23,9,INCLUDED_OPEN
4,-23,10,INCLUDED_OPEN
4,-23,11,INCLUDED_OPEN
4,-23,12,INCLUDED_OPEN
4,-23,13,INCLUDED_OPEN
4,-23,14,INCLUDED_LOWDATA
4,-22,-2,INCLUDED_OPEN
4,-22,-1,INCLUDED_OPEN
4,-22,0,INCLUDED_OPEN
4,-22,1,INCLUDED_OPEN
4,-22,2,INCLUDED_OPEN
4,-22,3,INCLUDED_OPEN
4,-22,4,INCLUDED_OPEN
4,-22,5,INCLUDED_OPEN
4,-22,6,INCLUDED_OPEN
4,-22,7,INCLUDED_OPEN
4,-22,9,INCLUDED_OPEN
4,-22,10,INCLUDED_OPEN
4,-22,11,INCLUDED_OPEN
4,-22,12,INCLUDED_OPEN
4,-22,13,ratop-5
4,-22,14,INCLUDED_OPEN
4,-21,-2,INCLUDED_OPEN
4,-21,-1,INCLUDED_OPEN
4,-21,0,INCLUDED_OPEN
4,-21,1,INCLUDED_OPEN
4,-21,2,INCLUDED_OPEN
4,-21,3,INCLUDED_OPEN
4,-21,4,INCLUDED_OPEN
4,-21,5,INCLUDED_OPEN
4,-21,6,INCLUDED_OPEN
4,-21,7,INCLUDED_OPEN
4,-21,8,INCLUDED_OPEN
4,-21,9,INCLUDED_OPEN
4,-21,10,ratop
4,-21,11,INCLUDED_OPEN
4,-21,12,INCLUDED_OPEN
4,-21,13,ratop-5
4,-21,14,INCLUDED_OPEN
4,-20,-2,INCLUDED_OPEN
4,-20,-1,INCLUDED_OPEN
4,-20,0,INCLUDED_OPEN
4,-20,1,INCLUDED_OPEN
4,-20,2,INCLUDED_OPEN
4,-20,3,INCLUDED_OPEN
4,-20,4,INCLUDED_OPEN
4,-20,5,INCLUDED_OPEN
4,-20,6,INCLUDED_OPEN
4,-20,7,INCLUDED_OPEN
4,-20,8,INCLUDED_OPEN
4,-20,9,INCLUDED_OPEN
4,-20,10,INCLUDED_OPEN
4,-20,11,INCLUDED_OPEN
4,-20,12,INCLUDED_OPEN
4,-20,13,ratop-5
4,-20,14,INCLUDED_OPEN
4,-19,-2,INCLUDED_OPEN
4,-19,-1,INCLUDED_OPEN
4,-19,0,INCLUDED_OPEN
4,-19,1,INCLUDED_OPEN
4,-19,2,INCLUDED_OPEN
4,-19,3,INCLUDED_OPEN
4,-19,4,INCLUDED_OPEN
4,-19,5,INCLUDED_OPEN
4,-19,6,INCLUDED_OPEN
4,-19,7,INCLUDED_OPEN
4,-19,8,INCLUDED_OPEN
4,-19,9,INCLUDED_OPEN
4,-19,10,INCLUDED_OPEN
4,-19,11,INCLUDED_OPEN
4,-19,12,INCLUDED_OPEN
4,-19,13,INCLUDED_OPEN
4,-19,14,INCLUDED_LOWDATA
4,-18,4,INCLUDED_OPEN
4,-18,5,INCLUDED_OPEN
4,-18,6,INCLUDED_OPEN
4,-18,7,INCLUDED_OPEN
4,-18,8,INCLUDED_OPEN
4,-18,9,INCLUDED_OPEN
4,-18,10,INCLUDED_OPEN
4,-18,11,INCLUDED_OPEN
4,-18,12,INCLUDED_OPEN
4,-18,13,INCLUDED_LOWDATA
4,-17,3,INCLUDED_LOWDATA
4,-17,4,INCLUDED_OPEN
4,-17,5,INCLUDED_OPEN
4,-17,6,INCLUDED_LOWDATA
4,-17,7,constrained-misc
4,-17,8,INCLUDED_OPEN
4,-17,9,INCLUDED_OPEN
4,-17,10,INCLUDED_OPEN
4,-17,11,INCLUDED_OPEN
4,-17,12,INCLUDED_LOWDATA
4,-12,2,INCLUDED_LOWDATA
4,-11,1,INCLUDED_OPEN
4,-11,2,INCLUDED_OPEN
4,-11,3,INCLUDED_OPEN
4,-11,4,INCLUDED_OPEN
4,-10,-4,INCLUDED_LOWDATA
4,-10,1,INCLUDED_OPEN
4,-10,2,INCLUDED_OPEN
4,-10,3,INCLUDED_OPEN
4,-10,4,INCLUDED_LOWDATA
4,-9,-4,INCLUDED_LOWDATA
4,-9,1,INCLUDED_OPEN
4,-9,2,INCLUDED_OPEN
4,-9,3,INCLUDED_OPEN
4,-9,4,INCLUDED_LOWDATA
4,-8,-7,INCLUDED_OPEN
4,-8,-6,INCLUDED_OPEN
4,-8,-5,INCLUDED_OPEN
4,-8,-4,INCLUDED_OPEN
4,-8,1,INCLUDED_OPEN
4,-8,2,INCLUDED_OPEN
4,-8,3,INCLUDED_OPEN
4,-8,4,INCLUDED_LOWDATA
4,-7,-7,INCLUDED_OPEN
4,-7,-6,INCLUDED_OPEN
4,-7,-5,INCLUDED_OPEN
4,-7,-4,INCLUDED_OPEN
4,-7,1,INCLUDED_OPEN
4,-7,2,INCLUDED_OPEN
4,-7,3,INCLUDED_OPEN
4,-7,4,INCLUDED_LOWDATA
4,-6,-7,INCLUDED_OPEN
4,-6,-6,INCLUDED_OPEN
4,-6,-5,INCLUDED_OPEN
4,-6,-4,INCLUDED_OPEN
4,-6,1,INCLUDED_OPEN
4,-6,2,INCLUDED_OPEN
4,-6,3,INCLUDED_OPEN
4,-6,4,INCLUDED_LOWDATA
4,-5,-7,INCLUDED_OPEN
4,-5,-6,INCLUDED_OPEN
4,-5,-5,INCLUDED_OPEN
4,-5,-4,INCLUDED_OPEN
4,-5,-2,INCLUDED_LOWDATA
4,-5,1,INCLUDED_OPEN
4,-5,2,INCLUDED_OPEN
4,-5,3,INCLUDED_OPEN
4,-5,4,INCLUDED_LOWDATA
4,-4,-7,INCLUDED_OPEN
4,-4,-6,INCLUDED_OPEN
4,-4,-5,INCLUDED_OPEN
4,-4,-4,INCLUDED_OPEN
4,-4,-2,INCLUDED_LOWDATA
4,-4,1,INCLUDED_OPEN
4,-4,2,INCLUDED_OPEN
4,-4,3,INCLUDED_OPEN
4,-4,4,INCLUDED_LOWDATA
4,-3,-7,INCLUDED_OPEN
4,-3,-6,INCLUDED_OPEN
4,-3,-5,INCLUDED_OPEN
4,-3,-4,INCLUDED_OPEN
4,-3,1,INCLUDED_OPEN
4,-3,2,INCLUDED_OPEN
4,-3,3,INCLUDED_OPEN
4,-3,4,INCLUDED_LOWDATA
4,-2,-7,INCLUDED_OPEN
4,-2,-6,INCLUDED_OPEN
4,-2,-5,INCLUDED_OPEN
4,-2,-4,INCLUDED_OPEN
4,-2,1,INCLUDED_OPEN
4,-2,2,INCLUDED_OPEN
4,-2,3,INCLUDED_OPEN
4,-2,4,INCLUDED_LOWDATA
4,-1,-7,INCLUDED_OPEN
4,-1,-6,INCLUDED_OPEN
4,-1,-5,INCLUDED_OPEN
4,-1,-4,INCLUDED_OPEN
4,-1,1,INCLUDED_OPEN
4,-1,2,INCLUDED_OPEN
4,-1,3,INCLUDED_OPEN
4,-1,4,INCLUDED_LOWDATA
4,0,-7,INCLUDED_OPEN
4,0,-6,INCLUDED_OPEN
4,0,-5,INCLUDED_OPEN
4,0,-4,INCLUDED_OPEN
4,0,1,INCLUDED_OPEN
4,0,2,INCLUDED_OPEN
4,0,3,INCLUDED_OPEN
4,0,4,INCLUDED_LOWDATA
4,1,-7,constrained-misc
4,1,-6,constrained-misc
4,1,-5,INCLUDED_OPEN
4,1,-4,INCLUDED_OPEN
4,1,1,INCLUDED_OPEN
4,1,2,INCLUDED_OPEN
4,1,3,INCLUDED_OPEN
4,1,4,INCLUDED_LOWDATA
4,2,1,INCLUDED_OPEN
4,2,2,INCLUDED_OPEN
4,2,3,INCLUDED_OPEN
4,2,4,INCLUDED_LOWDATA
4,3,1,INCLUDED_OPEN
4,3,2,INCLUDED_OPEN
4,3,3,INCLUDED_OPEN
4,3,4,INCLUDED_LOWDATA
4,4,1,INCLUDED_OPEN
4,4,2,INCLUDED_OPEN
4,4,3,INCLUDED_OPEN
4,4,4,INCLUDED_LOWDATA
4,5,1,INCLUDED_OPEN
4,5,2,INCLUDED_OPEN
4,5,3,INCLUDED_OPEN
4,5,4,INCLUDED_LOWDATA
4,6,1,INCLUDED_OPEN
4,6,2,INCLUDED_OPEN
4,6,3,INCLUDED_OPEN
4,6,4,INCLUDED_LOWDATA
4,7,1,INCLUDED_OPEN
4,7,2,INCLUDED_OPEN
4,7,3,INCLUDED_OPEN
4,7,4,INCLUDED_LOWDATA
4,8,1,INCLUDED_OPEN
4,8,2,INCLUDED_OPEN
4,8,3,INCLUDED_OPEN
4,8,4,INCLUDED_LOWDATA
4,9,1,INCLUDED_LOWDATA
4,16,1,INCLUDED_OPEN
4,16,2,INCLUDED_LOWDATA
4,17,0,INCLUDED_LOWDATA
4,17,1,INCLUDED_OPEN
4,17,2,INCLUDED_OPEN
4,17,3,INCLUDED_OPEN
4,18,1,INCLUDED_OPEN
4,18,2,INCLUDED_OPEN
4,18,3,INCLUDED_OPEN
4,19,0,INCLUDED_LOWDATA
4,19,1,INCLUDED_OPEN
4,19,2,INCLUDED_OPEN
4,19,3,INCLUDED_OPEN
4,20,1,INCLUDED_OPEN
4,20,2,INCLUDED_OPEN
4,20,3,INCLUDED_LOWDATA
4,21,1,INCLUDED_LOWDATA
4,23,0,INCLUDED_LOWDATA
5,-28,-1,INCLUDED_OPEN
5,-28,0,INCLUDED_OPEN
5,-28,1,INCLUDED_OPEN
5,-28,2,INCLUDED_OPEN
5,-28,3,INCLUDED_OPEN
5,-28,4,INCLUDED_OPEN
5,-28,6,INCLUDED_OPEN
5,-28,7,INCLUDED_OPEN
5,-28,8,INCLUDED_OPEN
5,-28,9,INCLUDED_OPEN
5,-28,10,INCLUDED_OPEN
5,-28,11,INCLUDED_OPEN
5,-28,12,INCLUDED_LOWDATA
5,-27,-1,INCLUDED_OPEN
5,-27,0,INCLUDED_OPEN
5,-27,1,INCLUDED_OPEN
5,-27,2,INCLUDED_OPEN
5,-27,3,INCLUDED_OPEN
5,-27,4,INCLUDED_LOWDATA
5,-27,6,INCLUDED_OPEN
5,-27,7,INCLUDED_OPEN
5,-27,8,INCLUDED_OPEN
5,-27,9,INCLUDED_OPEN
5,-27,10,INCLUDED_OPEN
5,-27,11,INCLUDED_OPEN
5,-27,12,INCLUDED_OPEN
5,-27,13,INCLUDED_LOWDATA
5,-26,-2,INCLUDED_OPEN
5,-26,-1,INCLUDED_OPEN
5,-26,0,INCLUDED_OPEN
5,-26,1,INCLUDED_OPEN
5,-26,2,INCLUDED_OPEN
5,-26,3,INCLUDED_OPEN
5,-26,4,INCLUDED_OPEN
5,-26,5,INCLUDED_OPEN
5,-26,6,INCLUDED_OPEN
5,-26,7,INCLUDED_OPEN
5,-26,8,INCLUDED_OPEN
5,-26,9,INCLUDED_OPEN
5,-26,10,INCLUDED_OPEN
5,-26,11,INCLUDED_OPEN
5,-26,12,INCLUDED_OPEN
5,-26,13,INCLUDED_OPEN
5,-26,14,INCLUDED_OPEN
5,-25,-2,INCLUDED_LOWDATA
5,-25,-1,INCLUDED_OPEN
5,-25,0,INCLUDED_OPEN
5,-25,1,INCLUDED_OPEN
5,-25,2,INCLUDED_OPEN
5,-25,3,INCLUDED_OPEN
5,-25,4,INCLUDED_OPEN
5,-25,5,INCLUDED_OPEN
5,-25,6,INCLUDED_OPEN
5,-25,7,INCLUDED_OPEN
5,-25,8,INCLUDED_OPEN
5,-25,9,INCLUDED_OPEN
5,-25,10,INCLUDED_OPEN
5,-25,11,INCLUDED_OPEN
5,-25,12,INCLUDED_OPEN
5,-25,13,INCLUDED_OPEN
5,-25,14,ratop-5
5,-24,-2,INCLUDED_OPEN
5,-24,-1,INCLUDED_OPEN
5,-24,0,INCLUDED_OPEN
5,-24,1,INCLUDED_OPEN
5,-24,2,INCLUDED_OPEN
5,-24,3,INCLUDED_OPEN
5,-24,4,INCLUDED_OPEN
5,-24,5,INCLUDED_OPEN
5,-24,6,INCLUDED_OPEN
5,-24,7,INCLUDED_OPEN
5,-24,8,INCLUDED_OPEN
5,-24,9,INCLUDED_OPEN
5,-24,10,INCLUDED_OPEN
5,-24,11,INCLUDED_OPEN
5,-24,12,INCLUDED_OPEN
5,-24,13,INCLUDED_OPEN
5,-24,14,INCLUDED_LOWDATA
5,-23,-2,INCLUDED_LOWDATA
5,-23,-1,INCLUDED_OPEN
5,-23,0,INCLUDED_OPEN
5,-23,1,INCLUDED_OPEN
5,-23,2,INCLUDED_OPEN
5,-23,3,INCLUDED_OPEN
5,-23,4,INCLUDED_OPEN
5,-23,5,INCLUDED_OPEN
5,-23,6,INCLUDED_OPEN
5,-23,7,INCLUDED_OPEN
5,-23,9,INCLUDED_OPEN
5,-23,10,INCLUDED_OPEN
5,-23,11,INCLUDED_OPEN
5,-23,12,INCLUDED_OPEN
5,-23,13,ratop-5
5,-23,14,INCLUDED_LOWDATA
5,-22,-2,INCLUDED_OPEN
5,-22,-1,INCLUDED_OPEN
5,-22,0,INCLUDED_OPEN
5,-22,1,INCLUDED_OPEN
5,-22,2,INCLUDED_OPEN
5,-22,3,INCLUDED_OPEN
5,-22,4,INCLUDED_OPEN
5,-22,5,INCLUDED_OPEN
5,-22,6,INCLUDED_OPEN
5,-22,7,INCLUDED_OPEN
5,-22,9,INCLUDED_OPEN
5,-22,10,INCLUDED_OPEN
5,-22,11,INCLUDED_OPEN
5,-22,12,INCLUDED_OPEN
5,-22,13,ratop-5
5,-22,14,INCLUDED_OPEN
5,-21,-2,INCLUDED_OPEN
5,-21,-1,INCLUDED_OPEN
5,-21,0,INCLUDED_OPEN
5,-21,1,INCLUDED_OPEN
5,-21,2,INCLUDED_OPEN
5,-21,3,INCLUDED_OPEN
5,-21,4,INCLUDED_OPEN
5,-21,5,INCLUDED_OPEN
5,-21,6,INCLUDED_OPEN
5,-21,7,INCLUDED_OPEN
5,-21,8,INCLUDED_OPEN
5,-21,9,INCLUDED_OPEN
5,-21,10,ratop
5,-21,11,INCLUDED_OPEN
5,-21,12,INCLUDED_OPEN
5,-21,13,ratop-5
5,-21,14,INCLUDED_OPEN
5,-20,-2,INCLUDED_OPEN
5,-20,-1,INCLUDED_OPEN
5,-20,0,INCLUDED_OPEN
5,-20,1,INCLUDED_OPEN
5,-20,2,INCLUDED_OPEN
5,-20,3,INCLUDED_OPEN
5,-20,4,INCLUDED_OPEN
5,-20,5,INCLUDED_OPEN
5,-20,6,INCLUDED_OPEN
5,-20,7,INCLUDED_OPEN
5,-20,8,INCLUDED_OPEN
5,-20,9,INCLUDED_OPEN
5,-20,10,INCLUDED_OPEN
5,-20,11,INCLUDED_OPEN
5,-20,12,INCLUDED_OPEN
5,-20,13,INCLUDED_LOWDATA
5,-20,14,INCLUDED_LOWDATA
5,-19,-2,INCLUDED_OPEN
5,-19,-1,INCLUDED_OPEN
5,-19,0,INCLUDED_OPEN
5,-19,1,INCLUDED_OPEN
5,-19,2,INCLUDED_OPEN
5,-19,3,INCLUDED_OPEN
5,-19,4,INCLUDED_OPEN
5,-19,5,INCLUDED_OPEN
5,-19,6,INCLUDED_OPEN
5,-19,7,INCLUDED_OPEN
5,-19,8,INCLUDED_OPEN
5,-19,9,INCLUDED_OPEN
5,-19,10,INCLUDED_OPEN
5,-19,11,INCLUDED_OPEN
5,-19,12,INCLUDED_OPEN
5,-19,13,INCLUDED_LOWDATA
5,-19,14,INCLUDED_LOWDATA
5,-18,3,INCLUDED_OPEN
5,-18,4,INCLUDED_OPEN
5,-18,5,INCLUDED_OPEN
5,-18,6,INCLUDED_OPEN
5,-18,7,INCLUDED_LOWDATA
5,-18,8,INCLUDED_OPEN
5,-18,9,INCLUDED_OPEN
5,-18,10,INCLUDED_OPEN
5,-18,11,INCLUDED_OPEN
5,-18,12,INCLUDED_OPEN
5,-18,13,INCLUDED_LOWDATA
5,-17,3,INCLUDED_OPEN
5,-17,4,INCLUDED_OPEN
5,-17,5,INCLUDED_OPEN
5,-17,6,INCLUDED_OPEN
5,-17,7,INCLUDED_OPEN
5,-17,8,INCLUDED_OPEN
5,-17,9,INCLUDED_OPEN
5,-17,10,INCLUDED_OPEN
5,-17,11,INCLUDED_OPEN
5,-17,12,INCLUDED_LOWDATA
5,-12,1,INCLUDED_OPEN
5,-12,2,INCLUDED_OPEN
5,-12,3,INCLUDED_OPEN
5,-12,4,INCLUDED_LOWDATA
5,-11,1,INCLUDED_OPEN
5,-11,2,INCLUDED_OPEN
5,-11,3,INCLUDED_OPEN
5,-11,4,INCLUDED_LOWDATA
5,-10,1,INCLUDED_OPEN
5,-10,2,INCLUDED_OPEN
5,-10,3,INCLUDED_OPEN
5,-10,4,INCLUDED_LOWDATA
5,-9,-3,INCLUDED_LOWDATA
5,-9,1,INCLUDED_OPEN
5,-9,2,INCLUDED_OPEN
5,-9,3,INCLUDED_OPEN
5,-9,4,INCLUDED_LOWDATA
5,-8,-7,INCLUDED_OPEN
5,-8,-6,INCLUDED_OPEN
5,-8,-5,INCLUDED_OPEN
5,-8,-4,INCLUDED_OPEN
5,-8,1,INCLUDED_OPEN
5,-8,2,INCLUDED_OPEN
5,-8,3,INCLUDED_OPEN
5,-8,4,INCLUDED_LOWDATA
5,-7,-7,INCLUDED_OPEN
5,-7,-6,INCLUDED_OPEN
5,-7,-5,INCLUDED_OPEN
5,-7,-4,INCLUDED_OPEN
5,-7,-3,INCLUDED_LOWDATA
5,-7,-2,INCLUDED_LOWDATA
5,-7,1,INCLUDED_OPEN
5,-7,2,INCLUDED_OPEN
5,-7,3,INCLUDED_OPEN
5,-7,4,INCLUDED_LOWDATA
5,-6,-7,INCLUDED_OPEN
5,-6,-6,INCLUDED_OPEN
5,-6,-5,INCLUDED_OPEN
5,-6,-4,INCLUDED_OPEN
5,-6,-3,INCLUDED_LOWDATA
5,-6,1,INCLUDED_OPEN
5,-6,2,INCLUDED_OPEN
5,-6,3,INCLUDED_OPEN
5,-6,4,INCLUDED_LOWDATA
5,-5,-7,INCLUDED_OPEN
5,-5,-6,INCLUDED_OPEN
5,-5,-5,INCLUDED_OPEN
5,-5,-4,INCLUDED_OPEN
5,-5,-3,INCLUDED_LOWDATA
5,-5,1,INCLUDED_OPEN
5,-5,2,INCLUDED_OPEN
5,-5,3,INCLUDED_OPEN
5,-5,4,INCLUDED_LOWDATA
5,-4,-7,INCLUDED_OPEN
5,-4,-6,INCLUDED_OPEN
5,-4,-5,INCLUDED_OPEN
5,-4,-4,INCLUDED_OPEN
5,-4,-3,INCLUDED_LOWDATA
5,-4,-2,INCLUDED_LOWDATA
5,-4,1,INCLUDED_OPEN
5,-4,2,INCLUDED_OPEN
5,-4,3,INCLUDED_OPEN
5,-4,4,INCLUDED_LOWDATA
5,-3,-7,INCLUDED_OPEN
5,-3,-6,INCLUDED_OPEN
5,-3,-5,INCLUDED_OPEN
5,-3,-4,INCLUDED_OPEN
5,-3,-2,INCLUDED_LOWDATA
5,-3,1,INCLUDED_OPEN
5,-3,2,INCLUDED_OPEN
5,-3,3,INCLUDED_OPEN
5,-3,4,INCLUDED_LOWDATA
5,-2,-7,INCLUDED_OPEN
5,-2,-6,INCLUDED_OPEN
5,-2,-5,INCLUDED_OPEN
5,-2,-4,INCLUDED_OPEN
5,-2,1,INCLUDED_OPEN
5,-2,2,INCLUDED_OPEN
5,-2,3,INCLUDED_OPEN
5,-2,4,INCLUDED_LOWDATA
5,-1,-7,INCLUDED_OPEN
5,-1,-6,INCLUDED_OPEN
5,-1,-5,INCLUDED_OPEN
5,-1,-4,INCLUDED_OPEN
5,-1,1,INCLUDED_OPEN
5,-1,2,INCLUDED_OPEN
5,-1,3,INCLUDED_OPEN
5,-1,4,INCLUDED_LOWDATA
5,0,-7,INCLUDED_OPEN
5,0,-6,INCLUDED_OPEN
5,0,-5,INCLUDED_OPEN
5,0,-4,INCLUDED_OPEN
5,0,1,INCLUDED_OPEN
5,0,2,INCLUDED_OPEN
5,0,3,INCLUDED_OPEN
5,0,4,INCLUDED_LOWDATA
5,1,-7,constrained-misc
5,1,-6,INCLUDED_OPEN
5,1,-5,INCLUDED_OPEN
5,1,-4,INCLUDED_OPEN
5,1,1,INCLUDED_OPEN
5,1,2,INCLUDED_OPEN
5,1,3,INCLUDED_OPEN
5,1,4,INCLUDED_LOWDATA
5,2,1,INCLUDED_OPEN
5,2,2,INCLUDED_OPEN
5,2,3,INCLUDED_OPEN
5,2,4,INCLUDED_LOWDATA
5,3,1,INCLUDED_OPEN
5,3,2,INCLUDED_OPEN
5,3,3,INCLUDED_OPEN
5,3,4,INCLUDED_LOWDATA
5,4,1,INCLUDED_OPEN
5,4,2,INCLUDED_OPEN
5,4,3,INCLUDED_OPEN
5,4,4,INCLUDED_LOWDATA
5,5,1,INCLUDED_OPEN
5,5,2,INCLUDED_OPEN
5,5,3,INCLUDED_OPEN
5,5,4,INCLUDED_LOWDATA
5,6,1,INCLUDED_OPEN
5,6,2,INCLUDED_OPEN
5,6,3,INCLUDED_OPEN
5,6,4,INCLUDED_LOWDATA
5,7,1,INCLUDED_OPEN
5,7,2,INCLUDED_OPEN
5,7,3,INCLUDED_OPEN
5,7,4,INCLUDED_LOWDATA
5,8,1,INCLUDED_OPEN
5,8,2,INCLUDED_OPEN
5,8,3,INCLUDED_OPEN
5,8,4,INCLUDED_LOWDATA
5,9,1,INCLUDED_OPEN
5,9,2,INCLUDED_OPEN
5,9,3,INCLUDED_OPEN
5,9,4,INCLUDED_LOWDATA
5,16,1,INCLUDED_OPEN
5,16,2,INCLUDED_OPEN
5,16,3,INCLUDED_OPEN
5,16,4,INCLUDED_LOWDATA
5,17,0,INCLUDED_LOWDATA
5,17,1,INCLUDED_OPEN
5,17,2,INCLUDED_OPEN
5,17,3,INCLUDED_OPEN
5,17,4,INCLUDED_LOWDATA
5,18,1,INCLUDED_OPEN
5,18,2,INCLUDED_OPEN
5,18,3,INCLUDED_OPEN
5,18,4,INCLUDED_LOWDATA
5,19,0,INCLUDED_LOWDATA
5,19,1,INCLUDED_OPEN
5,19,2,INCLUDED_OPEN
5,19,3,INCLUDED_OPEN
5,19,4,INCLUDED_LOWDATA
5,20,1,INCLUDED_OPEN
5,20,2,INCLUDED_OPEN
5,20,3,INCLUDED_OPEN
5,20,4,INCLUDED_LOWDATA
5,21,1,INCLUDED_OPEN
5,21,2,INCLUDED_OPEN
5,21,3,INCLUDED_OPEN
5,23,0,INCLUDED_LOWDATA
6,-28,0,INCLUDED_OPEN
6,-28,1,INCLUDED_OPEN
6,-28,2,INCLUDED_OPEN
6,-28,3,INCLUDED_OPEN
6,-28,4,INCLUDED_OPEN
6,-28,6,INCLUDED_OPEN
6,-28,7,INCLUDED_OPEN
6,-28,8,INCLUDED_OPEN
6,-28,9,INCLUDED_OPEN
6,-28,10,INCLUDED_OPEN
6,-28,11,INCLUDED_OPEN
6,-28,12,INCLUDED_LOWDATA
6,-27,0,INCLUDED_OPEN
6,-27,1,INCLUDED_OPEN
6,-27,2,INCLUDED_OPEN
6,-27,3,INCLUDED_OPEN
6,-27,4,INCLUDED_OPEN
6,-27,6,INCLUDED_OPEN
6,-27,7,INCLUDED_OPEN
6,-27,8,INCLUDED_OPEN
6,-27,9,INCLUDED_OPEN
6,-27,10,INCLUDED_OPEN
6,-27,11,INCLUDED_OPEN
6,-27,12,INCLUDED_OPEN
6,-27,13,INCLUDED_LOWDATA
6,-26,-2,INCLUDED_OPEN
6,-26,-1,INCLUDED_OPEN
6,-26,0,INCLUDED_OPEN
6,-26,1,INCLUDED_OPEN
6,-26,2,INCLUDED_OPEN
6,-26,3,INCLUDED_OPEN
6,-26,4,INCLUDED_OPEN
6,-26,5,INCLUDED_OPEN
6,-26,6,INCLUDED_OPEN
6,-26,7,INCLUDED_OPEN
6,-26,8,INCLUDED_OPEN
6,-26,9,INCLUDED_OPEN
6,-26,10,INCLUDED_OPEN
6,-26,11,INCLUDED_OPEN
6,-26,12,INCLUDED_OPEN
6,-26,13,INCLUDED_OPEN
6,-26,14,INCLUDED_LOWDATA
6,-25,-2,INCLUDED_OPEN
6,-25,-1,INCLUDED_OPEN
6,-25,0,INCLUDED_OPEN
6,-25,1,INCLUDED_OPEN
6,-25,2,INCLUDED_OPEN
6,-25,3,INCLUDED_OPEN
6,-25,4,INCLUDED_OPEN
6,-25,5,INCLUDED_OPEN
6,-25,6,INCLUDED_OPEN
6,-25,7,INCLUDED_OPEN
6,-25,8,INCLUDED_OPEN
6,-25,9,INCLUDED_OPEN
6,-25,10,INCLUDED_OPEN
6,-25,11,INCLUDED_OPEN
6,-25,12,INCLUDED_OPEN
6,-25,13,INCLUDED_OPEN
6,-25,14,INCLUDED_OPEN
6,-24,-2,INCLUDED_OPEN
6,-24,-1,INCLUDED_OPEN
6,-24,0,INCLUDED_OPEN
6,-24,1,INCLUDED_OPEN
6,-24,2,INCLUDED_OPEN
6,-24,3,INCLUDED_OPEN
6,-24,4,INCLUDED_OPEN
6,-24,5,INCLUDED_OPEN
6,-24,6,INCLUDED_OPEN
6,-24,7,INCLUDED_OPEN
6,-24,9,INCLUDED_LOWDATA
6,-24,10,INCLUDED_OPEN
6,-24,11,INCLUDED_OPEN
6,-24,12,INCLUDED_OPEN
6,-24,13,INCLUDED_OPEN
6,-24,14,INCLUDED_LOWDATA
6,-23,-2,constrained-misc
6,-23,-1,INCLUDED_OPEN
6,-23,0,INCLUDED_OPEN
6,-23,1,INCLUDED_OPEN
6,-23,2,INCLUDED_OPEN
6,-23,3,INCLUDED_OPEN
6,-23,4,INCLUDED_OPEN
6,-23,5,INCLUDED_OPEN
6,-23,6,INCLUDED_OPEN
6,-23,7,INCLUDED_OPEN
6,-23,8,INCLUDED_LOWDATA
6,-23,9,INCLUDED_OPEN
6,-23,10,INCLUDED_OPEN
6,-23,11,INCLUDED_OPEN
6,-23,12,INCLUDED_OPEN
6,-23,13,INCLUDED_OPEN
6,-23,14,INCLUDED_LOWDATA
6,-22,-2,INCLUDED_OPEN
6,-22,-1,INCLUDED_OPEN
6,-22,0,INCLUDED_OPEN
6,-22,1,INCLUDED_OPEN
6,-22,2,INCLUDED_OPEN
6,-22,3,INCLUDED_OPEN
6,-22,4,INCLUDED_OPEN
6,-22,5,INCLUDED_OPEN
6,-22,6,INCLUDED_OPEN
6,-22,7,INCLUDED_OPEN
6,-22,9,INCLUDED_OPEN
6,-22,10,INCLUDED_OPEN
6,-22,11,INCLUDED_OPEN
6,-22,12,INCLUDED_OPEN
6,-22,13,INCLUDED_OPEN
6,-22,14,INCLUDED_LOWDATA
6,-21,-2,INCLUDED_OPEN
6,-21,-1,INCLUDED_OPEN
6,-21,0,INCLUDED_OPEN
6,-21,1,INCLUDED_OPEN
6,-21,2,INCLUDED_OPEN
6,-21,3,INCLUDED_OPEN
6,-21,4,INCLUDED_OPEN
6,-21,5,INCLUDED_OPEN
6,-21,6,INCLUDED_OPEN
6,-21,7,INCLUDED_OPEN
6,-21,8,INCLUDED_LOWDATA
6,-21,9,INCLUDED_OPEN
6,-21,10,ratop
6,-21,11,INCLUDED_OPEN
6,-21,12,INCLUDED_OPEN
6,-21,13,INCLUDED_OPEN
6,-21,14,ratop-5
6,-20,-2,INCLUDED_OPEN
6,-20,-1,INCLUDED_OPEN
6,-20,0,INCLUDED_OPEN
6,-20,1,INCLUDED_OPEN
6,-20,2,INCLUDED_OPEN
6,-20,3,INCLUDED_OPEN
6,-20,4,INCLUDED_OPEN
6,-20,5,INCLUDED_OPEN
6,-20,6,INCLUDED_OPEN
6,-20,7,INCLUDED_OPEN
6,-20,8,INCLUDED_OPEN
6,-20,9,INCLUDED_OPEN
6,-20,10,INCLUDED_OPEN
6,-20,11,INCLUDED_OPEN
6,-20,12,INCLUDED_OPEN
6,-20,13,INCLUDED_OPEN
6,-20,14,INCLUDED_OPEN
6,-19,-2,INCLUDED_OPEN
6,-19,-1,INCLUDED_OPEN
6,-19,0,INCLUDED_OPEN
6,-19,1,INCLUDED_OPEN
6,-19,2,INCLUDED_OPEN
6,-19,3,INCLUDED_OPEN
6,-19,4,INCLUDED_OPEN
6,-19,5,INCLUDED_OPEN
6,-19,6,INCLUDED_OPEN
6,-19,7,INCLUDED_OPEN
6,-19,8,INCLUDED_OPEN
6,-19,9,INCLUDED_OPEN
6,-19,10,INCLUDED_OPEN
6,-19,11,INCLUDED_OPEN
6,-19,12,INCLUDED_OPEN
6,-19,13,INCLUDED_OPEN
6,-19,14,INCLUDED_LOWDATA
6,-18,3,INCLUDED_OPEN
6,-18,4,INCLUDED_OPEN
6,-18,5,INCLUDED_OPEN
6,-18,6,INCLUDED_OPEN
6,-18,7,INCLUDED_LOWDATA
6,-18,8,INCLUDED_OPEN
6,-18,9,INCLUDED_OPEN
6,-18,10,INCLUDED_OPEN
6,-18,11,INCLUDED_OPEN
6,-18,12,INCLUDED_LOWDATA
6,-18,13,INCLUDED_LOWDATA
6,-17,3,INCLUDED_OPEN
6,-17,4,INCLUDED_OPEN
6,-17,5,INCLUDED_OPEN
6,-17,6,INCLUDED_OPEN
6,-17,7,INCLUDED_OPEN
6,-17,8,constrained-misc
6,-17,9,INCLUDED_OPEN
6,-17,10,INCLUDED_OPEN
6,-17,11,INCLUDED_OPEN
6,-17,12,INCLUDED_LOWDATA
6,-16,4,INCLUDED_LOWDATA
6,-13,1,INCLUDED_OPEN
6,-13,2,INCLUDED_OPEN
6,-13,3,INCLUDED_OPEN
6,-13,4,INCLUDED_LOWDATA
6,-12,1,INCLUDED_OPEN
6,-12,2,INCLUDED_OPEN
6,-12,3,INCLUDED_OPEN
6,-12,4,INCLUDED_LOWDATA
6,-11,1,INCLUDED_OPEN
6,-11,2,INCLUDED_OPEN
6,-11,3,INCLUDED_OPEN
6,-11,4,INCLUDED_LOWDATA
6,-10,1,INCLUDED_OPEN
6,-10,2,INCLUDED_OPEN
6,-10,3,INCLUDED_OPEN
6,-10,4,INCLUDED_LOWDATA
6,-9,1,INCLUDED_OPEN
6,-9,2,INCLUDED_OPEN
6,-9,3,INCLUDED_OPEN
6,-9,4,INCLUDED_LOWDATA
6,-8,-7,INCLUDED_OPEN
6,-8,-6,INCLUDED_OPEN
6,-8,-5,INCLUDED_OPEN
6,-8,-4,INCLUDED_OPEN
6,-8,1,INCLUDED_OPEN
6,-8,2,INCLUDED_OPEN
6,-8,3,INCLUDED_OPEN
6,-8,4,INCLUDED_LOWDATA
6,-7,-7,constrained-misc
6,-7,-6,INCLUDED_OPEN
6,-7,-5,INCLUDED_OPEN
6,-7,-4,INCLUDED_OPEN
6,-7,1,INCLUDED_OPEN
6,-7,2,INCLUDED_OPEN
6,-7,3,INCLUDED_OPEN
6,-7,4,INCLUDED_LOWDATA
6,-6,-7,INCLUDED_OPEN
6,-6,-6,constrained-misc
6,-6,-5,INCLUDED_OPEN
6,-6,-4,INCLUDED_OPEN
6,-6,-3,INCLUDED_LOWDATA
6,-6,1,INCLUDED_OPEN
6,-6,2,INCLUDED_OPEN
6,-6,3,INCLUDED_OPEN
6,-6,4,INCLUDED_LOWDATA
6,-5,-7,INCLUDED_OPEN
6,-5,-6,INCLUDED_OPEN
6,-5,-5,INCLUDED_OPEN
6,-5,-4,INCLUDED_OPEN
6,-5,1,INCLUDED_OPEN
6,-5,2,INCLUDED_OPEN
6,-5,3,INCLUDED_OPEN
6,-5,4,INCLUDED_LOWDATA
6,-4,-7,INCLUDED_OPEN
6,-4,-6,INCLUDED_OPEN
6,-4,-5,INCLUDED_OPEN
6,-4,-4,INCLUDED_OPEN
6,-4,1,INCLUDED_OPEN
6,-4,2,INCLUDED_OPEN
6,-4,3,INCLUDED_OPEN
6,-4,4,INCLUDED_LOWDATA
6,-3,-7,INCLUDED_OPEN
6,-3,-6,INCLUDED_OPEN
6,-3,-5,INCLUDED_OPEN
6,-3,-4,INCLUDED_OPEN
6,-3,1,INCLUDED_OPEN
6,-3,2,INCLUDED_OPEN
6,-3,3,INCLUDED_OPEN
6,-3,4,INCLUDED_LOWDATA
6,-2,-7,INCLUDED_OPEN
6,-2,-6,INCLUDED_OPEN
6,-2,-5,INCLUDED_OPEN
6,-2,-4,INCLUDED_OPEN
6,-2,-2,INCLUDED_LOWDATA
6,-2,-1,INCLUDED_LOWDATA
6,-2,1,INCLUDED_OPEN
6,-2,2,INCLUDED_OPEN
6,-2,3,INCLUDED_OPEN
6,-2,4,INCLUDED_LOWDATA
6,-1,-7,INCLUDED_OPEN
6,-1,-6,INCLUDED_OPEN
6,-1,-5,INCLUDED_OPEN
6,-1,-4,INCLUDED_OPEN
6,-1,-1,INCLUDED_LOWDATA
6,-1,1,INCLUDED_OPEN
6,-1,2,INCLUDED_OPEN
6,-1,3,INCLUDED_OPEN
6,-1,4,INCLUDED_LOWDATA
6,0,-7,INCLUDED_LOWDATA
6,0,-6,INCLUDED_OPEN
6,0,-5,INCLUDED_OPEN
6,0,-4,INCLUDED_OPEN
6,0,1,INCLUDED_OPEN
6,0,2,INCLUDED_OPEN
6,0,3,INCLUDED_OPEN
6,0,4,INCLUDED_LOWDATA
6,1,-7,INCLUDED_OPEN
6,1,-6,INCLUDED_OPEN
6,1,-5,INCLUDED_OPEN
6,1,-4,INCLUDED_OPEN
6,1,1,INCLUDED_OPEN
6,1,2,INCLUDED_OPEN
6,1,3,INCLUDED_OPEN
6,1,4,INCLUDED_LOWDATA
6,2,1,INCLUDED_OPEN
6,2,2,INCLUDED_OPEN
6,2,3,INCLUDED_OPEN
6,2,4,INCLUDED_LOWDATA
6,3,1,INCLUDED_OPEN
6,3,2,INCLUDED_OPEN
6,3,3,INCLUDED_OPEN
6,3,4,INCLUDED_LOWDATA
6,4,1,INCLUDED_OPEN
6,4,2,INCLUDED_OPEN
6,4,3,INCLUDED_OPEN
6,4,4,INCLUDED_LOWDATA
6,5,1,INCLUDED_OPEN
6,5,2,INCLUDED_OPEN
6,5,3,INCLUDED_OPEN
6,5,4,INCLUDED_LOWDATA
6,6,1,INCLUDED_OPEN
6,6,2,INCLUDED_OPEN
6,6,3,INCLUDED_OPEN
6,6,4,INCLUDED_LOWDATA
6,7,1,INCLUDED_OPEN
6,7,2,INCLUDED_OPEN
6,7,3,INCLUDED_OPEN
6,7,4,INCLUDED_LOWDATA
6,8,1,INCLUDED_OPEN
6,8,2,INCLUDED_OPEN
6,8,3,INCLUDED_OPEN
6,8,4,INCLUDED_LOWDATA
6,9,1,INCLUDED_OPEN
6,9,2,INCLUDED_OPEN
6,9,3,INCLUDED_OPEN
6,9,4,INCLUDED_LOWDATA
6,10,1,INCLUDED_OPEN
6,10,2,INCLUDED_OPEN
6,10,3,INCLUDED_OPEN
6,10,4,INCLUDED_LOWDATA
6,15,1,INCLUDED_LOWDATA
6,16,0,INCLUDED_LOWDATA
6,16,1,INCLUDED_OPEN
6,16,2,INCLUDED_OPEN
6,16,3,INCLUDED_OPEN
6,16,4,INCLUDED_LOWDATA
6,17,1,INCLUDED_OPEN
6,17,2,INCLUDED_OPEN
6,17,3,INCLUDED_OPEN
6,17,4,INCLUDED_LOWDATA
6,18,0,INCLUDED_LOWDATA
6,18,1,INCLUDED_OPEN
6,18,2,INCLUDED_OPEN
6,18,3,INCLUDED_OPEN
6,19,0,INCLUDED_LOWDATA
6,19,1,INCLUDED_OPEN
6,19,2,INCLUDED_OPEN
6,19,3,INCLUDED_OPEN
6,20,1,INCLUDED_OPEN
6,20,2,INCLUDED_OPEN
6,20,3,INCLUDED_OPEN
6,21,1,INCLUDED_OPEN
6,21,2,INCLUDED_OPEN
6,21,3,INCLUDED_OPEN
6,23,0,INCLUDED_LOWDATA
7,-28,0,INCLUDED_OPEN
7,-28,1,INCLUDED_OPEN
7,-28,2,INCLUDED_OPEN
7,-28,3,INCLUDED_OPEN
7,-28,4,INCLUDED_OPEN
7,-28,5,INCLUDED_OPEN
7,-28,7,INCLUDED_OPEN
7,-28,8,INCLUDED_OPEN
7,-28,9,INCLUDED_OPEN
7,-28,10,INCLUDED_OPEN
7,-28,11,INCLUDED_OPEN
7,-28,12,INCLUDED_LOWDATA
7,-27,0,INCLUDED_OPEN
7,-27,1,INCLUDED_OPEN
7,-27,2,INCLUDED_OPEN
7,-27,3,INCLUDED_OPEN
7,-27,4,INCLUDED_OPEN
7,-27,5,INCLUDED_OPEN
7,-27,7,INCLUDED_OPEN
7,-27,8,INCLUDED_OPEN
7,-27,9,INCLUDED_OPEN
7,-27,10,INCLUDED_OPEN
7,-27,11,INCLUDED_OPEN
7,-27,12,INCLUDED_OPEN
7,-27,13,INCLUDED_LOWDATA
7,-26,-2,INCLUDED_OPEN
7,-26,-1,INCLUDED_OPEN
7,-26,0,INCLUDED_OPEN
7,-26,1,INCLUDED_OPEN
7,-26,2,INCLUDED_OPEN
7,-26,3,INCLUDED_OPEN
7,-26,4,INCLUDED_OPEN
7,-26,5,INCLUDED_OPEN
7,-26,6,INCLUDED_OPEN
7,-26,7,INCLUDED_OPEN
7,-26,8,INCLUDED_OPEN
7,-26,9,INCLUDED_OPEN
7,-26,10,INCLUDED_OPEN
7,-26,11,INCLUDED_OPEN
7,-26,12,INCLUDED_OPEN
7,-26,13,INCLUDED_OPEN
7,-26,14,INCLUDED_OPEN
7,-25,-2,INCLUDED_OPEN
7,-25,-1,INCLUDED_OPEN
7,-25,0,INCLUDED_OPEN
7,-25,1,INCLUDED_OPEN
7,-25,2,INCLUDED_OPEN
7,-25,3,INCLUDED_OPEN
7,-25,4,INCLUDED_OPEN
7,-25,5,INCLUDED_OPEN
7,-25,6,INCLUDED_OPEN
7,-25,7,INCLUDED_OPEN
7,-25,8,INCLUDED_OPEN
7,-25,9,INCLUDED_OPEN
7,-25,10,INCLUDED_OPEN
7,-25,11,INCLUDED_OPEN
7,-25,12,INCLUDED_OPEN
7,-25,13,INCLUDED_OPEN
7,-25,14,INCLUDED_OPEN
7,-24,-2,INCLUDED_OPEN
7,-24,-1,INCLUDED_OPEN
7,-24,0,INCLUDED_OPEN
7,-24,1,INCLUDED_OPEN
7,-24,2,INCLUDED_OPEN
7,-24,3,INCLUDED_OPEN
7,-24,4,INCLUDED_OPEN
7,-24,5,INCLUDED_OPEN
7,-24,6,INCLUDED_OPEN
7,-24,7,INCLUDED_OPEN
7,-24,9,INCLUDED_OPEN
7,-24,10,INCLUDED_OPEN
7,-24,11,INCLUDED_OPEN
7,-24,12,INCLUDED_OPEN
7,-24,13,INCLUDED_OPEN
7,-24,14,INCLUDED_OPEN
7,-23,9,INCLUDED_OPEN
7,-23,10,ratop
7,-23,11,INCLUDED_OPEN
7,-23,12,INCLUDED_OPEN
7,-23,13,INCLUDED_OPEN
7,-23,14,ratop-5
7,-22,-1,INCLUDED_LOWDATA
7,-22,9,INCLUDED_OPEN
7,-22,10,ratop
7,-22,11,INCLUDED_OPEN
7,-22,12,INCLUDED_OPEN
7,-22,13,INCLUDED_OPEN
7,-22,14,ratop-5
7,-21,-2,INCLUDED_OPEN
7,-21,-1,INCLUDED_OPEN
7,-21,0,INCLUDED_OPEN
7,-21,1,INCLUDED_OPEN
7,-21,2,INCLUDED_OPEN
7,-21,3,INCLUDED_OPEN
7,-21,4,INCLUDED_OPEN
7,-21,5,INCLUDED_OPEN
7,-21,6,INCLUDED_OPEN
7,-21,7,INCLUDED_OPEN
7,-21,9,INCLUDED_OPEN
7,-21,10,ratop
7,-21,11,INCLUDED_OPEN
7,-21,12,INCLUDED_OPEN
7,-21,13,INCLUDED_OPEN
7,-21,14,ratop-5
7,-20,-2,INCLUDED_OPEN
7,-20,-1,INCLUDED_OPEN
7,-20,0,INCLUDED_OPEN
7,-20,1,INCLUDED_OPEN
7,-20,2,INCLUDED_OPEN
7,-20,3,INCLUDED_OPEN
7,-20,4,INCLUDED_OPEN
7,-20,5,INCLUDED_OPEN
7,-20,6,INCLUDED_OPEN
7,-20,7,INCLUDED_OPEN
7,-20,8,INCLUDED_OPEN
7,-20,9,INCLUDED_OPEN
7,-20,10,ratop
7,-20,11,INCLUDED_OPEN
7,-20,12,INCLUDED_OPEN
7,-20,13,INCLUDED_OPEN
7,-20,14,ratop-5
7,-19,-2,INCLUDED_OPEN
7,-19,-1,INCLUDED_OPEN
7,-19,0,INCLUDED_OPEN
7,-19,1,INCLUDED_OPEN
7,-19,2,INCLUDED_OPEN
7,-19,3,INCLUDED_OPEN
7,-19,4,INCLUDED_OPEN
7,-19,5,INCLUDED_OPEN
7,-19,6,INCLUDED_OPEN
7,-19,7,INCLUDED_OPEN
7,-19,8,INCLUDED_OPEN
7,-19,9,INCLUDED_OPEN
7,-19,10,INCLUDED_OPEN
7,-19,11,INCLUDED_OPEN
7,-19,12,INCLUDED_OPEN
7,-19,13,INCLUDED_OPEN
7,-19,14,ratop-5
7,-18,2,INCLUDED_LOWDATA
7,-18,3,INCLUDED_OPEN
7,-18,4,INCLUDED_OPEN
7,-18,5,INCLUDED_OPEN
7,-18,6,INCLUDED_OPEN
7,-18,7,INCLUDED_LOWDATA
7,-18,8,INCLUDED_OPEN
7,-18,9,INCLUDED_OPEN
7,-18,10,INCLUDED_OPEN
7,-18,11,INCLUDED_OPEN
7,-18,12,INCLUDED_OPEN
7,-18,13,INCLUDED_LOWDATA
7,-17,2,INCLUDED_OPEN
7,-17,3,INCLUDED_OPEN
7,-17,4,INCLUDED_OPEN
7,-17,5,INCLUDED_OPEN
7,-17,6,INCLUDED_OPEN
7,-17,7,INCLUDED_OPEN
7,-17,8,INCLUDED_OPEN
7,-17,9,INCLUDED_OPEN
7,-17,10,INCLUDED_OPEN
7,-17,11,INCLUDED_OPEN
7,-17,12,INCLUDED_LOWDATA
7,-16,3,INCLUDED_LOWDATA
7,-16,4,INCLUDED_LOWDATA
7,-13,1,INCLUDED_OPEN
7,-13,2,INCLUDED_OPEN
7,-13,3,INCLUDED_OPEN
7,-13,4,INCLUDED_LOWDATA
7,-12,1,INCLUDED_OPEN
7,-12,2,INCLUDED_OPEN
7,-12,3,INCLUDED_OPEN
7,-12,4,INCLUDED_LOWDATA
7,-11,1,INCLUDED_OPEN
7,-11,2,INCLUDED_OPEN
7,-11,3,INCLUDED_OPEN
7,-11,4,INCLUDED_LOWDATA
7,-10,1,INCLUDED_OPEN
7,-10,2,constrained-misc
7,-10,3,INCLUDED_OPEN
7,-10,4,INCLUDED_LOWDATA
7,-9,1,INCLUDED_OPEN
7,-9,2,INCLUDED_OPEN
7,-9,3,INCLUDED_OPEN
7,-9,4,INCLUDED_LOWDATA
7,-8,-7,INCLUDED_OPEN
7,-8,-6,constrained-misc
7,-8,-5,INCLUDED_OPEN
7,-8,-4,INCLUDED_OPEN
7,-8,1,INCLUDED_OPEN
7,-8,2,INCLUDED_OPEN
7,-8,3,INCLUDED_OPEN
7,-8,4,INCLUDED_LOWDATA
7,-7,-7,INCLUDED_OPEN
7,-7,-6,INCLUDED_OPEN
7,-7,-5,INCLUDED_OPEN
7,-7,-4,INCLUDED_OPEN
7,-7,1,INCLUDED_OPEN
7,-7,2,INCLUDED_OPEN
7,-7,3,INCLUDED_OPEN
7,-7,4,INCLUDED_LOWDATA
7,-6,-7,INCLUDED_OPEN
7,-6,-6,INCLUDED_OPEN
7,-6,-5,INCLUDED_OPEN
7,-6,-4,INCLUDED_OPEN
7,-6,1,INCLUDED_OPEN
7,-6,2,INCLUDED_OPEN
7,-6,3,INCLUDED_OPEN
7,-6,4,INCLUDED_LOWDATA
7,-5,-7,INCLUDED_OPEN
7,-5,-6,INCLUDED_OPEN
7,-5,-5,INCLUDED_OPEN
7,-5,-4,INCLUDED_OPEN
7,-5,1,INCLUDED_OPEN
7,-5,2,INCLUDED_OPEN
7,-5,3,INCLUDED_OPEN
7,-5,4,INCLUDED_LOWDATA
7,-4,-7,INCLUDED_OPEN
7,-4,-6,INCLUDED_OPEN
7,-4,-5,INCLUDED_OPEN
7,-4,-4,INCLUDED_OPEN
7,-4,0,INCLUDED_LOWDATA
7,-4,1,INCLUDED_OPEN
7,-4,2,INCLUDED_OPEN
7,-4,3,INCLUDED_OPEN
7,-4,4,INCLUDED_LOWDATA
7,-4,5,INCLUDED_LOWDATA
7,-3,-7,INCLUDED_OPEN
7,-3,-6,INCLUDED_OPEN
7,-3,-5,INCLUDED_OPEN
7,-3,-4,INCLUDED_OPEN
7,-3,0,INCLUDED_LOWDATA
7,-3,1,INCLUDED_OPEN
7,-3,2,INCLUDED_OPEN
7,-3,3,INCLUDED_OPEN
7,-3,4,INCLUDED_LOWDATA
7,-3,5,INCLUDED_LOWDATA
7,-2,-7,INCLUDED_OPEN
7,-2,-6,INCLUDED_OPEN
7,-2,-5,INCLUDED_OPEN
7,-2,-4,INCLUDED_OPEN
7,-2,0,INCLUDED_LOWDATA
7,-2,1,INCLUDED_OPEN
7,-2,2,INCLUDED_OPEN
7,-2,3,INCLUDED_OPEN
7,-2,4,INCLUDED_LOWDATA
7,-2,5,INCLUDED_LOWDATA
7,-1,-7,INCLUDED_OPEN
7,-1,-6,INCLUDED_OPEN
7,-1,-5,INCLUDED_OPEN
7,-1,-4,INCLUDED_OPEN
7,-1,-1,INCLUDED_LOWDATA
7,-1,0,INCLUDED_LOWDATA
7,-1,1,INCLUDED_OPEN
7,-1,2,INCLUDED_OPEN
7,-1,3,INCLUDED_OPEN
7,-1,4,INCLUDED_LOWDATA
7,-1,5,INCLUDED_LOWDATA
7,0,-7,INCLUDED_OPEN
7,0,-6,INCLUDED_OPEN
7,0,-5,INCLUDED_OPEN
7,0,-4,INCLUDED_OPEN
7,0,-1,INCLUDED_LOWDATA
7,0,0,INCLUDED_LOWDATA
7,0,1,INCLUDED_OPEN
7,0,2,INCLUDED_OPEN
7,0,3,INCLUDED_OPEN
7,0,4,INCLUDED_LOWDATA
7,0,5,INCLUDED_LOWDATA
7,1,-7,ring
7,1,-6,INCLUDED_OPEN
7,1,-5,INCLUDED_OPEN
7,1,-4,INCLUDED_OPEN
7,1,1,INCLUDED_OPEN
7,1,2,INCLUDED_OPEN
7,1,3,INCLUDED_OPEN
7,1,4,INCLUDED_LOWDATA
7,2,1,INCLUDED_OPEN
7,2,2,INCLUDED_OPEN
7,2,3,INCLUDED_OPEN
7,2,4,INCLUDED_LOWDATA
7,3,1,INCLUDED_OPEN
7,3,2,INCLUDED_OPEN
7,3,3,INCLUDED_OPEN
7,3,4,INCLUDED_LOWDATA
7,4,1,INCLUDED_OPEN
7,4,2,INCLUDED_OPEN
7,4,3,INCLUDED_OPEN
7,4,4,INCLUDED_LOWDATA
7,5,1,INCLUDED_OPEN
7,5,2,INCLUDED_OPEN
7,5,3,INCLUDED_OPEN
7,5,4,INCLUDED_LOWDATA
7,6,1,INCLUDED_OPEN
7,6,2,INCLUDED_OPEN
7,6,3,INCLUDED_OPEN
7,6,4,INCLUDED_LOWDATA
7,7,-1,INCLUDED_LOWDATA
7,7,1,INCLUDED_OPEN
7,7,2,INCLUDED_OPEN
7,7,3,INCLUDED_OPEN
7,7,4,INCLUDED_LOWDATA
7,8,1,INCLUDED_OPEN
7,8,2,INCLUDED_OPEN
7,8,3,INCLUDED_OPEN
7,8,4,INCLUDED_LOWDATA
7,9,1,INCLUDED_OPEN
7,9,2,INCLUDED_OPEN
7,9,3,INCLUDED_OPEN
7,9,4,INCLUDED_LOWDATA
7,10,1,INCLUDED_OPEN
7,10,2,INCLUDED_OPEN
7,10,3,INCLUDED_OPEN
7,10,4,INCLUDED_LOWDATA
7,15,1,INCLUDED_LOWDATA
7,16,1,INCLUDED_OPEN
7,16,2,INCLUDED_OPEN
7,16,3,INCLUDED_OPEN
7,17,1,INCLUDED_OPEN
7,17,2,INCLUDED_OPEN
7,17,3,INCLUDED_OPEN
7,18,0,INCLUDED_LOWDATA
7,18,1,INCLUDED_OPEN
7,18,2,INCLUDED_OPEN
7,18,3,INCLUDED_OPEN
7,19,1,INCLUDED_OPEN
7,19,2,INCLUDED_OPEN
7,19,3,INCLUDED_OPEN
7,20,1,INCLUDED_OPEN
7,20,2,INCLUDED_OPEN
7,20,3,INCLUDED_OPEN
7,21,1,INCLUDED_OPEN
7,21,2,INCLUDED_OPEN
7,21,3,INCLUDED_OPEN
7,23,0,INCLUDED_LOWDATA
8,-28,0,INCLUDED_OPEN
8,-28,1,INCLUDED_OPEN
8,-28,2,INCLUDED_OPEN
8,-28,3,INCLUDED_OPEN
8,-28,4,INCLUDED_OPEN
8,-28,5,INCLUDED_OPEN
8,-28,7,INCLUDED_OPEN
8,-28,8,INCLUDED_OPEN
8,-28,9,INCLUDED_OPEN
8,-28,10,INCLUDED_OPEN
8,-28,11,INCLUDED_OPEN
8,-27,0,INCLUDED_OPEN
8,-27,1,INCLUDED_OPEN
8,-27,2,INCLUDED_OPEN
8,-27,3,INCLUDED_OPEN
8,-27,4,INCLUDED_OPEN
8,-27,5,INCLUDED_OPEN
8,-27,7,INCLUDED_OPEN
8,-27,8,INCLUDED_OPEN
8,-27,9,INCLUDED_OPEN
8,-27,10,INCLUDED_OPEN
8,-27,11,INCLUDED_OPEN
8,-26,-2,INCLUDED_OPEN
8,-26,-1,INCLUDED_OPEN
8,-26,0,INCLUDED_OPEN
8,-26,1,INCLUDED_OPEN
8,-26,2,INCLUDED_OPEN
8,-26,3,INCLUDED_OPEN
8,-26,4,INCLUDED_OPEN
8,-26,5,INCLUDED_OPEN
8,-26,6,INCLUDED_OPEN
8,-26,7,INCLUDED_OPEN
8,-26,8,INCLUDED_OPEN
8,-26,9,INCLUDED_OPEN
8,-26,10,INCLUDED_OPEN
8,-26,11,INCLUDED_OPEN
8,-26,12,INCLUDED_LOWDATA
8,-25,-2,INCLUDED_OPEN
8,-25,-1,INCLUDED_OPEN
8,-25,0,INCLUDED_OPEN
8,-25,1,INCLUDED_OPEN
8,-25,2,INCLUDED_OPEN
8,-25,3,INCLUDED_OPEN
8,-25,4,INCLUDED_OPEN
8,-25,5,INCLUDED_OPEN
8,-25,6,INCLUDED_OPEN
8,-25,7,INCLUDED_OPEN
8,-25,8,INCLUDED_OPEN
8,-25,9,INCLUDED_OPEN
8,-25,10,INCLUDED_OPEN
8,-25,11,INCLUDED_OPEN
8,-25,12,INCLUDED_LOWDATA
8,-24,-2,INCLUDED_LOWDATA
8,-24,-1,INCLUDED_OPEN
8,-24,0,INCLUDED_OPEN
8,-24,1,INCLUDED_OPEN
8,-24,2,INCLUDED_OPEN
8,-24,3,INCLUDED_OPEN
8,-24,4,INCLUDED_OPEN
8,-24,5,INCLUDED_OPEN
8,-24,6,INCLUDED_OPEN
8,-24,7,INCLUDED_OPEN
8,-24,8,INCLUDED_LOWDATA
8,-24,9,INCLUDED_OPEN
8,-24,10,INCLUDED_OPEN
8,-24,11,INCLUDED_OPEN
8,-24,12,INCLUDED_LOWDATA
8,-23,-1,INCLUDED_LOWDATA
8,-23,8,INCLUDED_LOWDATA
8,-23,9,INCLUDED_OPEN
8,-23,10,ratop
8,-23,11,INCLUDED_OPEN
8,-23,12,INCLUDED_LOWDATA
8,-22,8,INCLUDED_LOWDATA
8,-22,9,INCLUDED_OPEN
8,-22,10,ratop
8,-22,11,INCLUDED_OPEN
8,-22,12,INCLUDED_LOWDATA
8,-21,-2,INCLUDED_OPEN
8,-21,-1,INCLUDED_OPEN
8,-21,0,INCLUDED_OPEN
8,-21,1,INCLUDED_OPEN
8,-21,2,INCLUDED_OPEN
8,-21,3,INCLUDED_OPEN
8,-21,4,INCLUDED_OPEN
8,-21,5,INCLUDED_OPEN
8,-21,6,INCLUDED_OPEN
8,-21,7,INCLUDED_OPEN
8,-21,8,INCLUDED_LOWDATA
8,-21,9,INCLUDED_OPEN
8,-21,10,ratop
8,-21,11,INCLUDED_OPEN
8,-20,-2,INCLUDED_OPEN
8,-20,-1,INCLUDED_OPEN
8,-20,0,INCLUDED_OPEN
8,-20,1,INCLUDED_OPEN
8,-20,2,INCLUDED_OPEN
8,-20,3,INCLUDED_OPEN
8,-20,4,INCLUDED_OPEN
8,-20,5,INCLUDED_OPEN
8,-20,6,INCLUDED_OPEN
8,-20,7,INCLUDED_OPEN
8,-20,8,INCLUDED_OPEN
8,-20,9,INCLUDED_OPEN
8,-20,10,INCLUDED_OPEN
8,-20,11,INCLUDED_OPEN
8,-19,-2,INCLUDED_OPEN
8,-19,-1,INCLUDED_OPEN
8,-19,0,INCLUDED_OPEN
8,-19,1,INCLUDED_OPEN
8,-19,2,INCLUDED_OPEN
8,-19,3,INCLUDED_OPEN
8,-19,4,INCLUDED_OPEN
8,-19,5,INCLUDED_OPEN
8,-19,6,INCLUDED_OPEN
8,-19,7,INCLUDED_OPEN
8,-19,8,INCLUDED_OPEN
8,-19,9,INCLUDED_OPEN
8,-19,10,INCLUDED_OPEN
8,-19,11,INCLUDED_OPEN
8,-18,2,INCLUDED_OPEN
8,-18,3,INCLUDED_OPEN
8,-18,4,INCLUDED_OPEN
8,-18,5,INCLUDED_OPEN
8,-18,6,INCLUDED_LOWDATA
8,-18,7,INCLUDED_OPEN
8,-18,8,INCLUDED_OPEN
8,-18,9,INCLUDED_OPEN
8,-18,10,INCLUDED_OPEN
8,-18,11,INCLUDED_OPEN
8,-17,2,INCLUDED_OPEN
8,-17,3,INCLUDED_OPEN
8,-17,4,INCLUDED_OPEN
8,-17,5,INCLUDED_OPEN
8,-17,6,INCLUDED_LOWDATA
8,-17,7,INCLUDED_OPEN
8,-17,8,INCLUDED_OPEN
8,-17,9,INCLUDED_OPEN
8,-17,10,INCLUDED_OPEN
8,-17,11,INCLUDED_OPEN
8,-16,3,INCLUDED_LOWDATA
8,-13,1,INCLUDED_OPEN
8,-13,2,INCLUDED_OPEN
8,-13,3,INCLUDED_OPEN
8,-13,4,INCLUDED_LOWDATA
8,-12,1,INCLUDED_OPEN
8,-12,2,INCLUDED_OPEN
8,-12,3,INCLUDED_OPEN
8,-12,4,INCLUDED_LOWDATA
8,-11,1,INCLUDED_OPEN
8,-11,2,INCLUDED_OPEN
8,-11,3,INCLUDED_OPEN
8,-11,4,INCLUDED_LOWDATA
8,-10,1,INCLUDED_OPEN
8,-10,2,INCLUDED_OPEN
8,-10,3,INCLUDED_OPEN
8,-10,4,INCLUDED_LOWDATA
8,-9,1,INCLUDED_OPEN
8,-9,2,INCLUDED_OPEN
8,-9,3,INCLUDED_OPEN
8,-9,4,INCLUDED_LOWDATA
8,-8,1,INCLUDED_OPEN
8,-8,2,INCLUDED_OPEN
8,-8,3,INCLUDED_OPEN
8,-8,4,INCLUDED_LOWDATA
8,-7,-6,INCLUDED_LOWDATA
8,-7,1,INCLUDED_OPEN
8,-7,2,INCLUDED_OPEN
8,-7,3,INCLUDED_OPEN
8,-7,4,INCLUDED_LOWDATA
8,-6,-6,INCLUDED_LOWDATA
8,-6,1,INCLUDED_OPEN
8,-6,2,INCLUDED_OPEN
8,-6,3,INCLUDED_OPEN
8,-6,4,INCLUDED_LOWDATA
8,-5,-6,INCLUDED_LOWDATA
8,-5,1,INCLUDED_OPEN
8,-5,2,INCLUDED_OPEN
8,-5,3,INCLUDED_OPEN
8,-5,4,INCLUDED_LOWDATA
8,-4,-7,INCLUDED_OPEN
8,-4,-6,INCLUDED_OPEN
8,-4,-5,INCLUDED_OPEN
8,-4,-4,INCLUDED_OPEN
8,-4,1,INCLUDED_OPEN
8,-4,2,INCLUDED_OPEN
8,-4,3,INCLUDED_OPEN
8,-4,4,INCLUDED_LOWDATA
8,-4,5,INCLUDED_LOWDATA
8,-3,-7,INCLUDED_OPEN
8,-3,-6,INCLUDED_OPEN
8,-3,-5,INCLUDED_OPEN
8,-3,-4,INCLUDED_OPEN
8,-3,1,INCLUDED_OPEN
8,-3,2,INCLUDED_OPEN
8,-3,3,INCLUDED_OPEN
8,-3,4,INCLUDED_LOWDATA
8,-2,-7,INCLUDED_OPEN
8,-2,-6,INCLUDED_OPEN
8,-2,-5,INCLUDED_OPEN
8,-2,-4,INCLUDED_OPEN
8,-2,1,INCLUDED_OPEN
8,-2,2,INCLUDED_OPEN
8,-2,3,INCLUDED_OPEN
8,-2,4,INCLUDED_LOWDATA
8,-1,-7,INCLUDED_OPEN
8,-1,-6,INCLUDED_OPEN
8,-1,-5,INCLUDED_OPEN
8,-1,-4,INCLUDED_OPEN
8,-1,1,INCLUDED_OPEN
8,-1,2,INCLUDED_OPEN
8,-1,3,INCLUDED_OPEN
8,-1,4,INCLUDED_LOWDATA
8,0,-7,INCLUDED_OPEN
8,0,-6,INCLUDED_OPEN
8,0,-5,INCLUDED_OPEN
8,0,-4,INCLUDED_OPEN
8,0,-1,INCLUDED_LOWDATA
8,0,0,INCLUDED_LOWDATA
8,0,1,INCLUDED_OPEN
8,0,2,INCLUDED_OPEN
8,0,3,INCLUDED_OPEN
8,0,4,INCLUDED_LOWDATA
8,0,5,INCLUDED_LOWDATA
8,1,-7,INCLUDED_OPEN
8,1,-6,ring
8,1,-5,INCLUDED_OPEN
8,1,-4,INCLUDED_OPEN
8,1,-1,INCLUDED_LOWDATA
8,1,0,INCLUDED_LOWDATA
8,1,1,INCLUDED_OPEN
8,1,2,INCLUDED_OPEN
8,1,3,INCLUDED_OPEN
8,1,4,INCLUDED_LOWDATA
8,1,5,INCLUDED_LOWDATA
8,2,0,INCLUDED_LOWDATA
8,2,1,INCLUDED_OPEN
8,2,2,INCLUDED_OPEN
8,2,3,INCLUDED_OPEN
8,2,4,INCLUDED_LOWDATA
8,3,1,INCLUDED_OPEN
8,3,2,INCLUDED_OPEN
8,3,3,INCLUDED_OPEN
8,3,4,INCLUDED_LOWDATA
8,4,1,INCLUDED_OPEN
8,4,2,INCLUDED_OPEN
8,4,3,INCLUDED_OPEN
8,4,4,INCLUDED_LOWDATA
8,5,1,INCLUDED_OPEN
8,5,2,INCLUDED_OPEN
8,5,3,INCLUDED_OPEN
8,5,4,INCLUDED_LOWDATA
8,6,1,INCLUDED_OPEN
8,6,2,INCLUDED_OPEN
8,6,3,INCLUDED_OPEN
8,6,4,INCLUDED_LOWDATA
8,7,1,INCLUDED_OPEN
8,7,2,INCLUDED_OPEN
8,7,3,INCLUDED_OPEN
8,7,4,INCLUDED_LOWDATA
8,8,1,INCLUDED_OPEN
8,8,2,INCLUDED_OPEN
8,8,3,INCLUDED_OPEN
8,8,4,INCLUDED_LOWDATA
8,9,1,INCLUDED_OPEN
8,9,2,INCLUDED_OPEN
8,9,3,INCLUDED_OPEN
8,9,4,INCLUDED_LOWDATA
8,10,1,INCLUDED_OPEN
8,10,2,INCLUDED_OPEN
8,10,3,INCLUDED_OPEN
8,10,4,INCLUDED_LOWDATA
8,15,1,INCLUDED_OPEN
8,15,2,INCLUDED_OPEN
8,15,3,INCLUDED_OPEN
8,15,4,INCLUDED_LOWDATA
8,16,1,INCLUDED_OPEN
8,16,2,INCLUDED_OPEN
8,16,3,INCLUDED_OPEN
8,16,4,INCLUDED_LOWDATA
8,17,0,INCLUDED_LOWDATA
8,17,1,INCLUDED_OPEN
8,17,2,INCLUDED_OPEN
8,17,3,INCLUDED_OPEN
8,17,4,INCLUDED_LOWDATA
8,18,0,INCLUDED_LOWDATA
8,18,1,INCLUDED_OPEN
8,18,2,INCLUDED_OPEN
8,18,3,INCLUDED_OPEN
8,19,1,INCLUDED_OPEN
8,19,2,INCLUDED_OPEN
8,19,3,INCLUDED_OPEN
8,20,1,INCLUDED_OPEN
8,20,2,INCLUDED_OPEN
8,20,3,INCLUDED_OPEN
8,20,4,INCLUDED_LOWDATA
8,21,1,INCLUDED_OPEN
8,21,2,INCLUDED_OPEN
8,21,3,INCLUDED_OPEN
8,21,4,INCLUDED_LOWDATA
8,23,0,INCLUDED_LOWDATA
9,-29,1,INCLUDED_LOWDATA
9,-28,0,INCLUDED_OPEN
9,-28,1,INCLUDED_OPEN
9,-28,2,INCLUDED_OPEN
9,-28,3,INCLUDED_OPEN
9,-28,4,INCLUDED_OPEN
9,-28,5,INCLUDED_OPEN
9,-28,6,INCLUDED_LOWDATA
9,-28,7,INCLUDED_OPEN
9,-28,8,INCLUDED_OPEN
9,-28,9,INCLUDED_OPEN
9,-28,10,INCLUDED_OPEN
9,-28,11,INCLUDED_OPEN
9,-28,12,INCLUDED_LOWDATA
9,-27,0,INCLUDED_OPEN
9,-27,1,INCLUDED_OPEN
9,-27,2,INCLUDED_OPEN
9,-27,3,INCLUDED_OPEN
9,-27,4,INCLUDED_OPEN
9,-27,5,INCLUDED_OPEN
9,-27,7,INCLUDED_OPEN
9,-27,8,INCLUDED_OPEN
9,-27,9,INCLUDED_OPEN
9,-27,10,INCLUDED_OPEN
9,-27,11,INCLUDED_OPEN
9,-27,12,INCLUDED_OPEN
9,-27,13,INCLUDED_LOWDATA
9,-26,-2,INCLUDED_OPEN
9,-26,-1,INCLUDED_OPEN
9,-26,0,INCLUDED_OPEN
9,-26,1,INCLUDED_OPEN
9,-26,2,INCLUDED_OPEN
9,-26,3,INCLUDED_OPEN
9,-26,4,INCLUDED_OPEN
9,-26,5,INCLUDED_OPEN
9,-26,6,INCLUDED_OPEN
9,-26,7,INCLUDED_OPEN
9,-26,8,INCLUDED_OPEN
9,-26,9,INCLUDED_OPEN
9,-26,10,INCLUDED_OPEN
9,-26,11,INCLUDED_OPEN
9,-26,12,INCLUDED_OPEN
9,-26,13,INCLUDED_OPEN
9,-26,14,INCLUDED_LOWDATA
9,-25,-2,INCLUDED_OPEN
9,-25,-1,INCLUDED_OPEN
9,-25,0,INCLUDED_OPEN
9,-25,1,INCLUDED_OPEN
9,-25,2,INCLUDED_OPEN
9,-25,3,INCLUDED_OPEN
9,-25,4,INCLUDED_OPEN
9,-25,5,INCLUDED_OPEN
9,-25,6,INCLUDED_OPEN
9,-25,7,constrained-misc
9,-25,8,INCLUDED_OPEN
9,-25,9,INCLUDED_OPEN
9,-25,10,INCLUDED_OPEN
9,-25,11,INCLUDED_OPEN
9,-25,12,INCLUDED_OPEN
9,-25,13,INCLUDED_OPEN
9,-25,14,INCLUDED_OPEN
9,-24,-2,INCLUDED_OPEN
9,-24,-1,INCLUDED_OPEN
9,-24,0,INCLUDED_OPEN
9,-24,1,INCLUDED_OPEN
9,-24,2,INCLUDED_OPEN
9,-24,3,INCLUDED_OPEN
9,-24,4,INCLUDED_OPEN
9,-24,5,INCLUDED_OPEN
9,-24,6,INCLUDED_OPEN
9,-24,7,INCLUDED_OPEN
9,-24,8,INCLUDED_LOWDATA
9,-24,9,INCLUDED_OPEN
9,-24,10,INCLUDED_OPEN
9,-24,11,INCLUDED_OPEN
9,-24,12,INCLUDED_OPEN
9,-24,13,INCLUDED_OPEN
9,-24,14,INCLUDED_OPEN
9,-23,-2,INCLUDED_LOWDATA
9,-23,-1,INCLUDED_OPEN
9,-23,0,INCLUDED_OPEN
9,-23,1,INCLUDED_OPEN
9,-23,2,INCLUDED_OPEN
9,-23,3,INCLUDED_OPEN
9,-23,6,INCLUDED_LOWDATA
9,-23,7,INCLUDED_LOWDATA
9,-23,8,INCLUDED_LOWDATA
9,-23,9,INCLUDED_OPEN
9,-23,10,INCLUDED_OPEN
9,-23,11,INCLUDED_OPEN
9,-23,12,INCLUDED_OPEN
9,-23,13,ratop-4
9,-23,14,INCLUDED_OPEN
9,-22,-2,INCLUDED_OPEN
9,-22,-1,INCLUDED_OPEN
9,-22,0,INCLUDED_OPEN
9,-22,1,INCLUDED_OPEN
9,-22,2,INCLUDED_OPEN
9,-22,3,INCLUDED_OPEN
9,-22,6,INCLUDED_LOWDATA
9,-22,7,INCLUDED_LOWDATA
9,-22,9,INCLUDED_OPEN
9,-22,10,ratop
9,-22,11,INCLUDED_OPEN
9,-22,12,ratop-4
9,-22,13,ratop-4
9,-22,14,INCLUDED_OPEN
9,-21,-2,INCLUDED_OPEN
9,-21,-1,INCLUDED_OPEN
9,-21,0,INCLUDED_OPEN
9,-21,1,INCLUDED_OPEN
9,-21,2,INCLUDED_OPEN
9,-21,3,INCLUDED_OPEN
9,-21,4,INCLUDED_OPEN
9,-21,5,INCLUDED_OPEN
9,-21,6,INCLUDED_OPEN
9,-21,7,INCLUDED_OPEN
9,-21,8,INCLUDED_LOWDATA
9,-21,9,INCLUDED_OPEN
9,-21,10,INCLUDED_OPEN
9,-21,11,INCLUDED_OPEN
9,-21,12,INCLUDED_OPEN
9,-21,13,ratop-4
9,-21,14,INCLUDED_OPEN
9,-20,-2,INCLUDED_OPEN
9,-20,-1,INCLUDED_OPEN
9,-20,0,INCLUDED_OPEN
9,-20,1,INCLUDED_OPEN
9,-20,2,INCLUDED_OPEN
9,-20,3,INCLUDED_OPEN
9,-20,4,INCLUDED_OPEN
9,-20,5,INCLUDED_OPEN
9,-20,6,INCLUDED_OPEN
9,-20,7,INCLUDED_OPEN
9,-20,8,INCLUDED_OPEN
9,-20,9,INCLUDED_OPEN
9,-20,10,INCLUDED_OPEN
9,-20,11,INCLUDED_OPEN
9,-20,12,INCLUDED_OPEN
9,-20,13,ratop-4
9,-20,14,INCLUDED_OPEN
9,-19,-2,INCLUDED_OPEN
9,-19,-1,INCLUDED_OPEN
9,-19,0,INCLUDED_OPEN
9,-19,1,INCLUDED_OPEN
9,-19,2,INCLUDED_OPEN
9,-19,3,INCLUDED_OPEN
9,-19,4,INCLUDED_OPEN
9,-19,5,INCLUDED_OPEN
9,-19,6,INCLUDED_OPEN
9,-19,7,INCLUDED_OPEN
9,-19,8,INCLUDED_OPEN
9,-19,9,INCLUDED_OPEN
9,-19,10,INCLUDED_OPEN
9,-19,11,INCLUDED_OPEN
9,-19,12,INCLUDED_OPEN
9,-19,13,INCLUDED_OPEN
9,-19,14,INCLUDED_LOWDATA
9,-18,1,INCLUDED_LOWDATA
9,-18,2,INCLUDED_OPEN
9,-18,3,INCLUDED_OPEN
9,-18,4,INCLUDED_OPEN
9,-18,5,INCLUDED_OPEN
9,-18,6,INCLUDED_LOWDATA
9,-18,7,INCLUDED_OPEN
9,-18,8,INCLUDED_OPEN
9,-18,9,INCLUDED_OPEN
9,-18,10,INCLUDED_OPEN
9,-18,11,INCLUDED_OPEN
9,-18,12,INCLUDED_OPEN
9,-18,13,INCLUDED_LOWDATA
9,-18,14,INCLUDED_LOWDATA
9,-17,1,INCLUDED_OPEN
9,-17,2,INCLUDED_OPEN
9,-17,3,INCLUDED_OPEN
9,-17,4,INCLUDED_OPEN
9,-17,5,INCLUDED_OPEN
9,-17,6,INCLUDED_LOWDATA
9,-17,7,INCLUDED_OPEN
9,-17,8,INCLUDED_OPEN
9,-17,9,INCLUDED_OPEN
9,-17,10,INCLUDED_OPEN
9,-17,11,INCLUDED_OPEN
9,-17,12,INCLUDED_LOWDATA
9,-16,3,INCLUDED_LOWDATA
9,-13,1,INCLUDED_OPEN
9,-13,2,INCLUDED_OPEN
9,-13,3,INCLUDED_OPEN
9,-13,4,INCLUDED_LOWDATA
9,-12,1,INCLUDED_OPEN
9,-12,2,INCLUDED_OPEN
9,-12,3,INCLUDED_OPEN
9,-12,4,INCLUDED_LOWDATA
9,-11,-3,INCLUDED_LOWDATA
9,-11,1,INCLUDED_OPEN
9,-11,2,INCLUDED_OPEN
9,-11,3,INCLUDED_OPEN
9,-11,4,INCLUDED_LOWDATA
9,-10,1,INCLUDED_OPEN
9,-10,2,INCLUDED_OPEN
9,-10,3,INCLUDED_OPEN
9,-10,4,INCLUDED_LOWDATA
9,-9,1,INCLUDED_OPEN
9,-9,2,INCLUDED_OPEN
9,-9,3,INCLUDED_OPEN
9,-9,4,INCLUDED_LOWDATA
9,-8,-2,INCLUDED_LOWDATA
9,-8,1,INCLUDED_OPEN
9,-8,2,INCLUDED_OPEN
9,-8,3,INCLUDED_OPEN
9,-8,4,INCLUDED_LOWDATA
9,-7,1,INCLUDED_OPEN
9,-7,2,INCLUDED_OPEN
9,-7,3,INCLUDED_OPEN
9,-7,4,INCLUDED_LOWDATA
9,-6,1,INCLUDED_OPEN
9,-6,2,INCLUDED_OPEN
9,-6,3,INCLUDED_OPEN
9,-6,4,INCLUDED_LOWDATA
9,-5,1,INCLUDED_OPEN
9,-5,2,INCLUDED_OPEN
9,-5,3,INCLUDED_OPEN
9,-5,4,INCLUDED_LOWDATA
9,-4,-6,INCLUDED_OPEN
9,-4,-5,INCLUDED_OPEN
9,-4,-4,INCLUDED_OPEN
9,-4,1,INCLUDED_OPEN
9,-4,2,INCLUDED_OPEN
9,-4,3,INCLUDED_OPEN
9,-4,4,INCLUDED_LOWDATA
9,-3,-7,constrained-misc
9,-3,-6,constrained-misc
9,-3,-5,INCLUDED_OPEN
9,-3,-4,INCLUDED_OPEN
9,-3,1,INCLUDED_OPEN
9,-3,2,INCLUDED_OPEN
9,-3,3,INCLUDED_OPEN
9,-3,4,INCLUDED_LOWDATA
9,-2,-7,INCLUDED_OPEN
9,-2,-6,INCLUDED_OPEN
9,-2,-5,INCLUDED_OPEN
9,-2,-4,constrained-misc
9,-1,-7,INCLUDED_OPEN
9,-1,-6,INCLUDED_OPEN
9,-1,-5,INCLUDED_OPEN
9,-1,-4,INCLUDED_OPEN
9,0,-7,INCLUDED_LOWDATA
9,0,-6,INCLUDED_OPEN
9,0,-5,INCLUDED_OPEN
9,0,-4,INCLUDED_OPEN
9,0,1,INCLUDED_OPEN
9,0,2,INCLUDED_OPEN
9,0,3,INCLUDED_OPEN
9,0,4,INCLUDED_LOWDATA
9,0,5,INCLUDED_LOWDATA
9,1,-7,ring
9,1,-6,ring
9,1,-5,INCLUDED_OPEN
9,1,-4,INCLUDED_OPEN
9,1,0,INCLUDED_LOWDATA
9,1,1,INCLUDED_OPEN
9,1,2,INCLUDED_OPEN
9,1,3,INCLUDED_OPEN
9,1,4,INCLUDED_LOWDATA
9,2,0,INCLUDED_LOWDATA
9,2,1,INCLUDED_OPEN
9,2,2,INCLUDED_OPEN
9,2,3,INCLUDED_OPEN
9,2,4,INCLUDED_LOWDATA
9,3,0,INCLUDED_LOWDATA
9,3,1,INCLUDED_OPEN
9,3,2,INCLUDED_OPEN
9,3,3,INCLUDED_OPEN
9,3,4,INCLUDED_LOWDATA
9,4,1,INCLUDED_OPEN
9,4,2,INCLUDED_OPEN
9,4,3,INCLUDED_OPEN
9,4,4,INCLUDED_LOWDATA
9,5,1,INCLUDED_OPEN
9,5,2,INCLUDED_OPEN
9,5,3,INCLUDED_OPEN
9,5,4,INCLUDED_LOWDATA
9,6,1,INCLUDED_OPEN
9,6,2,INCLUDED_OPEN
9,6,3,INCLUDED_OPEN
9,6,4,INCLUDED_LOWDATA
9,7,1,INCLUDED_OPEN
9,7,2,INCLUDED_OPEN
9,7,3,INCLUDED_OPEN
9,7,4,INCLUDED_LOWDATA
9,8,1,INCLUDED_OPEN
9,8,2,INCLUDED_OPEN
9,8,3,INCLUDED_OPEN
9,8,4,INCLUDED_LOWDATA
9,9,1,INCLUDED_OPEN
9,9,2,INCLUDED_OPEN
9,9,3,INCLUDED_OPEN
9,9,4,INCLUDED_LOWDATA
9,10,1,INCLUDED_OPEN
9,10,2,INCLUDED_OPEN
9,10,3,INCLUDED_OPEN
9,10,4,INCLUDED_LOWDATA
9,15,1,INCLUDED_OPEN
9,15,2,INCLUDED_OPEN
9,15,3,INCLUDED_OPEN
9,15,4,INCLUDED_LOWDATA
9,16,1,INCLUDED_OPEN
9,16,2,INCLUDED_OPEN
9,16,3,INCLUDED_OPEN
9,16,4,INCLUDED_LOWDATA
9,17,0,INCLUDED_LOWDATA
9,17,1,INCLUDED_OPEN
9,17,2,INCLUDED_OPEN
9,17,3,INCLUDED_OPEN
9,17,4,INCLUDED_LOWDATA
9,18,1,INCLUDED_OPEN
9,18,2,INCLUDED_OPEN
9,18,3,INCLUDED_OPEN
9,19,1,INCLUDED_OPEN
9,19,2,INCLUDED_OPEN
9,19,3,INCLUDED_OPEN
9,19,4,INCLUDED_LOWDATA
9,20,1,INCLUDED_OPEN
9,20,2,INCLUDED_OPEN
9,20,3,INCLUDED_OPEN
9,20,4,INCLUDED_LOWDATA
9,21,1,INCLUDED_OPEN
9,21,2,INCLUDED_OPEN
9,21,3,INCLUDED_OPEN
9,21,4,INCLUDED_LOWDATA
9,23,0,INCLUDED_LOWDATA
10,-29,1,INCLUDED_LOWDATA
10,-28,0,INCLUDED_OPEN
10,-28,1,INCLUDED_OPEN
10,-28,2,INCLUDED_OPEN
10,-28,3,INCLUDED_OPEN
10,-28,4,INCLUDED_OPEN
10,-28,5,INCLUDED_OPEN
10,-28,6,INCLUDED_LOWDATA
10,-28,7,INCLUDED_OPEN
10,-28,8,INCLUDED_OPEN
10,-28,9,INCLUDED_OPEN
10,-28,10,INCLUDED_OPEN
10,-28,11,INCLUDED_OPEN
10,-27,0,INCLUDED_OPEN
10,-27,1,INCLUDED_OPEN
10,-27,2,INCLUDED_OPEN
10,-27,3,INCLUDED_OPEN
10,-27,4,INCLUDED_OPEN
10,-27,5,INCLUDED_OPEN
10,-27,7,INCLUDED_OPEN
10,-27,8,INCLUDED_OPEN
10,-27,9,INCLUDED_OPEN
10,-27,10,INCLUDED_OPEN
10,-27,11,INCLUDED_OPEN
10,-27,12,INCLUDED_OPEN
10,-27,13,INCLUDED_LOWDATA
10,-26,-2,INCLUDED_LOWDATA
10,-26,-1,INCLUDED_OPEN
10,-26,0,INCLUDED_OPEN
10,-26,1,INCLUDED_OPEN
10,-26,2,INCLUDED_OPEN
10,-26,3,INCLUDED_OPEN
10,-26,4,INCLUDED_OPEN
10,-26,5,INCLUDED_OPEN
10,-26,6,INCLUDED_LOWDATA
10,-26,7,INCLUDED_OPEN
10,-26,8,INCLUDED_OPEN
10,-26,9,INCLUDED_OPEN
10,-26,10,INCLUDED_OPEN
10,-26,11,INCLUDED_OPEN
10,-26,12,INCLUDED_OPEN
10,-26,13,ratop-4
10,-26,14,INCLUDED_LOWDATA
10,-25,-2,INCLUDED_OPEN
10,-25,-1,INCLUDED_OPEN
10,-25,0,INCLUDED_OPEN
10,-25,1,INCLUDED_OPEN
10,-25,2,INCLUDED_OPEN
10,-25,3,INCLUDED_OPEN
10,-25,4,INCLUDED_OPEN
10,-25,5,INCLUDED_OPEN
10,-25,6,INCLUDED_LOWDATA
10,-25,7,INCLUDED_OPEN
10,-25,8,INCLUDED_OPEN
10,-25,9,INCLUDED_OPEN
10,-25,10,INCLUDED_OPEN
10,-25,11,INCLUDED_OPEN
10,-25,12,INCLUDED_OPEN
10,-25,13,ratop-4
10,-25,14,ratop-4
10,-24,-2,INCLUDED_OPEN
10,-24,-1,INCLUDED_OPEN
10,-24,0,INCLUDED_OPEN
10,-24,1,INCLUDED_OPEN
10,-24,2,INCLUDED_OPEN
10,-24,3,INCLUDED_OPEN
10,-24,4,INCLUDED_OPEN
10,-24,5,INCLUDED_OPEN
10,-24,6,INCLUDED_LOWDATA
10,-24,7,INCLUDED_LOWDATA
10,-24,8,INCLUDED_OPEN
10,-24,9,INCLUDED_OPEN
10,-24,10,INCLUDED_OPEN
10,-24,11,INCLUDED_OPEN
10,-24,12,INCLUDED_OPEN
10,-24,13,ratop-4
10,-24,14,INCLUDED_LOWDATA
10,-23,-2,INCLUDED_OPEN
10,-23,-1,INCLUDED_OPEN
10,-23,0,INCLUDED_OPEN
10,-23,1,INCLUDED_OPEN
10,-23,2,INCLUDED_OPEN
10,-23,3,INCLUDED_OPEN
10,-23,4,INCLUDED_OPEN
10,-23,7,INCLUDED_OPEN
10,-23,8,INCLUDED_OPEN
10,-23,9,INCLUDED_OPEN
10,-23,10,INCLUDED_OPEN
10,-23,11,INCLUDED_OPEN
10,-23,12,INCLUDED_OPEN
10,-23,13,ratop-4
10,-23,14,ratop-4
10,-22,-2,INCLUDED_OPEN
10,-22,-1,INCLUDED_OPEN
10,-22,0,INCLUDED_OPEN
10,-22,1,INCLUDED_OPEN
10,-22,2,INCLUDED_OPEN
10,-22,3,INCLUDED_OPEN
10,-22,4,INCLUDED_OPEN
10,-22,7,INCLUDED_OPEN
10,-22,8,constrained-misc
10,-22,9,INCLUDED_OPEN
10,-22,10,INCLUDED_OPEN
10,-22,11,INCLUDED_OPEN
10,-22,12,INCLUDED_OPEN
10,-22,13,INCLUDED_OPEN
10,-22,14,INCLUDED_OPEN
10,-21,-2,INCLUDED_OPEN
10,-21,-1,INCLUDED_OPEN
10,-21,0,INCLUDED_OPEN
10,-21,1,INCLUDED_OPEN
10,-21,2,INCLUDED_OPEN
10,-21,3,INCLUDED_OPEN
10,-21,4,INCLUDED_OPEN
10,-21,5,INCLUDED_OPEN
10,-21,7,INCLUDED_OPEN
10,-21,8,constrained-misc
10,-21,9,INCLUDED_OPEN
10,-21,10,INCLUDED_OPEN
10,-21,11,INCLUDED_OPEN
10,-21,12,INCLUDED_OPEN
10,-21,13,INCLUDED_OPEN
10,-21,14,INCLUDED_LOWDATA
10,-20,-2,INCLUDED_OPEN
10,-20,-1,INCLUDED_OPEN
10,-20,0,INCLUDED_OPEN
10,-20,1,INCLUDED_OPEN
10,-20,2,INCLUDED_OPEN
10,-20,3,INCLUDED_OPEN
10,-20,4,INCLUDED_OPEN
10,-20,5,INCLUDED_OPEN
10,-20,6,INCLUDED_LOWDATA
10,-20,7,INCLUDED_OPEN
10,-20,8,INCLUDED_OPEN
10,-20,9,INCLUDED_OPEN
10,-20,10,INCLUDED_OPEN
10,-20,11,INCLUDED_OPEN
10,-20,12,INCLUDED_OPEN
10,-20,13,INCLUDED_OPEN
10,-20,14,INCLUDED_OPEN
10,-19,-2,INCLUDED_OPEN
10,-19,-1,INCLUDED_OPEN
10,-19,0,INCLUDED_OPEN
10,-19,1,INCLUDED_OPEN
10,-19,2,INCLUDED_OPEN
10,-19,3,INCLUDED_OPEN
10,-19,4,INCLUDED_OPEN
10,-19,5,INCLUDED_OPEN
10,-19,6,INCLUDED_LOWDATA
10,-19,7,INCLUDED_OPEN
10,-19,8,INCLUDED_OPEN
10,-19,9,INCLUDED_OPEN
10,-19,10,INCLUDED_OPEN
10,-19,11,INCLUDED_OPEN
10,-19,12,INCLUDED_OPEN
10,-19,13,INCLUDED_OPEN
10,-19,14,INCLUDED_LOWDATA
10,-18,1,INCLUDED_OPEN
10,-18,2,INCLUDED_OPEN
10,-18,3,INCLUDED_OPEN
10,-18,4,INCLUDED_OPEN
10,-18,5,INCLUDED_OPEN
10,-18,6,INCLUDED_LOWDATA
10,-18,7,INCLUDED_OPEN
10,-18,8,INCLUDED_OPEN
10,-18,9,INCLUDED_OPEN
10,-18,10,INCLUDED_OPEN
10,-18,11,INCLUDED_OPEN
10,-18,12,INCLUDED_OPEN
10,-18,13,INCLUDED_LOWDATA
10,-17,1,INCLUDED_OPEN
10,-17,2,INCLUDED_OPEN
10,-17,3,INCLUDED_OPEN
10,-17,4,INCLUDED_OPEN
10,-17,5,INCLUDED_OPEN
10,-17,6,INCLUDED_LOWDATA
10,-17,7,INCLUDED_OPEN
10,-17,8,INCLUDED_OPEN
10,-17,9,INCLUDED_OPEN
10,-17,10,INCLUDED_OPEN
10,-17,11,INCLUDED_OPEN
10,-17,12,INCLUDED_LOWDATA
10,-16,3,INCLUDED_LOWDATA
10,-15,2,INCLUDED_LOWDATA
10,-15,3,INCLUDED_LOWDATA
10,-13,1,INCLUDED_OPEN
10,-13,2,INCLUDED_OPEN
10,-13,3,INCLUDED_OPEN
10,-13,4,INCLUDED_LOWDATA
10,-12,1,INCLUDED_OPEN
10,-12,2,INCLUDED_OPEN
10,-12,3,INCLUDED_OPEN
10,-12,4,INCLUDED_LOWDATA
10,-11,1,INCLUDED_OPEN
10,-11,2,INCLUDED_OPEN
10,-11,3,INCLUDED_OPEN
10,-11,4,INCLUDED_LOWDATA
10,-10,-7,INCLUDED_OPEN
10,-10,-6,INCLUDED_OPEN
10,-10,-5,INCLUDED_OPEN
10,-10,-4,INCLUDED_OPEN
10,-10,-3,INCLUDED_OPEN
10,-10,-2,INCLUDED_OPEN
10,-10,-1,INCLUDED_LOWDATA
10,-10,1,INCLUDED_OPEN
10,-10,2,INCLUDED_OPEN
10,-10,3,INCLUDED_OPEN
10,-10,4,INCLUDED_LOWDATA
10,-9,-7,INCLUDED_OPEN
10,-9,-6,INCLUDED_OPEN
10,-9,-5,INCLUDED_OPEN
10,-9,-4,INCLUDED_OPEN
10,-9,-3,INCLUDED_OPEN
10,-9,-2,INCLUDED_OPEN
10,-9,-1,INCLUDED_LOWDATA
10,-9,1,INCLUDED_OPEN
10,-9,2,INCLUDED_OPEN
10,-9,3,INCLUDED_OPEN
10,-9,4,INCLUDED_LOWDATA
10,-8,-7,INCLUDED_OPEN
10,-8,-6,INCLUDED_OPEN
10,-8,-5,INCLUDED_OPEN
10,-8,-4,INCLUDED_OPEN
10,-8,-3,INCLUDED_OPEN
10,-8,-2,INCLUDED_OPEN
10,-8,1,INCLUDED_OPEN
10,-8,2,INCLUDED_OPEN
10,-8,3,INCLUDED_OPEN
10,-8,4,INCLUDED_LOWDATA
10,-7,-7,INCLUDED_OPEN
10,-7,-6,INCLUDED_OPEN
10,-7,-5,INCLUDED_OPEN
10,-7,-4,INCLUDED_OPEN
10,-7,-3,INCLUDED_OPEN
10,-7,-2,INCLUDED_OPEN
10,-7,-1,INCLUDED_LOWDATA
10,-7,1,INCLUDED_OPEN
10,-7,2,INCLUDED_OPEN
10,-7,3,INCLUDED_OPEN
10,-7,4,INCLUDED_LOWDATA
10,-6,-7,INCLUDED_OPEN
10,-6,-6,INCLUDED_OPEN
10,-6,-5,INCLUDED_OPEN
10,-6,-4,INCLUDED_OPEN
10,-6,-3,INCLUDED_OPEN
10,-6,-2,INCLUDED_OPEN
10,-6,-1,INCLUDED_LOWDATA
10,-6,1,INCLUDED_OPEN
10,-6,2,INCLUDED_OPEN
10,-6,3,INCLUDED_OPEN
10,-6,4,INCLUDED_LOWDATA
10,-5,-7,INCLUDED_OPEN
10,-5,-6,INCLUDED_OPEN
10,-5,-5,INCLUDED_OPEN
10,-5,-4,INCLUDED_OPEN
10,-5,-3,INCLUDED_OPEN
10,-5,-2,INCLUDED_OPEN
10,-5,-1,INCLUDED_LOWDATA
10,-5,0,INCLUDED_LOWDATA
10,-5,1,INCLUDED_OPEN
10,-5,2,INCLUDED_OPEN
10,-5,3,INCLUDED_OPEN
10,-5,4,INCLUDED_LOWDATA
10,-4,-7,INCLUDED_OPEN
10,-4,-6,INCLUDED_OPEN
10,-4,-5,INCLUDED_OPEN
10,-4,-4,INCLUDED_OPEN
10,-4,-3,INCLUDED_OPEN
10,-4,-2,INCLUDED_OPEN
10,-4,-1,INCLUDED_LOWDATA
10,-4,1,INCLUDED_OPEN
10,-4,2,INCLUDED_OPEN
10,-4,3,INCLUDED_OPEN
10,-4,4,INCLUDED_LOWDATA
10,-3,-7,INCLUDED_OPEN
10,-3,-6,INCLUDED_LOWDATA
10,-3,-5,INCLUDED_LOWDATA
10,-3,-4,constrained-misc
10,-3,-3,INCLUDED_OPEN
10,-3,-2,INCLUDED_OPEN
10,-3,-1,INCLUDED_LOWDATA
10,-3,1,INCLUDED_OPEN
10,-3,2,INCLUDED_OPEN
10,-3,3,INCLUDED_OPEN
10,-3,4,INCLUDED_LOWDATA
10,-2,-7,INCLUDED_OPEN
10,-2,-6,INCLUDED_OPEN
10,-2,-5,INCLUDED_OPEN
10,-2,2,INCLUDED_LOWDATA
10,-2,3,INCLUDED_LOWDATA
10,-1,-7,INCLUDED_OPEN
10,-1,-6,INCLUDED_OPEN
10,-1,-5,INCLUDED_OPEN
10,-1,-4,INCLUDED_LOWDATA
10,-1,-3,INCLUDED_LOWDATA
10,-1,-2,INCLUDED_LOWDATA
10,-1,-1,INCLUDED_LOWDATA
10,-1,0,INCLUDED_LOWDATA
10,-1,1,INCLUDED_LOWDATA
10,-1,2,INCLUDED_LOWDATA
10,-1,3,INCLUDED_LOWDATA
10,0,-7,INCLUDED_OPEN
10,0,-6,INCLUDED_LOWDATA
10,0,-5,INCLUDED_LOWDATA
10,0,-4,INCLUDED_OPEN
10,0,-3,INCLUDED_OPEN
10,0,-2,INCLUDED_OPEN
10,0,-1,INCLUDED_LOWDATA
10,0,1,INCLUDED_OPEN
10,0,2,INCLUDED_OPEN
10,0,3,INCLUDED_OPEN
10,0,4,INCLUDED_LOWDATA
10,1,-7,INCLUDED_OPEN
10,1,-6,INCLUDED_OPEN
10,1,-5,INCLUDED_OPEN
10,1,-4,INCLUDED_OPEN
10,1,-3,INCLUDED_OPEN
10,1,-2,INCLUDED_OPEN
10,1,-1,INCLUDED_LOWDATA
10,1,1,INCLUDED_OPEN
10,1,2,INCLUDED_OPEN
10,1,3,INCLUDED_OPEN
10,1,4,INCLUDED_LOWDATA
10,2,-7,INCLUDED_OPEN
10,2,-6,INCLUDED_OPEN
10,2,-5,INCLUDED_OPEN
10,2,-4,INCLUDED_OPEN
10,2,-3,INCLUDED_OPEN
10,2,-2,INCLUDED_OPEN
10,2,-1,INCLUDED_LOWDATA
10,2,1,INCLUDED_OPEN
10,2,2,INCLUDED_OPEN
10,2,3,INCLUDED_OPEN
10,2,4,INCLUDED_LOWDATA
10,3,-7,INCLUDED_OPEN
10,3,-6,INCLUDED_OPEN
10,3,-5,INCLUDED_OPEN
10,3,-4,INCLUDED_OPEN
10,3,-3,INCLUDED_OPEN
10,3,-2,INCLUDED_OPEN
10,3,-1,INCLUDED_LOWDATA
10,3,0,constrained-misc
10,3,1,INCLUDED_OPEN
10,3,2,INCLUDED_OPEN
10,3,3,INCLUDED_OPEN
10,3,4,INCLUDED_LOWDATA
10,4,-7,INCLUDED_OPEN
10,4,-6,INCLUDED_OPEN
10,4,-5,INCLUDED_OPEN
10,4,-4,INCLUDED_OPEN
10,4,-3,INCLUDED_OPEN
10,4,-2,INCLUDED_OPEN
10,4,-1,INCLUDED_LOWDATA
10,4,0,INCLUDED_LOWDATA
10,4,1,INCLUDED_OPEN
10,4,2,INCLUDED_OPEN
10,4,3,INCLUDED_OPEN
10,4,4,INCLUDED_LOWDATA
10,5,-7,INCLUDED_OPEN
10,5,-6,INCLUDED_OPEN
10,5,-5,INCLUDED_OPEN
10,5,-4,INCLUDED_OPEN
10,5,-3,INCLUDED_OPEN
10,5,-2,INCLUDED_OPEN
10,5,-1,INCLUDED_LOWDATA
10,5,1,INCLUDED_OPEN
10,5,2,INCLUDED_OPEN
10,5,3,INCLUDED_OPEN
10,5,4,INCLUDED_LOWDATA
10,6,-7,INCLUDED_OPEN
10,6,-6,INCLUDED_OPEN
10,6,-5,INCLUDED_OPEN
10,6,-4,INCLUDED_OPEN
10,6,-3,INCLUDED_OPEN
10,6,-2,INCLUDED_OPEN
10,6,-1,INCLUDED_LOWDATA
10,6,0,INCLUDED_LOWDATA
10,6,1,INCLUDED_OPEN
10,6,2,INCLUDED_OPEN
10,6,3,INCLUDED_OPEN
10,6,4,INCLUDED_LOWDATA
10,7,-7,INCLUDED_OPEN
10,7,-6,INCLUDED_OPEN
10,7,-5,INCLUDED_OPEN
10,7,-4,INCLUDED_OPEN
10,7,-3,INCLUDED_OPEN
10,7,-2,INCLUDED_OPEN
10,7,-1,INCLUDED_LOWDATA
10,7,0,INCLUDED_LOWDATA
10,7,1,INCLUDED_OPEN
10,7,2,INCLUDED_OPEN
10,7,3,INCLUDED_OPEN
10,7,4,INCLUDED_LOWDATA
10,8,1,INCLUDED_OPEN
10,8,2,INCLUDED_OPEN
10,8,3,INCLUDED_OPEN
10,8,4,INCLUDED_LOWDATA
10,9,1,INCLUDED_OPEN
10,9,2,INCLUDED_OPEN
10,9,3,INCLUDED_OPEN
10,9,4,INCLUDED_LOWDATA
10,10,1,INCLUDED_OPEN
10,10,2,INCLUDED_OPEN
10,10,3,INCLUDED_OPEN
10,10,4,INCLUDED_LOWDATA
10,14,1,INCLUDED_LOWDATA
10,14,3,INCLUDED_LOWDATA
10,15,1,INCLUDED_OPEN
10,15,2,INCLUDED_OPEN
10,15,3,INCLUDED_OPEN
10,15,4,INCLUDED_LOWDATA
10,16,1,INCLUDED_OPEN
10,16,2,INCLUDED_OPEN
10,16,3,INCLUDED_OPEN
10,16,4,INCLUDED_LOWDATA
10,17,0,INCLUDED_LOWDATA
10,17,1,INCLUDED_OPEN
10,17,2,INCLUDED_OPEN
10,17,3,INCLUDED_OPEN
10,18,0,INCLUDED_LOWDATA
10,18,1,INCLUDED_OPEN
10,18,2,INCLUDED_OPEN
10,18,3,INCLUDED_OPEN
10,19,1,INCLUDED_OPEN
10,19,2,INCLUDED_OPEN
10,19,3,INCLUDED_OPEN
10,20,1,INCLUDED_OPEN
10,20,2,INCLUDED_OPEN
10,20,3,INCLUDED_OPEN
10,21,1,INCLUDED_OPEN
10,21,2,INCLUDED_OPEN
10,21,3,INCLUDED_OPEN
10,21,4,INCLUDED_LOWDATA
10,23,0,INCLUDED_LOWDATA
11,-29,1,INCLUDED_LOWDATA
11,-28,0,INCLUDED_OPEN
11,-28,1,INCLUDED_OPEN
11,-28,2,INCLUDED_OPEN
11,-28,3,INCLUDED_OPEN
11,-28,4,INCLUDED_OPEN
11,-28,5,INCLUDED_OPEN
11,-28,6,INCLUDED_LOWDATA
11,-28,7,INCLUDED_OPEN
11,-28,8,INCLUDED_OPEN
11,-28,9,INCLUDED_OPEN
11,-28,10,INCLUDED_OPEN
11,-28,11,INCLUDED_OPEN
11,-28,12,INCLUDED_LOWDATA
11,-27,0,INCLUDED_OPEN
11,-27,1,INCLUDED_OPEN
11,-27,2,INCLUDED_OPEN
11,-27,3,INCLUDED_OPEN
11,-27,4,INCLUDED_OPEN
11,-27,5,INCLUDED_OPEN
11,-27,6,INCLUDED_LOWDATA
11,-27,7,INCLUDED_OPEN
11,-27,8,INCLUDED_OPEN
11,-27,9,INCLUDED_OPEN
11,-27,10,INCLUDED_OPEN
11,-27,11,INCLUDED_OPEN
11,-27,12,INCLUDED_OPEN
11,-27,13,INCLUDED_LOWDATA
11,-26,-2,INCLUDED_OPEN
11,-26,-1,INCLUDED_OPEN
11,-26,0,INCLUDED_OPEN
11,-26,1,INCLUDED_OPEN
11,-26,2,INCLUDED_OPEN
11,-26,3,INCLUDED_OPEN
11,-26,4,INCLUDED_OPEN
11,-26,5,INCLUDED_OPEN
11,-26,6,INCLUDED_LOWDATA
11,-26,7,INCLUDED_OPEN
11,-26,8,INCLUDED_OPEN
11,-26,9,INCLUDED_OPEN
11,-26,10,INCLUDED_OPEN
11,-26,11,INCLUDED_OPEN
11,-26,12,INCLUDED_OPEN
11,-26,13,INCLUDED_OPEN
11,-25,-2,INCLUDED_OPEN
11,-25,-1,INCLUDED_OPEN
11,-25,0,INCLUDED_OPEN
11,-25,1,INCLUDED_OPEN
11,-25,2,INCLUDED_OPEN
11,-25,3,INCLUDED_OPEN
11,-25,4,INCLUDED_OPEN
11,-25,5,INCLUDED_OPEN
11,-25,6,INCLUDED_LOWDATA
11,-25,7,INCLUDED_OPEN
11,-25,8,INCLUDED_OPEN
11,-25,9,INCLUDED_OPEN
11,-25,10,INCLUDED_OPEN
11,-25,11,INCLUDED_OPEN
11,-25,12,INCLUDED_OPEN
11,-25,13,INCLUDED_LOWDATA
11,-24,-2,INCLUDED_LOWDATA
11,-24,-1,INCLUDED_OPEN
11,-24,0,INCLUDED_OPEN
11,-24,1,INCLUDED_OPEN
11,-24,2,INCLUDED_OPEN
11,-24,3,INCLUDED_OPEN
11,-24,4,INCLUDED_OPEN
11,-24,5,INCLUDED_OPEN
11,-24,7,INCLUDED_OPEN
11,-24,8,INCLUDED_OPEN
11,-24,9,INCLUDED_OPEN
11,-24,10,INCLUDED_OPEN
11,-24,11,INCLUDED_OPEN
11,-24,12,INCLUDED_OPEN
11,-24,13,INCLUDED_LOWDATA
11,-23,-2,INCLUDED_OPEN
11,-23,-1,INCLUDED_OPEN
11,-23,0,INCLUDED_OPEN
11,-23,1,INCLUDED_OPEN
11,-23,2,INCLUDED_OPEN
11,-23,3,INCLUDED_OPEN
11,-23,4,INCLUDED_OPEN
11,-23,5,INCLUDED_OPEN
11,-23,7,INCLUDED_OPEN
11,-23,8,INCLUDED_OPEN
11,-23,9,INCLUDED_OPEN
11,-23,10,INCLUDED_OPEN
11,-23,11,INCLUDED_OPEN
11,-23,12,INCLUDED_OPEN
11,-23,13,INCLUDED_LOWDATA
11,-22,-2,INCLUDED_OPEN
11,-22,-1,INCLUDED_OPEN
11,-22,0,INCLUDED_OPEN
11,-22,1,INCLUDED_OPEN
11,-22,2,INCLUDED_OPEN
11,-22,3,INCLUDED_OPEN
11,-22,4,INCLUDED_OPEN
11,-22,5,INCLUDED_OPEN
11,-22,6,INCLUDED_LOWDATA
11,-22,7,INCLUDED_OPEN
11,-22,8,INCLUDED_OPEN
11,-22,9,INCLUDED_OPEN
11,-22,10,INCLUDED_OPEN
11,-22,11,INCLUDED_OPEN
11,-22,12,INCLUDED_OPEN
11,-22,13,ratop-4
11,-21,-2,INCLUDED_OPEN
11,-21,-1,INCLUDED_OPEN
11,-21,0,INCLUDED_OPEN
11,-21,1,INCLUDED_OPEN
11,-21,2,INCLUDED_OPEN
11,-21,3,INCLUDED_OPEN
11,-21,4,INCLUDED_OPEN
11,-21,5,INCLUDED_OPEN
11,-21,6,INCLUDED_LOWDATA
11,-21,7,INCLUDED_OPEN
11,-21,8,INCLUDED_OPEN
11,-21,9,INCLUDED_OPEN
11,-21,10,INCLUDED_OPEN
11,-21,11,INCLUDED_OPEN
11,-21,12,INCLUDED_OPEN
11,-21,13,INCLUDED_LOWDATA
11,-20,-2,INCLUDED_OPEN
11,-20,-1,INCLUDED_OPEN
11,-20,0,INCLUDED_OPEN
11,-20,1,INCLUDED_OPEN
11,-20,2,INCLUDED_OPEN
11,-20,3,INCLUDED_OPEN
11,-20,4,INCLUDED_OPEN
11,-20,5,INCLUDED_OPEN
11,-20,6,INCLUDED_LOWDATA
11,-20,7,INCLUDED_OPEN
11,-20,8,INCLUDED_OPEN
11,-20,9,INCLUDED_OPEN
11,-20,10,INCLUDED_OPEN
11,-20,11,INCLUDED_OPEN
11,-20,12,INCLUDED_OPEN
11,-20,13,INCLUDED_OPEN
11,-19,-2,INCLUDED_OPEN
11,-19,-1,INCLUDED_OPEN
11,-19,0,INCLUDED_OPEN
11,-19,1,INCLUDED_OPEN
11,-19,2,INCLUDED_OPEN
11,-19,3,INCLUDED_OPEN
11,-19,4,INCLUDED_OPEN
11,-19,5,INCLUDED_OPEN
11,-19,6,INCLUDED_LOWDATA
11,-19,7,INCLUDED_OPEN
11,-19,8,INCLUDED_OPEN
11,-19,9,INCLUDED_OPEN
11,-19,10,INCLUDED_OPEN
11,-19,11,INCLUDED_OPEN
11,-19,12,INCLUDED_OPEN
11,-19,13,INCLUDED_LOWDATA
11,-18,1,INCLUDED_OPEN
11,-18,2,INCLUDED_OPEN
11,-18,3,INCLUDED_OPEN
11,-18,4,INCLUDED_OPEN
11,-18,5,INCLUDED_OPEN
11,-18,6,INCLUDED_LOWDATA
11,-18,7,INCLUDED_OPEN
11,-18,8,INCLUDED_OPEN
11,-18,9,INCLUDED_OPEN
11,-18,10,INCLUDED_OPEN
11,-18,11,INCLUDED_OPEN
11,-18,12,INCLUDED_OPEN
11,-18,13,INCLUDED_LOWDATA
11,-17,1,INCLUDED_OPEN
11,-17,2,INCLUDED_OPEN
11,-17,3,INCLUDED_OPEN
11,-17,4,INCLUDED_OPEN
11,-17,5,INCLUDED_OPEN
11,-17,6,INCLUDED_LOWDATA
11,-17,7,INCLUDED_OPEN
11,-17,8,INCLUDED_OPEN
11,-17,9,INCLUDED_OPEN
11,-17,10,INCLUDED_OPEN
11,-17,11,INCLUDED_OPEN
11,-17,12,INCLUDED_LOWDATA
11,-15,2,INCLUDED_LOWDATA
11,-13,1,INCLUDED_OPEN
11,-13,2,INCLUDED_OPEN
11,-13,3,INCLUDED_OPEN
11,-13,4,INCLUDED_LOWDATA
11,-12,1,INCLUDED_OPEN
11,-12,2,INCLUDED_OPEN
11,-12,3,INCLUDED_OPEN
11,-12,4,INCLUDED_LOWDATA
11,-11,1,INCLUDED_OPEN
11,-11,2,INCLUDED_OPEN
11,-11,3,INCLUDED_OPEN
11,-11,4,INCLUDED_LOWDATA
11,-10,-7,INCLUDED_OPEN
11,-10,-6,INCLUDED_OPEN
11,-10,-5,INCLUDED_OPEN
11,-10,-4,INCLUDED_OPEN
11,-10,-3,INCLUDED_OPEN
11,-10,-2,INCLUDED_OPEN
11,-10,-1,INCLUDED_LOWDATA
11,-10,1,INCLUDED_OPEN
11,-10,2,INCLUDED_OPEN
11,-10,3,INCLUDED_OPEN
11,-10,4,INCLUDED_LOWDATA
11,-9,-7,INCLUDED_OPEN
11,-9,-6,INCLUDED_OPEN
11,-9,-5,INCLUDED_OPEN
11,-9,-4,INCLUDED_OPEN
11,-9,-3,INCLUDED_OPEN
11,-9,-2,INCLUDED_OPEN
11,-9,-1,INCLUDED_LOWDATA
11,-9,1,INCLUDED_OPEN
11,-9,2,INCLUDED_OPEN
11,-9,3,INCLUDED_OPEN
11,-9,4,INCLUDED_LOWDATA
11,-8,-7,INCLUDED_OPEN
11,-8,-6,INCLUDED_OPEN
11,-8,-5,INCLUDED_OPEN
11,-8,-4,INCLUDED_OPEN
11,-8,-3,INCLUDED_OPEN
11,-8,-2,INCLUDED_OPEN
11,-8,-1,INCLUDED_LOWDATA
11,-8,1,INCLUDED_OPEN
11,-8,2,INCLUDED_OPEN
11,-8,3,INCLUDED_OPEN
11,-8,4,INCLUDED_LOWDATA
11,-7,-7,INCLUDED_OPEN
11,-7,-6,INCLUDED_OPEN
11,-7,-5,INCLUDED_OPEN
11,-7,-4,INCLUDED_OPEN
11,-7,-3,INCLUDED_OPEN
11,-7,-2,INCLUDED_OPEN
11,-7,-1,INCLUDED_LOWDATA
11,-7,1,INCLUDED_OPEN
11,-7,2,INCLUDED_OPEN
11,-7,3,INCLUDED_OPEN
11,-7,4,INCLUDED_LOWDATA
11,-6,-7,INCLUDED_OPEN
11,-6,-6,INCLUDED_OPEN
11,-6,-5,INCLUDED_OPEN
11,-6,-4,INCLUDED_OPEN
11,-6,-3,INCLUDED_OPEN
11,-6,-2,INCLUDED_OPEN
11,-6,-1,INCLUDED_LOWDATA
11,-6,1,INCLUDED_OPEN
11,-6,2,INCLUDED_OPEN
11,-6,3,INCLUDED_OPEN
11,-6,4,INCLUDED_LOWDATA
11,-5,-7,INCLUDED_OPEN
11,-5,-6,INCLUDED_OPEN
11,-5,-5,INCLUDED_OPEN
11,-5,-4,INCLUDED_OPEN
11,-5,-3,INCLUDED_OPEN
11,-5,-2,INCLUDED_OPEN
11,-5,-1,INCLUDED_LOWDATA
11,-5,0,INCLUDED_LOWDATA
11,-5,1,INCLUDED_OPEN
11,-5,2,INCLUDED_OPEN
11,-5,3,INCLUDED_OPEN
11,-5,4,INCLUDED_LOWDATA
11,-4,-7,INCLUDED_OPEN
11,-4,-6,INCLUDED_OPEN
11,-4,-5,INCLUDED_OPEN
11,-4,-4,INCLUDED_OPEN
11,-4,-3,INCLUDED_OPEN
11,-4,-2,INCLUDED_OPEN
11,-4,-1,INCLUDED_OPEN
11,-4,0,INCLUDED_OPEN
11,-4,1,INCLUDED_OPEN
11,-4,2,INCLUDED_OPEN
11,-4,3,INCLUDED_OPEN
11,-4,4,INCLUDED_OPEN
11,-4,5,INCLUDED_LOWDATA
11,-3,-7,INCLUDED_OPEN
11,-3,-6,INCLUDED_OPEN
11,-3,-5,INCLUDED_OPEN
11,-3,-4,INCLUDED_OPEN
11,-3,-3,INCLUDED_OPEN
11,-3,-2,INCLUDED_OPEN
11,-3,-1,INCLUDED_OPEN
11,-3,0,INCLUDED_OPEN
11,-3,1,INCLUDED_OPEN
11,-3,2,INCLUDED_OPEN
11,-3,3,INCLUDED_OPEN
11,-3,4,INCLUDED_OPEN
11,-3,5,INCLUDED_LOWDATA
11,-2,-7,INCLUDED_OPEN
11,-2,-6,INCLUDED_OPEN
11,-2,-5,INCLUDED_OPEN
11,-2,-4,INCLUDED_OPEN
11,-2,-3,INCLUDED_OPEN
11,-2,-2,INCLUDED_OPEN
11,-2,-1,INCLUDED_OPEN
11,-2,0,INCLUDED_OPEN
11,-2,1,INCLUDED_OPEN
11,-2,2,INCLUDED_OPEN
11,-2,3,INCLUDED_OPEN
11,-2,4,INCLUDED_OPEN
11,-2,5,INCLUDED_LOWDATA
11,-1,-7,INCLUDED_OPEN
11,-1,-6,INCLUDED_OPEN
11,-1,-5,INCLUDED_OPEN
11,-1,-4,INCLUDED_OPEN
11,-1,-3,INCLUDED_OPEN
11,-1,-2,INCLUDED_OPEN
11,-1,-1,INCLUDED_OPEN
11,-1,0,INCLUDED_OPEN
11,-1,1,INCLUDED_OPEN
11,-1,2,INCLUDED_OPEN
11,-1,3,INCLUDED_OPEN
11,-1,4,INCLUDED_OPEN
11,-1,5,INCLUDED_LOWDATA
11,0,-7,INCLUDED_OPEN
11,0,-6,INCLUDED_OPEN
11,0,-5,INCLUDED_OPEN
11,0,-4,INCLUDED_OPEN
11,0,-3,INCLUDED_OPEN
11,0,-2,INCLUDED_OPEN
11,0,-1,INCLUDED_OPEN
11,0,0,INCLUDED_OPEN
11,0,1,INCLUDED_OPEN
11,0,2,INCLUDED_OPEN
11,0,3,INCLUDED_OPEN
11,0,4,INCLUDED_OPEN
11,0,5,INCLUDED_LOWDATA
11,1,-7,INCLUDED_OPEN
11,1,-6,INCLUDED_OPEN
11,1,-5,INCLUDED_OPEN
11,1,-4,INCLUDED_OPEN
11,1,-3,INCLUDED_OPEN
11,1,-2,INCLUDED_OPEN
11,1,-1,INCLUDED_OPEN
11,1,0,INCLUDED_OPEN
11,1,1,INCLUDED_OPEN
11,1,2,INCLUDED_OPEN
11,1,3,INCLUDED_OPEN
11,1,4,INCLUDED_OPEN
11,1,5,INCLUDED_LOWDATA
11,2,-7,INCLUDED_OPEN
11,2,-6,INCLUDED_OPEN
11,2,-5,INCLUDED_OPEN
11,2,-4,INCLUDED_OPEN
11,2,-3,INCLUDED_OPEN
11,2,-2,INCLUDED_OPEN
11,2,-1,INCLUDED_LOWDATA
11,2,1,INCLUDED_OPEN
11,2,2,INCLUDED_OPEN
11,2,3,INCLUDED_OPEN
11,2,4,INCLUDED_LOWDATA
11,2,5,INCLUDED_LOWDATA
11,3,-7,INCLUDED_OPEN
11,3,-6,INCLUDED_OPEN
11,3,-5,INCLUDED_OPEN
11,3,-4,INCLUDED_OPEN
11,3,-3,INCLUDED_OPEN
11,3,-2,INCLUDED_OPEN
11,3,-1,INCLUDED_LOWDATA
11,3,1,INCLUDED_OPEN
11,3,2,INCLUDED_OPEN
11,3,3,INCLUDED_OPEN
11,3,4,INCLUDED_LOWDATA
11,4,-7,INCLUDED_OPEN
11,4,-6,INCLUDED_OPEN
11,4,-5,INCLUDED_OPEN
11,4,-4,INCLUDED_OPEN
11,4,-3,INCLUDED_OPEN
11,4,-2,INCLUDED_OPEN
11,4,-1,INCLUDED_LOWDATA
11,4,0,INCLUDED_LOWDATA
11,4,1,INCLUDED_OPEN
11,4,2,INCLUDED_OPEN
11,4,3,INCLUDED_OPEN
11,4,4,INCLUDED_LOWDATA
11,5,-7,INCLUDED_OPEN
11,5,-6,INCLUDED_OPEN
11,5,-5,INCLUDED_OPEN
11,5,-4,INCLUDED_OPEN
11,5,-3,INCLUDED_OPEN
11,5,-2,INCLUDED_OPEN
11,5,-1,INCLUDED_LOWDATA
11,5,0,INCLUDED_LOWDATA
11,5,1,INCLUDED_OPEN
11,5,2,INCLUDED_OPEN
11,5,3,INCLUDED_OPEN
11,5,4,INCLUDED_LOWDATA
11,6,-7,INCLUDED_OPEN
11,6,-6,INCLUDED_OPEN
11,6,-5,INCLUDED_OPEN
11,6,-4,INCLUDED_OPEN
11,6,-3,INCLUDED_OPEN
11,6,-2,INCLUDED_OPEN
11,6,-1,INCLUDED_LOWDATA
11,6,0,INCLUDED_LOWDATA
11,6,1,INCLUDED_OPEN
11,6,2,INCLUDED_OPEN
11,6,3,INCLUDED_OPEN
11,6,4,INCLUDED_LOWDATA
11,7,-7,INCLUDED_OPEN
11,7,-6,INCLUDED_OPEN
11,7,-5,INCLUDED_OPEN
11,7,-4,INCLUDED_OPEN
11,7,-3,INCLUDED_OPEN
11,7,-2,INCLUDED_OPEN
11,7,-1,INCLUDED_LOWDATA
11,7,0,INCLUDED_LOWDATA
11,7,1,INCLUDED_OPEN
11,7,2,INCLUDED_OPEN
11,7,3,INCLUDED_OPEN
11,7,4,INCLUDED_LOWDATA
11,8,0,INCLUDED_LOWDATA
11,8,1,INCLUDED_OPEN
11,8,2,INCLUDED_OPEN
11,8,3,INCLUDED_OPEN
11,8,4,INCLUDED_LOWDATA
11,9,0,INCLUDED_LOWDATA
11,9,1,INCLUDED_OPEN
11,9,2,INCLUDED_OPEN
11,9,3,INCLUDED_OPEN
11,9,4,INCLUDED_LOWDATA
11,10,1,INCLUDED_OPEN
11,10,2,INCLUDED_OPEN
11,10,3,INCLUDED_OPEN
11,10,4,INCLUDED_LOWDATA
11,14,1,INCLUDED_LOWDATA
11,14,2,INCLUDED_LOWDATA
11,15,1,INCLUDED_OPEN
11,15,2,INCLUDED_OPEN
11,15,3,INCLUDED_OPEN
11,16,1,INCLUDED_OPEN
11,16,2,INCLUDED_OPEN
11,16,3,INCLUDED_OPEN
11,17,1,INCLUDED_OPEN
11,17,2,INCLUDED_OPEN
11,17,3,INCLUDED_OPEN
11,18,0,INCLUDED_LOWDATA
11,18,1,INCLUDED_OPEN
11,18,2,INCLUDED_OPEN
11,18,3,INCLUDED_OPEN
11,19,1,INCLUDED_OPEN
11,19,2,INCLUDED_OPEN
11,19,3,INCLUDED_OPEN
11,20,1,INCLUDED_OPEN
11,20,2,INCLUDED_OPEN
11,20,3,INCLUDED_OPEN
11,21,1,INCLUDED_OPEN
11,21,2,INCLUDED_OPEN
11,21,3,INCLUDED_OPEN
11,23,0,INCLUDED_LOWDATA
12,-28,0,INCLUDED_OPEN
12,-28,1,INCLUDED_OPEN
12,-28,2,INCLUDED_OPEN
12,-28,3,INCLUDED_OPEN
12,-28,4,INCLUDED_OPEN
12,-28,5,INCLUDED_OPEN
12,-28,6,INCLUDED_OPEN
12,-28,7,ratop-3
12,-28,8,INCLUDED_OPEN
12,-28,9,INCLUDED_OPEN
12,-28,10,INCLUDED_OPEN
12,-28,11,INCLUDED_OPEN
12,-28,12,INCLUDED_LOWDATA
12,-27,0,INCLUDED_OPEN
12,-27,1,INCLUDED_OPEN
12,-27,2,INCLUDED_OPEN
12,-27,3,INCLUDED_OPEN
12,-27,4,INCLUDED_OPEN
12,-27,5,INCLUDED_OPEN
12,-27,6,INCLUDED_OPEN
12,-27,7,INCLUDED_OPEN
12,-27,8,INCLUDED_OPEN
12,-27,9,INCLUDED_OPEN
12,-27,10,INCLUDED_OPEN
12,-27,11,INCLUDED_OPEN
12,-27,12,INCLUDED_OPEN
12,-26,-2,INCLUDED_OPEN
12,-26,-1,INCLUDED_OPEN
12,-26,0,INCLUDED_OPEN
12,-26,1,INCLUDED_OPEN
12,-26,2,INCLUDED_OPEN
12,-26,3,INCLUDED_OPEN
12,-26,4,INCLUDED_OPEN
12,-26,5,INCLUDED_OPEN
12,-26,6,INCLUDED_OPEN
12,-26,7,INCLUDED_OPEN
12,-26,8,INCLUDED_OPEN
12,-26,9,INCLUDED_OPEN
12,-26,10,INCLUDED_OPEN
12,-26,11,INCLUDED_OPEN
12,-26,12,INCLUDED_OPEN
12,-25,-2,INCLUDED_OPEN
12,-25,-1,INCLUDED_OPEN
12,-25,0,INCLUDED_OPEN
12,-25,1,INCLUDED_OPEN
12,-25,2,INCLUDED_OPEN
12,-25,3,INCLUDED_OPEN
12,-25,4,INCLUDED_OPEN
12,-25,5,INCLUDED_OPEN
12,-25,6,INCLUDED_OPEN
12,-25,7,INCLUDED_OPEN
12,-25,8,INCLUDED_OPEN
12,-25,9,INCLUDED_OPEN
12,-25,10,INCLUDED_OPEN
12,-25,11,INCLUDED_OPEN
12,-25,12,INCLUDED_OPEN
12,-24,-2,INCLUDED_OPEN
12,-24,-1,INCLUDED_OPEN
12,-24,0,INCLUDED_OPEN
12,-24,1,INCLUDED_OPEN
12,-24,2,INCLUDED_OPEN
12,-24,3,INCLUDED_OPEN
12,-24,4,INCLUDED_OPEN
12,-24,5,INCLUDED_OPEN
12,-24,6,INCLUDED_OPEN
12,-24,7,INCLUDED_OPEN
12,-24,8,INCLUDED_OPEN
12,-24,9,INCLUDED_OPEN
12,-24,10,INCLUDED_OPEN
12,-24,11,INCLUDED_OPEN
12,-24,12,INCLUDED_OPEN
12,-23,-2,INCLUDED_OPEN
12,-23,-1,INCLUDED_OPEN
12,-23,0,INCLUDED_OPEN
12,-23,1,INCLUDED_OPEN
12,-23,2,INCLUDED_OPEN
12,-23,3,INCLUDED_OPEN
12,-23,4,INCLUDED_OPEN
12,-23,5,INCLUDED_OPEN
12,-23,6,INCLUDED_OPEN
12,-23,7,INCLUDED_OPEN
12,-23,8,INCLUDED_OPEN
12,-23,9,INCLUDED_OPEN
12,-23,10,INCLUDED_OPEN
12,-23,11,INCLUDED_OPEN
12,-23,12,ratop-4
12,-22,-2,INCLUDED_OPEN
12,-22,-1,INCLUDED_OPEN
12,-22,0,INCLUDED_OPEN
12,-22,1,INCLUDED_OPEN
12,-22,2,INCLUDED_OPEN
12,-22,3,INCLUDED_OPEN
12,-22,4,INCLUDED_OPEN
12,-22,5,INCLUDED_OPEN
12,-22,6,INCLUDED_OPEN
12,-22,7,INCLUDED_OPEN
12,-22,8,INCLUDED_OPEN
12,-22,9,INCLUDED_OPEN
12,-22,10,INCLUDED_OPEN
12,-22,11,INCLUDED_OPEN
12,-22,12,INCLUDED_OPEN
12,-21,-2,INCLUDED_OPEN
12,-21,-1,INCLUDED_OPEN
12,-21,0,INCLUDED_OPEN
12,-21,1,INCLUDED_OPEN
12,-21,2,INCLUDED_OPEN
12,-21,3,INCLUDED_OPEN
12,-21,4,INCLUDED_OPEN
12,-21,5,INCLUDED_OPEN
12,-21,6,INCLUDED_OPEN
12,-21,7,INCLUDED_OPEN
12,-21,8,INCLUDED_OPEN
12,-21,9,INCLUDED_OPEN
12,-21,10,INCLUDED_OPEN
12,-21,11,INCLUDED_OPEN
12,-21,12,INCLUDED_LOWDATA
12,-20,-2,INCLUDED_OPEN
12,-20,-1,INCLUDED_OPEN
12,-20,0,INCLUDED_OPEN
12,-20,1,INCLUDED_OPEN
12,-20,2,INCLUDED_OPEN
12,-20,3,INCLUDED_OPEN
12,-20,4,INCLUDED_OPEN
12,-20,5,INCLUDED_OPEN
12,-20,6,INCLUDED_OPEN
12,-20,7,INCLUDED_OPEN
12,-20,8,INCLUDED_OPEN
12,-20,9,INCLUDED_OPEN
12,-20,10,INCLUDED_OPEN
12,-20,11,INCLUDED_OPEN
12,-20,12,INCLUDED_OPEN
12,-19,-2,constrained-misc
12,-19,-1,INCLUDED_OPEN
12,-19,0,INCLUDED_OPEN
12,-19,1,INCLUDED_OPEN
12,-19,2,INCLUDED_OPEN
12,-19,3,INCLUDED_OPEN
12,-19,4,INCLUDED_OPEN
12,-19,5,INCLUDED_OPEN
12,-19,6,INCLUDED_OPEN
12,-19,7,INCLUDED_OPEN
12,-19,8,INCLUDED_OPEN
12,-19,9,INCLUDED_OPEN
12,-19,10,INCLUDED_OPEN
12,-19,11,INCLUDED_OPEN
12,-19,12,INCLUDED_LOWDATA
12,-18,1,INCLUDED_OPEN
12,-18,2,INCLUDED_OPEN
12,-18,3,INCLUDED_OPEN
12,-18,4,INCLUDED_OPEN
12,-18,5,INCLUDED_OPEN
12,-18,6,INCLUDED_OPEN
12,-18,7,INCLUDED_OPEN
12,-18,8,INCLUDED_OPEN
12,-18,9,INCLUDED_OPEN
12,-18,10,INCLUDED_OPEN
12,-18,11,INCLUDED_OPEN
12,-18,12,INCLUDED_OPEN
12,-17,1,INCLUDED_OPEN
12,-17,2,INCLUDED_OPEN
12,-17,3,INCLUDED_OPEN
12,-17,4,INCLUDED_OPEN
12,-17,5,INCLUDED_OPEN
12,-17,6,ratop-2
12,-17,7,ratop-2
12,-17,8,ratop-2
12,-17,9,INCLUDED_OPEN
12,-17,10,INCLUDED_OPEN
12,-17,11,INCLUDED_OPEN
12,-17,12,INCLUDED_LOWDATA
12,-16,1,INCLUDED_LOWDATA
12,-15,2,INCLUDED_LOWDATA
12,-14,1,INCLUDED_LOWDATA
12,-13,1,INCLUDED_OPEN
12,-13,2,INCLUDED_OPEN
12,-13,3,INCLUDED_OPEN
12,-13,4,INCLUDED_LOWDATA
12,-12,1,INCLUDED_OPEN
12,-12,2,INCLUDED_OPEN
12,-12,3,INCLUDED_OPEN
12,-12,4,INCLUDED_LOWDATA
12,-11,1,INCLUDED_OPEN
12,-11,2,INCLUDED_OPEN
12,-11,3,INCLUDED_OPEN
12,-11,4,INCLUDED_LOWDATA
12,-10,-7,INCLUDED_OPEN
12,-10,-6,INCLUDED_OPEN
12,-10,-5,INCLUDED_OPEN
12,-10,-4,INCLUDED_OPEN
12,-10,-3,INCLUDED_OPEN
12,-10,-2,INCLUDED_OPEN
12,-10,-1,INCLUDED_LOWDATA
12,-10,1,INCLUDED_OPEN
12,-10,2,INCLUDED_OPEN
12,-10,3,INCLUDED_OPEN
12,-10,4,INCLUDED_LOWDATA
12,-9,-7,INCLUDED_OPEN
12,-9,-6,INCLUDED_OPEN
12,-9,-5,INCLUDED_OPEN
12,-9,-4,INCLUDED_OPEN
12,-9,-3,INCLUDED_OPEN
12,-9,-2,INCLUDED_OPEN
12,-9,1,INCLUDED_OPEN
12,-9,2,INCLUDED_OPEN
12,-9,3,INCLUDED_OPEN
12,-9,4,INCLUDED_LOWDATA
12,-8,-7,INCLUDED_OPEN
12,-8,-6,INCLUDED_OPEN
12,-8,-5,INCLUDED_OPEN
12,-8,-4,INCLUDED_OPEN
12,-8,-3,INCLUDED_OPEN
12,-8,-2,INCLUDED_OPEN
12,-8,1,INCLUDED_OPEN
12,-8,2,INCLUDED_OPEN
12,-8,3,INCLUDED_OPEN
12,-8,4,INCLUDED_LOWDATA
12,-7,-7,INCLUDED_OPEN
12,-7,-6,INCLUDED_OPEN
12,-7,-5,INCLUDED_OPEN
12,-7,-4,INCLUDED_OPEN
12,-7,-3,INCLUDED_OPEN
12,-7,-2,INCLUDED_OPEN
12,-7,-1,INCLUDED_LOWDATA
12,-7,1,INCLUDED_OPEN
12,-7,2,INCLUDED_OPEN
12,-7,3,INCLUDED_OPEN
12,-7,4,INCLUDED_LOWDATA
12,-6,-7,INCLUDED_OPEN
12,-6,-6,INCLUDED_OPEN
12,-6,-5,INCLUDED_OPEN
12,-6,-4,INCLUDED_OPEN
12,-6,-3,INCLUDED_OPEN
12,-6,-2,INCLUDED_OPEN
12,-6,-1,INCLUDED_OPEN
12,-6,0,INCLUDED_OPEN
12,-6,1,INCLUDED_OPEN
12,-6,2,INCLUDED_OPEN
12,-6,3,INCLUDED_OPEN
12,-6,4,INCLUDED_OPEN
12,-6,5,INCLUDED_LOWDATA
12,-5,-7,INCLUDED_OPEN
12,-5,-6,INCLUDED_OPEN
12,-5,-5,INCLUDED_OPEN
12,-5,-4,INCLUDED_OPEN
12,-5,-3,INCLUDED_OPEN
12,-5,-2,INCLUDED_OPEN
12,-5,-1,INCLUDED_OPEN
12,-5,0,INCLUDED_OPEN
12,-5,1,INCLUDED_OPEN
12,-5,2,INCLUDED_OPEN
12,-5,3,INCLUDED_OPEN
12,-5,4,INCLUDED_OPEN
12,-5,5,INCLUDED_LOWDATA
12,-4,-7,INCLUDED_OPEN
12,-4,-6,INCLUDED_OPEN
12,-4,-5,INCLUDED_OPEN
12,-4,-4,INCLUDED_OPEN
12,-4,-3,INCLUDED_OPEN
12,-4,-2,INCLUDED_OPEN
12,-4,-1,INCLUDED_OPEN
12,-4,0,INCLUDED_OPEN
12,-4,1,INCLUDED_OPEN
12,-4,2,INCLUDED_OPEN
12,-4,3,INCLUDED_OPEN
12,-4,4,INCLUDED_OPEN
12,-4,5,INCLUDED_LOWDATA
12,-3,-7,INCLUDED_OPEN
12,-3,-6,INCLUDED_OPEN
12,-3,-5,INCLUDED_OPEN
12,-3,-4,INCLUDED_OPEN
12,-3,-3,INCLUDED_OPEN
12,-3,-2,INCLUDED_OPEN
12,-3,-1,INCLUDED_OPEN
12,-3,0,INCLUDED_OPEN
12,-3,1,INCLUDED_OPEN
12,-3,2,INCLUDED_OPEN
12,-3,3,INCLUDED_OPEN
12,-3,4,INCLUDED_OPEN
12,-3,5,INCLUDED_LOWDATA
12,-2,-7,INCLUDED_OPEN
12,-2,-6,INCLUDED_OPEN
12,-2,-5,INCLUDED_OPEN
12,-2,-4,INCLUDED_OPEN
12,-2,-3,INCLUDED_OPEN
12,-2,-2,INCLUDED_OPEN
12,-2,-1,INCLUDED_OPEN
12,-2,0,INCLUDED_OPEN
12,-2,1,INCLUDED_OPEN
12,-2,2,INCLUDED_OPEN
12,-2,3,INCLUDED_OPEN
12,-2,4,INCLUDED_OPEN
12,-2,5,INCLUDED_LOWDATA
12,-1,-7,INCLUDED_OPEN
12,-1,-6,INCLUDED_OPEN
12,-1,-5,INCLUDED_OPEN
12,-1,-4,INCLUDED_OPEN
12,-1,-3,INCLUDED_OPEN
12,-1,-2,INCLUDED_OPEN
12,-1,-1,INCLUDED_OPEN
12,-1,0,INCLUDED_OPEN
12,-1,1,INCLUDED_OPEN
12,-1,2,INCLUDED_OPEN
12,-1,3,INCLUDED_OPEN
12,-1,4,INCLUDED_OPEN
12,-1,5,INCLUDED_LOWDATA
12,0,-7,INCLUDED_OPEN
12,0,-6,INCLUDED_OPEN
12,0,-5,INCLUDED_OPEN
12,0,-4,INCLUDED_OPEN
12,0,-3,INCLUDED_OPEN
12,0,-2,INCLUDED_OPEN
12,0,-1,INCLUDED_OPEN
12,0,0,INCLUDED_OPEN
12,0,1,INCLUDED_OPEN
12,0,2,INCLUDED_OPEN
12,0,3,INCLUDED_OPEN
12,0,4,INCLUDED_OPEN
12,1,-7,INCLUDED_OPEN
12,1,-6,INCLUDED_OPEN
12,1,-5,INCLUDED_OPEN
12,1,-4,INCLUDED_OPEN
12,1,-3,INCLUDED_OPEN
12,1,-2,INCLUDED_OPEN
12,1,-1,INCLUDED_OPEN
12,1,0,INCLUDED_OPEN
12,1,1,INCLUDED_OPEN
12,1,2,INCLUDED_OPEN
12,1,3,INCLUDED_OPEN
12,1,4,INCLUDED_OPEN
12,1,5,INCLUDED_LOWDATA
12,2,-7,INCLUDED_OPEN
12,2,-6,INCLUDED_OPEN
12,2,-5,INCLUDED_OPEN
12,2,-4,INCLUDED_OPEN
12,2,-3,INCLUDED_OPEN
12,2,-2,INCLUDED_OPEN
12,2,-1,INCLUDED_OPEN
12,2,0,INCLUDED_OPEN
12,2,1,INCLUDED_OPEN
12,2,2,INCLUDED_OPEN
12,2,3,INCLUDED_OPEN
12,2,4,INCLUDED_OPEN
12,2,5,INCLUDED_LOWDATA
12,3,-7,INCLUDED_OPEN
12,3,-6,INCLUDED_OPEN
12,3,-5,INCLUDED_OPEN
12,3,-4,INCLUDED_OPEN
12,3,-3,INCLUDED_OPEN
12,3,-2,INCLUDED_OPEN
12,3,-1,INCLUDED_OPEN
12,3,0,INCLUDED_OPEN
12,3,1,INCLUDED_OPEN
12,3,2,INCLUDED_OPEN
12,3,3,INCLUDED_OPEN
12,3,4,INCLUDED_OPEN
12,3,5,INCLUDED_LOWDATA
12,4,-7,INCLUDED_OPEN
12,4,-6,INCLUDED_OPEN
12,4,-5,INCLUDED_OPEN
12,4,-4,INCLUDED_OPEN
12,4,-3,INCLUDED_OPEN
12,4,-2,INCLUDED_OPEN
12,4,-1,INCLUDED_LOWDATA
12,4,0,INCLUDED_LOWDATA
12,4,1,INCLUDED_OPEN
12,4,2,INCLUDED_OPEN
12,4,3,INCLUDED_OPEN
12,4,4,INCLUDED_LOWDATA
12,5,-7,INCLUDED_OPEN
12,5,-6,INCLUDED_OPEN
12,5,-5,INCLUDED_OPEN
12,5,-4,INCLUDED_OPEN
12,5,-3,INCLUDED_OPEN
12,5,-2,INCLUDED_OPEN
12,5,-1,INCLUDED_LOWDATA
12,5,0,INCLUDED_LOWDATA
12,5,1,INCLUDED_OPEN
12,5,2,INCLUDED_OPEN
12,5,3,INCLUDED_OPEN
12,5,4,INCLUDED_LOWDATA
12,6,-7,INCLUDED_OPEN
12,6,-6,INCLUDED_OPEN
12,6,-5,INCLUDED_OPEN
12,6,-4,INCLUDED_OPEN
12,6,-3,INCLUDED_OPEN
12,6,-2,INCLUDED_OPEN
12,6,-1,INCLUDED_LOWDATA
12,6,0,INCLUDED_LOWDATA
12,6,1,INCLUDED_OPEN
12,6,2,INCLUDED_OPEN
12,6,3,INCLUDED_OPEN
12,6,4,INCLUDED_LOWDATA
12,7,-7,INCLUDED_OPEN
12,7,-6,INCLUDED_OPEN
12,7,-5,INCLUDED_OPEN
12,7,-4,INCLUDED_OPEN
12,7,-3,INCLUDED_OPEN
12,7,-2,INCLUDED_OPEN
12,7,-1,INCLUDED_LOWDATA
12,7,1,INCLUDED_OPEN
12,7,2,INCLUDED_OPEN
12,7,3,INCLUDED_OPEN
12,7,4,INCLUDED_LOWDATA
12,8,1,INCLUDED_OPEN
12,8,2,INCLUDED_OPEN
12,8,3,INCLUDED_OPEN
12,8,4,INCLUDED_LOWDATA
12,9,0,INCLUDED_LOWDATA
12,9,1,INCLUDED_OPEN
12,9,2,INCLUDED_OPEN
12,9,3,INCLUDED_OPEN
12,9,4,INCLUDED_LOWDATA
12,10,0,INCLUDED_LOWDATA
12,10,1,INCLUDED_OPEN
12,10,2,INCLUDED_OPEN
12,10,3,INCLUDED_OPEN
12,10,4,INCLUDED_LOWDATA
12,14,1,INCLUDED_OPEN
12,14,2,INCLUDED_OPEN
12,14,3,INCLUDED_OPEN
12,14,4,INCLUDED_LOWDATA
12,15,1,INCLUDED_OPEN
12,15,2,INCLUDED_OPEN
12,15,3,INCLUDED_OPEN
12,15,4,INCLUDED_LOWDATA
12,16,1,INCLUDED_OPEN
12,16,2,INCLUDED_OPEN
12,16,3,INCLUDED_OPEN
12,16,4,INCLUDED_LOWDATA
12,17,1,INCLUDED_OPEN
12,17,2,INCLUDED_OPEN
12,17,3,INCLUDED_OPEN
12,18,0,INCLUDED_LOWDATA
12,18,1,INCLUDED_OPEN
12,18,2,INCLUDED_OPEN
12,18,3,INCLUDED_OPEN
12,18,4,INCLUDED_LOWDATA
12,19,1,INCLUDED_OPEN
12,19,2,INCLUDED_OPEN
12,19,3,INCLUDED_OPEN
12,19,4,INCLUDED_LOWDATA
12,20,1,INCLUDED_OPEN
12,20,2,INCLUDED_OPEN
12,20,3,INCLUDED_OPEN
12,20,4,INCLUDED_LOWDATA
12,21,1,INCLUDED_OPEN
12,21,2,INCLUDED_OPEN
12,21,3,INCLUDED_OPEN
12,21,4,INCLUDED_LOWDATA
12,23,0,INCLUDED_LOWDATA
13,-28,0,INCLUDED_OPEN
13,-28,1,INCLUDED_OPEN
13,-28,2,INCLUDED_OPEN
13,-28,3,INCLUDED_OPEN
13,-28,4,INCLUDED_OPEN
13,-28,5,INCLUDED_OPEN
13,-28,6,INCLUDED_OPEN
13,-28,7,ratop-3
13,-28,8,ratop-3
13,-28,9,INCLUDED_OPEN
13,-28,10,INCLUDED_OPEN
13,-28,11,INCLUDED_OPEN
13,-27,0,INCLUDED_OPEN
13,-27,1,INCLUDED_OPEN
13,-27,2,INCLUDED_OPEN
13,-27,3,INCLUDED_OPEN
13,-27,4,INCLUDED_OPEN
13,-27,5,INCLUDED_OPEN
13,-27,6,INCLUDED_OPEN
13,-27,7,ratop-3
13,-27,8,INCLUDED_OPEN
13,-27,9,INCLUDED_OPEN
13,-27,10,INCLUDED_OPEN
13,-27,11,INCLUDED_OPEN
13,-26,-2,constrained-misc
13,-26,-1,INCLUDED_OPEN
13,-26,0,INCLUDED_OPEN
13,-26,1,INCLUDED_OPEN
13,-26,2,INCLUDED_OPEN
13,-26,3,INCLUDED_OPEN
13,-26,4,INCLUDED_OPEN
13,-26,5,INCLUDED_OPEN
13,-26,6,INCLUDED_OPEN
13,-26,7,ratop-3
13,-26,8,INCLUDED_OPEN
13,-26,9,INCLUDED_OPEN
13,-26,10,INCLUDED_OPEN
13,-26,11,constrained-misc
13,-25,-2,constrained-misc
13,-25,-1,INCLUDED_OPEN
13,-25,0,INCLUDED_OPEN
13,-25,1,INCLUDED_OPEN
13,-25,2,INCLUDED_OPEN
13,-25,3,INCLUDED_OPEN
13,-25,4,INCLUDED_OPEN
13,-25,5,INCLUDED_OPEN
13,-25,6,INCLUDED_OPEN
13,-25,7,INCLUDED_OPEN
13,-25,8,INCLUDED_OPEN
13,-25,9,INCLUDED_OPEN
13,-25,10,INCLUDED_OPEN
13,-25,11,INCLUDED_OPEN
13,-24,-2,constrained-misc
13,-24,-1,INCLUDED_OPEN
13,-24,0,INCLUDED_OPEN
13,-24,1,INCLUDED_OPEN
13,-24,2,INCLUDED_OPEN
13,-24,3,INCLUDED_OPEN
13,-24,4,INCLUDED_OPEN
13,-24,5,INCLUDED_OPEN
13,-24,6,INCLUDED_OPEN
13,-24,7,INCLUDED_OPEN
13,-24,8,INCLUDED_OPEN
13,-24,9,INCLUDED_OPEN
13,-24,10,INCLUDED_OPEN
13,-24,11,INCLUDED_OPEN
13,-23,-2,INCLUDED_OPEN
13,-23,-1,INCLUDED_OPEN
13,-23,0,INCLUDED_OPEN
13,-23,1,INCLUDED_OPEN
13,-23,2,INCLUDED_OPEN
13,-23,3,INCLUDED_OPEN
13,-23,4,INCLUDED_OPEN
13,-23,5,INCLUDED_OPEN
13,-23,6,INCLUDED_OPEN
13,-23,7,INCLUDED_OPEN
13,-23,8,INCLUDED_OPEN
13,-23,9,INCLUDED_OPEN
13,-23,10,INCLUDED_OPEN
13,-23,11,INCLUDED_OPEN
13,-22,-2,INCLUDED_OPEN
13,-22,-1,INCLUDED_OPEN
13,-22,0,INCLUDED_OPEN
13,-22,1,INCLUDED_OPEN
13,-22,2,INCLUDED_OPEN
13,-22,3,INCLUDED_OPEN
13,-22,4,INCLUDED_OPEN
13,-22,5,INCLUDED_OPEN
13,-22,6,INCLUDED_OPEN
13,-22,7,INCLUDED_OPEN
13,-22,8,INCLUDED_OPEN
13,-22,9,INCLUDED_OPEN
13,-22,10,INCLUDED_OPEN
13,-22,11,INCLUDED_OPEN
13,-21,-2,INCLUDED_OPEN
13,-21,-1,INCLUDED_OPEN
13,-21,0,INCLUDED_OPEN
13,-21,1,INCLUDED_OPEN
13,-21,2,INCLUDED_OPEN
13,-21,3,INCLUDED_OPEN
13,-21,4,INCLUDED_OPEN
13,-21,5,INCLUDED_OPEN
13,-21,6,INCLUDED_OPEN
13,-21,7,INCLUDED_OPEN
13,-21,8,INCLUDED_OPEN
13,-21,9,INCLUDED_OPEN
13,-21,10,INCLUDED_OPEN
13,-21,11,INCLUDED_OPEN
13,-20,-2,constrained-misc
13,-20,-1,INCLUDED_OPEN
13,-20,0,INCLUDED_OPEN
13,-20,1,INCLUDED_OPEN
13,-20,2,INCLUDED_OPEN
13,-20,3,INCLUDED_OPEN
13,-20,4,INCLUDED_OPEN
13,-20,5,INCLUDED_OPEN
13,-20,6,INCLUDED_OPEN
13,-20,7,INCLUDED_OPEN
13,-20,8,INCLUDED_OPEN
13,-20,9,INCLUDED_OPEN
13,-20,10,INCLUDED_OPEN
13,-20,11,INCLUDED_OPEN
13,-19,-2,constrained-misc
13,-19,-1,INCLUDED_OPEN
13,-19,0,INCLUDED_OPEN
13,-19,1,INCLUDED_OPEN
13,-19,2,INCLUDED_OPEN
13,-19,3,INCLUDED_OPEN
13,-19,4,INCLUDED_OPEN
13,-19,5,INCLUDED_OPEN
13,-19,6,INCLUDED_OPEN
13,-19,7,ratop-2
13,-19,8,INCLUDED_OPEN
13,-19,9,INCLUDED_OPEN
13,-19,10,INCLUDED_OPEN
13,-19,11,INCLUDED_OPEN
13,-18,1,INCLUDED_OPEN
13,-18,2,INCLUDED_OPEN
13,-18,3,INCLUDED_OPEN
13,-18,4,INCLUDED_OPEN
13,-18,5,INCLUDED_OPEN
13,-18,6,ratop-2
13,-18,7,ratop-2
13,-18,8,INCLUDED_OPEN
13,-18,9,INCLUDED_OPEN
13,-18,10,INCLUDED_OPEN
13,-18,11,INCLUDED_OPEN
13,-17,1,INCLUDED_OPEN
13,-17,2,INCLUDED_OPEN
13,-17,3,INCLUDED_OPEN
13,-17,4,INCLUDED_OPEN
13,-17,5,INCLUDED_OPEN
13,-17,6,ratop-2
13,-17,7,ratop-2
13,-17,8,ratop-2
13,-17,9,INCLUDED_OPEN
13,-17,10,INCLUDED_OPEN
13,-17,11,INCLUDED_OPEN
13,-15,2,INCLUDED_LOWDATA
13,-14,1,INCLUDED_LOWDATA
13,-13,1,INCLUDED_OPEN
13,-13,2,INCLUDED_OPEN
13,-13,3,INCLUDED_OPEN
13,-13,4,INCLUDED_LOWDATA
13,-12,1,INCLUDED_OPEN
13,-12,2,INCLUDED_OPEN
13,-12,3,INCLUDED_OPEN
13,-12,4,INCLUDED_LOWDATA
13,-11,1,INCLUDED_OPEN
13,-11,2,INCLUDED_OPEN
13,-11,3,INCLUDED_OPEN
13,-11,4,INCLUDED_LOWDATA
13,-10,-7,INCLUDED_OPEN
13,-10,-6,INCLUDED_OPEN
13,-10,-5,INCLUDED_OPEN
13,-10,-4,INCLUDED_OPEN
13,-10,-3,INCLUDED_OPEN
13,-10,-2,INCLUDED_OPEN
13,-10,-1,INCLUDED_LOWDATA
13,-10,1,INCLUDED_OPEN
13,-10,2,INCLUDED_OPEN
13,-10,3,INCLUDED_OPEN
13,-10,4,INCLUDED_LOWDATA
13,-9,-7,INCLUDED_OPEN
13,-9,-6,INCLUDED_OPEN
13,-9,-5,INCLUDED_OPEN
13,-9,-4,INCLUDED_OPEN
13,-9,-3,INCLUDED_OPEN
13,-9,-2,INCLUDED_OPEN
13,-9,-1,INCLUDED_LOWDATA
13,-9,1,INCLUDED_OPEN
13,-9,2,INCLUDED_OPEN
13,-9,3,INCLUDED_OPEN
13,-9,4,INCLUDED_LOWDATA
13,-8,-7,INCLUDED_OPEN
13,-8,-6,INCLUDED_OPEN
13,-8,-5,INCLUDED_OPEN
13,-8,-4,INCLUDED_OPEN
13,-8,-3,INCLUDED_OPEN
13,-8,-2,INCLUDED_OPEN
13,-8,-1,INCLUDED_LOWDATA
13,-8,1,INCLUDED_OPEN
13,-8,2,INCLUDED_OPEN
13,-8,3,INCLUDED_OPEN
13,-8,4,INCLUDED_LOWDATA
13,-7,-7,INCLUDED_OPEN
13,-7,-6,INCLUDED_OPEN
13,-7,-5,INCLUDED_OPEN
13,-7,-4,INCLUDED_OPEN
13,-7,-3,INCLUDED_OPEN
13,-7,-2,INCLUDED_OPEN
13,-7,-1,INCLUDED_LOWDATA
13,-7,0,INCLUDED_LOWDATA
13,-7,1,INCLUDED_OPEN
13,-7,2,INCLUDED_OPEN
13,-7,3,INCLUDED_OPEN
13,-7,4,INCLUDED_OPEN
13,-6,-7,INCLUDED_OPEN
13,-6,-6,INCLUDED_OPEN
13,-6,-5,INCLUDED_OPEN
13,-6,-4,INCLUDED_OPEN
13,-6,-3,INCLUDED_OPEN
13,-6,-2,INCLUDED_OPEN
13,-6,-1,INCLUDED_OPEN
13,-6,0,INCLUDED_OPEN
13,-6,1,INCLUDED_OPEN
13,-6,2,INCLUDED_OPEN
13,-6,3,INCLUDED_OPEN
13,-6,4,INCLUDED_OPEN
13,-6,5,INCLUDED_LOWDATA
13,-5,-7,INCLUDED_OPEN
13,-5,-6,INCLUDED_OPEN
13,-5,-5,INCLUDED_OPEN
13,-5,-4,INCLUDED_OPEN
13,-5,-3,INCLUDED_OPEN
13,-5,-2,INCLUDED_OPEN
13,-5,-1,INCLUDED_OPEN
13,-5,0,INCLUDED_OPEN
13,-5,1,INCLUDED_OPEN
13,-5,2,INCLUDED_OPEN
13,-5,3,INCLUDED_OPEN
13,-5,4,INCLUDED_OPEN
13,-5,5,INCLUDED_LOWDATA
13,-4,-7,INCLUDED_OPEN
13,-4,-6,INCLUDED_OPEN
13,-4,-5,INCLUDED_OPEN
13,-4,-4,INCLUDED_OPEN
13,-4,-3,INCLUDED_OPEN
13,-4,-2,INCLUDED_OPEN
13,-4,-1,INCLUDED_OPEN
13,-4,0,INCLUDED_OPEN
13,-4,1,INCLUDED_OPEN
13,-4,2,INCLUDED_OPEN
13,-4,3,INCLUDED_OPEN
13,-4,4,INCLUDED_OPEN
13,-4,5,INCLUDED_LOWDATA
13,-3,-7,INCLUDED_OPEN
13,-3,-6,INCLUDED_OPEN
13,-3,-5,INCLUDED_OPEN
13,-3,-4,INCLUDED_OPEN
13,-3,-3,INCLUDED_OPEN
13,-3,-2,INCLUDED_OPEN
13,-3,-1,INCLUDED_OPEN
13,-3,0,INCLUDED_OPEN
13,-3,1,INCLUDED_OPEN
13,-3,2,INCLUDED_OPEN
13,-3,3,INCLUDED_OPEN
13,-3,4,INCLUDED_OPEN
13,-3,5,INCLUDED_LOWDATA
13,-2,-7,INCLUDED_OPEN
13,-2,-6,INCLUDED_OPEN
13,-2,-5,INCLUDED_OPEN
13,-2,-4,INCLUDED_OPEN
13,-2,-3,INCLUDED_OPEN
13,-2,-2,INCLUDED_OPEN
13,-2,-1,INCLUDED_OPEN
13,-2,0,INCLUDED_OPEN
13,-2,1,INCLUDED_OPEN
13,-2,2,INCLUDED_OPEN
13,-2,3,INCLUDED_OPEN
13,-2,4,INCLUDED_OPEN
13,-2,5,INCLUDED_LOWDATA
13,-1,-7,INCLUDED_OPEN
13,-1,-6,INCLUDED_OPEN
13,-1,-5,INCLUDED_OPEN
13,-1,-4,INCLUDED_OPEN
13,-1,-3,INCLUDED_OPEN
13,-1,-2,INCLUDED_OPEN
13,-1,-1,INCLUDED_OPEN
13,-1,0,INCLUDED_OPEN
13,-1,1,INCLUDED_OPEN
13,-1,2,INCLUDED_OPEN
13,-1,3,INCLUDED_OPEN
13,-1,4,INCLUDED_OPEN
13,-1,5,INCLUDED_LOWDATA
13,0,-7,INCLUDED_OPEN
13,0,-6,INCLUDED_OPEN
13,0,-5,INCLUDED_OPEN
13,0,-4,INCLUDED_OPEN
13,0,-3,INCLUDED_OPEN
13,0,-2,INCLUDED_OPEN
13,0,-1,INCLUDED_OPEN
13,0,0,INCLUDED_OPEN
13,0,1,INCLUDED_OPEN
13,0,2,INCLUDED_OPEN
13,0,3,INCLUDED_OPEN
13,0,4,INCLUDED_OPEN
13,0,5,INCLUDED_LOWDATA
13,1,-7,INCLUDED_OPEN
13,1,-6,INCLUDED_OPEN
13,1,-5,INCLUDED_OPEN
13,1,-4,INCLUDED_OPEN
13,1,-3,INCLUDED_OPEN
13,1,-2,INCLUDED_OPEN
13,1,-1,INCLUDED_OPEN
13,1,0,INCLUDED_OPEN
13,1,1,INCLUDED_OPEN
13,1,2,INCLUDED_OPEN
13,1,3,INCLUDED_OPEN
13,1,4,INCLUDED_OPEN
13,1,5,INCLUDED_LOWDATA
13,2,-8,INCLUDED_LOWDATA
13,2,-7,INCLUDED_OPEN
13,2,-6,INCLUDED_OPEN
13,2,-5,INCLUDED_OPEN
13,2,-4,INCLUDED_OPEN
13,2,-3,INCLUDED_OPEN
13,2,-2,INCLUDED_OPEN
13,2,-1,INCLUDED_OPEN
13,2,0,INCLUDED_OPEN
13,2,1,INCLUDED_OPEN
13,2,2,INCLUDED_OPEN
13,2,3,INCLUDED_OPEN
13,2,4,INCLUDED_OPEN
13,2,5,INCLUDED_LOWDATA
13,3,-9,INCLUDED_LOWDATA
13,3,-8,INCLUDED_LOWDATA
13,3,-7,INCLUDED_OPEN
13,3,-6,INCLUDED_OPEN
13,3,-5,INCLUDED_OPEN
13,3,-4,INCLUDED_OPEN
13,3,-3,INCLUDED_OPEN
13,3,-2,INCLUDED_OPEN
13,3,-1,INCLUDED_OPEN
13,3,0,INCLUDED_OPEN
13,3,1,INCLUDED_OPEN
13,3,2,INCLUDED_OPEN
13,3,3,INCLUDED_OPEN
13,3,4,INCLUDED_OPEN
13,3,5,INCLUDED_LOWDATA
13,4,-9,INCLUDED_LOWDATA
13,4,-8,INCLUDED_LOWDATA
13,4,-7,INCLUDED_OPEN
13,4,-6,INCLUDED_OPEN
13,4,-5,INCLUDED_OPEN
13,4,-4,INCLUDED_OPEN
13,4,-3,INCLUDED_OPEN
13,4,-2,INCLUDED_OPEN
13,4,0,INCLUDED_LOWDATA
13,4,1,INCLUDED_OPEN
13,4,2,INCLUDED_OPEN
13,4,3,INCLUDED_OPEN
13,4,4,INCLUDED_LOWDATA
13,4,5,INCLUDED_LOWDATA
13,5,-7,INCLUDED_OPEN
13,5,-6,INCLUDED_OPEN
13,5,-5,INCLUDED_OPEN
13,5,-4,INCLUDED_OPEN
13,5,-3,INCLUDED_OPEN
13,5,-2,INCLUDED_OPEN
13,5,-1,INCLUDED_LOWDATA
13,5,0,INCLUDED_LOWDATA
13,5,1,INCLUDED_OPEN
13,5,2,INCLUDED_OPEN
13,5,3,INCLUDED_OPEN
13,5,4,INCLUDED_LOWDATA
13,6,-7,INCLUDED_OPEN
13,6,-6,INCLUDED_OPEN
13,6,-5,INCLUDED_OPEN
13,6,-4,INCLUDED_OPEN
13,6,-3,INCLUDED_OPEN
13,6,-2,INCLUDED_OPEN
13,6,-1,INCLUDED_LOWDATA
13,6,0,INCLUDED_LOWDATA
13,6,1,INCLUDED_OPEN
13,6,2,INCLUDED_OPEN
13,6,3,INCLUDED_OPEN
13,6,4,INCLUDED_LOWDATA
13,7,-7,INCLUDED_OPEN
13,7,-6,INCLUDED_OPEN
13,7,-5,INCLUDED_OPEN
13,7,-4,INCLUDED_OPEN
13,7,-3,INCLUDED_OPEN
13,7,-2,INCLUDED_OPEN
13,7,-1,INCLUDED_LOWDATA
13,7,1,INCLUDED_OPEN
13,7,2,INCLUDED_OPEN
13,7,3,INCLUDED_OPEN
13,7,4,INCLUDED_LOWDATA
13,8,1,INCLUDED_OPEN
13,8,2,INCLUDED_OPEN
13,8,3,INCLUDED_OPEN
13,8,4,INCLUDED_LOWDATA
13,9,1,INCLUDED_OPEN
13,9,2,INCLUDED_OPEN
13,9,3,INCLUDED_OPEN
13,9,4,INCLUDED_LOWDATA
13,10,0,INCLUDED_LOWDATA
13,10,1,INCLUDED_OPEN
13,10,2,INCLUDED_OPEN
13,10,3,INCLUDED_OPEN
13,10,4,INCLUDED_LOWDATA
13,11,0,INCLUDED_LOWDATA
13,11,1,INCLUDED_LOWDATA
13,11,2,INCLUDED_LOWDATA
13,13,1,INCLUDED_LOWDATA
13,14,1,INCLUDED_OPEN
13,14,2,INCLUDED_OPEN
13,14,3,INCLUDED_OPEN
13,14,4,INCLUDED_LOWDATA
13,15,1,INCLUDED_OPEN
13,15,2,INCLUDED_OPEN
13,15,3,INCLUDED_OPEN
13,15,4,INCLUDED_LOWDATA
13,16,1,INCLUDED_OPEN
13,16,2,INCLUDED_OPEN
13,16,3,INCLUDED_OPEN
13,16,4,INCLUDED_LOWDATA
13,17,0,INCLUDED_LOWDATA
13,17,1,INCLUDED_OPEN
13,17,2,INCLUDED_OPEN
13,17,3,INCLUDED_OPEN
13,18,0,INCLUDED_LOWDATA
13,18,1,INCLUDED_OPEN
13,18,2,INCLUDED_OPEN
13,18,3,INCLUDED_OPEN
13,18,4,INCLUDED_LOWDATA
13,19,1,INCLUDED_OPEN
13,19,2,INCLUDED_OPEN
13,19,3,INCLUDED_OPEN
13,19,4,INCLUDED_LOWDATA
13,20,1,INCLUDED_OPEN
13,20,2,INCLUDED_OPEN
13,20,3,INCLUDED_OPEN
13,20,4,INCLUDED_LOWDATA
13,21,1,INCLUDED_OPEN
13,21,2,INCLUDED_OPEN
13,21,3,INCLUDED_OPEN
13,21,4,INCLUDED_LOWDATA
13,22,0,INCLUDED_LOWDATA
14,-28,1,INCLUDED_OPEN
14,-28,2,INCLUDED_OPEN
14,-28,3,INCLUDED_OPEN
14,-28,4,INCLUDED_OPEN
14,-28,5,INCLUDED_OPEN
14,-28,6,INCLUDED_OPEN
14,-27,1,INCLUDED_OPEN
14,-27,2,INCLUDED_OPEN
14,-27,3,INCLUDED_OPEN
14,-27,4,INCLUDED_OPEN
14,-27,5,INCLUDED_OPEN
14,-27,6,INCLUDED_OPEN
14,-26,1,INCLUDED_OPEN
14,-26,2,INCLUDED_OPEN
14,-26,3,INCLUDED_OPEN
14,-26,4,INCLUDED_OPEN
14,-26,5,INCLUDED_OPEN
14,-26,6,INCLUDED_OPEN
14,-26,7,INCLUDED_LOWDATA
14,-25,1,INCLUDED_OPEN
14,-25,2,INCLUDED_OPEN
14,-25,3,INCLUDED_OPEN
14,-25,4,INCLUDED_OPEN
14,-25,5,INCLUDED_OPEN
14,-25,6,INCLUDED_OPEN
14,-25,7,INCLUDED_LOWDATA
14,-24,1,INCLUDED_OPEN
14,-24,2,INCLUDED_OPEN
14,-24,3,INCLUDED_OPEN
14,-24,4,INCLUDED_OPEN
14,-24,5,INCLUDED_OPEN
14,-24,6,INCLUDED_OPEN
14,-24,7,INCLUDED_LOWDATA
14,-23,1,INCLUDED_OPEN
14,-23,2,INCLUDED_OPEN
14,-23,3,INCLUDED_OPEN
14,-23,4,INCLUDED_OPEN
14,-23,5,INCLUDED_OPEN
14,-23,6,INCLUDED_OPEN
14,-23,7,INCLUDED_LOWDATA
14,-22,1,INCLUDED_OPEN
14,-22,2,INCLUDED_OPEN
14,-22,3,INCLUDED_OPEN
14,-22,4,INCLUDED_OPEN
14,-22,5,INCLUDED_OPEN
14,-22,6,INCLUDED_OPEN
14,-22,7,INCLUDED_LOWDATA
14,-21,1,INCLUDED_OPEN
14,-21,2,INCLUDED_OPEN
14,-21,3,INCLUDED_OPEN
14,-21,4,INCLUDED_OPEN
14,-21,5,INCLUDED_OPEN
14,-21,6,INCLUDED_OPEN
14,-21,7,INCLUDED_LOWDATA
14,-20,1,INCLUDED_OPEN
14,-20,2,INCLUDED_OPEN
14,-20,3,INCLUDED_OPEN
14,-20,4,INCLUDED_OPEN
14,-20,5,INCLUDED_OPEN
14,-20,6,INCLUDED_OPEN
14,-20,7,INCLUDED_LOWDATA
14,-19,1,INCLUDED_OPEN
14,-19,2,INCLUDED_OPEN
14,-19,3,INCLUDED_OPEN
14,-19,4,INCLUDED_OPEN
14,-19,5,INCLUDED_OPEN
14,-19,6,INCLUDED_OPEN
14,-19,7,INCLUDED_LOWDATA
14,-18,1,INCLUDED_OPEN
14,-18,2,INCLUDED_OPEN
14,-18,3,INCLUDED_OPEN
14,-18,4,INCLUDED_OPEN
14,-18,5,INCLUDED_OPEN
14,-18,6,INCLUDED_OPEN
14,-18,7,INCLUDED_LOWDATA
14,-17,1,INCLUDED_OPEN
14,-17,2,INCLUDED_OPEN
14,-17,3,INCLUDED_OPEN
14,-17,4,INCLUDED_OPEN
14,-17,5,INCLUDED_OPEN
14,-17,6,INCLUDED_OPEN
14,-17,7,INCLUDED_LOWDATA
14,-16,1,INCLUDED_OPEN
14,-16,2,INCLUDED_OPEN
14,-16,3,INCLUDED_OPEN
14,-16,4,INCLUDED_OPEN
14,-16,5,INCLUDED_OPEN
14,-16,6,INCLUDED_OPEN
14,-16,7,INCLUDED_LOWDATA
14,-15,1,INCLUDED_OPEN
14,-15,2,INCLUDED_OPEN
14,-15,3,INCLUDED_OPEN
14,-15,4,INCLUDED_OPEN
14,-15,5,INCLUDED_OPEN
14,-15,6,INCLUDED_OPEN
14,-15,7,INCLUDED_LOWDATA
14,-14,1,INCLUDED_OPEN
14,-14,2,INCLUDED_OPEN
14,-14,3,INCLUDED_LOWDATA
14,-13,1,INCLUDED_OPEN
14,-13,2,INCLUDED_OPEN
14,-13,3,INCLUDED_OPEN
14,-13,4,INCLUDED_LOWDATA
14,-12,1,INCLUDED_OPEN
14,-12,2,INCLUDED_OPEN
14,-12,3,INCLUDED_OPEN
14,-12,4,INCLUDED_LOWDATA
14,-11,1,INCLUDED_OPEN
14,-11,2,INCLUDED_OPEN
14,-11,3,INCLUDED_OPEN
14,-11,4,INCLUDED_LOWDATA
14,-10,-7,INCLUDED_OPEN
14,-10,-6,INCLUDED_OPEN
14,-10,-5,INCLUDED_OPEN
14,-10,-4,INCLUDED_OPEN
14,-10,-3,INCLUDED_OPEN
14,-10,-2,INCLUDED_OPEN
14,-10,-1,INCLUDED_LOWDATA
14,-10,1,INCLUDED_OPEN
14,-10,2,INCLUDED_OPEN
14,-10,3,INCLUDED_OPEN
14,-10,4,INCLUDED_LOWDATA
14,-9,-7,INCLUDED_OPEN
14,-9,-6,INCLUDED_OPEN
14,-9,-5,INCLUDED_OPEN
14,-9,-4,INCLUDED_OPEN
14,-9,-3,INCLUDED_OPEN
14,-9,-2,INCLUDED_OPEN
14,-9,1,INCLUDED_OPEN
14,-9,2,INCLUDED_OPEN
14,-9,3,INCLUDED_OPEN
14,-9,4,INCLUDED_LOWDATA
14,-8,-7,INCLUDED_OPEN
14,-8,-6,INCLUDED_OPEN
14,-8,-5,INCLUDED_OPEN
14,-8,-4,INCLUDED_OPEN
14,-8,-3,INCLUDED_OPEN
14,-8,-2,INCLUDED_OPEN
14,-8,-1,INCLUDED_LOWDATA
14,-8,1,INCLUDED_OPEN
14,-8,2,INCLUDED_OPEN
14,-8,3,INCLUDED_OPEN
14,-8,4,INCLUDED_LOWDATA
14,-7,-7,INCLUDED_OPEN
14,-7,-6,INCLUDED_OPEN
14,-7,-5,INCLUDED_OPEN
14,-7,-4,INCLUDED_OPEN
14,-7,-3,INCLUDED_OPEN
14,-7,-2,INCLUDED_OPEN
14,-7,-1,INCLUDED_OPEN
14,-7,0,INCLUDED_OPEN
14,-7,1,INCLUDED_OPEN
14,-7,2,INCLUDED_OPEN
14,-7,3,INCLUDED_OPEN
14,-7,4,INCLUDED_OPEN
14,-7,5,INCLUDED_LOWDATA
14,-6,-7,INCLUDED_OPEN
14,-6,-6,INCLUDED_OPEN
14,-6,-5,INCLUDED_OPEN
14,-6,-4,INCLUDED_OPEN
14,-6,-3,INCLUDED_OPEN
14,-6,-2,INCLUDED_OPEN
14,-6,-1,INCLUDED_OPEN
14,-6,0,INCLUDED_OPEN
14,-6,1,INCLUDED_OPEN
14,-6,2,INCLUDED_OPEN
14,-6,3,INCLUDED_OPEN
14,-6,4,INCLUDED_OPEN
14,-6,5,INCLUDED_LOWDATA
14,-5,-7,INCLUDED_OPEN
14,-5,-6,INCLUDED_OPEN
14,-5,-5,INCLUDED_OPEN
14,-5,-4,INCLUDED_OPEN
14,-5,-3,INCLUDED_OPEN
14,-5,-2,INCLUDED_OPEN
14,-5,-1,INCLUDED_OPEN
14,-5,0,INCLUDED_OPEN
14,-5,1,INCLUDED_OPEN
14,-5,2,INCLUDED_OPEN
14,-5,3,INCLUDED_OPEN
14,-5,4,INCLUDED_OPEN
14,-5,5,INCLUDED_LOWDATA
14,-4,-7,INCLUDED_OPEN
14,-4,-6,INCLUDED_OPEN
14,-4,-5,INCLUDED_OPEN
14,-4,-4,INCLUDED_OPEN
14,-4,-3,INCLUDED_OPEN
14,-4,-2,INCLUDED_OPEN
14,-4,-1,INCLUDED_OPEN
14,-4,0,INCLUDED_OPEN
14,-4,1,INCLUDED_OPEN
14,-4,2,INCLUDED_OPEN
14,-4,3,INCLUDED_OPEN
14,-4,4,INCLUDED_OPEN
14,-4,5,INCLUDED_LOWDATA
14,-3,-7,INCLUDED_OPEN
14,-3,-6,INCLUDED_OPEN
14,-3,-5,INCLUDED_OPEN
14,-3,-4,INCLUDED_OPEN
14,-3,-3,INCLUDED_OPEN
14,-3,-2,INCLUDED_OPEN
14,-3,-1,INCLUDED_OPEN
14,-3,0,INCLUDED_OPEN
14,-3,1,INCLUDED_OPEN
14,-3,2,INCLUDED_OPEN
14,-3,3,INCLUDED_OPEN
14,-3,4,INCLUDED_OPEN
14,-3,5,INCLUDED_LOWDATA
14,-2,-7,INCLUDED_OPEN
14,-2,-6,INCLUDED_OPEN
14,-2,-5,INCLUDED_OPEN
14,-2,-4,INCLUDED_OPEN
14,-2,-3,INCLUDED_OPEN
14,-2,-2,INCLUDED_OPEN
14,-2,-1,INCLUDED_OPEN
14,-2,0,INCLUDED_OPEN
14,-2,1,INCLUDED_OPEN
14,-2,2,INCLUDED_OPEN
14,-2,3,INCLUDED_OPEN
14,-2,4,INCLUDED_OPEN
14,-2,5,INCLUDED_LOWDATA
14,-1,-7,INCLUDED_OPEN
14,-1,-6,INCLUDED_OPEN
14,-1,-5,INCLUDED_OPEN
14,-1,-4,INCLUDED_OPEN
14,-1,-3,INCLUDED_OPEN
14,-1,-2,INCLUDED_OPEN
14,-1,-1,INCLUDED_OPEN
14,-1,0,INCLUDED_OPEN
14,-1,1,INCLUDED_OPEN
14,-1,2,INCLUDED_OPEN
14,-1,3,INCLUDED_OPEN
14,-1,4,INCLUDED_OPEN
14,-1,5,INCLUDED_LOWDATA
14,0,-7,INCLUDED_OPEN
14,0,-6,INCLUDED_OPEN
14,0,-5,INCLUDED_OPEN
14,0,-4,INCLUDED_OPEN
14,0,-3,INCLUDED_OPEN
14,0,-2,INCLUDED_OPEN
14,0,-1,INCLUDED_OPEN
14,0,0,INCLUDED_OPEN
14,0,1,INCLUDED_OPEN
14,0,2,INCLUDED_OPEN
14,0,3,INCLUDED_OPEN
14,0,4,INCLUDED_OPEN
14,0,5,INCLUDED_LOWDATA
14,1,-8,INCLUDED_LOWDATA
14,1,-7,INCLUDED_OPEN
14,1,-6,INCLUDED_OPEN
14,1,-5,INCLUDED_OPEN
14,1,-4,INCLUDED_OPEN
14,1,-3,INCLUDED_OPEN
14,1,-2,INCLUDED_OPEN
14,1,-1,INCLUDED_OPEN
14,1,0,INCLUDED_OPEN
14,1,1,INCLUDED_OPEN
14,1,2,INCLUDED_OPEN
14,1,3,INCLUDED_OPEN
14,1,4,INCLUDED_OPEN
14,1,5,INCLUDED_LOWDATA
14,2,-8,INCLUDED_LOWDATA
14,2,-7,INCLUDED_OPEN
14,2,-6,INCLUDED_OPEN
14,2,-5,INCLUDED_OPEN
14,2,-4,INCLUDED_OPEN
14,2,-3,INCLUDED_OPEN
14,2,-2,INCLUDED_OPEN
14,2,-1,INCLUDED_OPEN
14,2,0,INCLUDED_OPEN
14,2,1,INCLUDED_OPEN
14,2,2,INCLUDED_OPEN
14,2,3,INCLUDED_OPEN
14,2,4,INCLUDED_OPEN
14,2,5,INCLUDED_LOWDATA
14,3,-7,INCLUDED_OPEN
14,3,-6,INCLUDED_OPEN
14,3,-5,INCLUDED_OPEN
14,3,-4,INCLUDED_OPEN
14,3,-3,INCLUDED_OPEN
14,3,-2,INCLUDED_OPEN
14,3,-1,INCLUDED_OPEN
14,3,0,INCLUDED_OPEN
14,3,1,INCLUDED_OPEN
14,3,2,INCLUDED_OPEN
14,3,3,INCLUDED_OPEN
14,3,4,INCLUDED_OPEN
14,3,5,INCLUDED_LOWDATA
14,4,-8,INCLUDED_LOWDATA
14,4,-7,INCLUDED_OPEN
14,4,-6,INCLUDED_OPEN
14,4,-5,INCLUDED_OPEN
14,4,-4,INCLUDED_OPEN
14,4,-3,INCLUDED_OPEN
14,4,-2,INCLUDED_OPEN
14,4,-1,INCLUDED_OPEN
14,4,0,INCLUDED_OPEN
14,4,1,INCLUDED_OPEN
14,4,2,INCLUDED_OPEN
14,4,3,INCLUDED_OPEN
14,4,4,INCLUDED_OPEN
14,4,5,INCLUDED_LOWDATA
14,5,-7,INCLUDED_OPEN
14,5,-6,INCLUDED_OPEN
14,5,-5,INCLUDED_OPEN
14,5,-4,INCLUDED_OPEN
14,5,-3,INCLUDED_OPEN
14,5,-2,INCLUDED_OPEN
14,5,1,INCLUDED_OPEN
14,5,2,INCLUDED_OPEN
14,5,3,INCLUDED_OPEN
14,5,4,INCLUDED_LOWDATA
14,6,-7,INCLUDED_OPEN
14,6,-6,INCLUDED_OPEN
14,6,-5,INCLUDED_OPEN
14,6,-4,INCLUDED_OPEN
14,6,-3,INCLUDED_OPEN
14,6,-2,INCLUDED_OPEN
14,6,-1,INCLUDED_LOWDATA
14,6,0,INCLUDED_LOWDATA
14,6,1,INCLUDED_OPEN
14,6,2,INCLUDED_OPEN
14,6,3,INCLUDED_OPEN
14,6,4,INCLUDED_LOWDATA
14,7,-7,INCLUDED_OPEN
14,7,-6,INCLUDED_OPEN
14,7,-5,INCLUDED_OPEN
14,7,-4,INCLUDED_OPEN
14,7,-3,INCLUDED_OPEN
14,7,-2,INCLUDED_OPEN
14,7,-1,INCLUDED_LOWDATA
14,7,0,INCLUDED_LOWDATA
14,7,1,INCLUDED_OPEN
14,7,2,INCLUDED_OPEN
14,7,3,INCLUDED_OPEN
14,7,4,INCLUDED_LOWDATA
14,8,0,INCLUDED_LOWDATA
14,8,1,INCLUDED_OPEN
14,8,2,INCLUDED_OPEN
14,8,3,INCLUDED_OPEN
14,8,4,INCLUDED_LOWDATA
14,9,1,INCLUDED_OPEN
14,9,2,INCLUDED_OPEN
14,9,3,INCLUDED_OPEN
14,9,4,INCLUDED_LOWDATA
14,10,1,INCLUDED_OPEN
14,10,2,INCLUDED_OPEN
14,10,3,INCLUDED_OPEN
14,10,4,INCLUDED_LOWDATA
14,11,0,INCLUDED_LOWDATA
14,11,1,INCLUDED_OPEN
14,11,2,INCLUDED_OPEN
14,11,3,INCLUDED_OPEN
14,11,4,INCLUDED_LOWDATA
14,12,0,INCLUDED_LOWDATA
14,12,1,INCLUDED_OPEN
14,12,2,INCLUDED_OPEN
14,12,3,INCLUDED_OPEN
14,12,4,INCLUDED_LOWDATA
14,13,1,INCLUDED_OPEN
14,13,2,INCLUDED_OPEN
14,13,3,INCLUDED_OPEN
14,14,1,INCLUDED_OPEN
14,14,2,INCLUDED_OPEN
14,14,3,INCLUDED_OPEN
14,14,4,INCLUDED_LOWDATA
14,15,1,INCLUDED_OPEN
14,15,2,INCLUDED_OPEN
14,15,3,INCLUDED_OPEN
14,15,4,INCLUDED_LOWDATA
14,16,1,INCLUDED_OPEN
14,16,2,INCLUDED_OPEN
14,16,3,INCLUDED_OPEN
14,16,4,INCLUDED_LOWDATA
14,17,0,INCLUDED_LOWDATA
14,17,1,INCLUDED_OPEN
14,17,2,INCLUDED_OPEN
14,17,3,INCLUDED_OPEN
14,18,1,INCLUDED_OPEN
14,18,2,INCLUDED_OPEN
14,18,3,INCLUDED_OPEN
14,18,4,INCLUDED_LOWDATA
14,18,6,quad
14,18,7,INCLUDED_OPEN
14,18,8,INCLUDED_LOWDATA
14,19,1,INCLUDED_OPEN
14,19,2,INCLUDED_OPEN
14,19,3,INCLUDED_OPEN
14,19,4,INCLUDED_LOWDATA
14,19,6,INCLUDED_OPEN
14,19,7,INCLUDED_OPEN
14,19,8,INCLUDED_LOWDATA
14,20,1,INCLUDED_OPEN
14,20,2,INCLUDED_OPEN
14,20,3,INCLUDED_OPEN
14,20,4,INCLUDED_LOWDATA
14,20,6,INCLUDED_OPEN
14,20,7,INCLUDED_OPEN
14,20,8,INCLUDED_LOWDATA
14,21,1,INCLUDED_OPEN
14,21,2,INCLUDED_OPEN
14,21,3,INCLUDED_OPEN
14,21,4,INCLUDED_LOWDATA
14,21,6,quad
14,21,7,INCLUDED_OPEN
14,21,8,INCLUDED_OPEN
14,22,0,INCLUDED_LOWDATA
14,22,6,INCLUDED_OPEN
14,22,7,INCLUDED_OPEN
14,22,8,quad-3
14,23,6,quad
14,23,7,INCLUDED_OPEN
14,23,8,INCLUDED_LOWDATA
14,24,6,quad
14,24,7,INCLUDED_OPEN
14,24,8,INCLUDED_LOWDATA
14,25,6,EXCLUDED_LIFT
14,25,7,EXCLUDED_LIFT
14,25,8,INCLUDED_LOWDATA
14,26,0,EXCLUDED_LIFT
14,26,1,EXCLUDED_LIFT
14,26,2,EXCLUDED_LIFT
14,26,3,EXCLUDED_LIFT
14,26,4,EXCLUDED_LIFT
14,26,5,EXCLUDED_LIFT
14,26,6,EXCLUDED_LIFT
14,26,7,EXCLUDED_LIFT
14,26,8,INCLUDED_LOWDATA
14,27,0,EXCLUDED_LIFT
14,27,1,EXCLUDED_LIFT
14,27,2,EXCLUDED_LIFT
14,27,3,EXCLUDED_LIFT
14,27,4,EXCLUDED_LIFT
14,27,5,EXCLUDED_LIFT
14,27,6,EXCLUDED_LIFT
14,27,7,EXCLUDED_LIFT
14,27,8,INCLUDED_LOWDATA
14,28,0,EXCLUDED_LIFT
14,28,1,EXCLUDED_LIFT
14,28,2,EXCLUDED_LIFT
14,28,3,EXCLUDED_LIFT
14,28,4,EXCLUDED_LIFT
14,28,5,EXCLUDED_LIFT
14,28,6,EXCLUDED_LIFT
14,28,7,EXCLUDED_LIFT
14,28,8,INCLUDED_LOWDATA
14,29,0,INCLUDED_OPEN
14,29,1,pent
14,29,2,INCLUDED_OPEN
14,29,3,pent
14,29,4,pent
14,29,5,pent
14,29,6,INCLUDED_OPEN
14,29,7,INCLUDED_OPEN
14,29,8,INCLUDED_LOWDATA
14,30,0,INCLUDED_OPEN
14,30,1,pent
14,30,2,INCLUDED_OPEN
14,31,0,INCLUDED_OPEN
14,31,1,pent
14,31,2,INCLUDED_OPEN
14,31,3,INCLUDED_LOWDATA
14,32,0,INCLUDED_OPEN
14,32,1,INCLUDED_OPEN
14,32,2,INCLUDED_OPEN
14,33,0,constrained-misc
14,33,1,constrained-misc
14,33,2,INCLUDED_OPEN
14,33,3,INCLUDED_LOWDATA
15,-28,1,INCLUDED_OPEN
15,-28,2,INCLUDED_OPEN
15,-28,3,INCLUDED_OPEN
15,-28,4,INCLUDED_OPEN
15,-28,5,INCLUDED_OPEN
15,-28,6,INCLUDED_OPEN
15,-28,7,INCLUDED_LOWDATA
15,-27,1,INCLUDED_OPEN
15,-27,2,INCLUDED_OPEN
15,-27,3,INCLUDED_OPEN
15,-27,4,INCLUDED_OPEN
15,-27,5,INCLUDED_OPEN
15,-27,6,INCLUDED_OPEN
15,-27,7,INCLUDED_LOWDATA
15,-26,1,INCLUDED_OPEN
15,-26,2,INCLUDED_OPEN
15,-26,3,INCLUDED_OPEN
15,-26,4,INCLUDED_OPEN
15,-26,5,INCLUDED_OPEN
15,-26,6,INCLUDED_OPEN
15,-26,7,INCLUDED_LOWDATA
15,-25,1,INCLUDED_OPEN
15,-25,2,INCLUDED_OPEN
15,-25,3,INCLUDED_OPEN
15,-25,4,INCLUDED_OPEN
15,-25,5,INCLUDED_OPEN
15,-25,6,INCLUDED_OPEN
15,-25,7,INCLUDED_LOWDATA
15,-24,1,INCLUDED_OPEN
15,-24,2,INCLUDED_OPEN
15,-24,3,INCLUDED_OPEN
15,-24,4,INCLUDED_OPEN
15,-24,5,INCLUDED_OPEN
15,-24,6,INCLUDED_OPEN
15,-24,7,INCLUDED_LOWDATA
15,-23,1,INCLUDED_OPEN
15,-23,2,INCLUDED_OPEN
15,-23,3,INCLUDED_OPEN
15,-23,4,INCLUDED_OPEN
15,-23,5,INCLUDED_OPEN
15,-23,6,INCLUDED_OPEN
15,-23,7,INCLUDED_LOWDATA
15,-22,1,INCLUDED_OPEN
15,-22,2,INCLUDED_OPEN
15,-22,3,INCLUDED_OPEN
15,-22,4,INCLUDED_OPEN
15,-22,5,INCLUDED_OPEN
15,-22,6,INCLUDED_OPEN
15,-22,7,INCLUDED_LOWDATA
15,-21,1,INCLUDED_OPEN
15,-21,2,INCLUDED_OPEN
15,-21,3,INCLUDED_OPEN
15,-21,4,INCLUDED_OPEN
15,-21,5,INCLUDED_OPEN
15,-21,6,INCLUDED_OPEN
15,-21,7,INCLUDED_LOWDATA
15,-20,1,INCLUDED_OPEN
15,-20,2,INCLUDED_OPEN
15,-20,3,INCLUDED_OPEN
15,-20,4,INCLUDED_OPEN
15,-20,5,INCLUDED_OPEN
15,-20,6,INCLUDED_OPEN
15,-20,7,INCLUDED_LOWDATA
15,-19,1,INCLUDED_OPEN
15,-19,2,INCLUDED_OPEN
15,-19,3,INCLUDED_OPEN
15,-19,4,INCLUDED_OPEN
15,-19,5,INCLUDED_OPEN
15,-19,6,INCLUDED_OPEN
15,-19,7,INCLUDED_LOWDATA
15,-18,1,INCLUDED_OPEN
15,-18,2,INCLUDED_OPEN
15,-18,3,INCLUDED_OPEN
15,-18,4,INCLUDED_OPEN
15,-18,5,INCLUDED_OPEN
15,-18,6,INCLUDED_OPEN
15,-18,7,INCLUDED_LOWDATA
15,-17,1,INCLUDED_OPEN
15,-17,2,INCLUDED_OPEN
15,-17,3,INCLUDED_OPEN
15,-17,4,INCLUDED_OPEN
15,-17,5,INCLUDED_OPEN
15,-17,6,INCLUDED_OPEN
15,-17,7,INCLUDED_LOWDATA
15,-16,1,INCLUDED_OPEN
15,-16,2,INCLUDED_OPEN
15,-16,3,INCLUDED_OPEN
15,-16,4,INCLUDED_OPEN
15,-16,5,INCLUDED_OPEN
15,-16,6,INCLUDED_OPEN
15,-16,7,INCLUDED_LOWDATA
15,-15,1,INCLUDED_OPEN
15,-15,2,INCLUDED_OPEN
15,-15,3,INCLUDED_OPEN
15,-15,4,INCLUDED_OPEN
15,-15,5,INCLUDED_OPEN
15,-15,6,INCLUDED_OPEN
15,-15,7,INCLUDED_LOWDATA
15,-14,1,INCLUDED_OPEN
15,-14,2,INCLUDED_OPEN
15,-14,3,INCLUDED_LOWDATA
15,-13,1,INCLUDED_OPEN
15,-13,2,INCLUDED_OPEN
15,-13,3,INCLUDED_OPEN
15,-13,4,INCLUDED_LOWDATA
15,-12,1,INCLUDED_OPEN
15,-12,2,INCLUDED_OPEN
15,-12,3,INCLUDED_OPEN
15,-12,4,INCLUDED_LOWDATA
15,-11,1,INCLUDED_OPEN
15,-11,2,INCLUDED_OPEN
15,-11,3,INCLUDED_OPEN
15,-11,4,INCLUDED_LOWDATA
15,-10,-7,INCLUDED_OPEN
15,-10,-6,INCLUDED_OPEN
15,-10,-5,INCLUDED_OPEN
15,-10,-4,INCLUDED_OPEN
15,-10,-3,INCLUDED_OPEN
15,-10,-2,INCLUDED_OPEN
15,-10,-1,INCLUDED_LOWDATA
15,-10,1,INCLUDED_OPEN
15,-10,2,INCLUDED_OPEN
15,-10,3,INCLUDED_OPEN
15,-10,4,INCLUDED_LOWDATA
15,-9,-7,INCLUDED_OPEN
15,-9,-6,INCLUDED_OPEN
15,-9,-5,INCLUDED_OPEN
15,-9,-4,INCLUDED_OPEN
15,-9,-3,INCLUDED_OPEN
15,-9,-2,INCLUDED_OPEN
15,-9,-1,INCLUDED_LOWDATA
15,-9,1,INCLUDED_OPEN
15,-9,2,INCLUDED_OPEN
15,-9,3,INCLUDED_OPEN
15,-9,4,INCLUDED_LOWDATA
15,-8,-7,INCLUDED_OPEN
15,-8,-6,INCLUDED_OPEN
15,-8,-5,INCLUDED_OPEN
15,-8,-4,INCLUDED_OPEN
15,-8,-3,INCLUDED_OPEN
15,-8,-2,INCLUDED_OPEN
15,-8,-1,INCLUDED_LOWDATA
15,-8,1,INCLUDED_OPEN
15,-8,2,INCLUDED_OPEN
15,-8,3,INCLUDED_OPEN
15,-8,4,INCLUDED_LOWDATA
15,-7,-7,INCLUDED_OPEN
15,-7,-6,INCLUDED_OPEN
15,-7,-5,INCLUDED_OPEN
15,-7,-4,INCLUDED_OPEN
15,-7,-3,INCLUDED_OPEN
15,-7,-2,INCLUDED_OPEN
15,-7,-1,INCLUDED_OPEN
15,-7,0,INCLUDED_OPEN
15,-7,1,INCLUDED_OPEN
15,-7,2,INCLUDED_OPEN
15,-7,3,INCLUDED_OPEN
15,-7,4,INCLUDED_OPEN
15,-7,5,INCLUDED_LOWDATA
15,-6,-7,INCLUDED_OPEN
15,-6,-6,INCLUDED_OPEN
15,-6,-5,INCLUDED_OPEN
15,-6,-4,INCLUDED_OPEN
15,-6,-3,INCLUDED_OPEN
15,-6,-2,INCLUDED_OPEN
15,-6,-1,INCLUDED_OPEN
15,-6,0,INCLUDED_OPEN
15,-6,1,INCLUDED_OPEN
15,-6,2,INCLUDED_OPEN
15,-6,3,INCLUDED_OPEN
15,-6,4,INCLUDED_OPEN
15,-6,5,INCLUDED_LOWDATA
15,-5,-7,INCLUDED_OPEN
15,-5,-6,INCLUDED_OPEN
15,-5,-5,INCLUDED_OPEN
15,-5,-4,INCLUDED_OPEN
15,-5,-3,INCLUDED_OPEN
15,-5,-2,INCLUDED_OPEN
15,-5,-1,INCLUDED_OPEN
15,-5,0,INCLUDED_OPEN
15,-5,1,INCLUDED_OPEN
15,-5,2,INCLUDED_OPEN
15,-5,3,INCLUDED_OPEN
15,-5,4,INCLUDED_OPEN
15,-5,5,INCLUDED_LOWDATA
15,-4,-7,INCLUDED_OPEN
15,-4,-6,INCLUDED_OPEN
15,-4,-5,INCLUDED_OPEN
15,-4,-4,INCLUDED_OPEN
15,-4,-3,INCLUDED_OPEN
15,-4,-2,INCLUDED_OPEN
15,-4,-1,INCLUDED_OPEN
15,-4,0,INCLUDED_OPEN
15,-4,1,INCLUDED_OPEN
15,-4,2,INCLUDED_OPEN
15,-4,3,INCLUDED_OPEN
15,-4,4,INCLUDED_OPEN
15,-4,5,INCLUDED_LOWDATA
15,-4,6,INCLUDED_LOWDATA
15,-3,-7,INCLUDED_OPEN
15,-3,-6,INCLUDED_OPEN
15,-3,-5,INCLUDED_OPEN
15,-3,-4,INCLUDED_OPEN
15,-3,-3,INCLUDED_OPEN
15,-3,-2,INCLUDED_OPEN
15,-3,-1,INCLUDED_OPEN
15,-3,0,INCLUDED_OPEN
15,-3,1,INCLUDED_OPEN
15,-3,2,INCLUDED_OPEN
15,-3,3,INCLUDED_OPEN
15,-3,4,INCLUDED_OPEN
15,-3,5,INCLUDED_LOWDATA
15,-2,-7,INCLUDED_OPEN
15,-2,-6,INCLUDED_OPEN
15,-2,-5,INCLUDED_OPEN
15,-2,-4,INCLUDED_OPEN
15,-2,-3,INCLUDED_OPEN
15,-2,-2,INCLUDED_OPEN
15,-2,-1,INCLUDED_OPEN
15,-2,0,INCLUDED_OPEN
15,-2,1,INCLUDED_OPEN
15,-2,2,INCLUDED_OPEN
15,-2,3,INCLUDED_OPEN
15,-2,4,INCLUDED_OPEN
15,-2,5,INCLUDED_LOWDATA
15,-1,-7,INCLUDED_OPEN
15,-1,-6,INCLUDED_OPEN
15,-1,-5,INCLUDED_OPEN
15,-1,-4,INCLUDED_OPEN
15,-1,-3,INCLUDED_OPEN
15,-1,-2,INCLUDED_OPEN
15,-1,-1,INCLUDED_OPEN
15,-1,0,INCLUDED_OPEN
15,-1,1,INCLUDED_OPEN
15,-1,2,INCLUDED_OPEN
15,-1,3,INCLUDED_OPEN
15,-1,4,INCLUDED_OPEN
15,-1,5,INCLUDED_LOWDATA
15,0,-8,INCLUDED_LOWDATA
15,0,-7,INCLUDED_OPEN
15,0,-6,INCLUDED_OPEN
15,0,-5,INCLUDED_OPEN
15,0,-4,INCLUDED_OPEN
15,0,-3,INCLUDED_OPEN
15,0,-2,INCLUDED_OPEN
15,0,-1,INCLUDED_OPEN
15,0,0,INCLUDED_OPEN
15,0,1,INCLUDED_OPEN
15,0,2,INCLUDED_OPEN
15,0,3,INCLUDED_OPEN
15,0,4,INCLUDED_OPEN
15,0,5,INCLUDED_LOWDATA
15,1,-7,INCLUDED_OPEN
15,1,-6,INCLUDED_OPEN
15,1,-5,INCLUDED_OPEN
15,1,-4,INCLUDED_OPEN
15,1,-3,INCLUDED_OPEN
15,1,-2,INCLUDED_OPEN
15,1,-1,INCLUDED_OPEN
15,1,0,INCLUDED_OPEN
15,1,1,INCLUDED_OPEN
15,1,2,INCLUDED_OPEN
15,1,3,INCLUDED_OPEN
15,1,4,INCLUDED_OPEN
15,1,5,INCLUDED_LOWDATA
15,2,-7,INCLUDED_OPEN
15,2,-6,INCLUDED_OPEN
15,2,-5,INCLUDED_OPEN
15,2,-4,INCLUDED_OPEN
15,2,-3,INCLUDED_OPEN
15,2,-2,INCLUDED_OPEN
15,2,-1,INCLUDED_OPEN
15,2,0,INCLUDED_OPEN
15,2,1,INCLUDED_OPEN
15,2,2,INCLUDED_OPEN
15,2,3,INCLUDED_OPEN
15,2,4,INCLUDED_OPEN
15,2,5,INCLUDED_LOWDATA
15,3,-7,INCLUDED_OPEN
15,3,-6,INCLUDED_OPEN
15,3,-5,INCLUDED_OPEN
15,3,-4,INCLUDED_OPEN
15,3,-3,INCLUDED_OPEN
15,3,-2,INCLUDED_OPEN
15,3,-1,INCLUDED_OPEN
15,3,0,INCLUDED_OPEN
15,3,1,INCLUDED_OPEN
15,3,2,INCLUDED_OPEN
15,3,3,INCLUDED_OPEN
15,3,4,INCLUDED_OPEN
15,3,5,INCLUDED_LOWDATA
15,4,-8,INCLUDED_LOWDATA
15,4,-7,INCLUDED_OPEN
15,4,-6,INCLUDED_OPEN
15,4,-5,INCLUDED_OPEN
15,4,-4,INCLUDED_OPEN
15,4,-3,INCLUDED_OPEN
15,4,-2,INCLUDED_OPEN
15,4,-1,INCLUDED_OPEN
15,4,0,INCLUDED_OPEN
15,4,1,INCLUDED_OPEN
15,4,2,INCLUDED_OPEN
15,4,3,INCLUDED_OPEN
15,4,4,INCLUDED_OPEN
15,4,5,INCLUDED_LOWDATA
15,5,-7,INCLUDED_OPEN
15,5,-6,INCLUDED_OPEN
15,5,-5,INCLUDED_OPEN
15,5,-4,INCLUDED_OPEN
15,5,-3,INCLUDED_OPEN
15,5,-2,INCLUDED_OPEN
15,5,-1,INCLUDED_LOWDATA
15,5,1,INCLUDED_OPEN
15,5,2,INCLUDED_OPEN
15,5,3,INCLUDED_OPEN
15,5,4,INCLUDED_LOWDATA
15,6,-7,INCLUDED_OPEN
15,6,-6,INCLUDED_OPEN
15,6,-5,INCLUDED_OPEN
15,6,-4,INCLUDED_OPEN
15,6,-3,INCLUDED_OPEN
15,6,-2,INCLUDED_OPEN
15,6,-1,INCLUDED_LOWDATA
15,6,1,INCLUDED_OPEN
15,6,2,INCLUDED_OPEN
15,6,3,INCLUDED_OPEN
15,6,4,INCLUDED_LOWDATA
15,7,-7,INCLUDED_OPEN
15,7,-6,INCLUDED_OPEN
15,7,-5,INCLUDED_OPEN
15,7,-4,INCLUDED_OPEN
15,7,-3,INCLUDED_OPEN
15,7,-2,INCLUDED_OPEN
15,7,-1,INCLUDED_LOWDATA
15,7,0,INCLUDED_LOWDATA
15,7,1,INCLUDED_OPEN
15,7,2,INCLUDED_OPEN
15,7,3,INCLUDED_OPEN
15,7,4,INCLUDED_LOWDATA
15,8,1,INCLUDED_OPEN
15,8,2,INCLUDED_OPEN
15,8,3,INCLUDED_OPEN
15,8,4,INCLUDED_LOWDATA
15,9,1,INCLUDED_OPEN
15,9,2,INCLUDED_OPEN
15,9,3,INCLUDED_OPEN
15,9,4,INCLUDED_LOWDATA
15,10,1,INCLUDED_OPEN
15,10,2,INCLUDED_OPEN
15,10,3,INCLUDED_OPEN
15,10,4,INCLUDED_LOWDATA
15,11,1,INCLUDED_OPEN
15,11,2,INCLUDED_OPEN
15,11,3,INCLUDED_OPEN
15,12,1,INCLUDED_OPEN
15,12,2,INCLUDED_OPEN
15,12,3,INCLUDED_OPEN
15,13,1,INCLUDED_OPEN
15,13,2,INCLUDED_OPEN
15,13,3,INCLUDED_OPEN
15,14,1,INCLUDED_OPEN
15,14,2,INCLUDED_OPEN
15,14,3,INCLUDED_OPEN
15,14,4,INCLUDED_LOWDATA
15,15,0,INCLUDED_LOWDATA
15,15,1,INCLUDED_OPEN
15,15,2,INCLUDED_OPEN
15,15,3,INCLUDED_OPEN
15,15,4,INCLUDED_LOWDATA
15,16,0,INCLUDED_LOWDATA
15,16,1,INCLUDED_OPEN
15,16,2,INCLUDED_OPEN
15,16,3,INCLUDED_OPEN
15,16,4,INCLUDED_LOWDATA
15,17,0,INCLUDED_LOWDATA
15,17,1,INCLUDED_OPEN
15,17,2,INCLUDED_OPEN
15,17,3,INCLUDED_OPEN
15,17,4,INCLUDED_LOWDATA
15,18,1,INCLUDED_OPEN
15,18,2,INCLUDED_OPEN
15,18,3,INCLUDED_OPEN
15,18,4,quad
15,18,5,quad
15,18,6,quad
15,18,7,INCLUDED_OPEN
15,18,8,INCLUDED_LOWDATA
15,19,1,INCLUDED_OPEN
15,19,2,INCLUDED_OPEN
15,19,3,INCLUDED_OPEN
15,19,4,quad
15,19,5,quad
15,19,6,quad
15,19,7,INCLUDED_OPEN
15,19,8,INCLUDED_OPEN
15,20,1,INCLUDED_OPEN
15,20,2,INCLUDED_OPEN
15,20,3,INCLUDED_OPEN
15,20,4,INCLUDED_LOWDATA
15,20,5,INCLUDED_LOWDATA
15,20,6,quad
15,20,7,INCLUDED_OPEN
15,20,8,quad-3
15,21,0,INCLUDED_LOWDATA
15,21,1,INCLUDED_OPEN
15,21,2,INCLUDED_OPEN
15,21,3,INCLUDED_OPEN
15,21,4,INCLUDED_LOWDATA
15,21,6,quad
15,21,7,INCLUDED_OPEN
15,21,8,quad-3
15,22,0,INCLUDED_LOWDATA
15,22,6,quad
15,22,7,INCLUDED_OPEN
15,22,8,quad-3
15,23,6,quad
15,23,7,INCLUDED_OPEN
15,23,8,INCLUDED_OPEN
15,24,6,quad
15,24,7,INCLUDED_OPEN
15,24,8,INCLUDED_LOWDATA
15,25,5,EXCLUDED_LIFT
15,25,6,EXCLUDED_LIFT
15,25,7,EXCLUDED_LIFT
15,25,8,INCLUDED_LOWDATA
15,26,0,EXCLUDED_LIFT
15,26,1,EXCLUDED_LIFT
15,26,2,EXCLUDED_LIFT
15,26,3,EXCLUDED_LIFT
15,26,4,EXCLUDED_LIFT
15,26,5,EXCLUDED_LIFT
15,26,6,EXCLUDED_LIFT
15,26,7,EXCLUDED_LIFT
15,26,8,INCLUDED_LOWDATA
15,27,1,EXCLUDED_LIFT
15,27,2,EXCLUDED_LIFT
15,27,3,EXCLUDED_LIFT
15,27,4,EXCLUDED_LIFT
15,27,5,EXCLUDED_LIFT
15,27,6,EXCLUDED_LIFT
15,27,7,EXCLUDED_LIFT
15,27,8,INCLUDED_LOWDATA
15,28,0,EXCLUDED_LIFT
15,28,1,EXCLUDED_LIFT
15,28,2,EXCLUDED_LIFT
15,28,3,EXCLUDED_LIFT
15,28,4,EXCLUDED_LIFT
15,28,5,EXCLUDED_LIFT
15,28,6,EXCLUDED_LIFT
15,28,7,EXCLUDED_LIFT
15,28,8,INCLUDED_LOWDATA
15,29,0,pent
15,29,1,pent
15,29,2,pent
15,29,3,pent
15,29,4,pent
15,29,5,pent
15,29,6,INCLUDED_OPEN
15,29,7,INCLUDED_OPEN
15,30,0,INCLUDED_OPEN
15,30,1,pent
15,30,2,INCLUDED_OPEN
15,31,0,INCLUDED_LOWDATA
15,31,1,pent
15,31,2,INCLUDED_OPEN
15,32,0,INCLUDED_LOWDATA
15,32,1,INCLUDED_OPEN
15,32,2,INCLUDED_OPEN
15,33,0,INCLUDED_OPEN
15,33,1,INCLUDED_OPEN
15,33,2,INCLUDED_OPEN
16,-19,5,INCLUDED_LOWDATA
16,-18,5,INCLUDED_LOWDATA
16,-17,4,INCLUDED_LOWDATA
16,-16,4,INCLUDED_LOWDATA
16,-15,4,INCLUDED_LOWDATA
16,-14,1,INCLUDED_LOWDATA
16,-14,2,INCLUDED_LOWDATA
16,-14,4,INCLUDED_LOWDATA
16,-13,1,INCLUDED_OPEN
16,-13,2,INCLUDED_OPEN
16,-13,3,INCLUDED_OPEN
16,-13,4,INCLUDED_LOWDATA
16,-12,1,INCLUDED_OPEN
16,-12,2,INCLUDED_OPEN
16,-12,3,INCLUDED_OPEN
16,-12,4,INCLUDED_LOWDATA
16,-11,1,INCLUDED_OPEN
16,-11,2,INCLUDED_OPEN
16,-11,3,INCLUDED_OPEN
16,-11,4,INCLUDED_LOWDATA
16,-10,-7,INCLUDED_OPEN
16,-10,-6,INCLUDED_OPEN
16,-10,-5,INCLUDED_OPEN
16,-10,-4,INCLUDED_OPEN
16,-10,-3,INCLUDED_OPEN
16,-10,-2,INCLUDED_OPEN
16,-10,-1,INCLUDED_LOWDATA
16,-10,1,INCLUDED_OPEN
16,-10,2,INCLUDED_OPEN
16,-10,3,INCLUDED_OPEN
16,-10,4,INCLUDED_LOWDATA
16,-9,-7,INCLUDED_OPEN
16,-9,-6,INCLUDED_OPEN
16,-9,-5,INCLUDED_OPEN
16,-9,-4,INCLUDED_OPEN
16,-9,-3,INCLUDED_OPEN
16,-9,-2,INCLUDED_OPEN
16,-9,-1,INCLUDED_LOWDATA
16,-9,2,INCLUDED_LOWDATA
16,-9,3,INCLUDED_LOWDATA
16,-8,-7,INCLUDED_OPEN
16,-8,-6,INCLUDED_OPEN
16,-8,-5,INCLUDED_OPEN
16,-8,-4,INCLUDED_OPEN
16,-8,-3,INCLUDED_OPEN
16,-8,-2,INCLUDED_OPEN
16,-8,-1,INCLUDED_LOWDATA
16,-8,0,INCLUDED_LOWDATA
16,-8,2,INCLUDED_LOWDATA
16,-8,3,INCLUDED_LOWDATA
16,-7,-7,INCLUDED_OPEN
16,-7,-6,INCLUDED_OPEN
16,-7,-5,INCLUDED_OPEN
16,-7,-4,INCLUDED_OPEN
16,-7,-3,INCLUDED_OPEN
16,-7,-2,INCLUDED_OPEN
16,-7,-1,INCLUDED_OPEN
16,-7,0,INCLUDED_OPEN
16,-7,1,INCLUDED_OPEN
16,-7,2,INCLUDED_OPEN
16,-7,3,INCLUDED_OPEN
16,-7,4,INCLUDED_OPEN
16,-7,5,INCLUDED_LOWDATA
16,-6,-7,INCLUDED_OPEN
16,-6,-6,INCLUDED_OPEN
16,-6,-5,INCLUDED_OPEN
16,-6,-4,INCLUDED_OPEN
16,-6,-3,INCLUDED_OPEN
16,-6,-2,INCLUDED_OPEN
16,-6,-1,INCLUDED_OPEN
16,-6,0,INCLUDED_OPEN
16,-6,1,INCLUDED_OPEN
16,-6,2,INCLUDED_OPEN
16,-6,3,INCLUDED_OPEN
16,-6,4,INCLUDED_OPEN
16,-6,5,INCLUDED_LOWDATA
16,-5,-7,INCLUDED_OPEN
16,-5,-6,INCLUDED_OPEN
16,-5,-5,INCLUDED_OPEN
16,-5,-4,INCLUDED_OPEN
16,-5,-3,INCLUDED_OPEN
16,-5,-2,INCLUDED_OPEN
16,-5,-1,INCLUDED_OPEN
16,-5,0,INCLUDED_OPEN
16,-5,1,INCLUDED_OPEN
16,-5,2,INCLUDED_OPEN
16,-5,3,INCLUDED_OPEN
16,-5,4,INCLUDED_OPEN
16,-5,5,INCLUDED_LOWDATA
16,-4,-7,INCLUDED_OPEN
16,-4,-6,INCLUDED_OPEN
16,-4,-5,INCLUDED_OPEN
16,-4,-4,INCLUDED_OPEN
16,-4,-3,INCLUDED_OPEN
16,-4,-2,INCLUDED_OPEN
16,-4,-1,INCLUDED_OPEN
16,-4,0,INCLUDED_OPEN
16,-4,1,INCLUDED_OPEN
16,-4,2,INCLUDED_OPEN
16,-4,3,INCLUDED_OPEN
16,-4,4,INCLUDED_OPEN
16,-4,5,INCLUDED_LOWDATA
16,-4,6,INCLUDED_LOWDATA
16,-3,-7,INCLUDED_OPEN
16,-3,-6,INCLUDED_OPEN
16,-3,-5,INCLUDED_OPEN
16,-3,-4,INCLUDED_OPEN
16,-3,-3,INCLUDED_OPEN
16,-3,-2,INCLUDED_OPEN
16,-3,-1,INCLUDED_OPEN
16,-3,0,INCLUDED_OPEN
16,-3,1,INCLUDED_OPEN
16,-3,2,INCLUDED_OPEN
16,-3,3,INCLUDED_OPEN
16,-3,4,INCLUDED_OPEN
16,-3,5,INCLUDED_LOWDATA
16,-2,-7,INCLUDED_LOWDATA
16,-2,-6,INCLUDED_OPEN
16,-2,-5,INCLUDED_OPEN
16,-2,-4,INCLUDED_OPEN
16,-2,-3,INCLUDED_OPEN
16,-2,-2,INCLUDED_OPEN
16,-2,-1,INCLUDED_OPEN
16,-2,0,INCLUDED_OPEN
16,-2,1,INCLUDED_OPEN
16,-2,2,INCLUDED_OPEN
16,-2,3,INCLUDED_OPEN
16,-2,4,INCLUDED_OPEN
16,-2,5,INCLUDED_LOWDATA
16,-1,-7,INCLUDED_OPEN
16,-1,-6,INCLUDED_OPEN
16,-1,-5,INCLUDED_OPEN
16,-1,-4,INCLUDED_OPEN
16,-1,-3,INCLUDED_OPEN
16,-1,-2,INCLUDED_OPEN
16,-1,-1,INCLUDED_OPEN
16,-1,0,INCLUDED_OPEN
16,-1,1,INCLUDED_OPEN
16,-1,2,INCLUDED_OPEN
16,-1,3,INCLUDED_OPEN
16,-1,4,INCLUDED_OPEN
16,-1,5,INCLUDED_LOWDATA
16,0,-7,INCLUDED_OPEN
16,0,-6,INCLUDED_OPEN
16,0,-5,INCLUDED_OPEN
16,0,-4,INCLUDED_OPEN
16,0,-3,INCLUDED_OPEN
16,0,-2,INCLUDED_OPEN
16,0,-1,INCLUDED_OPEN
16,0,0,INCLUDED_OPEN
16,0,1,INCLUDED_OPEN
16,0,2,INCLUDED_OPEN
16,0,3,INCLUDED_OPEN
16,0,4,INCLUDED_OPEN
16,0,5,INCLUDED_LOWDATA
16,1,-7,INCLUDED_OPEN
16,1,-6,INCLUDED_OPEN
16,1,-5,INCLUDED_OPEN
16,1,-4,INCLUDED_OPEN
16,1,-3,INCLUDED_OPEN
16,1,-2,INCLUDED_OPEN
16,1,-1,INCLUDED_OPEN
16,1,0,INCLUDED_OPEN
16,1,1,INCLUDED_OPEN
16,1,2,INCLUDED_OPEN
16,1,3,INCLUDED_OPEN
16,1,4,INCLUDED_OPEN
16,1,5,INCLUDED_LOWDATA
16,2,-7,INCLUDED_OPEN
16,2,-6,INCLUDED_OPEN
16,2,-5,INCLUDED_OPEN
16,2,-4,INCLUDED_OPEN
16,2,-3,INCLUDED_OPEN
16,2,-2,INCLUDED_OPEN
16,2,-1,INCLUDED_OPEN
16,2,0,INCLUDED_OPEN
16,2,1,INCLUDED_OPEN
16,2,2,INCLUDED_OPEN
16,2,3,INCLUDED_OPEN
16,2,4,INCLUDED_OPEN
16,2,5,INCLUDED_LOWDATA
16,3,-7,INCLUDED_OPEN
16,3,-6,INCLUDED_OPEN
16,3,-5,INCLUDED_OPEN
16,3,-4,INCLUDED_OPEN
16,3,-3,INCLUDED_OPEN
16,3,-2,INCLUDED_OPEN
16,3,-1,INCLUDED_OPEN
16,3,0,INCLUDED_OPEN
16,3,1,INCLUDED_OPEN
16,3,2,INCLUDED_OPEN
16,3,3,INCLUDED_OPEN
16,3,4,INCLUDED_OPEN
16,3,5,INCLUDED_LOWDATA
16,4,-8,INCLUDED_LOWDATA
16,4,-7,INCLUDED_OPEN
16,4,-6,INCLUDED_OPEN
16,4,-5,INCLUDED_OPEN
16,4,-4,INCLUDED_OPEN
16,4,-3,INCLUDED_OPEN
16,4,-2,INCLUDED_OPEN
16,4,-1,INCLUDED_OPEN
16,4,0,INCLUDED_OPEN
16,4,1,INCLUDED_OPEN
16,4,2,INCLUDED_OPEN
16,4,3,INCLUDED_OPEN
16,4,4,INCLUDED_OPEN
16,4,5,INCLUDED_LOWDATA
16,5,-7,INCLUDED_OPEN
16,5,-6,INCLUDED_OPEN
16,5,-5,INCLUDED_OPEN
16,5,-4,INCLUDED_OPEN
16,5,-3,INCLUDED_OPEN
16,5,-2,INCLUDED_OPEN
16,5,-1,INCLUDED_LOWDATA
16,5,1,INCLUDED_LOWDATA
16,5,3,INCLUDED_LOWDATA
16,6,-7,INCLUDED_OPEN
16,6,-6,INCLUDED_OPEN
16,6,-5,INCLUDED_OPEN
16,6,-4,INCLUDED_OPEN
16,6,-3,INCLUDED_OPEN
16,6,-2,INCLUDED_OPEN
16,6,-1,INCLUDED_LOWDATA
16,6,1,INCLUDED_LOWDATA
16,7,-7,INCLUDED_OPEN
16,7,-6,INCLUDED_OPEN
16,7,-5,INCLUDED_OPEN
16,7,-4,INCLUDED_OPEN
16,7,-3,INCLUDED_OPEN
16,7,-2,INCLUDED_OPEN
16,7,-1,INCLUDED_LOWDATA
16,7,0,INCLUDED_LOWDATA
16,7,1,INCLUDED_OPEN
16,7,2,INCLUDED_OPEN
16,7,3,INCLUDED_OPEN
16,7,4,INCLUDED_LOWDATA
16,8,0,INCLUDED_LOWDATA
16,8,1,INCLUDED_OPEN
16,8,2,INCLUDED_OPEN
16,8,3,INCLUDED_OPEN
16,8,4,INCLUDED_LOWDATA
16,9,0,INCLUDED_LOWDATA
16,9,1,INCLUDED_OPEN
16,9,2,INCLUDED_OPEN
16,9,3,INCLUDED_OPEN
16,9,4,INCLUDED_LOWDATA
16,10,0,INCLUDED_LOWDATA
16,10,1,INCLUDED_OPEN
16,10,2,INCLUDED_OPEN
16,10,3,INCLUDED_OPEN
16,10,4,INCLUDED_LOWDATA
16,11,0,INCLUDED_LOWDATA
16,11,1,INCLUDED_OPEN
16,11,2,INCLUDED_OPEN
16,11,3,INCLUDED_OPEN
16,12,0,INCLUDED_LOWDATA
16,12,1,INCLUDED_OPEN
16,12,2,INCLUDED_OPEN
16,12,3,INCLUDED_OPEN
16,13,0,INCLUDED_LOWDATA
16,13,1,INCLUDED_OPEN
16,13,2,INCLUDED_OPEN
16,13,3,INCLUDED_OPEN
16,14,0,INCLUDED_LOWDATA
16,14,1,INCLUDED_OPEN
16,14,2,INCLUDED_OPEN
16,14,3,INCLUDED_OPEN
16,14,4,INCLUDED_LOWDATA
16,15,0,INCLUDED_LOWDATA
16,15,1,INCLUDED_OPEN
16,15,2,INCLUDED_OPEN
16,15,3,INCLUDED_OPEN
16,15,4,INCLUDED_LOWDATA
16,16,1,INCLUDED_OPEN
16,16,2,INCLUDED_OPEN
16,16,3,INCLUDED_OPEN
16,16,4,INCLUDED_LOWDATA
16,17,1,INCLUDED_OPEN
16,17,2,INCLUDED_OPEN
16,17,3,INCLUDED_OPEN
16,18,1,INCLUDED_OPEN
16,18,2,INCLUDED_OPEN
16,18,3,INCLUDED_OPEN
16,18,4,quad
16,18,5,quad
16,18,6,quad
16,18,7,INCLUDED_OPEN
16,18,8,quad-3
16,19,1,INCLUDED_OPEN
16,19,2,INCLUDED_OPEN
16,19,3,INCLUDED_OPEN
16,19,4,quad
16,19,5,quad
16,19,6,quad
16,19,7,INCLUDED_OPEN
16,19,8,quad-3
16,20,1,INCLUDED_OPEN
16,20,2,INCLUDED_OPEN
16,20,3,INCLUDED_OPEN
16,20,4,INCLUDED_LOWDATA
16,20,6,quad
16,20,7,INCLUDED_OPEN
16,20,8,quad-3
16,21,0,INCLUDED_LOWDATA
16,21,1,INCLUDED_OPEN
16,21,2,INCLUDED_OPEN
16,21,3,INCLUDED_OPEN
16,21,4,INCLUDED_LOWDATA
16,21,6,quad
16,21,7,INCLUDED_OPEN
16,21,8,quad-3
16,22,1,constrained-misc
16,22,6,quad
16,22,7,INCLUDED_OPEN
16,22,8,INCLUDED_OPEN
16,23,1,INCLUDED_LOWDATA
16,23,6,quad
16,23,7,INCLUDED_OPEN
16,23,8,INCLUDED_OPEN
16,24,1,constrained-misc
16,24,6,quad
16,24,7,INCLUDED_OPEN
16,24,8,INCLUDED_OPEN
16,25,6,EXCLUDED_LIFT
16,25,7,EXCLUDED_LIFT
16,25,8,INCLUDED_LOWDATA
16,26,1,EXCLUDED_LIFT
16,26,2,EXCLUDED_LIFT
16,26,3,EXCLUDED_LIFT
16,26,4,EXCLUDED_LIFT
16,26,5,EXCLUDED_LIFT
16,26,6,EXCLUDED_LIFT
16,26,7,EXCLUDED_LIFT
16,26,8,INCLUDED_LOWDATA
16,27,1,EXCLUDED_LIFT
16,27,2,EXCLUDED_LIFT
16,27,3,EXCLUDED_LIFT
16,27,4,EXCLUDED_LIFT
16,27,5,EXCLUDED_LIFT
16,27,6,EXCLUDED_LIFT
16,27,7,EXCLUDED_LIFT
16,27,8,INCLUDED_LOWDATA
16,28,0,EXCLUDED_LIFT
16,28,1,EXCLUDED_LIFT
16,28,2,EXCLUDED_LIFT
16,28,3,EXCLUDED_LIFT
16,28,4,EXCLUDED_LIFT
16,28,5,EXCLUDED_LIFT
16,28,6,EXCLUDED_LIFT
16,28,7,EXCLUDED_LIFT
16,28,8,INCLUDED_LOWDATA
16,29,0,pent
16,29,1,pent
16,29,2,pent
16,29,3,pent
16,29,4,pent
16,29,5,pent
16,29,6,INCLUDED_OPEN
16,29,7,INCLUDED_OPEN
16,30,0,INCLUDED_OPEN
16,30,1,pent
16,30,2,INCLUDED_OPEN
16,31,0,INCLUDED_LOWDATA
16,31,1,pent
16,31,2,INCLUDED_OPEN
16,31,3,INCLUDED_LOWDATA
16,32,0,INCLUDED_OPEN
16,32,1,INCLUDED_OPEN
16,32,2,INCLUDED_OPEN
16,33,0,INCLUDED_OPEN
16,33,1,INCLUDED_OPEN
16,33,2,INCLUDED_OPEN
16,33,3,INCLUDED_LOWDATA
17,-13,1,constrained-misc
17,-13,2,INCLUDED_OPEN
17,-13,3,INCLUDED_OPEN
17,-13,4,INCLUDED_LOWDATA
17,-12,1,INCLUDED_OPEN
17,-12,2,INCLUDED_OPEN
17,-12,3,INCLUDED_OPEN
17,-12,4,INCLUDED_LOWDATA
17,-11,1,INCLUDED_OPEN
17,-11,2,INCLUDED_OPEN
17,-11,3,INCLUDED_OPEN
17,-11,4,INCLUDED_LOWDATA
17,-10,-7,INCLUDED_OPEN
17,-10,-6,INCLUDED_OPEN
17,-10,-5,INCLUDED_OPEN
17,-10,-4,INCLUDED_OPEN
17,-10,-3,INCLUDED_OPEN
17,-10,-2,INCLUDED_OPEN
17,-10,-1,INCLUDED_LOWDATA
17,-10,1,constrained-misc
17,-10,2,INCLUDED_OPEN
17,-10,3,INCLUDED_OPEN
17,-10,4,INCLUDED_LOWDATA
17,-9,-7,INCLUDED_OPEN
17,-9,-6,INCLUDED_OPEN
17,-9,-5,INCLUDED_OPEN
17,-9,-4,INCLUDED_OPEN
17,-9,-3,INCLUDED_OPEN
17,-9,-2,INCLUDED_OPEN
17,-9,-1,INCLUDED_LOWDATA
17,-9,2,INCLUDED_LOWDATA
17,-8,-7,INCLUDED_OPEN
17,-8,-6,INCLUDED_OPEN
17,-8,-5,INCLUDED_OPEN
17,-8,-4,INCLUDED_OPEN
17,-8,-3,INCLUDED_OPEN
17,-8,-2,INCLUDED_OPEN
17,-8,-1,INCLUDED_LOWDATA
17,-8,2,INCLUDED_LOWDATA
17,-7,-7,INCLUDED_OPEN
17,-7,-6,INCLUDED_OPEN
17,-7,-5,INCLUDED_OPEN
17,-7,-4,INCLUDED_OPEN
17,-7,-3,INCLUDED_OPEN
17,-7,-2,INCLUDED_OPEN
17,-7,-1,INCLUDED_OPEN
17,-7,0,INCLUDED_OPEN
17,-7,1,INCLUDED_OPEN
17,-7,2,INCLUDED_OPEN
17,-7,3,INCLUDED_OPEN
17,-7,4,INCLUDED_OPEN
17,-7,5,INCLUDED_LOWDATA
17,-6,-7,INCLUDED_OPEN
17,-6,-6,INCLUDED_OPEN
17,-6,-5,INCLUDED_OPEN
17,-6,-4,INCLUDED_OPEN
17,-6,-3,INCLUDED_OPEN
17,-6,-2,INCLUDED_OPEN
17,-6,-1,INCLUDED_OPEN
17,-6,0,INCLUDED_OPEN
17,-6,1,INCLUDED_OPEN
17,-6,2,INCLUDED_OPEN
17,-6,3,INCLUDED_OPEN
17,-6,4,INCLUDED_OPEN
17,-6,5,INCLUDED_LOWDATA
17,-5,-7,INCLUDED_OPEN
17,-5,-6,INCLUDED_OPEN
17,-5,-5,INCLUDED_OPEN
17,-5,-4,INCLUDED_OPEN
17,-5,-3,INCLUDED_OPEN
17,-5,-2,INCLUDED_OPEN
17,-5,-1,INCLUDED_OPEN
17,-5,0,INCLUDED_OPEN
17,-5,1,INCLUDED_OPEN
17,-5,2,INCLUDED_OPEN
17,-5,3,INCLUDED_OPEN
17,-5,4,INCLUDED_OPEN
17,-5,5,INCLUDED_LOWDATA
17,-4,-7,INCLUDED_OPEN
17,-4,-6,INCLUDED_OPEN
17,-4,-5,INCLUDED_OPEN
17,-4,-4,INCLUDED_OPEN
17,-4,-3,INCLUDED_OPEN
17,-4,-2,INCLUDED_OPEN
17,-4,-1,INCLUDED_OPEN
17,-4,0,INCLUDED_OPEN
17,-4,1,INCLUDED_OPEN
17,-4,2,INCLUDED_OPEN
17,-4,3,INCLUDED_OPEN
17,-4,4,INCLUDED_OPEN
17,-4,5,INCLUDED_LOWDATA
17,-3,-7,constrained-misc
17,-3,-6,INCLUDED_OPEN
17,-3,-5,INCLUDED_OPEN
17,-3,-4,INCLUDED_OPEN
17,-3,-3,INCLUDED_OPEN
17,-3,-2,INCLUDED_OPEN
17,-3,-1,INCLUDED_OPEN
17,-3,0,INCLUDED_OPEN
17,-3,1,INCLUDED_OPEN
17,-3,2,INCLUDED_OPEN
17,-3,3,INCLUDED_OPEN
17,-3,4,INCLUDED_OPEN
17,-3,5,INCLUDED_LOWDATA
17,-2,-7,INCLUDED_LOWDATA
17,-2,-6,INCLUDED_OPEN
17,-2,-5,INCLUDED_OPEN
17,-2,-4,INCLUDED_OPEN
17,-2,-3,INCLUDED_OPEN
17,-2,-2,INCLUDED_OPEN
17,-2,-1,INCLUDED_OPEN
17,-2,0,INCLUDED_OPEN
17,-2,1,INCLUDED_OPEN
17,-2,2,INCLUDED_OPEN
17,-2,3,INCLUDED_OPEN
17,-2,4,INCLUDED_OPEN
17,-2,5,INCLUDED_LOWDATA
17,-1,-7,INCLUDED_LOWDATA
17,-1,-6,INCLUDED_OPEN
17,-1,-5,INCLUDED_OPEN
17,-1,-4,INCLUDED_OPEN
17,-1,-3,INCLUDED_OPEN
17,-1,-2,INCLUDED_OPEN
17,-1,-1,INCLUDED_OPEN
17,-1,0,INCLUDED_OPEN
17,-1,1,INCLUDED_OPEN
17,-1,2,INCLUDED_OPEN
17,-1,3,INCLUDED_OPEN
17,-1,4,INCLUDED_OPEN
17,-1,5,INCLUDED_LOWDATA
17,0,-7,INCLUDED_OPEN
17,0,-6,INCLUDED_OPEN
17,0,-5,INCLUDED_OPEN
17,0,-4,INCLUDED_OPEN
17,0,-3,INCLUDED_OPEN
17,0,-2,INCLUDED_OPEN
17,0,-1,INCLUDED_OPEN
17,0,0,INCLUDED_OPEN
17,0,1,INCLUDED_OPEN
17,0,2,INCLUDED_OPEN
17,0,3,INCLUDED_OPEN
17,0,4,INCLUDED_OPEN
17,0,5,INCLUDED_LOWDATA
17,1,-7,INCLUDED_OPEN
17,1,-6,INCLUDED_OPEN
17,1,-5,INCLUDED_OPEN
17,1,-4,INCLUDED_OPEN
17,1,-3,INCLUDED_OPEN
17,1,-2,INCLUDED_OPEN
17,1,-1,INCLUDED_OPEN
17,1,0,INCLUDED_OPEN
17,1,1,INCLUDED_OPEN
17,1,2,INCLUDED_OPEN
17,1,3,INCLUDED_OPEN
17,1,4,INCLUDED_OPEN
17,1,5,INCLUDED_LOWDATA
17,2,-7,INCLUDED_OPEN
17,2,-6,INCLUDED_OPEN
17,2,-5,INCLUDED_OPEN
17,2,-4,INCLUDED_OPEN
17,2,-3,INCLUDED_OPEN
17,2,-2,INCLUDED_OPEN
17,2,-1,INCLUDED_OPEN
17,2,0,INCLUDED_OPEN
17,2,1,INCLUDED_OPEN
17,2,2,INCLUDED_OPEN
17,2,3,INCLUDED_OPEN
17,2,4,INCLUDED_OPEN
17,2,5,INCLUDED_LOWDATA
17,3,-7,INCLUDED_OPEN
17,3,-6,INCLUDED_OPEN
17,3,-5,INCLUDED_OPEN
17,3,-4,INCLUDED_OPEN
17,3,-3,INCLUDED_OPEN
17,3,-2,INCLUDED_OPEN
17,3,-1,INCLUDED_OPEN
17,3,0,INCLUDED_OPEN
17,3,1,INCLUDED_OPEN
17,3,2,INCLUDED_OPEN
17,3,3,INCLUDED_OPEN
17,3,4,INCLUDED_OPEN
17,3,5,INCLUDED_LOWDATA
17,4,-7,INCLUDED_OPEN
17,4,-6,INCLUDED_OPEN
17,4,-5,INCLUDED_OPEN
17,4,-4,INCLUDED_OPEN
17,4,-3,INCLUDED_OPEN
17,4,-2,INCLUDED_OPEN
17,4,-1,INCLUDED_OPEN
17,4,0,INCLUDED_OPEN
17,4,1,INCLUDED_OPEN
17,4,2,INCLUDED_OPEN
17,4,3,INCLUDED_OPEN
17,4,4,INCLUDED_OPEN
17,4,5,INCLUDED_LOWDATA
17,5,-7,INCLUDED_OPEN
17,5,-6,INCLUDED_OPEN
17,5,-5,INCLUDED_OPEN
17,5,-4,INCLUDED_OPEN
17,5,-3,INCLUDED_OPEN
17,5,-2,INCLUDED_OPEN
17,5,-1,INCLUDED_LOWDATA
17,5,1,INCLUDED_LOWDATA
17,5,2,INCLUDED_LOWDATA
17,6,-7,INCLUDED_OPEN
17,6,-6,INCLUDED_OPEN
17,6,-5,INCLUDED_OPEN
17,6,-4,INCLUDED_OPEN
17,6,-3,INCLUDED_OPEN
17,6,-2,INCLUDED_OPEN
17,6,1,INCLUDED_LOWDATA
17,7,-7,INCLUDED_OPEN
17,7,-6,INCLUDED_OPEN
17,7,-5,INCLUDED_OPEN
17,7,-4,INCLUDED_OPEN
17,7,-3,INCLUDED_OPEN
17,7,-2,INCLUDED_OPEN
17,7,-1,INCLUDED_LOWDATA
17,7,1,quad-2
17,7,2,INCLUDED_OPEN
17,7,3,INCLUDED_OPEN
17,7,4,INCLUDED_LOWDATA
17,8,1,INCLUDED_OPEN
17,8,2,INCLUDED_OPEN
17,8,3,INCLUDED_OPEN
17,8,4,INCLUDED_LOWDATA
17,9,0,INCLUDED_LOWDATA
17,9,1,INCLUDED_OPEN
17,9,2,INCLUDED_OPEN
17,9,3,INCLUDED_OPEN
17,9,4,INCLUDED_LOWDATA
17,10,0,INCLUDED_LOWDATA
17,10,1,INCLUDED_OPEN
17,10,2,INCLUDED_OPEN
17,10,3,INCLUDED_OPEN
17,10,4,INCLUDED_LOWDATA
17,11,1,INCLUDED_OPEN
17,11,2,INCLUDED_OPEN
17,11,3,INCLUDED_OPEN
17,11,4,INCLUDED_LOWDATA
17,12,1,INCLUDED_OPEN
17,12,2,INCLUDED_OPEN
17,12,3,INCLUDED_OPEN
17,12,4,INCLUDED_LOWDATA
17,13,1,INCLUDED_OPEN
17,13,2,INCLUDED_OPEN
17,13,3,INCLUDED_OPEN
17,14,1,INCLUDED_OPEN
17,14,2,INCLUDED_OPEN
17,14,3,INCLUDED_OPEN
17,14,4,INCLUDED_LOWDATA
17,15,1,INCLUDED_OPEN
17,15,2,INCLUDED_OPEN
17,15,3,INCLUDED_OPEN
17,15,4,INCLUDED_LOWDATA
17,16,1,INCLUDED_OPEN
17,16,2,INCLUDED_OPEN
17,16,3,INCLUDED_OPEN
17,16,4,INCLUDED_LOWDATA
17,17,1,INCLUDED_OPEN
17,17,2,INCLUDED_OPEN
17,17,3,INCLUDED_OPEN
17,17,17,constrained-misc
17,18,1,INCLUDED_OPEN
17,18,2,INCLUDED_OPEN
17,18,3,INCLUDED_OPEN
17,18,4,INCLUDED_LOWDATA
17,18,5,INCLUDED_LOWDATA
17,18,6,quad
17,18,7,INCLUDED_OPEN
17,18,8,INCLUDED_LOWDATA
17,19,1,INCLUDED_OPEN
17,19,2,INCLUDED_OPEN
17,19,3,INCLUDED_OPEN
17,19,4,quad
17,19,6,quad
17,19,7,INCLUDED_OPEN
17,19,8,INCLUDED_LOWDATA
17,20,1,INCLUDED_OPEN
17,20,2,INCLUDED_OPEN
17,20,3,INCLUDED_OPEN
17,20,4,INCLUDED_LOWDATA
17,20,6,quad
17,20,7,INCLUDED_OPEN
17,20,8,quad-3
17,21,1,constrained-misc
17,21,2,INCLUDED_OPEN
17,21,3,INCLUDED_OPEN
17,21,4,INCLUDED_LOWDATA
17,21,6,INCLUDED_OPEN
17,21,7,INCLUDED_OPEN
17,21,8,INCLUDED_OPEN
17,22,1,INCLUDED_LOWDATA
17,22,6,quad
17,22,7,INCLUDED_OPEN
17,22,8,quad-3
17,23,6,quad
17,23,7,INCLUDED_OPEN
17,23,8,quad-3
17,24,1,INCLUDED_LOWDATA
17,24,6,quad
17,24,7,INCLUDED_OPEN
17,24,8,INCLUDED_LOWDATA
17,25,1,EXCLUDED_LIFT
17,25,6,EXCLUDED_LIFT
17,25,7,EXCLUDED_LIFT
17,25,8,INCLUDED_LOWDATA
17,26,0,EXCLUDED_LIFT
17,26,1,EXCLUDED_LIFT
17,26,2,EXCLUDED_LIFT
17,26,3,EXCLUDED_LIFT
17,26,4,EXCLUDED_LIFT
17,26,5,EXCLUDED_LIFT
17,26,6,EXCLUDED_LIFT
17,26,7,EXCLUDED_LIFT
17,26,8,INCLUDED_LOWDATA
17,27,0,EXCLUDED_LIFT
17,27,1,EXCLUDED_LIFT
17,27,2,EXCLUDED_LIFT
17,27,3,EXCLUDED_LIFT
17,27,4,EXCLUDED_LIFT
17,27,5,EXCLUDED_LIFT
17,27,6,EXCLUDED_LIFT
17,27,7,EXCLUDED_LIFT
17,27,8,INCLUDED_LOWDATA
17,28,0,EXCLUDED_LIFT
17,28,1,EXCLUDED_LIFT
17,28,2,EXCLUDED_LIFT
17,28,3,EXCLUDED_LIFT
17,28,4,EXCLUDED_LIFT
17,28,5,EXCLUDED_LIFT
17,28,6,EXCLUDED_LIFT
17,28,7,EXCLUDED_LIFT
17,28,8,INCLUDED_LOWDATA
17,29,0,pent
17,29,1,pent
17,29,2,pent
17,29,3,pent
17,29,4,pent
17,29,5,pent
17,29,6,INCLUDED_OPEN
17,29,7,INCLUDED_OPEN
17,30,0,INCLUDED_LOWDATA
17,30,1,pent
17,30,2,INCLUDED_OPEN
17,31,0,INCLUDED_OPEN
17,31,1,pent
17,31,2,INCLUDED_OPEN
17,31,3,INCLUDED_LOWDATA
17,32,0,INCLUDED_OPEN
17,32,1,INCLUDED_OPEN
17,32,2,INCLUDED_OPEN
17,33,0,INCLUDED_OPEN
17,33,1,INCLUDED_OPEN
17,33,2,INCLUDED_OPEN
17,33,3,INCLUDED_LOWDATA
18,-21,2,INCLUDED_LOWDATA
18,-21,4,INCLUDED_LOWDATA
18,-20,2,INCLUDED_LOWDATA
18,-20,3,INCLUDED_LOWDATA
18,-20,4,INCLUDED_LOWDATA
18,-19,2,INCLUDED_LOWDATA
18,-19,3,INCLUDED_LOWDATA
18,-18,2,INCLUDED_LOWDATA
18,-18,3,INCLUDED_LOWDATA
18,-17,2,INCLUDED_LOWDATA
18,-17,3,INCLUDED_LOWDATA
18,-16,1,INCLUDED_LOWDATA
18,-16,2,INCLUDED_LOWDATA
18,-16,3,INCLUDED_LOWDATA
18,-15,1,INCLUDED_LOWDATA
18,-15,2,INCLUDED_LOWDATA
18,-15,3,INCLUDED_LOWDATA
18,-14,2,INCLUDED_LOWDATA
18,-14,3,INCLUDED_LOWDATA
18,-13,2,INCLUDED_LOWDATA
18,-13,3,INCLUDED_LOWDATA
18,-12,2,INCLUDED_LOWDATA
18,-12,3,INCLUDED_LOWDATA
18,-11,1,INCLUDED_LOWDATA
18,-11,2,INCLUDED_LOWDATA
18,-10,-7,INCLUDED_OPEN
18,-10,-6,INCLUDED_OPEN
18,-10,-5,INCLUDED_OPEN
18,-10,-4,INCLUDED_OPEN
18,-10,-3,INCLUDED_OPEN
18,-10,-2,INCLUDED_OPEN
18,-10,-1,INCLUDED_LOWDATA
18,-10,1,INCLUDED_LOWDATA
18,-9,-7,INCLUDED_OPEN
18,-9,-6,INCLUDED_OPEN
18,-9,-5,INCLUDED_OPEN
18,-9,-4,INCLUDED_OPEN
18,-9,-3,INCLUDED_OPEN
18,-9,-2,INCLUDED_OPEN
18,-8,-7,INCLUDED_OPEN
18,-8,-6,INCLUDED_OPEN
18,-8,-5,INCLUDED_OPEN
18,-8,-4,INCLUDED_OPEN
18,-8,-3,INCLUDED_OPEN
18,-8,-2,INCLUDED_OPEN
18,-8,-1,INCLUDED_LOWDATA
18,-8,1,INCLUDED_LOWDATA
18,-8,2,INCLUDED_LOWDATA
18,-7,-7,INCLUDED_OPEN
18,-7,-6,INCLUDED_OPEN
18,-7,-5,INCLUDED_OPEN
18,-7,-4,INCLUDED_OPEN
18,-7,-3,INCLUDED_OPEN
18,-7,-2,INCLUDED_OPEN
18,-7,-1,INCLUDED_OPEN
18,-7,0,INCLUDED_OPEN
18,-7,1,INCLUDED_OPEN
18,-7,2,INCLUDED_OPEN
18,-7,3,INCLUDED_OPEN
18,-7,4,INCLUDED_OPEN
18,-7,5,INCLUDED_LOWDATA
18,-6,-7,INCLUDED_OPEN
18,-6,-6,INCLUDED_OPEN
18,-6,-5,INCLUDED_OPEN
18,-6,-4,INCLUDED_OPEN
18,-6,-3,INCLUDED_OPEN
18,-6,-2,INCLUDED_OPEN
18,-6,-1,INCLUDED_OPEN
18,-6,0,INCLUDED_OPEN
18,-6,1,INCLUDED_OPEN
18,-6,2,INCLUDED_OPEN
18,-6,3,INCLUDED_OPEN
18,-6,4,INCLUDED_OPEN
18,-6,5,INCLUDED_LOWDATA
18,-5,-7,INCLUDED_OPEN
18,-5,-6,INCLUDED_OPEN
18,-5,-5,INCLUDED_OPEN
18,-5,-4,INCLUDED_OPEN
18,-5,-3,INCLUDED_OPEN
18,-5,-2,INCLUDED_OPEN
18,-5,-1,INCLUDED_OPEN
18,-5,0,INCLUDED_OPEN
18,-5,1,INCLUDED_OPEN
18,-5,2,INCLUDED_OPEN
18,-5,3,INCLUDED_OPEN
18,-5,4,INCLUDED_OPEN
18,-5,5,INCLUDED_LOWDATA
18,-4,-7,INCLUDED_OPEN
18,-4,-6,INCLUDED_OPEN
18,-4,-5,INCLUDED_OPEN
18,-4,-4,INCLUDED_OPEN
18,-4,-3,INCLUDED_OPEN
18,-4,-2,INCLUDED_OPEN
18,-4,-1,INCLUDED_OPEN
18,-4,0,INCLUDED_OPEN
18,-4,1,INCLUDED_OPEN
18,-4,2,INCLUDED_OPEN
18,-4,3,INCLUDED_OPEN
18,-4,4,INCLUDED_OPEN
18,-4,5,INCLUDED_LOWDATA
18,-3,-7,constrained-misc
18,-3,-6,INCLUDED_OPEN
18,-3,-5,INCLUDED_OPEN
18,-3,-4,INCLUDED_OPEN
18,-3,-3,INCLUDED_OPEN
18,-3,-2,INCLUDED_OPEN
18,-3,-1,INCLUDED_OPEN
18,-3,0,INCLUDED_OPEN
18,-3,1,INCLUDED_OPEN
18,-3,2,INCLUDED_OPEN
18,-3,3,INCLUDED_OPEN
18,-3,4,INCLUDED_OPEN
18,-3,5,INCLUDED_LOWDATA
18,-3,6,INCLUDED_LOWDATA
18,-2,-7,INCLUDED_LOWDATA
18,-2,-6,INCLUDED_OPEN
18,-2,-5,INCLUDED_OPEN
18,-2,-4,INCLUDED_OPEN
18,-2,-3,INCLUDED_OPEN
18,-2,-2,INCLUDED_OPEN
18,-2,-1,INCLUDED_OPEN
18,-2,0,INCLUDED_OPEN
18,-2,1,INCLUDED_OPEN
18,-2,2,INCLUDED_OPEN
18,-2,3,INCLUDED_OPEN
18,-2,4,INCLUDED_OPEN
18,-2,5,INCLUDED_LOWDATA
18,-1,-7,INCLUDED_LOWDATA
18,-1,-6,INCLUDED_OPEN
18,-1,-5,INCLUDED_OPEN
18,-1,-4,INCLUDED_OPEN
18,-1,-3,INCLUDED_OPEN
18,-1,-2,INCLUDED_OPEN
18,-1,-1,INCLUDED_OPEN
18,-1,0,INCLUDED_OPEN
18,-1,1,INCLUDED_OPEN
18,-1,2,INCLUDED_OPEN
18,-1,3,INCLUDED_OPEN
18,-1,4,INCLUDED_OPEN
18,-1,5,INCLUDED_LOWDATA
18,0,-7,INCLUDED_OPEN
18,0,-6,INCLUDED_OPEN
18,0,-5,INCLUDED_OPEN
18,0,-4,INCLUDED_OPEN
18,0,-3,INCLUDED_OPEN
18,0,-2,INCLUDED_OPEN
18,0,-1,INCLUDED_OPEN
18,0,0,INCLUDED_OPEN
18,0,1,INCLUDED_OPEN
18,0,2,INCLUDED_OPEN
18,0,3,INCLUDED_OPEN
18,0,4,INCLUDED_OPEN
18,0,5,INCLUDED_LOWDATA
18,1,-7,INCLUDED_OPEN
18,1,-6,INCLUDED_OPEN
18,1,-5,INCLUDED_OPEN
18,1,-4,INCLUDED_OPEN
18,1,-3,INCLUDED_OPEN
18,1,-2,INCLUDED_OPEN
18,1,-1,INCLUDED_OPEN
18,1,0,INCLUDED_OPEN
18,1,1,INCLUDED_OPEN
18,1,2,INCLUDED_OPEN
18,1,3,INCLUDED_OPEN
18,1,4,INCLUDED_OPEN
18,1,5,INCLUDED_LOWDATA
18,2,-7,INCLUDED_OPEN
18,2,-6,INCLUDED_OPEN
18,2,-5,INCLUDED_OPEN
18,2,-4,INCLUDED_OPEN
18,2,-3,INCLUDED_OPEN
18,2,-2,INCLUDED_OPEN
18,2,-1,INCLUDED_OPEN
18,2,0,INCLUDED_OPEN
18,2,1,INCLUDED_OPEN
18,2,2,INCLUDED_OPEN
18,2,3,INCLUDED_OPEN
18,2,4,INCLUDED_OPEN
18,2,5,INCLUDED_LOWDATA
18,3,-7,INCLUDED_OPEN
18,3,-6,INCLUDED_OPEN
18,3,-5,INCLUDED_OPEN
18,3,-4,INCLUDED_OPEN
18,3,-3,INCLUDED_OPEN
18,3,-2,INCLUDED_OPEN
18,3,-1,INCLUDED_OPEN
18,3,0,INCLUDED_OPEN
18,3,1,INCLUDED_OPEN
18,3,2,INCLUDED_OPEN
18,3,3,INCLUDED_OPEN
18,3,4,INCLUDED_OPEN
18,3,5,INCLUDED_LOWDATA
18,4,-7,INCLUDED_OPEN
18,4,-6,INCLUDED_OPEN
18,4,-5,INCLUDED_OPEN
18,4,-4,INCLUDED_OPEN
18,4,-3,INCLUDED_OPEN
18,4,-2,INCLUDED_OPEN
18,4,-1,INCLUDED_OPEN
18,4,0,INCLUDED_OPEN
18,4,1,INCLUDED_OPEN
18,4,2,INCLUDED_OPEN
18,4,3,INCLUDED_OPEN
18,4,4,INCLUDED_OPEN
18,4,5,INCLUDED_LOWDATA
18,5,-7,INCLUDED_OPEN
18,5,-6,INCLUDED_OPEN
18,5,-5,INCLUDED_OPEN
18,5,-4,INCLUDED_OPEN
18,5,-3,INCLUDED_OPEN
18,5,-2,INCLUDED_OPEN
18,5,-1,INCLUDED_LOWDATA
18,5,1,quad-2
18,5,2,INCLUDED_LOWDATA
18,6,-7,INCLUDED_OPEN
18,6,-6,INCLUDED_OPEN
18,6,-5,INCLUDED_OPEN
18,6,-4,INCLUDED_OPEN
18,6,-3,INCLUDED_OPEN
18,6,-2,INCLUDED_OPEN
18,6,1,quad-2
18,7,-7,INCLUDED_OPEN
18,7,-6,INCLUDED_OPEN
18,7,-5,INCLUDED_OPEN
18,7,-4,INCLUDED_OPEN
18,7,-3,INCLUDED_OPEN
18,7,-2,INCLUDED_OPEN
18,7,-1,INCLUDED_LOWDATA
18,7,1,quad-2
18,7,2,INCLUDED_OPEN
18,7,3,INCLUDED_OPEN
18,7,4,INCLUDED_LOWDATA
18,8,1,INCLUDED_OPEN
18,8,2,INCLUDED_OPEN
18,8,3,INCLUDED_OPEN
18,8,4,INCLUDED_LOWDATA
18,9,1,INCLUDED_OPEN
18,9,2,INCLUDED_OPEN
18,9,3,INCLUDED_OPEN
18,9,4,INCLUDED_LOWDATA
18,10,1,constrained-misc
18,10,2,INCLUDED_OPEN
18,10,3,INCLUDED_OPEN
18,10,4,INCLUDED_LOWDATA
18,11,1,INCLUDED_OPEN
18,11,2,INCLUDED_LOWDATA
18,11,3,INCLUDED_LOWDATA
18,12,1,INCLUDED_OPEN
18,12,2,INCLUDED_OPEN
18,12,3,INCLUDED_OPEN
18,12,4,INCLUDED_LOWDATA
18,13,1,INCLUDED_OPEN
18,13,2,INCLUDED_OPEN
18,13,3,INCLUDED_OPEN
18,13,4,INCLUDED_LOWDATA
18,14,1,INCLUDED_OPEN
18,14,2,INCLUDED_OPEN
18,14,3,INCLUDED_OPEN
18,14,4,INCLUDED_LOWDATA
18,15,1,INCLUDED_OPEN
18,15,2,INCLUDED_OPEN
18,15,3,INCLUDED_OPEN
18,15,4,INCLUDED_LOWDATA
18,16,1,constrained-misc
18,16,2,INCLUDED_OPEN
18,16,3,INCLUDED_OPEN
18,16,4,INCLUDED_LOWDATA
18,18,1,INCLUDED_LOWDATA
18,19,1,INCLUDED_LOWDATA
18,21,-8,EXCLUDED_LIFT
18,21,-7,EXCLUDED_LIFT
18,21,-6,EXCLUDED_LIFT
18,21,-5,EXCLUDED_LIFT
18,21,-4,EXCLUDED_LIFT
18,22,-4,EXCLUDED_LIFT
18,22,1,INCLUDED_LOWDATA
18,23,-4,EXCLUDED_LIFT
18,23,1,INCLUDED_LOWDATA
18,24,-4,INCLUDED_LOWDATA
18,24,0,constrained-misc
18,24,1,INCLUDED_LOWDATA
18,25,-4,EXCLUDED_LIFT
18,25,-1,EXCLUDED_LIFT
18,25,0,EXCLUDED_LIFT
18,25,1,EXCLUDED_LIFT
18,26,-3,EXCLUDED_LIFT
18,26,0,EXCLUDED_LIFT
18,27,-3,EXCLUDED_LIFT
18,27,-2,EXCLUDED_LIFT
18,27,-1,EXCLUDED_LIFT
18,27,0,EXCLUDED_LIFT
18,28,0,EXCLUDED_LIFT
18,29,0,INCLUDED_LOWDATA
18,30,0,pent
18,30,1,pent
18,30,2,INCLUDED_LOWDATA
18,31,0,INCLUDED_OPEN
18,31,1,pent
18,31,2,INCLUDED_OPEN
18,32,0,INCLUDED_OPEN
18,32,1,INCLUDED_OPEN
18,32,2,INCLUDED_OPEN
18,33,0,INCLUDED_OPEN
18,33,1,INCLUDED_OPEN
18,33,2,INCLUDED_OPEN
18,33,3,INCLUDED_LOWDATA
19,-22,2,INCLUDED_OPEN
19,-22,3,INCLUDED_OPEN
19,-22,4,INCLUDED_OPEN
19,-21,2,INCLUDED_OPEN
19,-21,3,INCLUDED_OPEN
19,-21,4,INCLUDED_OPEN
19,-20,2,INCLUDED_OPEN
19,-20,3,INCLUDED_OPEN
19,-20,4,INCLUDED_OPEN
19,-19,2,INCLUDED_OPEN
19,-19,3,INCLUDED_OPEN
19,-19,4,INCLUDED_OPEN
19,-18,2,INCLUDED_OPEN
19,-18,3,INCLUDED_OPEN
19,-18,4,INCLUDED_OPEN
19,-17,2,INCLUDED_OPEN
19,-17,3,INCLUDED_OPEN
19,-17,4,INCLUDED_OPEN
19,-16,2,INCLUDED_OPEN
19,-16,3,INCLUDED_OPEN
19,-16,4,INCLUDED_OPEN
19,-15,1,INCLUDED_LOWDATA
19,-15,2,INCLUDED_OPEN
19,-15,3,INCLUDED_OPEN
19,-15,4,INCLUDED_OPEN
19,-14,1,INCLUDED_OPEN
19,-14,2,INCLUDED_OPEN
19,-14,3,INCLUDED_OPEN
19,-14,4,INCLUDED_OPEN
19,-13,1,INCLUDED_OPEN
19,-13,2,INCLUDED_OPEN
19,-13,3,INCLUDED_OPEN
19,-13,4,INCLUDED_OPEN
19,-12,1,INCLUDED_OPEN
19,-12,2,INCLUDED_OPEN
19,-12,3,INCLUDED_OPEN
19,-12,4,INCLUDED_LOWDATA
19,-11,1,INCLUDED_OPEN
19,-11,2,INCLUDED_OPEN
19,-11,3,INCLUDED_OPEN
19,-11,4,INCLUDED_LOWDATA
19,-10,-7,INCLUDED_OPEN
19,-10,-6,INCLUDED_OPEN
19,-10,-5,INCLUDED_OPEN
19,-10,-4,INCLUDED_OPEN
19,-10,-3,INCLUDED_OPEN
19,-10,-2,INCLUDED_OPEN
19,-10,-1,INCLUDED_LOWDATA
19,-10,1,INCLUDED_OPEN
19,-10,2,INCLUDED_OPEN
19,-10,3,INCLUDED_OPEN
19,-10,4,INCLUDED_LOWDATA
19,-9,-7,INCLUDED_OPEN
19,-9,-6,INCLUDED_OPEN
19,-9,-5,INCLUDED_OPEN
19,-9,-4,INCLUDED_OPEN
19,-9,-3,INCLUDED_OPEN
19,-9,-2,INCLUDED_OPEN
19,-9,-1,INCLUDED_LOWDATA
19,-9,1,INCLUDED_LOWDATA
19,-9,2,INCLUDED_LOWDATA
19,-8,-7,INCLUDED_OPEN
19,-8,-6,INCLUDED_OPEN
19,-8,-5,INCLUDED_OPEN
19,-8,-4,INCLUDED_OPEN
19,-8,-3,INCLUDED_OPEN
19,-8,-2,INCLUDED_OPEN
19,-8,-1,INCLUDED_LOWDATA
19,-8,0,INCLUDED_LOWDATA
19,-8,1,INCLUDED_LOWDATA
19,-7,-7,INCLUDED_OPEN
19,-7,-6,INCLUDED_OPEN
19,-7,-5,INCLUDED_OPEN
19,-7,-4,INCLUDED_OPEN
19,-7,-3,INCLUDED_OPEN
19,-7,-2,INCLUDED_OPEN
19,-7,-1,INCLUDED_OPEN
19,-7,0,INCLUDED_OPEN
19,-7,1,INCLUDED_OPEN
19,-7,2,INCLUDED_OPEN
19,-7,3,INCLUDED_OPEN
19,-7,4,INCLUDED_OPEN
19,-7,5,INCLUDED_LOWDATA
19,-6,-7,INCLUDED_OPEN
19,-6,-6,INCLUDED_OPEN
19,-6,-5,INCLUDED_OPEN
19,-6,-4,INCLUDED_OPEN
19,-6,-3,INCLUDED_OPEN
19,-6,-2,INCLUDED_OPEN
19,-6,-1,INCLUDED_OPEN
19,-6,0,INCLUDED_OPEN
19,-6,1,INCLUDED_OPEN
19,-6,2,INCLUDED_OPEN
19,-6,3,INCLUDED_OPEN
19,-6,4,INCLUDED_OPEN
19,-6,5,INCLUDED_LOWDATA
19,-5,-7,INCLUDED_OPEN
19,-5,-6,INCLUDED_OPEN
19,-5,-5,INCLUDED_OPEN
19,-5,-4,INCLUDED_OPEN
19,-5,-3,INCLUDED_OPEN
19,-5,-2,INCLUDED_OPEN
19,-5,-1,INCLUDED_OPEN
19,-5,0,INCLUDED_OPEN
19,-5,1,INCLUDED_OPEN
19,-5,2,INCLUDED_OPEN
19,-5,3,INCLUDED_OPEN
19,-5,4,INCLUDED_OPEN
19,-5,5,INCLUDED_LOWDATA
19,-4,-7,INCLUDED_OPEN
19,-4,-6,INCLUDED_OPEN
19,-4,-5,INCLUDED_OPEN
19,-4,-4,INCLUDED_OPEN
19,-4,-3,INCLUDED_OPEN
19,-4,-2,INCLUDED_OPEN
19,-4,-1,INCLUDED_OPEN
19,-4,0,INCLUDED_OPEN
19,-4,1,INCLUDED_OPEN
19,-4,2,INCLUDED_OPEN
19,-4,3,INCLUDED_OPEN
19,-4,4,INCLUDED_OPEN
19,-4,5,INCLUDED_LOWDATA
19,-3,-7,INCLUDED_OPEN
19,-3,-6,INCLUDED_OPEN
19,-3,-5,INCLUDED_OPEN
19,-3,-4,INCLUDED_OPEN
19,-3,-3,INCLUDED_OPEN
19,-3,-2,INCLUDED_OPEN
19,-3,-1,INCLUDED_OPEN
19,-3,0,INCLUDED_OPEN
19,-3,1,INCLUDED_OPEN
19,-3,2,INCLUDED_OPEN
19,-3,3,INCLUDED_OPEN
19,-3,4,INCLUDED_OPEN
19,-3,5,INCLUDED_LOWDATA
19,-3,6,INCLUDED_LOWDATA
19,-2,-7,INCLUDED_OPEN
19,-2,-6,INCLUDED_OPEN
19,-2,-5,INCLUDED_OPEN
19,-2,-4,INCLUDED_OPEN
19,-2,-3,INCLUDED_OPEN
19,-2,-2,INCLUDED_OPEN
19,-2,-1,INCLUDED_OPEN
19,-2,0,INCLUDED_OPEN
19,-2,1,INCLUDED_OPEN
19,-2,2,INCLUDED_OPEN
19,-2,3,INCLUDED_OPEN
19,-2,4,INCLUDED_OPEN
19,-2,5,INCLUDED_LOWDATA
19,-2,6,INCLUDED_LOWDATA
19,-1,-7,INCLUDED_LOWDATA
19,-1,-6,INCLUDED_OPEN
19,-1,-5,INCLUDED_OPEN
19,-1,-4,INCLUDED_OPEN
19,-1,-3,INCLUDED_OPEN
19,-1,-2,INCLUDED_OPEN
19,-1,-1,INCLUDED_OPEN
19,-1,0,INCLUDED_OPEN
19,-1,1,INCLUDED_OPEN
19,-1,2,INCLUDED_OPEN
19,-1,3,INCLUDED_OPEN
19,-1,4,INCLUDED_OPEN
19,-1,5,INCLUDED_LOWDATA
19,0,-7,INCLUDED_OPEN
19,0,-6,INCLUDED_OPEN
19,0,-5,INCLUDED_OPEN
19,0,-4,INCLUDED_OPEN
19,0,-3,INCLUDED_OPEN
19,0,-2,INCLUDED_OPEN
19,0,-1,INCLUDED_OPEN
19,0,0,INCLUDED_OPEN
19,0,1,INCLUDED_OPEN
19,0,2,INCLUDED_OPEN
19,0,3,INCLUDED_OPEN
19,0,4,INCLUDED_OPEN
19,0,5,INCLUDED_LOWDATA
19,1,-7,INCLUDED_OPEN
19,1,-6,INCLUDED_OPEN
19,1,-5,INCLUDED_OPEN
19,1,-4,INCLUDED_OPEN
19,1,-3,INCLUDED_OPEN
19,1,-2,INCLUDED_OPEN
19,1,-1,INCLUDED_OPEN
19,1,0,INCLUDED_OPEN
19,1,1,INCLUDED_OPEN
19,1,2,INCLUDED_OPEN
19,1,3,INCLUDED_OPEN
19,1,4,INCLUDED_OPEN
19,1,5,INCLUDED_LOWDATA
19,2,-7,INCLUDED_OPEN
19,2,-6,INCLUDED_OPEN
19,2,-5,INCLUDED_OPEN
19,2,-4,INCLUDED_OPEN
19,2,-3,INCLUDED_OPEN
19,2,-2,INCLUDED_OPEN
19,2,-1,INCLUDED_OPEN
19,2,0,INCLUDED_OPEN
19,2,1,INCLUDED_OPEN
19,2,2,INCLUDED_OPEN
19,2,3,INCLUDED_OPEN
19,2,4,INCLUDED_OPEN
19,2,5,INCLUDED_LOWDATA
19,3,-7,INCLUDED_OPEN
19,3,-6,INCLUDED_OPEN
19,3,-5,INCLUDED_OPEN
19,3,-4,INCLUDED_OPEN
19,3,-3,INCLUDED_OPEN
19,3,-2,INCLUDED_OPEN
19,3,-1,INCLUDED_OPEN
19,3,0,INCLUDED_OPEN
19,3,1,INCLUDED_OPEN
19,3,2,INCLUDED_OPEN
19,3,3,INCLUDED_OPEN
19,3,4,INCLUDED_OPEN
19,3,5,INCLUDED_LOWDATA
19,4,-7,INCLUDED_OPEN
19,4,-6,INCLUDED_OPEN
19,4,-5,INCLUDED_OPEN
19,4,-4,INCLUDED_OPEN
19,4,-3,INCLUDED_OPEN
19,4,-2,INCLUDED_OPEN
19,4,-1,INCLUDED_OPEN
19,4,0,INCLUDED_OPEN
19,4,1,INCLUDED_OPEN
19,4,2,INCLUDED_OPEN
19,4,3,INCLUDED_OPEN
19,4,4,INCLUDED_OPEN
19,4,5,INCLUDED_LOWDATA
19,5,-7,INCLUDED_OPEN
19,5,-6,INCLUDED_OPEN
19,5,-5,INCLUDED_OPEN
19,5,-4,INCLUDED_OPEN
19,5,-3,INCLUDED_OPEN
19,5,-2,INCLUDED_OPEN
19,5,-1,INCLUDED_LOWDATA
19,5,1,INCLUDED_LOWDATA
19,5,2,INCLUDED_LOWDATA
19,6,-7,INCLUDED_OPEN
19,6,-6,INCLUDED_OPEN
19,6,-5,INCLUDED_OPEN
19,6,-4,INCLUDED_OPEN
19,6,-3,INCLUDED_OPEN
19,6,-2,INCLUDED_OPEN
19,6,-1,INCLUDED_LOWDATA
19,6,1,INCLUDED_LOWDATA
19,7,-7,INCLUDED_OPEN
19,7,-6,INCLUDED_OPEN
19,7,-5,INCLUDED_OPEN
19,7,-4,INCLUDED_OPEN
19,7,-3,INCLUDED_OPEN
19,7,-2,INCLUDED_OPEN
19,7,-1,INCLUDED_LOWDATA
19,7,1,INCLUDED_OPEN
19,7,2,INCLUDED_OPEN
19,7,3,INCLUDED_OPEN
19,7,4,INCLUDED_LOWDATA
19,8,1,INCLUDED_OPEN
19,8,2,INCLUDED_OPEN
19,8,3,INCLUDED_OPEN
19,8,4,INCLUDED_LOWDATA
19,9,1,INCLUDED_OPEN
19,9,2,INCLUDED_OPEN
19,9,3,INCLUDED_OPEN
19,9,4,INCLUDED_LOWDATA
19,10,1,INCLUDED_OPEN
19,10,2,INCLUDED_OPEN
19,10,3,INCLUDED_OPEN
19,10,4,INCLUDED_LOWDATA
19,11,1,INCLUDED_OPEN
19,11,2,INCLUDED_OPEN
19,11,3,INCLUDED_OPEN
19,12,1,INCLUDED_OPEN
19,12,2,INCLUDED_OPEN
19,12,3,INCLUDED_OPEN
19,12,4,INCLUDED_OPEN
19,13,1,INCLUDED_OPEN
19,13,2,INCLUDED_OPEN
19,13,3,INCLUDED_OPEN
19,13,4,INCLUDED_OPEN
19,14,1,INCLUDED_OPEN
19,14,2,INCLUDED_OPEN
19,14,3,INCLUDED_OPEN
19,14,4,INCLUDED_OPEN
19,15,1,INCLUDED_OPEN
19,15,2,INCLUDED_OPEN
19,15,3,INCLUDED_OPEN
19,15,4,INCLUDED_OPEN
19,16,1,INCLUDED_OPEN
19,16,2,INCLUDED_OPEN
19,16,3,INCLUDED_OPEN
19,16,4,INCLUDED_LOWDATA
19,17,1,INCLUDED_LOWDATA
19,18,1,INCLUDED_LOWDATA
19,21,-9,EXCLUDED_LIFT
19,21,-8,EXCLUDED_LIFT
19,21,-7,EXCLUDED_LIFT
19,21,-6,EXCLUDED_LIFT
19,21,-5,EXCLUDED_LIFT
19,21,-4,EXCLUDED_LIFT
19,21,-3,EXCLUDED_LIFT
19,21,-2,INCLUDED_OPEN
19,21,-1,INCLUDED_OPEN
19,21,0,INCLUDED_OPEN
19,21,1,INCLUDED_OPEN
19,21,2,INCLUDED_OPEN
19,21,3,INCLUDED_OPEN
19,21,4,INCLUDED_OPEN
19,22,-9,EXCLUDED_LIFT
19,22,-8,EXCLUDED_LIFT
19,22,-7,EXCLUDED_LIFT
19,22,-6,EXCLUDED_LIFT
19,22,-5,EXCLUDED_LIFT
19,22,-4,EXCLUDED_LIFT
19,22,-3,EXCLUDED_LIFT
19,22,-2,INCLUDED_OPEN
19,22,-1,INCLUDED_OPEN
19,22,0,INCLUDED_OPEN
19,22,1,INCLUDED_OPEN
19,22,2,INCLUDED_OPEN
19,22,3,INCLUDED_OPEN
19,22,4,INCLUDED_OPEN
19,23,-4,EXCLUDED_LIFT
19,23,-3,EXCLUDED_LIFT
19,23,-2,INCLUDED_OPEN
19,23,-1,INCLUDED_OPEN
19,23,0,INCLUDED_OPEN
19,23,1,INCLUDED_OPEN
19,23,2,INCLUDED_OPEN
19,23,3,INCLUDED_OPEN
19,23,4,INCLUDED_OPEN
19,24,-4,constrained-misc
19,24,-3,INCLUDED_OPEN
19,24,-2,INCLUDED_OPEN
19,24,-1,INCLUDED_OPEN
19,24,0,INCLUDED_OPEN
19,24,1,INCLUDED_OPEN
19,24,2,INCLUDED_OPEN
19,24,3,INCLUDED_OPEN
19,24,4,INCLUDED_OPEN
19,25,-4,EXCLUDED_LIFT
19,25,-3,EXCLUDED_LIFT
19,25,-2,EXCLUDED_LIFT
19,25,-1,EXCLUDED_LIFT
19,25,0,EXCLUDED_LIFT
19,25,1,EXCLUDED_LIFT
19,25,2,INCLUDED_OPEN
19,25,3,INCLUDED_OPEN
19,25,4,INCLUDED_OPEN
19,26,-4,EXCLUDED_LIFT
19,26,-3,EXCLUDED_LIFT
19,26,-2,EXCLUDED_LIFT
19,26,-1,EXCLUDED_LIFT
19,26,0,EXCLUDED_LIFT
19,26,1,EXCLUDED_LIFT
19,26,2,INCLUDED_OPEN
19,26,3,INCLUDED_OPEN
19,26,4,INCLUDED_OPEN
19,27,-4,EXCLUDED_LIFT
19,27,-3,EXCLUDED_LIFT
19,27,-2,EXCLUDED_LIFT
19,27,-1,EXCLUDED_LIFT
19,27,0,EXCLUDED_LIFT
19,27,1,EXCLUDED_LIFT
19,27,2,INCLUDED_OPEN
19,27,3,INCLUDED_OPEN
19,27,4,INCLUDED_OPEN
19,28,0,EXCLUDED_LIFT
19,28,1,EXCLUDED_LIFT
19,28,2,INCLUDED_OPEN
19,28,3,INCLUDED_OPEN
19,28,4,INCLUDED_OPEN
19,29,0,pent
19,29,1,INCLUDED_OPEN
19,29,2,INCLUDED_OPEN
19,29,3,INCLUDED_OPEN
19,29,4,constrained-misc
19,30,0,INCLUDED_OPEN
19,30,1,INCLUDED_OPEN
19,30,2,INCLUDED_OPEN
19,31,0,INCLUDED_OPEN
19,31,1,INCLUDED_OPEN
19,31,2,INCLUDED_OPEN
19,32,0,INCLUDED_OPEN
19,32,1,INCLUDED_OPEN
19,32,2,INCLUDED_OPEN
19,33,0,INCLUDED_OPEN
19,33,1,INCLUDED_OPEN
19,33,2,INCLUDED_OPEN
19,33,3,INCLUDED_LOWDATA
20,-22,2,INCLUDED_OPEN
20,-22,3,INCLUDED_OPEN
20,-22,4,INCLUDED_OPEN
20,-21,2,INCLUDED_OPEN
20,-21,3,INCLUDED_OPEN
20,-21,4,INCLUDED_OPEN
20,-20,2,INCLUDED_OPEN
20,-20,3,INCLUDED_OPEN
20,-20,4,INCLUDED_OPEN
20,-19,2,INCLUDED_OPEN
20,-19,3,INCLUDED_OPEN
20,-19,4,INCLUDED_OPEN
20,-18,2,INCLUDED_OPEN
20,-18,3,INCLUDED_OPEN
20,-18,4,INCLUDED_OPEN
20,-17,2,INCLUDED_OPEN
20,-17,3,INCLUDED_OPEN
20,-17,4,INCLUDED_OPEN
20,-16,2,INCLUDED_OPEN
20,-16,3,INCLUDED_OPEN
20,-16,4,INCLUDED_OPEN
20,-15,2,INCLUDED_OPEN
20,-15,3,INCLUDED_OPEN
20,-15,4,INCLUDED_OPEN
20,-14,1,INCLUDED_OPEN
20,-14,2,INCLUDED_OPEN
20,-14,3,INCLUDED_OPEN
20,-14,4,INCLUDED_OPEN
20,-13,1,INCLUDED_OPEN
20,-13,2,INCLUDED_OPEN
20,-13,3,INCLUDED_OPEN
20,-13,4,INCLUDED_OPEN
20,-12,1,INCLUDED_OPEN
20,-12,2,INCLUDED_OPEN
20,-12,3,INCLUDED_OPEN
20,-12,4,INCLUDED_OPEN
20,-11,1,INCLUDED_OPEN
20,-11,2,INCLUDED_OPEN
20,-11,3,INCLUDED_OPEN
20,-11,4,INCLUDED_LOWDATA
20,-10,-7,INCLUDED_OPEN
20,-10,-6,INCLUDED_OPEN
20,-10,-5,INCLUDED_OPEN
20,-10,-4,INCLUDED_OPEN
20,-10,-3,INCLUDED_OPEN
20,-10,-2,INCLUDED_OPEN
20,-10,-1,INCLUDED_LOWDATA
20,-10,1,INCLUDED_OPEN
20,-10,2,INCLUDED_OPEN
20,-10,3,INCLUDED_OPEN
20,-10,4,INCLUDED_LOWDATA
20,-9,-7,INCLUDED_OPEN
20,-9,-6,INCLUDED_OPEN
20,-9,-5,INCLUDED_OPEN
20,-9,-4,INCLUDED_OPEN
20,-9,-3,INCLUDED_OPEN
20,-9,-2,INCLUDED_OPEN
20,-9,-1,INCLUDED_LOWDATA
20,-9,1,INCLUDED_OPEN
20,-9,2,INCLUDED_OPEN
20,-9,3,INCLUDED_OPEN
20,-9,4,INCLUDED_LOWDATA
20,-8,-7,INCLUDED_OPEN
20,-8,-6,INCLUDED_OPEN
20,-8,-5,INCLUDED_OPEN
20,-8,-4,INCLUDED_OPEN
20,-8,-3,INCLUDED_OPEN
20,-8,-2,INCLUDED_OPEN
20,-8,-1,INCLUDED_LOWDATA
20,-8,1,INCLUDED_OPEN
20,-8,2,INCLUDED_OPEN
20,-8,3,INCLUDED_OPEN
20,-8,4,INCLUDED_LOWDATA
20,-7,-7,INCLUDED_OPEN
20,-7,-6,INCLUDED_OPEN
20,-7,-5,INCLUDED_OPEN
20,-7,-4,INCLUDED_OPEN
20,-7,-3,INCLUDED_OPEN
20,-7,-2,INCLUDED_OPEN
20,-7,-1,INCLUDED_OPEN
20,-7,0,INCLUDED_OPEN
20,-7,1,INCLUDED_OPEN
20,-7,2,INCLUDED_OPEN
20,-7,3,INCLUDED_OPEN
20,-7,4,INCLUDED_OPEN
20,-7,5,INCLUDED_LOWDATA
20,-6,-7,INCLUDED_OPEN
20,-6,-6,INCLUDED_OPEN
20,-6,-5,INCLUDED_OPEN
20,-6,-4,INCLUDED_OPEN
20,-6,-3,INCLUDED_OPEN
20,-6,-2,INCLUDED_OPEN
20,-6,-1,INCLUDED_OPEN
20,-6,0,INCLUDED_OPEN
20,-6,1,INCLUDED_OPEN
20,-6,2,INCLUDED_OPEN
20,-6,3,INCLUDED_OPEN
20,-6,4,INCLUDED_OPEN
20,-6,5,INCLUDED_LOWDATA
20,-5,-7,INCLUDED_OPEN
20,-5,-6,INCLUDED_OPEN
20,-5,-5,INCLUDED_OPEN
20,-5,-4,INCLUDED_OPEN
20,-5,-3,INCLUDED_OPEN
20,-5,-2,INCLUDED_OPEN
20,-5,-1,INCLUDED_OPEN
20,-5,0,INCLUDED_OPEN
20,-5,1,INCLUDED_OPEN
20,-5,2,INCLUDED_OPEN
20,-5,3,INCLUDED_OPEN
20,-5,4,INCLUDED_OPEN
20,-5,5,INCLUDED_LOWDATA
20,-4,-7,INCLUDED_OPEN
20,-4,-6,INCLUDED_OPEN
20,-4,-5,INCLUDED_OPEN
20,-4,-4,INCLUDED_OPEN
20,-4,-3,INCLUDED_OPEN
20,-4,-2,INCLUDED_OPEN
20,-4,-1,INCLUDED_OPEN
20,-4,0,INCLUDED_OPEN
20,-4,1,INCLUDED_OPEN
20,-4,2,INCLUDED_OPEN
20,-4,3,INCLUDED_OPEN
20,-4,4,INCLUDED_OPEN
20,-4,5,INCLUDED_LOWDATA
20,-3,-7,INCLUDED_OPEN
20,-3,-6,INCLUDED_OPEN
20,-3,-5,INCLUDED_OPEN
20,-3,-4,INCLUDED_OPEN
20,-3,-3,INCLUDED_OPEN
20,-3,-2,INCLUDED_OPEN
20,-3,-1,INCLUDED_OPEN
20,-3,0,INCLUDED_OPEN
20,-3,1,INCLUDED_OPEN
20,-3,2,INCLUDED_OPEN
20,-3,3,INCLUDED_OPEN
20,-3,4,INCLUDED_OPEN
20,-3,5,INCLUDED_LOWDATA
20,-2,-7,INCLUDED_OPEN
20,-2,-6,INCLUDED_OPEN
20,-2,-5,INCLUDED_OPEN
20,-2,-4,INCLUDED_OPEN
20,-2,-3,INCLUDED_OPEN
20,-2,-2,INCLUDED_OPEN
20,-2,-1,INCLUDED_OPEN
20,-2,0,INCLUDED_OPEN
20,-2,1,INCLUDED_OPEN
20,-2,2,INCLUDED_OPEN
20,-2,3,INCLUDED_OPEN
20,-2,4,INCLUDED_OPEN
20,-2,5,INCLUDED_LOWDATA
20,-2,6,INCLUDED_LOWDATA
20,-1,-7,INCLUDED_OPEN
20,-1,-6,INCLUDED_OPEN
20,-1,-5,INCLUDED_OPEN
20,-1,-4,INCLUDED_OPEN
20,-1,-3,INCLUDED_OPEN
20,-1,-2,INCLUDED_OPEN
20,-1,-1,INCLUDED_OPEN
20,-1,0,INCLUDED_OPEN
20,-1,1,INCLUDED_OPEN
20,-1,2,INCLUDED_OPEN
20,-1,3,INCLUDED_OPEN
20,-1,4,INCLUDED_OPEN
20,-1,5,INCLUDED_LOWDATA
20,0,-7,INCLUDED_OPEN
20,0,-6,INCLUDED_OPEN
20,0,-5,INCLUDED_OPEN
20,0,-4,INCLUDED_OPEN
20,0,-3,INCLUDED_OPEN
20,0,-2,INCLUDED_OPEN
20,0,-1,INCLUDED_OPEN
20,0,0,INCLUDED_OPEN
20,0,1,INCLUDED_OPEN
20,0,2,INCLUDED_OPEN
20,0,3,INCLUDED_OPEN
20,0,4,INCLUDED_OPEN
20,0,5,INCLUDED_LOWDATA
20,1,-7,INCLUDED_OPEN
20,1,-6,INCLUDED_OPEN
20,1,-5,INCLUDED_OPEN
20,1,-4,INCLUDED_OPEN
20,1,-3,INCLUDED_OPEN
20,1,-2,INCLUDED_OPEN
20,1,-1,INCLUDED_OPEN
20,1,0,INCLUDED_OPEN
20,1,1,INCLUDED_OPEN
20,1,2,INCLUDED_OPEN
20,1,3,INCLUDED_OPEN
20,1,4,INCLUDED_OPEN
20,1,5,INCLUDED_LOWDATA
20,2,-7,INCLUDED_OPEN
20,2,-6,INCLUDED_OPEN
20,2,-5,INCLUDED_OPEN
20,2,-4,INCLUDED_OPEN
20,2,-3,INCLUDED_OPEN
20,2,-2,INCLUDED_OPEN
20,2,-1,INCLUDED_OPEN
20,2,0,INCLUDED_OPEN
20,2,1,INCLUDED_OPEN
20,2,2,INCLUDED_OPEN
20,2,3,INCLUDED_OPEN
20,2,4,INCLUDED_OPEN
20,2,5,INCLUDED_LOWDATA
20,3,-7,INCLUDED_OPEN
20,3,-6,INCLUDED_OPEN
20,3,-5,INCLUDED_OPEN
20,3,-4,INCLUDED_OPEN
20,3,-3,INCLUDED_OPEN
20,3,-2,INCLUDED_OPEN
20,3,-1,INCLUDED_OPEN
20,3,0,INCLUDED_OPEN
20,3,1,INCLUDED_OPEN
20,3,2,INCLUDED_OPEN
20,3,3,INCLUDED_OPEN
20,3,4,INCLUDED_OPEN
20,3,5,INCLUDED_LOWDATA
20,4,-7,INCLUDED_OPEN
20,4,-6,INCLUDED_OPEN
20,4,-5,INCLUDED_OPEN
20,4,-4,INCLUDED_OPEN
20,4,-3,INCLUDED_OPEN
20,4,-2,INCLUDED_OPEN
20,4,-1,INCLUDED_OPEN
20,4,0,INCLUDED_OPEN
20,4,1,INCLUDED_OPEN
20,4,2,INCLUDED_OPEN
20,4,3,INCLUDED_OPEN
20,4,4,INCLUDED_OPEN
20,4,5,INCLUDED_LOWDATA
20,5,-7,INCLUDED_OPEN
20,5,-6,INCLUDED_OPEN
20,5,-5,INCLUDED_OPEN
20,5,-4,INCLUDED_OPEN
20,5,-3,INCLUDED_OPEN
20,5,-2,INCLUDED_OPEN
20,5,-1,INCLUDED_LOWDATA
20,5,1,INCLUDED_OPEN
20,5,2,INCLUDED_OPEN
20,5,3,INCLUDED_OPEN
20,5,4,INCLUDED_LOWDATA
20,6,-7,INCLUDED_OPEN
20,6,-6,INCLUDED_OPEN
20,6,-5,INCLUDED_OPEN
20,6,-4,INCLUDED_OPEN
20,6,-3,INCLUDED_OPEN
20,6,-2,INCLUDED_OPEN
20,6,-1,INCLUDED_LOWDATA
20,6,1,INCLUDED_OPEN
20,6,2,INCLUDED_OPEN
20,6,3,INCLUDED_OPEN
20,6,4,INCLUDED_LOWDATA
20,7,-7,INCLUDED_OPEN
20,7,-6,INCLUDED_OPEN
20,7,-5,INCLUDED_OPEN
20,7,-4,INCLUDED_OPEN
20,7,-3,INCLUDED_OPEN
20,7,-2,INCLUDED_OPEN
20,7,-1,INCLUDED_LOWDATA
20,7,1,INCLUDED_OPEN
20,7,2,INCLUDED_OPEN
20,7,3,INCLUDED_OPEN
20,7,4,INCLUDED_LOWDATA
20,8,1,INCLUDED_OPEN
20,8,2,INCLUDED_OPEN
20,8,3,INCLUDED_OPEN
20,8,4,INCLUDED_LOWDATA
20,9,1,INCLUDED_OPEN
20,9,2,INCLUDED_OPEN
20,9,3,INCLUDED_OPEN
20,9,4,INCLUDED_LOWDATA
20,10,1,INCLUDED_OPEN
20,10,2,INCLUDED_OPEN
20,10,3,INCLUDED_OPEN
20,10,4,INCLUDED_LOWDATA
20,11,1,INCLUDED_OPEN
20,11,2,INCLUDED_OPEN
20,11,3,INCLUDED_OPEN
20,12,1,INCLUDED_OPEN
20,12,2,INCLUDED_OPEN
20,12,3,INCLUDED_OPEN
20,12,4,INCLUDED_OPEN
20,13,1,INCLUDED_OPEN
20,13,2,INCLUDED_OPEN
20,13,3,INCLUDED_OPEN
20,13,4,INCLUDED_OPEN
20,14,1,INCLUDED_OPEN
20,14,2,INCLUDED_OPEN
20,14,3,INCLUDED_OPEN
20,14,4,INCLUDED_OPEN
20,15,1,INCLUDED_OPEN
20,15,2,INCLUDED_OPEN
20,15,3,INCLUDED_OPEN
20,15,4,INCLUDED_OPEN
20,16,1,INCLUDED_OPEN
20,16,2,INCLUDED_OPEN
20,16,3,INCLUDED_OPEN
20,16,4,INCLUDED_LOWDATA
20,21,-9,EXCLUDED_LIFT
20,21,-8,EXCLUDED_LIFT
20,21,-7,EXCLUDED_LIFT
20,21,-6,EXCLUDED_LIFT
20,21,-5,EXCLUDED_LIFT
20,21,-4,EXCLUDED_LIFT
20,21,-3,EXCLUDED_LIFT
20,21,-2,INCLUDED_OPEN
20,21,-1,INCLUDED_OPEN
20,21,0,INCLUDED_OPEN
20,21,1,INCLUDED_OPEN
20,21,2,INCLUDED_OPEN
20,21,3,INCLUDED_OPEN
20,21,4,INCLUDED_OPEN
20,22,-9,EXCLUDED_LIFT
20,22,-8,EXCLUDED_LIFT
20,22,-7,EXCLUDED_LIFT
20,22,-6,EXCLUDED_LIFT
20,22,-5,EXCLUDED_LIFT
20,22,-4,EXCLUDED_LIFT
20,22,-3,EXCLUDED_LIFT
20,22,-2,INCLUDED_OPEN
20,22,-1,INCLUDED_OPEN
20,22,0,INCLUDED_OPEN
20,22,1,INCLUDED_OPEN
20,22,2,INCLUDED_OPEN
20,22,3,INCLUDED_OPEN
20,22,4,INCLUDED_OPEN
20,23,-4,EXCLUDED_LIFT
20,23,-3,EXCLUDED_LIFT
20,23,-2,INCLUDED_OPEN
20,23,-1,INCLUDED_OPEN
20,23,0,INCLUDED_OPEN
20,23,1,INCLUDED_OPEN
20,23,2,INCLUDED_OPEN
20,23,3,INCLUDED_OPEN
20,23,4,INCLUDED_OPEN
20,24,-4,INCLUDED_OPEN
20,24,-3,INCLUDED_OPEN
20,24,-2,INCLUDED_OPEN
20,24,-1,INCLUDED_OPEN
20,24,0,INCLUDED_OPEN
20,24,1,INCLUDED_OPEN
20,24,2,INCLUDED_OPEN
20,24,3,INCLUDED_OPEN
20,24,4,INCLUDED_LOWDATA
20,25,-4,EXCLUDED_LIFT
20,25,-3,EXCLUDED_LIFT
20,25,-2,EXCLUDED_LIFT
20,25,-1,EXCLUDED_LIFT
20,25,0,EXCLUDED_LIFT
20,25,1,EXCLUDED_LIFT
20,25,2,INCLUDED_OPEN
20,25,3,INCLUDED_OPEN
20,25,4,INCLUDED_OPEN
20,26,-4,EXCLUDED_LIFT
20,26,-3,EXCLUDED_LIFT
20,26,-2,EXCLUDED_LIFT
20,26,-1,EXCLUDED_LIFT
20,26,0,EXCLUDED_LIFT
20,26,1,EXCLUDED_LIFT
20,26,2,INCLUDED_OPEN
20,26,3,INCLUDED_OPEN
20,26,4,INCLUDED_OPEN
20,27,-4,EXCLUDED_LIFT
20,27,-3,EXCLUDED_LIFT
20,27,-2,EXCLUDED_LIFT
20,27,-1,EXCLUDED_LIFT
20,27,0,EXCLUDED_LIFT
20,27,1,EXCLUDED_LIFT
20,27,2,INCLUDED_OPEN
20,27,3,INCLUDED_OPEN
20,27,4,INCLUDED_OPEN
20,28,0,EXCLUDED_LIFT
20,28,1,EXCLUDED_LIFT
20,28,2,INCLUDED_OPEN
20,28,3,INCLUDED_OPEN
20,28,4,INCLUDED_OPEN
20,29,0,pent
20,29,1,INCLUDED_OPEN
20,29,2,INCLUDED_OPEN
20,29,3,INCLUDED_OPEN
20,29,4,INCLUDED_OPEN
20,30,0,pent
20,30,1,INCLUDED_OPEN
20,30,2,INCLUDED_OPEN
20,31,0,INCLUDED_OPEN
20,31,1,INCLUDED_OPEN
20,31,2,INCLUDED_OPEN
20,31,3,INCLUDED_LOWDATA
20,32,0,INCLUDED_OPEN
20,32,1,INCLUDED_OPEN
20,32,2,INCLUDED_OPEN
20,33,0,constrained-misc
20,33,1,INCLUDED_OPEN
20,33,2,INCLUDED_OPEN
20,33,3,INCLUDED_LOWDATA
21,-22,2,INCLUDED_OPEN
21,-22,3,INCLUDED_OPEN
21,-22,4,INCLUDED_OPEN
21,-21,2,INCLUDED_OPEN
21,-21,3,INCLUDED_OPEN
21,-21,4,INCLUDED_OPEN
21,-20,2,INCLUDED_OPEN
21,-20,3,INCLUDED_OPEN
21,-20,4,INCLUDED_OPEN
21,-19,2,INCLUDED_OPEN
21,-19,3,INCLUDED_OPEN
21,-19,4,INCLUDED_OPEN
21,-18,2,INCLUDED_OPEN
21,-18,3,INCLUDED_OPEN
21,-18,4,INCLUDED_OPEN
21,-17,2,INCLUDED_OPEN
21,-17,3,INCLUDED_OPEN
21,-17,4,INCLUDED_OPEN
21,-16,2,INCLUDED_OPEN
21,-16,3,INCLUDED_OPEN
21,-16,4,INCLUDED_OPEN
21,-15,1,INCLUDED_LOWDATA
21,-15,2,INCLUDED_OPEN
21,-15,3,INCLUDED_OPEN
21,-15,4,INCLUDED_OPEN
21,-14,1,INCLUDED_OPEN
21,-14,2,INCLUDED_OPEN
21,-14,3,INCLUDED_OPEN
21,-14,4,INCLUDED_OPEN
21,-13,1,INCLUDED_OPEN
21,-13,2,INCLUDED_OPEN
21,-13,3,INCLUDED_OPEN
21,-13,4,INCLUDED_OPEN
21,-12,1,INCLUDED_OPEN
21,-12,2,INCLUDED_OPEN
21,-12,3,INCLUDED_OPEN
21,-12,4,INCLUDED_OPEN
21,-11,1,INCLUDED_OPEN
21,-11,2,INCLUDED_OPEN
21,-11,3,INCLUDED_OPEN
21,-11,4,INCLUDED_OPEN
21,-10,-7,INCLUDED_OPEN
21,-10,-6,INCLUDED_OPEN
21,-10,-5,INCLUDED_OPEN
21,-10,-4,INCLUDED_OPEN
21,-10,-3,INCLUDED_OPEN
21,-10,-2,INCLUDED_OPEN
21,-10,-1,INCLUDED_LOWDATA
21,-10,1,INCLUDED_OPEN
21,-10,2,INCLUDED_OPEN
21,-10,3,INCLUDED_OPEN
21,-10,4,INCLUDED_LOWDATA
21,-9,-7,INCLUDED_OPEN
21,-9,-6,INCLUDED_OPEN
21,-9,-5,INCLUDED_OPEN
21,-9,-4,INCLUDED_OPEN
21,-9,-3,INCLUDED_OPEN
21,-9,-2,INCLUDED_OPEN
21,-9,-1,INCLUDED_LOWDATA
21,-9,1,INCLUDED_OPEN
21,-9,2,INCLUDED_OPEN
21,-9,3,INCLUDED_OPEN
21,-9,4,INCLUDED_LOWDATA
21,-8,-7,INCLUDED_OPEN
21,-8,-6,INCLUDED_OPEN
21,-8,-5,INCLUDED_OPEN
21,-8,-4,INCLUDED_OPEN
21,-8,-3,INCLUDED_OPEN
21,-8,-2,INCLUDED_OPEN
21,-8,-1,INCLUDED_LOWDATA
21,-8,1,INCLUDED_OPEN
21,-8,2,INCLUDED_OPEN
21,-8,3,INCLUDED_OPEN
21,-8,4,INCLUDED_LOWDATA
21,-7,-7,INCLUDED_OPEN
21,-7,-6,INCLUDED_OPEN
21,-7,-5,INCLUDED_OPEN
21,-7,-4,INCLUDED_OPEN
21,-7,-3,INCLUDED_OPEN
21,-7,-2,INCLUDED_OPEN
21,-7,-1,INCLUDED_OPEN
21,-7,0,INCLUDED_OPEN
21,-7,1,INCLUDED_OPEN
21,-7,2,INCLUDED_OPEN
21,-7,3,INCLUDED_OPEN
21,-7,4,INCLUDED_OPEN
21,-7,5,INCLUDED_LOWDATA
21,-6,-7,INCLUDED_OPEN
21,-6,-6,INCLUDED_OPEN
21,-6,-5,INCLUDED_OPEN
21,-6,-4,INCLUDED_OPEN
21,-6,-3,INCLUDED_OPEN
21,-6,-2,INCLUDED_OPEN
21,-6,-1,INCLUDED_OPEN
21,-6,0,INCLUDED_OPEN
21,-6,1,INCLUDED_OPEN
21,-6,2,INCLUDED_OPEN
21,-6,3,INCLUDED_OPEN
21,-6,4,INCLUDED_OPEN
21,-6,5,INCLUDED_LOWDATA
21,-5,-7,INCLUDED_OPEN
21,-5,-6,INCLUDED_OPEN
21,-5,-5,INCLUDED_OPEN
21,-5,-4,INCLUDED_OPEN
21,-5,-3,INCLUDED_OPEN
21,-5,-2,INCLUDED_OPEN
21,-5,-1,INCLUDED_OPEN
21,-5,0,INCLUDED_OPEN
21,-5,1,INCLUDED_OPEN
21,-5,2,INCLUDED_OPEN
21,-5,3,INCLUDED_OPEN
21,-5,4,INCLUDED_OPEN
21,-5,5,INCLUDED_LOWDATA
21,-4,-7,INCLUDED_OPEN
21,-4,-6,INCLUDED_OPEN
21,-4,-5,INCLUDED_OPEN
21,-4,-4,INCLUDED_OPEN
21,-4,-3,INCLUDED_OPEN
21,-4,-2,INCLUDED_OPEN
21,-4,-1,INCLUDED_OPEN
21,-4,0,INCLUDED_OPEN
21,-4,1,INCLUDED_OPEN
21,-4,2,INCLUDED_OPEN
21,-4,3,INCLUDED_OPEN
21,-4,4,INCLUDED_OPEN
21,-4,5,INCLUDED_LOWDATA
21,-3,-7,INCLUDED_OPEN
21,-3,-6,INCLUDED_OPEN
21,-3,-5,INCLUDED_OPEN
21,-3,-4,INCLUDED_OPEN
21,-3,-3,INCLUDED_OPEN
21,-3,-2,INCLUDED_OPEN
21,-3,-1,INCLUDED_OPEN
21,-3,0,INCLUDED_OPEN
21,-3,1,INCLUDED_OPEN
21,-3,2,INCLUDED_OPEN
21,-3,3,INCLUDED_OPEN
21,-3,4,INCLUDED_OPEN
21,-3,5,INCLUDED_LOWDATA
21,-2,-7,INCLUDED_OPEN
21,-2,-6,INCLUDED_OPEN
21,-2,-5,INCLUDED_OPEN
21,-2,-4,INCLUDED_OPEN
21,-2,-3,INCLUDED_OPEN
21,-2,-2,INCLUDED_OPEN
21,-2,-1,INCLUDED_OPEN
21,-2,0,INCLUDED_OPEN
21,-2,1,INCLUDED_OPEN
21,-2,2,INCLUDED_OPEN
21,-2,3,INCLUDED_OPEN
21,-2,4,INCLUDED_OPEN
21,-2,5,INCLUDED_LOWDATA
21,-2,6,INCLUDED_LOWDATA
21,-1,-7,INCLUDED_OPEN
21,-1,-6,INCLUDED_OPEN
21,-1,-5,INCLUDED_OPEN
21,-1,-4,INCLUDED_OPEN
21,-1,-3,INCLUDED_OPEN
21,-1,-2,INCLUDED_OPEN
21,-1,-1,INCLUDED_OPEN
21,-1,0,INCLUDED_OPEN
21,-1,1,INCLUDED_OPEN
21,-1,2,INCLUDED_OPEN
21,-1,3,INCLUDED_OPEN
21,-1,4,INCLUDED_OPEN
21,-1,5,INCLUDED_LOWDATA
21,-1,7,INCLUDED_LOWDATA
21,0,-7,INCLUDED_OPEN
21,0,-6,INCLUDED_OPEN
21,0,-5,INCLUDED_OPEN
21,0,-4,INCLUDED_OPEN
21,0,-3,INCLUDED_OPEN
21,0,-2,INCLUDED_OPEN
21,0,-1,INCLUDED_OPEN
21,0,0,INCLUDED_OPEN
21,0,1,INCLUDED_OPEN
21,0,2,INCLUDED_OPEN
21,0,3,INCLUDED_OPEN
21,0,4,INCLUDED_OPEN
21,0,5,INCLUDED_LOWDATA
21,1,-7,INCLUDED_OPEN
21,1,-6,INCLUDED_OPEN
21,1,-5,INCLUDED_OPEN
21,1,-4,INCLUDED_OPEN
21,1,-3,INCLUDED_OPEN
21,1,-2,INCLUDED_OPEN
21,1,-1,INCLUDED_OPEN
21,1,0,INCLUDED_OPEN
21,1,1,INCLUDED_OPEN
21,1,2,INCLUDED_OPEN
21,1,3,INCLUDED_OPEN
21,1,4,INCLUDED_OPEN
21,1,5,INCLUDED_LOWDATA
21,2,-7,INCLUDED_OPEN
21,2,-6,INCLUDED_OPEN
21,2,-5,INCLUDED_OPEN
21,2,-4,INCLUDED_OPEN
21,2,-3,INCLUDED_OPEN
21,2,-2,INCLUDED_OPEN
21,2,-1,INCLUDED_OPEN
21,2,0,INCLUDED_OPEN
21,2,1,INCLUDED_OPEN
21,2,2,INCLUDED_OPEN
21,2,3,INCLUDED_OPEN
21,2,4,INCLUDED_OPEN
21,2,5,INCLUDED_LOWDATA
21,3,-7,INCLUDED_OPEN
21,3,-6,INCLUDED_OPEN
21,3,-5,INCLUDED_OPEN
21,3,-4,INCLUDED_OPEN
21,3,-3,INCLUDED_OPEN
21,3,-2,INCLUDED_OPEN
21,3,-1,INCLUDED_OPEN
21,3,0,INCLUDED_OPEN
21,3,1,INCLUDED_OPEN
21,3,2,INCLUDED_OPEN
21,3,3,INCLUDED_OPEN
21,3,4,INCLUDED_OPEN
21,3,5,INCLUDED_LOWDATA
21,4,-7,INCLUDED_OPEN
21,4,-6,INCLUDED_OPEN
21,4,-5,INCLUDED_OPEN
21,4,-4,INCLUDED_OPEN
21,4,-3,INCLUDED_OPEN
21,4,-2,INCLUDED_OPEN
21,4,-1,INCLUDED_OPEN
21,4,0,INCLUDED_OPEN
21,4,1,INCLUDED_OPEN
21,4,2,INCLUDED_OPEN
21,4,3,INCLUDED_OPEN
21,4,4,INCLUDED_OPEN
21,4,5,INCLUDED_LOWDATA
21,5,-7,INCLUDED_OPEN
21,5,-6,INCLUDED_OPEN
21,5,-5,INCLUDED_OPEN
21,5,-4,INCLUDED_OPEN
21,5,-3,INCLUDED_OPEN
21,5,-2,INCLUDED_OPEN
21,5,-1,INCLUDED_LOWDATA
21,5,0,INCLUDED_LOWDATA
21,5,1,INCLUDED_OPEN
21,5,2,INCLUDED_OPEN
21,5,3,INCLUDED_OPEN
21,5,4,INCLUDED_LOWDATA
21,6,-7,INCLUDED_OPEN
21,6,-6,INCLUDED_OPEN
21,6,-5,INCLUDED_OPEN
21,6,-4,INCLUDED_OPEN
21,6,-3,INCLUDED_OPEN
21,6,-2,INCLUDED_OPEN
21,6,-1,INCLUDED_LOWDATA
21,6,1,INCLUDED_OPEN
21,6,2,INCLUDED_OPEN
21,6,3,INCLUDED_OPEN
21,6,4,INCLUDED_LOWDATA
21,7,-7,INCLUDED_OPEN
21,7,-6,INCLUDED_OPEN
21,7,-5,INCLUDED_OPEN
21,7,-4,INCLUDED_OPEN
21,7,-3,INCLUDED_OPEN
21,7,-2,INCLUDED_OPEN
21,7,-1,INCLUDED_LOWDATA
21,7,1,INCLUDED_OPEN
21,7,2,INCLUDED_OPEN
21,7,3,INCLUDED_OPEN
21,7,4,INCLUDED_LOWDATA
21,8,1,INCLUDED_OPEN
21,8,2,INCLUDED_OPEN
21,8,3,INCLUDED_OPEN
21,8,4,INCLUDED_LOWDATA
21,9,1,INCLUDED_OPEN
21,9,2,INCLUDED_OPEN
21,9,3,INCLUDED_OPEN
21,9,4,INCLUDED_LOWDATA
21,10,1,INCLUDED_OPEN
21,10,2,INCLUDED_OPEN
21,10,3,INCLUDED_OPEN
21,10,4,INCLUDED_LOWDATA
21,11,1,INCLUDED_LOWDATA
21,11,2,INCLUDED_LOWDATA
21,12,1,INCLUDED_OPEN
21,12,2,INCLUDED_OPEN
21,12,3,INCLUDED_OPEN
21,12,4,INCLUDED_OPEN
21,13,1,INCLUDED_OPEN
21,13,2,INCLUDED_OPEN
21,13,3,INCLUDED_OPEN
21,13,4,INCLUDED_OPEN
21,14,1,INCLUDED_OPEN
21,14,2,INCLUDED_OPEN
21,14,3,INCLUDED_OPEN
21,14,4,INCLUDED_OPEN
21,15,1,INCLUDED_OPEN
21,15,2,INCLUDED_OPEN
21,15,3,INCLUDED_OPEN
21,15,4,INCLUDED_OPEN
21,16,1,INCLUDED_OPEN
21,16,2,INCLUDED_OPEN
21,16,3,INCLUDED_OPEN
21,16,4,INCLUDED_LOWDATA
21,21,-9,EXCLUDED_LIFT
21,21,-8,EXCLUDED_LIFT
21,21,-7,EXCLUDED_LIFT
21,21,-6,EXCLUDED_LIFT
21,21,-5,EXCLUDED_LIFT
21,21,-4,EXCLUDED_LIFT
21,21,-3,EXCLUDED_LIFT
21,21,-2,INCLUDED_OPEN
21,21,-1,INCLUDED_OPEN
21,21,0,INCLUDED_OPEN
21,21,1,INCLUDED_OPEN
21,21,2,INCLUDED_OPEN
21,21,3,INCLUDED_OPEN
21,21,4,INCLUDED_OPEN
21,22,-9,EXCLUDED_LIFT
21,22,-8,EXCLUDED_LIFT
21,22,-7,EXCLUDED_LIFT
21,22,-6,EXCLUDED_LIFT
21,22,-5,EXCLUDED_LIFT
21,22,-4,EXCLUDED_LIFT
21,22,-3,EXCLUDED_LIFT
21,22,-2,INCLUDED_OPEN
21,22,-1,INCLUDED_OPEN
21,22,0,INCLUDED_OPEN
21,22,1,INCLUDED_OPEN
21,22,2,INCLUDED_OPEN
21,22,3,INCLUDED_OPEN
21,22,4,INCLUDED_OPEN
21,23,-9,EXCLUDED_LIFT
21,23,-8,EXCLUDED_LIFT
21,23,-7,EXCLUDED_LIFT
21,23,-6,EXCLUDED_LIFT
21,23,-5,EXCLUDED_LIFT
21,23,-4,EXCLUDED_LIFT
21,23,-3,EXCLUDED_LIFT
21,23,-2,INCLUDED_OPEN
21,23,-1,INCLUDED_OPEN
21,23,0,INCLUDED_OPEN
21,23,1,INCLUDED_OPEN
21,23,2,INCLUDED_OPEN
21,23,3,INCLUDED_OPEN
21,23,4,INCLUDED_OPEN
21,24,-9,INCLUDED_OPEN
21,24,-8,INCLUDED_OPEN
21,24,-7,INCLUDED_OPEN
21,24,-6,INCLUDED_OPEN
21,24,-5,INCLUDED_OPEN
21,24,-4,INCLUDED_OPEN
21,24,-3,INCLUDED_OPEN
21,24,-2,INCLUDED_OPEN
21,24,-1,INCLUDED_OPEN
21,24,0,INCLUDED_OPEN
21,24,1,INCLUDED_OPEN
21,24,2,INCLUDED_OPEN
21,24,3,INCLUDED_OPEN
21,24,4,INCLUDED_OPEN
21,25,-9,INCLUDED_OPEN
21,25,-8,EXCLUDED_LIFT
21,25,-7,EXCLUDED_LIFT
21,25,-6,EXCLUDED_LIFT
21,25,-5,EXCLUDED_LIFT
21,25,-4,EXCLUDED_LIFT
21,25,-3,EXCLUDED_LIFT
21,25,-2,EXCLUDED_LIFT
21,25,-1,EXCLUDED_LIFT
21,25,0,EXCLUDED_LIFT
21,25,1,EXCLUDED_LIFT
21,25,2,INCLUDED_OPEN
21,25,3,INCLUDED_OPEN
21,25,4,INCLUDED_OPEN
21,26,-9,INCLUDED_OPEN
21,26,-8,EXCLUDED_LIFT
21,26,-7,EXCLUDED_LIFT
21,26,-6,EXCLUDED_LIFT
21,26,-5,EXCLUDED_LIFT
21,26,-4,EXCLUDED_LIFT
21,26,-3,EXCLUDED_LIFT
21,26,-2,EXCLUDED_LIFT
21,26,-1,EXCLUDED_LIFT
21,26,0,EXCLUDED_LIFT
21,26,1,EXCLUDED_LIFT
21,26,2,INCLUDED_OPEN
21,26,3,INCLUDED_OPEN
21,26,4,INCLUDED_OPEN
21,27,-9,INCLUDED_OPEN
21,27,-8,EXCLUDED_LIFT
21,27,-7,EXCLUDED_LIFT
21,27,-6,EXCLUDED_LIFT
21,27,-5,EXCLUDED_LIFT
21,27,-4,EXCLUDED_LIFT
21,27,-3,EXCLUDED_LIFT
21,27,-2,EXCLUDED_LIFT
21,27,-1,EXCLUDED_LIFT
21,27,0,EXCLUDED_LIFT
21,27,1,EXCLUDED_LIFT
21,27,2,INCLUDED_OPEN
21,27,3,INCLUDED_OPEN
21,27,4,INCLUDED_OPEN
21,28,-9,INCLUDED_OPEN
21,28,-8,EXCLUDED_LIFT
21,28,-7,EXCLUDED_LIFT
21,28,-6,EXCLUDED_LIFT
21,28,-5,EXCLUDED_LIFT
21,28,-4,EXCLUDED_LIFT
21,28,-3,EXCLUDED_LIFT
21,28,-2,EXCLUDED_LIFT
21,28,-1,EXCLUDED_LIFT
21,28,0,EXCLUDED_LIFT
21,28,1,EXCLUDED_LIFT
21,28,2,INCLUDED_OPEN
21,28,3,INCLUDED_OPEN
21,28,4,INCLUDED_LOWDATA
21,29,-9,constrained-misc
21,29,-8,INCLUDED_OPEN
21,29,-7,INCLUDED_OPEN
21,29,-6,INCLUDED_OPEN
21,29,-5,INCLUDED_OPEN
21,29,-4,constrained-misc
21,29,-3,INCLUDED_OPEN
21,29,-2,INCLUDED_OPEN
21,29,-1,INCLUDED_OPEN
21,29,0,INCLUDED_OPEN
21,29,1,INCLUDED_OPEN
21,29,2,INCLUDED_OPEN
21,29,3,INCLUDED_OPEN
21,29,4,constrained-misc
21,30,-8,INCLUDED_LOWDATA
21,31,-8,INCLUDED_LOWDATA
22,-22,2,INCLUDED_OPEN
22,-22,3,INCLUDED_OPEN
22,-22,4,INCLUDED_OPEN
22,-21,2,INCLUDED_OPEN
22,-21,3,INCLUDED_OPEN
22,-21,4,INCLUDED_OPEN
22,-20,2,INCLUDED_OPEN
22,-20,3,INCLUDED_OPEN
22,-20,4,INCLUDED_OPEN
22,-19,2,INCLUDED_OPEN
22,-19,3,INCLUDED_OPEN
22,-19,4,INCLUDED_OPEN
22,-13,1,INCLUDED_OPEN
22,-13,2,INCLUDED_OPEN
22,-13,3,INCLUDED_OPEN
22,-13,4,INCLUDED_LOWDATA
22,-12,1,INCLUDED_OPEN
22,-12,2,INCLUDED_OPEN
22,-12,3,INCLUDED_OPEN
22,-12,4,INCLUDED_LOWDATA
22,-11,1,INCLUDED_OPEN
22,-11,2,INCLUDED_OPEN
22,-11,3,INCLUDED_OPEN
22,-11,4,INCLUDED_LOWDATA
22,-10,-7,INCLUDED_OPEN
22,-10,-6,INCLUDED_OPEN
22,-10,-5,INCLUDED_OPEN
22,-10,-4,INCLUDED_OPEN
22,-10,-3,INCLUDED_OPEN
22,-10,-2,INCLUDED_OPEN
22,-10,-1,INCLUDED_LOWDATA
22,-10,1,INCLUDED_OPEN
22,-10,2,INCLUDED_OPEN
22,-10,3,INCLUDED_OPEN
22,-10,4,INCLUDED_LOWDATA
22,-9,-7,INCLUDED_OPEN
22,-9,-6,INCLUDED_OPEN
22,-9,-5,INCLUDED_OPEN
22,-9,-4,INCLUDED_OPEN
22,-9,-3,INCLUDED_OPEN
22,-9,-2,INCLUDED_OPEN
22,-9,-1,INCLUDED_LOWDATA
22,-9,1,INCLUDED_OPEN
22,-9,2,INCLUDED_OPEN
22,-9,3,INCLUDED_OPEN
22,-9,4,INCLUDED_LOWDATA
22,-8,-7,INCLUDED_OPEN
22,-8,-6,INCLUDED_OPEN
22,-8,-5,INCLUDED_OPEN
22,-8,-4,INCLUDED_OPEN
22,-8,-3,INCLUDED_OPEN
22,-8,-2,INCLUDED_OPEN
22,-8,-1,INCLUDED_LOWDATA
22,-8,0,INCLUDED_LOWDATA
22,-8,1,INCLUDED_OPEN
22,-8,2,INCLUDED_OPEN
22,-8,3,INCLUDED_OPEN
22,-8,4,INCLUDED_LOWDATA
22,-7,-7,INCLUDED_OPEN
22,-7,-6,INCLUDED_OPEN
22,-7,-5,INCLUDED_OPEN
22,-7,-4,INCLUDED_OPEN
22,-7,-3,INCLUDED_OPEN
22,-7,-2,INCLUDED_OPEN
22,-7,-1,INCLUDED_LOWDATA
22,-7,1,INCLUDED_OPEN
22,-7,2,INCLUDED_OPEN
22,-7,3,INCLUDED_OPEN
22,-7,4,INCLUDED_LOWDATA
22,-6,-7,INCLUDED_OPEN
22,-6,-6,INCLUDED_OPEN
22,-6,-5,INCLUDED_OPEN
22,-6,-4,INCLUDED_OPEN
22,-6,-3,INCLUDED_OPEN
22,-6,-2,INCLUDED_OPEN
22,-6,-1,INCLUDED_OPEN
22,-6,0,INCLUDED_OPEN
22,-6,1,INCLUDED_OPEN
22,-6,2,INCLUDED_OPEN
22,-6,3,INCLUDED_OPEN
22,-6,4,INCLUDED_OPEN
22,-6,5,INCLUDED_LOWDATA
22,-5,-7,INCLUDED_OPEN
22,-5,-6,INCLUDED_OPEN
22,-5,-5,INCLUDED_OPEN
22,-5,-4,INCLUDED_OPEN
22,-5,-3,INCLUDED_OPEN
22,-5,-2,INCLUDED_OPEN
22,-5,-1,INCLUDED_OPEN
22,-5,0,INCLUDED_OPEN
22,-5,1,INCLUDED_OPEN
22,-5,2,INCLUDED_OPEN
22,-5,3,INCLUDED_OPEN
22,-5,4,INCLUDED_OPEN
22,-5,5,INCLUDED_LOWDATA
22,-4,-7,INCLUDED_OPEN
22,-4,-6,INCLUDED_OPEN
22,-4,-5,INCLUDED_OPEN
22,-4,-4,INCLUDED_OPEN
22,-4,-3,INCLUDED_OPEN
22,-4,-2,INCLUDED_OPEN
22,-4,-1,INCLUDED_OPEN
22,-4,0,INCLUDED_OPEN
22,-4,1,INCLUDED_OPEN
22,-4,2,INCLUDED_OPEN
22,-4,3,INCLUDED_OPEN
22,-4,4,INCLUDED_OPEN
22,-4,5,INCLUDED_LOWDATA
22,-3,-7,INCLUDED_OPEN
22,-3,-6,INCLUDED_OPEN
22,-3,-5,INCLUDED_OPEN
22,-3,-4,INCLUDED_OPEN
22,-3,-3,INCLUDED_OPEN
22,-3,-2,INCLUDED_OPEN
22,-3,-1,INCLUDED_OPEN
22,-3,0,INCLUDED_OPEN
22,-3,1,INCLUDED_OPEN
22,-3,2,INCLUDED_OPEN
22,-3,3,INCLUDED_OPEN
22,-3,4,INCLUDED_OPEN
22,-3,5,INCLUDED_LOWDATA
22,-2,-7,INCLUDED_OPEN
22,-2,-6,INCLUDED_OPEN
22,-2,-5,INCLUDED_OPEN
22,-2,-4,INCLUDED_OPEN
22,-2,-3,INCLUDED_OPEN
22,-2,-2,INCLUDED_OPEN
22,-2,-1,INCLUDED_OPEN
22,-2,0,INCLUDED_OPEN
22,-2,1,INCLUDED_OPEN
22,-2,2,INCLUDED_OPEN
22,-2,3,INCLUDED_OPEN
22,-2,4,INCLUDED_OPEN
22,-2,5,INCLUDED_LOWDATA
22,-1,-7,INCLUDED_OPEN
22,-1,-6,INCLUDED_OPEN
22,-1,-5,INCLUDED_OPEN
22,-1,-4,INCLUDED_OPEN
22,-1,-3,INCLUDED_OPEN
22,-1,-2,INCLUDED_OPEN
22,-1,-1,INCLUDED_OPEN
22,-1,0,INCLUDED_OPEN
22,-1,1,INCLUDED_OPEN
22,-1,2,INCLUDED_OPEN
22,-1,3,INCLUDED_OPEN
22,-1,4,INCLUDED_OPEN
22,-1,5,INCLUDED_LOWDATA
22,0,-7,INCLUDED_OPEN
22,0,-6,INCLUDED_OPEN
22,0,-5,INCLUDED_OPEN
22,0,-4,INCLUDED_OPEN
22,0,-3,INCLUDED_OPEN
22,0,-2,INCLUDED_OPEN
22,0,-1,INCLUDED_OPEN
22,0,0,INCLUDED_OPEN
22,0,1,INCLUDED_OPEN
22,0,2,INCLUDED_OPEN
22,0,3,INCLUDED_OPEN
22,0,4,INCLUDED_OPEN
22,0,5,INCLUDED_LOWDATA
22,1,-7,INCLUDED_OPEN
22,1,-6,INCLUDED_OPEN
22,1,-5,INCLUDED_OPEN
22,1,-4,INCLUDED_OPEN
22,1,-3,INCLUDED_OPEN
22,1,-2,INCLUDED_OPEN
22,1,-1,INCLUDED_OPEN
22,1,0,INCLUDED_OPEN
22,1,1,INCLUDED_OPEN
22,1,2,INCLUDED_OPEN
22,1,3,INCLUDED_OPEN
22,1,4,INCLUDED_OPEN
22,1,5,INCLUDED_LOWDATA
22,2,-7,INCLUDED_OPEN
22,2,-6,INCLUDED_OPEN
22,2,-5,INCLUDED_OPEN
22,2,-4,INCLUDED_OPEN
22,2,-3,INCLUDED_OPEN
22,2,-2,INCLUDED_OPEN
22,2,-1,INCLUDED_OPEN
22,2,0,INCLUDED_OPEN
22,2,1,INCLUDED_OPEN
22,2,2,INCLUDED_OPEN
22,2,3,INCLUDED_OPEN
22,2,4,INCLUDED_OPEN
22,2,5,INCLUDED_LOWDATA
22,3,-7,INCLUDED_OPEN
22,3,-6,INCLUDED_OPEN
22,3,-5,INCLUDED_OPEN
22,3,-4,INCLUDED_OPEN
22,3,-3,INCLUDED_OPEN
22,3,-2,INCLUDED_OPEN
22,3,-1,INCLUDED_OPEN
22,3,0,INCLUDED_OPEN
22,3,1,INCLUDED_OPEN
22,3,2,INCLUDED_OPEN
22,3,3,INCLUDED_OPEN
22,3,4,INCLUDED_OPEN
22,3,5,INCLUDED_LOWDATA
22,4,-7,INCLUDED_OPEN
22,4,-6,INCLUDED_OPEN
22,4,-5,INCLUDED_OPEN
22,4,-4,INCLUDED_OPEN
22,4,-3,INCLUDED_OPEN
22,4,-2,INCLUDED_OPEN
22,4,-1,INCLUDED_LOWDATA
22,4,1,INCLUDED_OPEN
22,4,2,INCLUDED_OPEN
22,4,3,INCLUDED_OPEN
22,4,4,INCLUDED_LOWDATA
22,5,-7,INCLUDED_OPEN
22,5,-6,INCLUDED_OPEN
22,5,-5,INCLUDED_OPEN
22,5,-4,INCLUDED_OPEN
22,5,-3,INCLUDED_OPEN
22,5,-2,INCLUDED_OPEN
22,5,-1,INCLUDED_LOWDATA
22,5,1,INCLUDED_OPEN
22,5,2,INCLUDED_OPEN
22,5,3,INCLUDED_OPEN
22,5,4,INCLUDED_OPEN
22,6,-7,INCLUDED_OPEN
22,6,-6,INCLUDED_OPEN
22,6,-5,INCLUDED_OPEN
22,6,-4,INCLUDED_OPEN
22,6,-3,INCLUDED_OPEN
22,6,-2,INCLUDED_OPEN
22,6,-1,INCLUDED_LOWDATA
22,6,1,INCLUDED_OPEN
22,6,2,INCLUDED_OPEN
22,6,3,INCLUDED_OPEN
22,6,4,INCLUDED_LOWDATA
22,7,-7,INCLUDED_OPEN
22,7,-6,INCLUDED_OPEN
22,7,-5,INCLUDED_OPEN
22,7,-4,INCLUDED_OPEN
22,7,-3,INCLUDED_OPEN
22,7,-2,INCLUDED_OPEN
22,7,-1,INCLUDED_LOWDATA
22,7,1,INCLUDED_OPEN
22,7,2,INCLUDED_OPEN
22,7,3,INCLUDED_OPEN
22,7,4,INCLUDED_LOWDATA
22,8,1,INCLUDED_OPEN
22,8,2,INCLUDED_OPEN
22,8,3,INCLUDED_OPEN
22,8,4,INCLUDED_LOWDATA
22,9,1,INCLUDED_OPEN
22,9,2,INCLUDED_OPEN
22,9,3,INCLUDED_OPEN
22,9,4,INCLUDED_LOWDATA
22,10,1,INCLUDED_OPEN
22,10,2,INCLUDED_OPEN
22,10,3,INCLUDED_OPEN
22,10,4,INCLUDED_LOWDATA
22,11,1,INCLUDED_LOWDATA
22,11,2,INCLUDED_LOWDATA
22,11,4,INCLUDED_LOWDATA
22,12,1,INCLUDED_OPEN
22,12,2,INCLUDED_OPEN
22,12,3,INCLUDED_OPEN
22,12,4,INCLUDED_OPEN
22,13,1,INCLUDED_OPEN
22,13,2,INCLUDED_OPEN
22,13,3,INCLUDED_OPEN
22,13,4,INCLUDED_OPEN
22,14,1,INCLUDED_OPEN
22,14,2,INCLUDED_OPEN
22,14,3,INCLUDED_OPEN
22,14,4,INCLUDED_OPEN
22,15,1,INCLUDED_OPEN
22,15,2,INCLUDED_OPEN
22,15,3,INCLUDED_OPEN
22,15,4,INCLUDED_OPEN
22,16,1,INCLUDED_OPEN
22,16,2,INCLUDED_OPEN
22,16,3,INCLUDED_OPEN
22,16,4,INCLUDED_LOWDATA
22,20,-9,INCLUDED_LOWDATA
22,21,-9,INCLUDED_OPEN
22,21,-8,INCLUDED_OPEN
22,21,-7,INCLUDED_OPEN
22,21,-6,INCLUDED_OPEN
22,21,-5,INCLUDED_OPEN
22,21,-4,INCLUDED_OPEN
22,21,-3,INCLUDED_OPEN
22,21,-2,INCLUDED_OPEN
22,21,-1,INCLUDED_OPEN
22,21,0,INCLUDED_OPEN
22,21,1,INCLUDED_OPEN
22,21,2,INCLUDED_OPEN
22,21,3,INCLUDED_OPEN
22,21,4,INCLUDED_OPEN
22,22,-9,INCLUDED_OPEN
22,22,-8,INCLUDED_OPEN
22,22,-7,INCLUDED_OPEN
22,22,-6,INCLUDED_OPEN
22,22,-5,INCLUDED_OPEN
22,22,-4,INCLUDED_OPEN
22,22,-3,INCLUDED_OPEN
22,22,-2,INCLUDED_OPEN
22,22,-1,INCLUDED_OPEN
22,22,0,INCLUDED_OPEN
22,22,1,INCLUDED_OPEN
22,22,2,INCLUDED_OPEN
22,22,3,INCLUDED_OPEN
22,22,4,INCLUDED_OPEN
22,23,-9,INCLUDED_OPEN
22,23,-8,INCLUDED_OPEN
22,23,-7,INCLUDED_OPEN
22,23,-6,INCLUDED_OPEN
22,23,-5,INCLUDED_OPEN
22,23,-4,INCLUDED_OPEN
22,23,-3,INCLUDED_OPEN
22,23,-2,INCLUDED_OPEN
22,23,-1,INCLUDED_OPEN
22,23,0,INCLUDED_OPEN
22,23,1,INCLUDED_OPEN
22,23,2,INCLUDED_OPEN
22,23,3,INCLUDED_OPEN
22,23,4,INCLUDED_OPEN
22,24,-9,INCLUDED_OPEN
22,24,-8,INCLUDED_OPEN
22,24,-7,INCLUDED_OPEN
22,24,-6,INCLUDED_OPEN
22,24,-5,INCLUDED_OPEN
22,24,-4,INCLUDED_OPEN
22,24,-3,INCLUDED_OPEN
22,24,-2,INCLUDED_OPEN
22,24,-1,INCLUDED_OPEN
22,24,0,INCLUDED_OPEN
22,24,1,INCLUDED_OPEN
22,24,2,INCLUDED_OPEN
22,24,3,INCLUDED_OPEN
22,24,4,INCLUDED_OPEN
22,25,-9,INCLUDED_OPEN
22,25,-8,INCLUDED_OPEN
22,25,-7,INCLUDED_OPEN
22,25,-6,INCLUDED_OPEN
22,25,-5,INCLUDED_OPEN
22,25,-4,INCLUDED_OPEN
22,25,-3,INCLUDED_OPEN
22,25,-2,INCLUDED_OPEN
22,25,-1,INCLUDED_OPEN
22,25,0,INCLUDED_OPEN
22,25,1,INCLUDED_OPEN
22,25,2,INCLUDED_OPEN
22,25,3,INCLUDED_OPEN
22,25,4,INCLUDED_OPEN
22,26,-9,INCLUDED_OPEN
22,26,-8,INCLUDED_OPEN
22,26,-7,INCLUDED_OPEN
22,26,-6,INCLUDED_OPEN
22,26,-5,INCLUDED_OPEN
22,26,-4,INCLUDED_OPEN
22,26,-3,INCLUDED_OPEN
22,26,-2,INCLUDED_OPEN
22,26,-1,INCLUDED_OPEN
22,26,0,INCLUDED_OPEN
22,26,1,INCLUDED_OPEN
22,26,2,INCLUDED_OPEN
22,26,3,INCLUDED_OPEN
22,26,4,INCLUDED_OPEN
22,27,-9,INCLUDED_OPEN
22,27,-8,INCLUDED_OPEN
22,27,-7,INCLUDED_OPEN
22,27,-6,INCLUDED_OPEN
22,27,-5,INCLUDED_OPEN
22,27,-4,INCLUDED_OPEN
22,27,-3,INCLUDED_OPEN
22,27,-2,INCLUDED_OPEN
22,27,-1,INCLUDED_OPEN
22,27,0,INCLUDED_OPEN
22,27,1,INCLUDED_OPEN
22,27,2,INCLUDED_OPEN
22,27,3,INCLUDED_OPEN
22,27,4,INCLUDED_OPEN
22,28,-9,INCLUDED_OPEN
22,28,-8,INCLUDED_OPEN
22,28,-7,INCLUDED_OPEN
22,28,-6,INCLUDED_OPEN
22,28,-5,INCLUDED_OPEN
22,28,-4,INCLUDED_OPEN
22,28,-3,INCLUDED_OPEN
22,28,-2,INCLUDED_OPEN
22,28,-1,INCLUDED_OPEN
22,28,0,INCLUDED_OPEN
22,28,1,INCLUDED_OPEN
22,28,2,INCLUDED_OPEN
22,28,3,INCLUDED_LOWDATA
22,28,4,INCLUDED_LOWDATA
22,29,-9,INCLUDED_OPEN
22,29,-8,INCLUDED_OPEN
22,29,-7,INCLUDED_OPEN
22,29,-6,INCLUDED_OPEN
22,29,-5,INCLUDED_OPEN
22,29,-4,INCLUDED_OPEN
22,29,-3,INCLUDED_OPEN
22,29,-2,INCLUDED_OPEN
22,29,-1,INCLUDED_OPEN
22,29,0,INCLUDED_OPEN
22,29,1,INCLUDED_OPEN
22,29,2,INCLUDED_OPEN
22,29,3,INCLUDED_OPEN
22,29,4,INCLUDED_LOWDATA
22,30,-9,INCLUDED_OPEN
22,30,-8,INCLUDED_OPEN
22,30,-7,INCLUDED_OPEN
22,30,-6,INCLUDED_OPEN
22,30,-5,INCLUDED_OPEN
22,30,-4,INCLUDED_OPEN
22,30,-3,INCLUDED_OPEN
22,30,-2,INCLUDED_OPEN
22,30,-1,INCLUDED_OPEN
22,30,0,INCLUDED_OPEN
22,30,1,INCLUDED_OPEN
22,30,2,INCLUDED_LOWDATA
22,30,3,INCLUDED_LOWDATA
22,30,4,INCLUDED_LOWDATA
22,31,-9,INCLUDED_OPEN
22,31,-8,INCLUDED_OPEN
22,31,-7,INCLUDED_OPEN
22,31,-6,INCLUDED_OPEN
22,31,-5,INCLUDED_OPEN
22,31,-4,INCLUDED_OPEN
22,31,-3,INCLUDED_OPEN
22,31,-2,INCLUDED_OPEN
22,31,-1,INCLUDED_OPEN
22,31,0,INCLUDED_OPEN
22,31,1,INCLUDED_OPEN
22,31,2,INCLUDED_OPEN
22,31,3,INCLUDED_LOWDATA
22,31,4,INCLUDED_LOWDATA
22,32,-9,INCLUDED_OPEN
22,32,-8,INCLUDED_OPEN
22,32,-7,INCLUDED_OPEN
22,32,-6,INCLUDED_OPEN
22,32,-5,INCLUDED_OPEN
22,32,-4,INCLUDED_OPEN
22,32,-3,INCLUDED_OPEN
22,32,-2,INCLUDED_OPEN
22,32,-1,INCLUDED_OPEN
22,32,0,INCLUDED_OPEN
22,32,1,INCLUDED_OPEN
22,32,2,INCLUDED_OPEN
22,32,3,INCLUDED_LOWDATA
22,32,4,INCLUDED_LOWDATA
22,33,-9,INCLUDED_OPEN
22,33,-8,INCLUDED_OPEN
22,33,-7,INCLUDED_OPEN
22,33,-6,INCLUDED_OPEN
22,33,-5,INCLUDED_OPEN
22,33,-4,INCLUDED_OPEN
22,33,-3,INCLUDED_OPEN
22,33,-2,INCLUDED_OPEN
22,33,-1,INCLUDED_OPEN
22,33,0,INCLUDED_OPEN
22,33,1,INCLUDED_OPEN
22,33,2,INCLUDED_OPEN
22,33,3,INCLUDED_OPEN
22,33,4,INCLUDED_OPEN
23,-23,4,INCLUDED_LOWDATA
23,-22,2,INCLUDED_OPEN
23,-22,3,INCLUDED_OPEN
23,-22,4,INCLUDED_OPEN
23,-21,2,INCLUDED_OPEN
23,-21,3,INCLUDED_OPEN
23,-21,4,INCLUDED_OPEN
23,-20,2,INCLUDED_OPEN
23,-20,3,INCLUDED_OPEN
23,-20,4,INCLUDED_OPEN
23,-19,2,INCLUDED_OPEN
23,-19,3,INCLUDED_OPEN
23,-19,4,INCLUDED_OPEN
23,-13,1,INCLUDED_OPEN
23,-13,2,INCLUDED_OPEN
23,-13,3,INCLUDED_OPEN
23,-13,4,INCLUDED_LOWDATA
23,-12,1,INCLUDED_OPEN
23,-12,2,INCLUDED_OPEN
23,-12,3,INCLUDED_OPEN
23,-12,4,INCLUDED_LOWDATA
23,-11,1,INCLUDED_OPEN
23,-11,2,INCLUDED_OPEN
23,-11,3,INCLUDED_OPEN
23,-11,4,INCLUDED_LOWDATA
23,-10,-7,INCLUDED_OPEN
23,-10,-6,INCLUDED_OPEN
23,-10,-5,INCLUDED_OPEN
23,-10,-4,INCLUDED_OPEN
23,-10,-3,INCLUDED_OPEN
23,-10,-2,INCLUDED_OPEN
23,-10,-1,INCLUDED_LOWDATA
23,-10,1,INCLUDED_OPEN
23,-10,2,INCLUDED_OPEN
23,-10,3,INCLUDED_OPEN
23,-10,4,INCLUDED_LOWDATA
23,-9,-7,INCLUDED_OPEN
23,-9,-6,INCLUDED_OPEN
23,-9,-5,INCLUDED_OPEN
23,-9,-4,INCLUDED_OPEN
23,-9,-3,INCLUDED_OPEN
23,-9,-2,INCLUDED_OPEN
23,-9,-1,INCLUDED_LOWDATA
23,-9,1,INCLUDED_OPEN
23,-9,2,INCLUDED_OPEN
23,-9,3,INCLUDED_OPEN
23,-9,4,INCLUDED_LOWDATA
23,-8,-7,INCLUDED_OPEN
23,-8,-6,INCLUDED_OPEN
23,-8,-5,INCLUDED_OPEN
23,-8,-4,INCLUDED_OPEN
23,-8,-3,INCLUDED_OPEN
23,-8,-2,INCLUDED_OPEN
23,-8,-1,INCLUDED_LOWDATA
23,-8,0,INCLUDED_LOWDATA
23,-8,1,INCLUDED_OPEN
23,-8,2,INCLUDED_OPEN
23,-8,3,INCLUDED_OPEN
23,-8,4,INCLUDED_LOWDATA
23,-7,-7,INCLUDED_OPEN
23,-7,-6,INCLUDED_OPEN
23,-7,-5,INCLUDED_OPEN
23,-7,-4,INCLUDED_OPEN
23,-7,-3,INCLUDED_OPEN
23,-7,-2,INCLUDED_OPEN
23,-7,-1,INCLUDED_LOWDATA
23,-7,0,INCLUDED_LOWDATA
23,-7,1,INCLUDED_OPEN
23,-7,2,INCLUDED_OPEN
23,-7,3,INCLUDED_OPEN
23,-7,4,INCLUDED_LOWDATA
23,-6,-7,INCLUDED_OPEN
23,-6,-6,INCLUDED_OPEN
23,-6,-5,INCLUDED_OPEN
23,-6,-4,INCLUDED_OPEN
23,-6,-3,INCLUDED_OPEN
23,-6,-2,INCLUDED_OPEN
23,-6,-1,INCLUDED_OPEN
23,-6,0,INCLUDED_OPEN
23,-6,1,INCLUDED_OPEN
23,-6,2,INCLUDED_OPEN
23,-6,3,INCLUDED_OPEN
23,-6,4,INCLUDED_OPEN
23,-6,5,INCLUDED_LOWDATA
23,-5,-7,INCLUDED_OPEN
23,-5,-6,INCLUDED_OPEN
23,-5,-5,INCLUDED_OPEN
23,-5,-4,INCLUDED_OPEN
23,-5,-3,INCLUDED_OPEN
23,-5,-2,INCLUDED_OPEN
23,-5,-1,INCLUDED_OPEN
23,-5,0,INCLUDED_OPEN
23,-5,1,INCLUDED_OPEN
23,-5,2,INCLUDED_OPEN
23,-5,3,INCLUDED_OPEN
23,-5,4,INCLUDED_OPEN
23,-5,5,INCLUDED_LOWDATA
23,-4,-7,INCLUDED_OPEN
23,-4,-6,INCLUDED_OPEN
23,-4,-5,INCLUDED_OPEN
23,-4,-4,INCLUDED_OPEN
23,-4,-3,INCLUDED_OPEN
23,-4,-2,INCLUDED_OPEN
23,-4,-1,INCLUDED_OPEN
23,-4,0,INCLUDED_OPEN
23,-4,1,INCLUDED_OPEN
23,-4,2,INCLUDED_OPEN
23,-4,3,INCLUDED_OPEN
23,-4,4,INCLUDED_OPEN
23,-4,5,INCLUDED_LOWDATA
23,-3,-7,INCLUDED_OPEN
23,-3,-6,INCLUDED_OPEN
23,-3,-5,INCLUDED_OPEN
23,-3,-4,INCLUDED_OPEN
23,-3,-3,INCLUDED_OPEN
23,-3,-2,INCLUDED_OPEN
23,-3,-1,INCLUDED_OPEN
23,-3,0,INCLUDED_OPEN
23,-3,1,INCLUDED_OPEN
23,-3,2,INCLUDED_OPEN
23,-3,3,INCLUDED_OPEN
23,-3,4,INCLUDED_OPEN
23,-3,5,INCLUDED_LOWDATA
23,-2,-7,INCLUDED_OPEN
23,-2,-6,INCLUDED_OPEN
23,-2,-5,INCLUDED_OPEN
23,-2,-4,INCLUDED_OPEN
23,-2,-3,INCLUDED_OPEN
23,-2,-2,INCLUDED_OPEN
23,-2,-1,INCLUDED_OPEN
23,-2,0,INCLUDED_OPEN
23,-2,1,INCLUDED_OPEN
23,-2,2,INCLUDED_OPEN
23,-2,3,INCLUDED_OPEN
23,-2,4,INCLUDED_OPEN
23,-2,5,INCLUDED_LOWDATA
23,-1,-7,INCLUDED_OPEN
23,-1,-6,INCLUDED_OPEN
23,-1,-5,INCLUDED_OPEN
23,-1,-4,INCLUDED_OPEN
23,-1,-3,INCLUDED_OPEN
23,-1,-2,INCLUDED_OPEN
23,-1,-1,INCLUDED_OPEN
23,-1,0,INCLUDED_OPEN
23,-1,1,INCLUDED_OPEN
23,-1,2,INCLUDED_OPEN
23,-1,3,INCLUDED_OPEN
23,-1,4,INCLUDED_OPEN
23,-1,5,INCLUDED_LOWDATA
23,0,-7,INCLUDED_OPEN
23,0,-6,INCLUDED_OPEN
23,0,-5,INCLUDED_OPEN
23,0,-4,INCLUDED_OPEN
23,0,-3,INCLUDED_OPEN
23,0,-2,INCLUDED_OPEN
23,0,-1,INCLUDED_OPEN
23,0,0,INCLUDED_OPEN
23,0,1,INCLUDED_OPEN
23,0,2,INCLUDED_OPEN
23,0,3,INCLUDED_OPEN
23,0,4,INCLUDED_OPEN
23,0,5,INCLUDED_LOWDATA
23,1,-7,INCLUDED_OPEN
23,1,-6,INCLUDED_OPEN
23,1,-5,INCLUDED_OPEN
23,1,-4,INCLUDED_OPEN
23,1,-3,INCLUDED_OPEN
23,1,-2,INCLUDED_OPEN
23,1,-1,INCLUDED_OPEN
23,1,0,INCLUDED_OPEN
23,1,1,INCLUDED_OPEN
23,1,2,INCLUDED_OPEN
23,1,3,INCLUDED_OPEN
23,1,4,INCLUDED_OPEN
23,1,5,INCLUDED_LOWDATA
23,2,-7,INCLUDED_OPEN
23,2,-6,INCLUDED_OPEN
23,2,-5,INCLUDED_OPEN
23,2,-4,INCLUDED_OPEN
23,2,-3,INCLUDED_OPEN
23,2,-2,INCLUDED_OPEN
23,2,-1,INCLUDED_OPEN
23,2,0,INCLUDED_OPEN
23,2,1,INCLUDED_OPEN
23,2,2,INCLUDED_OPEN
23,2,3,INCLUDED_OPEN
23,2,4,INCLUDED_OPEN
23,2,5,INCLUDED_LOWDATA
23,3,-7,INCLUDED_OPEN
23,3,-6,INCLUDED_OPEN
23,3,-5,INCLUDED_OPEN
23,3,-4,INCLUDED_OPEN
23,3,-3,INCLUDED_OPEN
23,3,-2,INCLUDED_OPEN
23,3,-1,INCLUDED_OPEN
23,3,0,INCLUDED_OPEN
23,3,1,INCLUDED_OPEN
23,3,2,INCLUDED_OPEN
23,3,3,INCLUDED_OPEN
23,3,4,INCLUDED_OPEN
23,3,5,INCLUDED_LOWDATA
23,4,-7,INCLUDED_OPEN
23,4,-6,INCLUDED_OPEN
23,4,-5,INCLUDED_OPEN
23,4,-4,INCLUDED_OPEN
23,4,-3,INCLUDED_OPEN
23,4,-2,INCLUDED_OPEN
23,4,-1,INCLUDED_LOWDATA
23,4,1,INCLUDED_OPEN
23,4,2,INCLUDED_OPEN
23,4,3,INCLUDED_OPEN
23,4,4,INCLUDED_OPEN
23,5,-7,INCLUDED_OPEN
23,5,-6,INCLUDED_OPEN
23,5,-5,INCLUDED_OPEN
23,5,-4,INCLUDED_OPEN
23,5,-3,INCLUDED_OPEN
23,5,-2,INCLUDED_OPEN
23,5,-1,INCLUDED_LOWDATA
23,5,0,INCLUDED_LOWDATA
23,5,1,INCLUDED_OPEN
23,5,2,INCLUDED_OPEN
23,5,3,INCLUDED_OPEN
23,5,4,INCLUDED_OPEN
23,6,-7,INCLUDED_OPEN
23,6,-6,INCLUDED_OPEN
23,6,-5,INCLUDED_OPEN
23,6,-4,INCLUDED_OPEN
23,6,-3,INCLUDED_OPEN
23,6,-2,INCLUDED_OPEN
23,6,-1,INCLUDED_LOWDATA
23,6,1,INCLUDED_OPEN
23,6,2,INCLUDED_OPEN
23,6,3,INCLUDED_OPEN
23,6,4,INCLUDED_LOWDATA
23,7,-7,INCLUDED_OPEN
23,7,-6,INCLUDED_OPEN
23,7,-5,INCLUDED_OPEN
23,7,-4,INCLUDED_OPEN
23,7,-3,INCLUDED_OPEN
23,7,-2,INCLUDED_OPEN
23,7,-1,INCLUDED_LOWDATA
23,7,1,INCLUDED_OPEN
23,7,2,INCLUDED_OPEN
23,7,3,INCLUDED_OPEN
23,7,4,INCLUDED_LOWDATA
23,8,1,INCLUDED_OPEN
23,8,2,INCLUDED_OPEN
23,8,3,INCLUDED_OPEN
23,8,4,INCLUDED_LOWDATA
23,9,1,INCLUDED_OPEN
23,9,2,INCLUDED_OPEN
23,9,3,INCLUDED_OPEN
23,9,4,INCLUDED_LOWDATA
23,10,1,INCLUDED_OPEN
23,10,2,INCLUDED_OPEN
23,10,3,INCLUDED_OPEN
23,10,4,INCLUDED_LOWDATA
23,11,1,INCLUDED_LOWDATA
23,11,2,INCLUDED_LOWDATA
23,11,4,INCLUDED_LOWDATA
23,12,1,INCLUDED_OPEN
23,12,2,INCLUDED_OPEN
23,12,3,INCLUDED_OPEN
23,12,4,INCLUDED_OPEN
23,13,1,INCLUDED_OPEN
23,13,2,INCLUDED_OPEN
23,13,3,INCLUDED_OPEN
23,13,4,INCLUDED_OPEN
23,14,1,INCLUDED_OPEN
23,14,2,INCLUDED_OPEN
23,14,3,INCLUDED_OPEN
23,14,4,INCLUDED_OPEN
23,15,1,INCLUDED_OPEN
23,15,2,INCLUDED_OPEN
23,15,3,INCLUDED_OPEN
23,15,4,INCLUDED_OPEN
23,16,1,INCLUDED_OPEN
23,16,2,INCLUDED_OPEN
23,16,3,INCLUDED_OPEN
23,16,4,INCLUDED_LOWDATA
23,20,-9,INCLUDED_LOWDATA
23,21,-9,INCLUDED_OPEN
23,21,-8,INCLUDED_OPEN
23,21,-7,INCLUDED_OPEN
23,21,-6,INCLUDED_OPEN
23,21,-5,INCLUDED_OPEN
23,21,-4,INCLUDED_OPEN
23,21,-3,INCLUDED_OPEN
23,21,-2,INCLUDED_OPEN
23,21,-1,INCLUDED_OPEN
23,21,0,INCLUDED_OPEN
23,21,1,INCLUDED_OPEN
23,21,2,INCLUDED_OPEN
23,21,3,INCLUDED_OPEN
23,21,4,INCLUDED_OPEN
23,22,-9,INCLUDED_OPEN
23,22,-8,INCLUDED_OPEN
23,22,-7,INCLUDED_OPEN
23,22,-6,INCLUDED_OPEN
23,22,-5,INCLUDED_OPEN
23,22,-4,INCLUDED_OPEN
23,22,-3,INCLUDED_OPEN
23,22,-2,INCLUDED_OPEN
23,22,-1,INCLUDED_OPEN
23,22,0,INCLUDED_OPEN
23,22,1,INCLUDED_OPEN
23,22,2,INCLUDED_OPEN
23,22,3,INCLUDED_OPEN
23,22,4,INCLUDED_OPEN
23,23,-9,INCLUDED_OPEN
23,23,-8,INCLUDED_OPEN
23,23,-7,INCLUDED_OPEN
23,23,-6,INCLUDED_OPEN
23,23,-5,INCLUDED_OPEN
23,23,-4,INCLUDED_OPEN
23,23,-3,INCLUDED_OPEN
23,23,-2,INCLUDED_OPEN
23,23,-1,INCLUDED_OPEN
23,23,0,INCLUDED_OPEN
23,23,1,INCLUDED_OPEN
23,23,2,INCLUDED_OPEN
23,23,3,INCLUDED_OPEN
23,23,4,INCLUDED_OPEN
23,24,-9,INCLUDED_OPEN
23,24,-8,INCLUDED_OPEN
23,24,-7,INCLUDED_OPEN
23,24,-6,INCLUDED_OPEN
23,24,-5,INCLUDED_OPEN
23,24,-4,INCLUDED_OPEN
23,24,-3,INCLUDED_OPEN
23,24,-2,INCLUDED_OPEN
23,24,-1,INCLUDED_OPEN
23,24,0,INCLUDED_OPEN
23,24,1,INCLUDED_OPEN
23,24,2,INCLUDED_OPEN
23,24,3,INCLUDED_OPEN
23,24,4,INCLUDED_OPEN
23,25,-9,INCLUDED_OPEN
23,25,-8,INCLUDED_OPEN
23,25,-7,INCLUDED_OPEN
23,25,-6,INCLUDED_OPEN
23,25,-5,INCLUDED_OPEN
23,25,-4,INCLUDED_OPEN
23,25,-3,INCLUDED_OPEN
23,25,-2,INCLUDED_OPEN
23,25,-1,INCLUDED_OPEN
23,25,0,INCLUDED_OPEN
23,25,1,INCLUDED_OPEN
23,25,2,INCLUDED_OPEN
23,25,3,INCLUDED_OPEN
23,25,4,INCLUDED_OPEN
23,26,-9,INCLUDED_OPEN
23,26,-8,INCLUDED_OPEN
23,26,-7,INCLUDED_OPEN
23,26,-6,INCLUDED_OPEN
23,26,-5,INCLUDED_OPEN
23,26,-4,INCLUDED_OPEN
23,26,-3,INCLUDED_OPEN
23,26,-2,INCLUDED_OPEN
23,26,-1,INCLUDED_OPEN
23,26,0,INCLUDED_OPEN
23,26,1,INCLUDED_OPEN
23,26,2,INCLUDED_OPEN
23,26,3,INCLUDED_OPEN
23,26,4,INCLUDED_OPEN
23,27,-9,INCLUDED_OPEN
23,27,-8,INCLUDED_OPEN
23,27,-7,INCLUDED_OPEN
23,27,-6,INCLUDED_OPEN
23,27,-5,INCLUDED_OPEN
23,27,-4,INCLUDED_OPEN
23,27,-3,INCLUDED_OPEN
23,27,-2,INCLUDED_OPEN
23,27,-1,INCLUDED_OPEN
23,27,0,INCLUDED_OPEN
23,27,1,INCLUDED_OPEN
23,27,2,INCLUDED_OPEN
23,27,3,INCLUDED_OPEN
23,27,4,INCLUDED_OPEN
23,28,-9,INCLUDED_OPEN
23,28,-8,INCLUDED_OPEN
23,28,-7,INCLUDED_OPEN
23,28,-6,INCLUDED_OPEN
23,28,-5,INCLUDED_OPEN
23,28,-4,INCLUDED_OPEN
23,28,-3,INCLUDED_OPEN
23,28,-2,INCLUDED_OPEN
23,28,-1,INCLUDED_OPEN
23,28,0,INCLUDED_OPEN
23,28,1,INCLUDED_OPEN
23,28,2,INCLUDED_OPEN
23,28,3,INCLUDED_OPEN
23,28,4,INCLUDED_LOWDATA
23,29,-9,INCLUDED_OPEN
23,29,-8,INCLUDED_OPEN
23,29,-7,INCLUDED_OPEN
23,29,-6,INCLUDED_OPEN
23,29,-5,INCLUDED_OPEN
23,29,-4,INCLUDED_OPEN
23,29,-3,INCLUDED_OPEN
23,29,-2,INCLUDED_OPEN
23,29,-1,INCLUDED_OPEN
23,29,0,INCLUDED_OPEN
23,29,1,INCLUDED_OPEN
23,29,2,INCLUDED_OPEN
23,29,3,INCLUDED_OPEN
23,29,4,INCLUDED_LOWDATA
23,30,-9,INCLUDED_OPEN
23,30,-8,INCLUDED_OPEN
23,30,-7,INCLUDED_OPEN
23,30,-6,INCLUDED_OPEN
23,30,-5,INCLUDED_OPEN
23,30,-4,INCLUDED_OPEN
23,30,-3,INCLUDED_OPEN
23,30,-2,INCLUDED_OPEN
23,30,-1,INCLUDED_OPEN
23,30,0,INCLUDED_OPEN
23,30,1,INCLUDED_OPEN
23,30,2,INCLUDED_OPEN
23,30,3,INCLUDED_LOWDATA
23,30,4,INCLUDED_LOWDATA
23,31,-9,INCLUDED_OPEN
23,31,-8,INCLUDED_OPEN
23,31,-7,INCLUDED_OPEN
23,31,-6,INCLUDED_OPEN
23,31,-5,INCLUDED_OPEN
23,31,-4,INCLUDED_OPEN
23,31,-3,INCLUDED_OPEN
23,31,-2,INCLUDED_OPEN
23,31,-1,INCLUDED_OPEN
23,31,0,INCLUDED_LOWDATA
23,31,1,INCLUDED_LOWDATA
23,31,2,INCLUDED_LOWDATA
23,31,3,INCLUDED_LOWDATA
23,31,4,INCLUDED_LOWDATA
23,32,-9,INCLUDED_OPEN
23,32,-8,INCLUDED_OPEN
23,32,-7,INCLUDED_OPEN
23,32,-6,INCLUDED_OPEN
23,32,-5,INCLUDED_OPEN
23,32,-4,INCLUDED_OPEN
23,32,-3,INCLUDED_LOWDATA
23,32,-2,INCLUDED_LOWDATA
23,32,-1,INCLUDED_LOWDATA
23,32,0,INCLUDED_LOWDATA
23,32,1,INCLUDED_LOWDATA
23,32,2,INCLUDED_LOWDATA
23,32,3,INCLUDED_LOWDATA
23,32,4,INCLUDED_LOWDATA
23,33,-9,INCLUDED_OPEN
23,33,-8,INCLUDED_OPEN
23,33,-7,INCLUDED_OPEN
23,33,-6,INCLUDED_OPEN
23,33,-5,INCLUDED_OPEN
23,33,-4,INCLUDED_OPEN
23,33,-3,INCLUDED_OPEN
23,33,-2,INCLUDED_OPEN
23,33,-1,INCLUDED_OPEN
23,33,0,INCLUDED_LOWDATA
23,33,1,INCLUDED_OPEN
23,33,2,INCLUDED_LOWDATA
23,33,3,INCLUDED_OPEN
23,33,4,INCLUDED_LOWDATA
24,-23,2,INCLUDED_LOWDATA
24,-23,3,INCLUDED_LOWDATA
24,-23,4,INCLUDED_LOWDATA
24,-22,2,INCLUDED_OPEN
24,-22,3,INCLUDED_OPEN
24,-22,4,INCLUDED_OPEN
24,-21,2,INCLUDED_OPEN
24,-21,3,INCLUDED_OPEN
24,-21,4,INCLUDED_OPEN
24,-20,2,INCLUDED_OPEN
24,-20,3,INCLUDED_OPEN
24,-20,4,INCLUDED_OPEN
24,-19,2,INCLUDED_OPEN
24,-19,3,INCLUDED_OPEN
24,-19,4,INCLUDED_OPEN
24,-13,1,INCLUDED_OPEN
24,-13,2,INCLUDED_OPEN
24,-13,3,INCLUDED_OPEN
24,-13,4,INCLUDED_LOWDATA
24,-12,1,INCLUDED_OPEN
24,-12,2,INCLUDED_OPEN
24,-12,3,INCLUDED_OPEN
24,-12,4,INCLUDED_LOWDATA
24,-11,1,INCLUDED_OPEN
24,-11,2,INCLUDED_OPEN
24,-11,3,INCLUDED_OPEN
24,-11,4,INCLUDED_LOWDATA
24,-10,-7,INCLUDED_OPEN
24,-10,-6,INCLUDED_OPEN
24,-10,-5,INCLUDED_OPEN
24,-10,-4,INCLUDED_OPEN
24,-10,-3,INCLUDED_OPEN
24,-10,-2,INCLUDED_OPEN
24,-10,-1,INCLUDED_LOWDATA
24,-10,1,INCLUDED_OPEN
24,-10,2,INCLUDED_OPEN
24,-10,3,INCLUDED_OPEN
24,-10,4,INCLUDED_LOWDATA
24,-9,-7,INCLUDED_OPEN
24,-9,-6,INCLUDED_OPEN
24,-9,-5,INCLUDED_OPEN
24,-9,-4,INCLUDED_OPEN
24,-9,-3,INCLUDED_OPEN
24,-9,-2,INCLUDED_OPEN
24,-9,-1,INCLUDED_LOWDATA
24,-9,1,INCLUDED_OPEN
24,-9,2,INCLUDED_OPEN
24,-9,3,INCLUDED_OPEN
24,-9,4,INCLUDED_LOWDATA
24,-8,-7,INCLUDED_OPEN
24,-8,-6,INCLUDED_OPEN
24,-8,-5,INCLUDED_OPEN
24,-8,-4,INCLUDED_OPEN
24,-8,-3,INCLUDED_OPEN
24,-8,-2,INCLUDED_OPEN
24,-8,-1,INCLUDED_LOWDATA
24,-8,1,INCLUDED_OPEN
24,-8,2,INCLUDED_OPEN
24,-8,3,INCLUDED_OPEN
24,-8,4,INCLUDED_LOWDATA
24,-7,-7,INCLUDED_OPEN
24,-7,-6,INCLUDED_OPEN
24,-7,-5,INCLUDED_OPEN
24,-7,-4,INCLUDED_OPEN
24,-7,-3,INCLUDED_OPEN
24,-7,-2,INCLUDED_OPEN
24,-7,-1,INCLUDED_LOWDATA
24,-7,0,INCLUDED_LOWDATA
24,-7,1,INCLUDED_OPEN
24,-7,2,INCLUDED_OPEN
24,-7,3,INCLUDED_OPEN
24,-7,4,INCLUDED_LOWDATA
24,-6,-7,INCLUDED_OPEN
24,-6,-6,INCLUDED_OPEN
24,-6,-5,INCLUDED_OPEN
24,-6,-4,INCLUDED_OPEN
24,-6,-3,INCLUDED_OPEN
24,-6,-2,INCLUDED_OPEN
24,-6,-1,INCLUDED_LOWDATA
24,-6,0,INCLUDED_LOWDATA
24,-6,1,INCLUDED_OPEN
24,-6,2,INCLUDED_OPEN
24,-6,3,INCLUDED_OPEN
24,-6,4,INCLUDED_LOWDATA
24,-5,-7,INCLUDED_OPEN
24,-5,-6,INCLUDED_OPEN
24,-5,-5,INCLUDED_OPEN
24,-5,-4,INCLUDED_OPEN
24,-5,-3,INCLUDED_OPEN
24,-5,-2,INCLUDED_OPEN
24,-5,-1,INCLUDED_LOWDATA
24,-5,0,INCLUDED_LOWDATA
24,-5,1,INCLUDED_OPEN
24,-5,2,INCLUDED_OPEN
24,-5,3,INCLUDED_OPEN
24,-5,4,INCLUDED_LOWDATA
24,-4,-7,INCLUDED_OPEN
24,-4,-6,INCLUDED_OPEN
24,-4,-5,INCLUDED_OPEN
24,-4,-4,INCLUDED_OPEN
24,-4,-3,INCLUDED_OPEN
24,-4,-2,INCLUDED_OPEN
24,-4,-1,INCLUDED_OPEN
24,-4,0,INCLUDED_OPEN
24,-4,1,INCLUDED_OPEN
24,-4,2,INCLUDED_OPEN
24,-4,3,INCLUDED_OPEN
24,-4,4,INCLUDED_OPEN
24,-4,5,INCLUDED_LOWDATA
24,-3,-7,INCLUDED_OPEN
24,-3,-6,INCLUDED_OPEN
24,-3,-5,INCLUDED_OPEN
24,-3,-4,INCLUDED_OPEN
24,-3,-3,INCLUDED_OPEN
24,-3,-2,INCLUDED_OPEN
24,-3,-1,INCLUDED_OPEN
24,-3,0,INCLUDED_OPEN
24,-3,1,INCLUDED_OPEN
24,-3,2,INCLUDED_OPEN
24,-3,3,INCLUDED_OPEN
24,-3,4,INCLUDED_OPEN
24,-3,5,INCLUDED_LOWDATA
24,-2,-7,INCLUDED_OPEN
24,-2,-6,INCLUDED_OPEN
24,-2,-5,INCLUDED_OPEN
24,-2,-4,INCLUDED_OPEN
24,-2,-3,INCLUDED_OPEN
24,-2,-2,INCLUDED_OPEN
24,-2,-1,INCLUDED_OPEN
24,-2,0,INCLUDED_OPEN
24,-2,1,INCLUDED_OPEN
24,-2,2,INCLUDED_OPEN
24,-2,3,INCLUDED_OPEN
24,-2,4,INCLUDED_OPEN
24,-2,5,INCLUDED_LOWDATA
24,-1,-7,INCLUDED_OPEN
24,-1,-6,INCLUDED_OPEN
24,-1,-5,INCLUDED_OPEN
24,-1,-4,INCLUDED_OPEN
24,-1,-3,INCLUDED_OPEN
24,-1,-2,INCLUDED_OPEN
24,-1,-1,INCLUDED_OPEN
24,-1,0,INCLUDED_OPEN
24,-1,1,INCLUDED_OPEN
24,-1,2,INCLUDED_OPEN
24,-1,3,INCLUDED_OPEN
24,-1,4,INCLUDED_OPEN
24,-1,5,INCLUDED_LOWDATA
24,0,-7,INCLUDED_OPEN
24,0,-6,INCLUDED_OPEN
24,0,-5,INCLUDED_OPEN
24,0,-4,INCLUDED_OPEN
24,0,-3,INCLUDED_OPEN
24,0,-2,INCLUDED_OPEN
24,0,-1,INCLUDED_OPEN
24,0,0,INCLUDED_OPEN
24,0,1,INCLUDED_OPEN
24,0,2,INCLUDED_OPEN
24,0,3,INCLUDED_OPEN
24,0,4,INCLUDED_OPEN
24,0,5,INCLUDED_LOWDATA
24,1,-7,INCLUDED_OPEN
24,1,-6,INCLUDED_OPEN
24,1,-5,INCLUDED_OPEN
24,1,-4,INCLUDED_OPEN
24,1,-3,INCLUDED_OPEN
24,1,-2,INCLUDED_OPEN
24,1,-1,INCLUDED_OPEN
24,1,0,INCLUDED_OPEN
24,1,1,INCLUDED_OPEN
24,1,2,INCLUDED_OPEN
24,1,3,INCLUDED_OPEN
24,1,4,INCLUDED_OPEN
24,1,5,INCLUDED_LOWDATA
24,2,-7,INCLUDED_OPEN
24,2,-6,INCLUDED_OPEN
24,2,-5,INCLUDED_OPEN
24,2,-4,INCLUDED_OPEN
24,2,-3,INCLUDED_OPEN
24,2,-2,INCLUDED_OPEN
24,2,-1,INCLUDED_LOWDATA
24,2,1,INCLUDED_OPEN
24,2,2,INCLUDED_OPEN
24,2,3,INCLUDED_OPEN
24,2,4,INCLUDED_LOWDATA
24,3,-7,INCLUDED_OPEN
24,3,-6,INCLUDED_OPEN
24,3,-5,INCLUDED_OPEN
24,3,-4,INCLUDED_OPEN
24,3,-3,INCLUDED_OPEN
24,3,-2,INCLUDED_OPEN
24,3,-1,INCLUDED_LOWDATA
24,3,1,INCLUDED_OPEN
24,3,2,INCLUDED_OPEN
24,3,3,INCLUDED_OPEN
24,3,4,INCLUDED_LOWDATA
24,4,-7,INCLUDED_OPEN
24,4,-6,INCLUDED_OPEN
24,4,-5,INCLUDED_OPEN
24,4,-4,INCLUDED_OPEN
24,4,-3,INCLUDED_OPEN
24,4,-2,INCLUDED_OPEN
24,4,-1,INCLUDED_LOWDATA
24,4,1,INCLUDED_OPEN
24,4,2,INCLUDED_OPEN
24,4,3,INCLUDED_OPEN
24,4,4,INCLUDED_OPEN
24,5,-7,INCLUDED_OPEN
24,5,-6,INCLUDED_OPEN
24,5,-5,INCLUDED_OPEN
24,5,-4,INCLUDED_OPEN
24,5,-3,INCLUDED_OPEN
24,5,-2,INCLUDED_OPEN
24,5,-1,INCLUDED_LOWDATA
24,5,0,INCLUDED_LOWDATA
24,5,1,INCLUDED_OPEN
24,5,2,INCLUDED_OPEN
24,5,3,INCLUDED_OPEN
24,5,4,INCLUDED_LOWDATA
24,6,-7,INCLUDED_OPEN
24,6,-6,INCLUDED_OPEN
24,6,-5,INCLUDED_OPEN
24,6,-4,INCLUDED_OPEN
24,6,-3,INCLUDED_OPEN
24,6,-2,INCLUDED_OPEN
24,6,-1,INCLUDED_LOWDATA
24,6,1,INCLUDED_OPEN
24,6,2,INCLUDED_OPEN
24,6,3,INCLUDED_OPEN
24,6,4,INCLUDED_LOWDATA
24,7,-7,INCLUDED_OPEN
24,7,-6,INCLUDED_OPEN
24,7,-5,INCLUDED_OPEN
24,7,-4,INCLUDED_OPEN
24,7,-3,INCLUDED_OPEN
24,7,-2,INCLUDED_OPEN
24,7,-1,INCLUDED_LOWDATA
24,7,1,INCLUDED_OPEN
24,7,2,INCLUDED_OPEN
24,7,3,INCLUDED_OPEN
24,7,4,INCLUDED_LOWDATA
24,8,1,INCLUDED_OPEN
24,8,2,INCLUDED_OPEN
24,8,3,INCLUDED_OPEN
24,8,4,INCLUDED_LOWDATA
24,9,1,INCLUDED_OPEN
24,9,2,INCLUDED_OPEN
24,9,3,INCLUDED_OPEN
24,9,4,INCLUDED_LOWDATA
24,10,1,INCLUDED_OPEN
24,10,2,INCLUDED_OPEN
24,10,3,INCLUDED_OPEN
24,10,4,INCLUDED_LOWDATA
24,11,4,constrained-misc
24,12,1,INCLUDED_OPEN
24,12,2,INCLUDED_OPEN
24,12,3,INCLUDED_OPEN
24,12,4,INCLUDED_LOWDATA
24,12,5,INCLUDED_LOWDATA
24,13,1,INCLUDED_OPEN
24,13,2,INCLUDED_OPEN
24,13,3,INCLUDED_OPEN
24,13,4,INCLUDED_LOWDATA
24,14,1,INCLUDED_OPEN
24,14,2,INCLUDED_OPEN
24,14,3,INCLUDED_OPEN
24,14,4,INCLUDED_LOWDATA
24,15,1,INCLUDED_OPEN
24,15,2,INCLUDED_OPEN
24,15,3,INCLUDED_OPEN
24,15,4,INCLUDED_LOWDATA
24,20,-9,INCLUDED_LOWDATA
24,21,-10,INCLUDED_OPEN
24,21,-9,INCLUDED_OPEN
24,21,-8,INCLUDED_OPEN
24,21,-7,INCLUDED_OPEN
24,21,-6,INCLUDED_OPEN
24,21,-5,INCLUDED_OPEN
24,21,-4,INCLUDED_OPEN
24,21,-3,INCLUDED_OPEN
24,21,-2,INCLUDED_OPEN
24,21,-1,INCLUDED_OPEN
24,21,0,INCLUDED_OPEN
24,21,1,INCLUDED_OPEN
24,21,2,INCLUDED_OPEN
24,21,3,INCLUDED_OPEN
24,21,4,INCLUDED_OPEN
24,22,-10,INCLUDED_LOWDATA
24,22,-9,INCLUDED_OPEN
24,22,-8,INCLUDED_OPEN
24,22,-7,INCLUDED_OPEN
24,22,-6,INCLUDED_OPEN
24,22,-5,INCLUDED_OPEN
24,22,-4,INCLUDED_OPEN
24,22,-3,INCLUDED_OPEN
24,22,-2,INCLUDED_OPEN
24,22,-1,INCLUDED_OPEN
24,22,0,INCLUDED_OPEN
24,22,1,INCLUDED_OPEN
24,22,2,INCLUDED_OPEN
24,22,3,INCLUDED_OPEN
24,22,4,INCLUDED_OPEN
24,23,-10,INCLUDED_OPEN
24,23,-9,INCLUDED_OPEN
24,23,-8,INCLUDED_OPEN
24,23,-7,INCLUDED_OPEN
24,23,-6,INCLUDED_OPEN
24,23,-5,INCLUDED_OPEN
24,23,-4,INCLUDED_OPEN
24,23,-3,INCLUDED_OPEN
24,23,-2,INCLUDED_OPEN
24,23,-1,INCLUDED_OPEN
24,23,0,INCLUDED_OPEN
24,23,1,INCLUDED_OPEN
24,23,2,INCLUDED_OPEN
24,23,3,INCLUDED_OPEN
24,23,4,INCLUDED_OPEN
24,24,-9,INCLUDED_OPEN
24,24,-8,INCLUDED_OPEN
24,24,-7,INCLUDED_OPEN
24,24,-6,INCLUDED_OPEN
24,24,-5,INCLUDED_OPEN
24,24,-4,INCLUDED_OPEN
24,24,-3,INCLUDED_OPEN
24,24,-2,INCLUDED_OPEN
24,24,-1,INCLUDED_OPEN
24,24,0,INCLUDED_OPEN
24,24,1,INCLUDED_OPEN
24,24,2,INCLUDED_OPEN
24,24,3,INCLUDED_OPEN
24,24,4,INCLUDED_OPEN
24,25,-10,INCLUDED_LOWDATA
24,25,-9,INCLUDED_OPEN
24,25,-8,INCLUDED_OPEN
24,25,-7,INCLUDED_OPEN
24,25,-6,INCLUDED_OPEN
24,25,-5,INCLUDED_OPEN
24,25,-4,INCLUDED_OPEN
24,25,-3,INCLUDED_OPEN
24,25,-2,INCLUDED_OPEN
24,25,-1,INCLUDED_OPEN
24,25,0,INCLUDED_OPEN
24,25,1,INCLUDED_OPEN
24,25,2,INCLUDED_OPEN
24,25,3,INCLUDED_OPEN
24,25,4,INCLUDED_OPEN
24,26,-10,INCLUDED_LOWDATA
24,26,-9,INCLUDED_OPEN
24,26,-8,INCLUDED_OPEN
24,26,-7,INCLUDED_OPEN
24,26,-6,INCLUDED_OPEN
24,26,-5,INCLUDED_OPEN
24,26,-4,INCLUDED_OPEN
24,26,-3,INCLUDED_OPEN
24,26,-2,INCLUDED_OPEN
24,26,-1,INCLUDED_OPEN
24,26,0,INCLUDED_OPEN
24,26,1,INCLUDED_OPEN
24,26,2,INCLUDED_OPEN
24,26,3,INCLUDED_OPEN
24,26,4,INCLUDED_OPEN
24,27,-10,INCLUDED_LOWDATA
24,27,-9,INCLUDED_OPEN
24,27,-8,INCLUDED_OPEN
24,27,-7,INCLUDED_OPEN
24,27,-6,INCLUDED_OPEN
24,27,-5,INCLUDED_OPEN
24,27,-4,INCLUDED_OPEN
24,27,-3,INCLUDED_OPEN
24,27,-2,INCLUDED_OPEN
24,27,-1,INCLUDED_OPEN
24,27,0,INCLUDED_OPEN
24,27,1,INCLUDED_OPEN
24,27,2,INCLUDED_OPEN
24,27,3,INCLUDED_OPEN
24,27,4,INCLUDED_OPEN
24,28,-10,INCLUDED_OPEN
24,28,-9,INCLUDED_OPEN
24,28,-8,INCLUDED_OPEN
24,28,-7,INCLUDED_OPEN
24,28,-6,INCLUDED_OPEN
24,28,-5,INCLUDED_OPEN
24,28,-4,INCLUDED_OPEN
24,28,-3,INCLUDED_OPEN
24,28,-2,INCLUDED_OPEN
24,28,-1,INCLUDED_OPEN
24,28,0,INCLUDED_OPEN
24,28,1,INCLUDED_OPEN
24,28,2,INCLUDED_OPEN
24,28,3,INCLUDED_LOWDATA
24,28,4,INCLUDED_LOWDATA
24,29,-10,INCLUDED_LOWDATA
24,29,-9,INCLUDED_OPEN
24,29,-8,INCLUDED_OPEN
24,29,-7,INCLUDED_OPEN
24,29,-6,INCLUDED_OPEN
24,29,-5,INCLUDED_OPEN
24,29,-4,INCLUDED_OPEN
24,29,-3,INCLUDED_OPEN
24,29,-2,INCLUDED_OPEN
24,29,-1,INCLUDED_OPEN
24,29,0,INCLUDED_OPEN
24,29,1,INCLUDED_OPEN
24,29,2,INCLUDED_OPEN
24,29,3,INCLUDED_LOWDATA
24,29,4,INCLUDED_LOWDATA
24,30,-10,INCLUDED_LOWDATA
24,30,-9,INCLUDED_OPEN
24,30,-8,INCLUDED_OPEN
24,30,-7,INCLUDED_OPEN
24,30,-6,INCLUDED_OPEN
24,30,-5,INCLUDED_OPEN
24,30,-4,INCLUDED_OPEN
24,30,-3,INCLUDED_OPEN
24,30,-2,INCLUDED_OPEN
24,30,-1,INCLUDED_OPEN
24,30,0,INCLUDED_OPEN
24,30,1,INCLUDED_OPEN
24,30,2,constrained-misc
24,30,3,INCLUDED_LOWDATA
24,30,4,INCLUDED_LOWDATA
24,31,-10,INCLUDED_LOWDATA
24,31,-9,INCLUDED_OPEN
24,31,-8,INCLUDED_OPEN
24,31,-7,INCLUDED_OPEN
24,31,-6,INCLUDED_OPEN
24,31,-5,INCLUDED_OPEN
24,31,-4,INCLUDED_OPEN
24,31,-3,INCLUDED_OPEN
24,31,-2,INCLUDED_OPEN
24,31,-1,INCLUDED_OPEN
24,31,0,INCLUDED_OPEN
24,31,1,INCLUDED_OPEN
24,31,2,INCLUDED_OPEN
24,31,3,INCLUDED_LOWDATA
24,31,4,INCLUDED_LOWDATA
24,32,-10,INCLUDED_LOWDATA
24,32,-9,INCLUDED_OPEN
24,32,-8,INCLUDED_OPEN
24,32,-7,INCLUDED_OPEN
24,32,-6,INCLUDED_OPEN
24,32,-5,INCLUDED_OPEN
24,32,-4,INCLUDED_OPEN
24,32,-3,INCLUDED_OPEN
24,32,-2,INCLUDED_OPEN
24,32,-1,INCLUDED_OPEN
24,32,0,INCLUDED_LOWDATA
24,32,1,INCLUDED_OPEN
24,32,2,INCLUDED_LOWDATA
24,32,3,INCLUDED_LOWDATA
24,32,4,INCLUDED_LOWDATA
24,33,-9,INCLUDED_OPEN
24,33,-8,INCLUDED_OPEN
24,33,-7,INCLUDED_OPEN
24,33,-6,INCLUDED_OPEN
24,33,-5,INCLUDED_OPEN
24,33,-4,INCLUDED_OPEN
24,33,-3,INCLUDED_OPEN
24,33,-2,INCLUDED_OPEN
24,33,-1,INCLUDED_OPEN
24,33,0,INCLUDED_OPEN
24,33,1,INCLUDED_OPEN
24,33,2,INCLUDED_LOWDATA
24,33,3,INCLUDED_LOWDATA
24,33,4,INCLUDED_LOWDATA
24,34,-9,INCLUDED_OPEN
24,34,-8,INCLUDED_OPEN
24,34,-7,INCLUDED_OPEN
24,34,-6,INCLUDED_OPEN
24,34,-5,INCLUDED_OPEN
24,34,-4,INCLUDED_OPEN
24,34,-3,INCLUDED_OPEN
24,34,-2,INCLUDED_OPEN
24,34,-1,INCLUDED_OPEN
24,34,0,INCLUDED_OPEN
24,34,1,constrained-misc
24,34,2,INCLUDED_OPEN
24,34,3,INCLUDED_LOWDATA
24,34,4,INCLUDED_LOWDATA
25,-24,2,INCLUDED_LOWDATA
25,-24,3,INCLUDED_LOWDATA
25,-23,2,INCLUDED_OPEN
25,-23,3,INCLUDED_OPEN
25,-23,4,INCLUDED_OPEN
25,-22,2,INCLUDED_OPEN
25,-22,3,INCLUDED_OPEN
25,-22,4,INCLUDED_OPEN
25,-21,2,INCLUDED_OPEN
25,-21,3,INCLUDED_OPEN
25,-21,4,INCLUDED_OPEN
25,-20,2,INCLUDED_OPEN
25,-20,3,INCLUDED_OPEN
25,-20,4,INCLUDED_OPEN
25,-19,2,INCLUDED_OPEN
25,-19,3,INCLUDED_OPEN
25,-19,4,INCLUDED_OPEN
25,-13,1,INCLUDED_OPEN
25,-13,2,INCLUDED_OPEN
25,-13,3,INCLUDED_OPEN
25,-13,4,INCLUDED_LOWDATA
25,-12,1,INCLUDED_OPEN
25,-12,2,INCLUDED_OPEN
25,-12,3,INCLUDED_OPEN
25,-12,4,INCLUDED_LOWDATA
25,-11,1,INCLUDED_OPEN
25,-11,2,INCLUDED_OPEN
25,-11,3,INCLUDED_OPEN
25,-11,4,INCLUDED_LOWDATA
25,-10,-7,INCLUDED_OPEN
25,-10,-6,INCLUDED_OPEN
25,-10,-5,INCLUDED_OPEN
25,-10,-4,INCLUDED_OPEN
25,-10,-3,INCLUDED_OPEN
25,-10,-2,INCLUDED_OPEN
25,-10,-1,INCLUDED_LOWDATA
25,-10,1,INCLUDED_OPEN
25,-10,2,INCLUDED_OPEN
25,-10,3,INCLUDED_OPEN
25,-10,4,INCLUDED_LOWDATA
25,-9,-7,INCLUDED_OPEN
25,-9,-6,INCLUDED_OPEN
25,-9,-5,INCLUDED_OPEN
25,-9,-4,INCLUDED_OPEN
25,-9,-3,INCLUDED_OPEN
25,-9,-2,INCLUDED_OPEN
25,-9,-1,INCLUDED_LOWDATA
25,-9,1,INCLUDED_OPEN
25,-9,2,INCLUDED_OPEN
25,-9,3,INCLUDED_OPEN
25,-9,4,INCLUDED_LOWDATA
25,-8,-7,INCLUDED_OPEN
25,-8,-6,INCLUDED_OPEN
25,-8,-5,INCLUDED_OPEN
25,-8,-4,INCLUDED_OPEN
25,-8,-3,INCLUDED_OPEN
25,-8,-2,INCLUDED_OPEN
25,-8,-1,INCLUDED_LOWDATA
25,-8,1,INCLUDED_OPEN
25,-8,2,INCLUDED_OPEN
25,-8,3,INCLUDED_OPEN
25,-8,4,INCLUDED_LOWDATA
25,-7,-8,INCLUDED_LOWDATA
25,-7,-7,INCLUDED_OPEN
25,-7,-6,INCLUDED_OPEN
25,-7,-5,INCLUDED_OPEN
25,-7,-4,INCLUDED_OPEN
25,-7,-3,INCLUDED_OPEN
25,-7,-2,INCLUDED_OPEN
25,-7,-1,INCLUDED_LOWDATA
25,-7,1,INCLUDED_OPEN
25,-7,2,INCLUDED_OPEN
25,-7,3,INCLUDED_OPEN
25,-7,4,INCLUDED_LOWDATA
25,-6,-7,INCLUDED_OPEN
25,-6,-6,INCLUDED_OPEN
25,-6,-5,INCLUDED_OPEN
25,-6,-4,INCLUDED_OPEN
25,-6,-3,INCLUDED_OPEN
25,-6,-2,INCLUDED_OPEN
25,-6,-1,INCLUDED_LOWDATA
25,-6,1,INCLUDED_OPEN
25,-6,2,INCLUDED_OPEN
25,-6,3,INCLUDED_OPEN
25,-6,4,INCLUDED_LOWDATA
25,-5,-7,INCLUDED_OPEN
25,-5,-6,INCLUDED_OPEN
25,-5,-5,INCLUDED_OPEN
25,-5,-4,INCLUDED_OPEN
25,-5,-3,INCLUDED_OPEN
25,-5,-2,INCLUDED_OPEN
25,-5,-1,INCLUDED_LOWDATA
25,-5,1,INCLUDED_OPEN
25,-5,2,INCLUDED_OPEN
25,-5,3,INCLUDED_OPEN
25,-5,4,INCLUDED_LOWDATA
25,-4,-7,INCLUDED_OPEN
25,-4,-6,INCLUDED_OPEN
25,-4,-5,INCLUDED_OPEN
25,-4,-4,INCLUDED_OPEN
25,-4,-3,INCLUDED_OPEN
25,-4,-2,INCLUDED_OPEN
25,-4,-1,INCLUDED_LOWDATA
25,-4,1,INCLUDED_OPEN
25,-4,2,INCLUDED_OPEN
25,-4,3,INCLUDED_OPEN
25,-4,4,INCLUDED_LOWDATA
25,-3,-7,INCLUDED_OPEN
25,-3,-6,INCLUDED_OPEN
25,-3,-5,INCLUDED_OPEN
25,-3,-4,INCLUDED_OPEN
25,-3,-3,INCLUDED_OPEN
25,-3,-2,INCLUDED_OPEN
25,-3,-1,INCLUDED_LOWDATA
25,-3,1,INCLUDED_OPEN
25,-3,2,INCLUDED_OPEN
25,-3,3,INCLUDED_OPEN
25,-3,4,INCLUDED_LOWDATA
25,-2,-7,INCLUDED_OPEN
25,-2,-6,INCLUDED_OPEN
25,-2,-5,INCLUDED_OPEN
25,-2,-4,INCLUDED_OPEN
25,-2,-3,INCLUDED_OPEN
25,-2,-2,INCLUDED_OPEN
25,-2,-1,INCLUDED_OPEN
25,-2,0,INCLUDED_OPEN
25,-2,1,INCLUDED_OPEN
25,-2,2,INCLUDED_OPEN
25,-2,3,INCLUDED_OPEN
25,-2,4,INCLUDED_OPEN
25,-2,5,INCLUDED_LOWDATA
25,-1,-7,INCLUDED_OPEN
25,-1,-6,INCLUDED_OPEN
25,-1,-5,INCLUDED_OPEN
25,-1,-4,INCLUDED_OPEN
25,-1,-3,INCLUDED_OPEN
25,-1,-2,INCLUDED_OPEN
25,-1,-1,INCLUDED_OPEN
25,-1,0,INCLUDED_OPEN
25,-1,1,INCLUDED_OPEN
25,-1,2,INCLUDED_OPEN
25,-1,3,INCLUDED_OPEN
25,-1,4,INCLUDED_OPEN
25,0,-7,INCLUDED_OPEN
25,0,-6,INCLUDED_OPEN
25,0,-5,INCLUDED_OPEN
25,0,-4,INCLUDED_OPEN
25,0,-3,INCLUDED_OPEN
25,0,-2,INCLUDED_OPEN
25,0,-1,INCLUDED_LOWDATA
25,0,0,INCLUDED_LOWDATA
25,0,1,INCLUDED_OPEN
25,0,2,INCLUDED_OPEN
25,0,3,INCLUDED_OPEN
25,0,4,INCLUDED_LOWDATA
25,1,-7,INCLUDED_OPEN
25,1,-6,INCLUDED_OPEN
25,1,-5,INCLUDED_OPEN
25,1,-4,INCLUDED_OPEN
25,1,-3,INCLUDED_OPEN
25,1,-2,INCLUDED_OPEN
25,1,-1,INCLUDED_LOWDATA
25,1,1,INCLUDED_OPEN
25,1,2,INCLUDED_OPEN
25,1,3,INCLUDED_OPEN
25,1,4,INCLUDED_LOWDATA
25,2,-7,INCLUDED_OPEN
25,2,-6,INCLUDED_OPEN
25,2,-5,INCLUDED_OPEN
25,2,-4,INCLUDED_OPEN
25,2,-3,INCLUDED_OPEN
25,2,-2,INCLUDED_OPEN
25,2,-1,INCLUDED_LOWDATA
25,2,1,INCLUDED_OPEN
25,2,2,INCLUDED_OPEN
25,2,3,INCLUDED_OPEN
25,2,4,INCLUDED_LOWDATA
25,3,-7,INCLUDED_OPEN
25,3,-6,INCLUDED_OPEN
25,3,-5,INCLUDED_OPEN
25,3,-4,INCLUDED_OPEN
25,3,-3,INCLUDED_OPEN
25,3,-2,INCLUDED_OPEN
25,3,1,INCLUDED_OPEN
25,3,2,INCLUDED_OPEN
25,3,3,INCLUDED_OPEN
25,3,4,INCLUDED_LOWDATA
25,4,-7,INCLUDED_OPEN
25,4,-6,INCLUDED_OPEN
25,4,-5,INCLUDED_OPEN
25,4,-4,INCLUDED_OPEN
25,4,-3,INCLUDED_OPEN
25,4,-2,INCLUDED_OPEN
25,4,-1,INCLUDED_LOWDATA
25,4,1,INCLUDED_OPEN
25,4,2,INCLUDED_OPEN
25,4,3,INCLUDED_OPEN
25,4,4,INCLUDED_LOWDATA
25,5,-7,INCLUDED_OPEN
25,5,-6,INCLUDED_OPEN
25,5,-5,INCLUDED_OPEN
25,5,-4,INCLUDED_OPEN
25,5,-3,INCLUDED_OPEN
25,5,-2,INCLUDED_OPEN
25,5,-1,INCLUDED_LOWDATA
25,5,0,INCLUDED_LOWDATA
25,5,1,INCLUDED_OPEN
25,5,2,INCLUDED_OPEN
25,5,3,INCLUDED_OPEN
25,5,4,INCLUDED_LOWDATA
25,6,-7,INCLUDED_OPEN
25,6,-6,INCLUDED_OPEN
25,6,-5,INCLUDED_OPEN
25,6,-4,INCLUDED_OPEN
25,6,-3,INCLUDED_OPEN
25,6,-2,INCLUDED_OPEN
25,6,-1,INCLUDED_LOWDATA
25,6,1,INCLUDED_OPEN
25,6,2,INCLUDED_OPEN
25,6,3,INCLUDED_OPEN
25,6,4,INCLUDED_LOWDATA
25,7,-7,INCLUDED_OPEN
25,7,-6,INCLUDED_OPEN
25,7,-5,INCLUDED_OPEN
25,7,-4,INCLUDED_OPEN
25,7,-3,INCLUDED_OPEN
25,7,-2,INCLUDED_OPEN
25,7,-1,INCLUDED_LOWDATA
25,7,1,INCLUDED_OPEN
25,7,2,INCLUDED_OPEN
25,7,3,INCLUDED_OPEN
25,7,4,INCLUDED_LOWDATA
25,8,1,INCLUDED_OPEN
25,8,2,INCLUDED_OPEN
25,8,3,INCLUDED_OPEN
25,8,4,INCLUDED_LOWDATA
25,9,1,INCLUDED_OPEN
25,9,2,INCLUDED_OPEN
25,9,3,INCLUDED_OPEN
25,9,4,INCLUDED_LOWDATA
25,10,1,INCLUDED_OPEN
25,10,2,INCLUDED_OPEN
25,10,3,INCLUDED_OPEN
25,10,4,INCLUDED_OPEN
25,12,1,INCLUDED_OPEN
25,12,2,INCLUDED_OPEN
25,12,3,INCLUDED_OPEN
25,12,4,INCLUDED_OPEN
25,12,5,INCLUDED_LOWDATA
25,13,1,INCLUDED_OPEN
25,13,2,INCLUDED_OPEN
25,13,3,INCLUDED_OPEN
25,13,4,INCLUDED_OPEN
25,13,5,constrained-misc
25,14,1,INCLUDED_OPEN
25,14,2,INCLUDED_OPEN
25,14,3,INCLUDED_OPEN
25,14,4,INCLUDED_OPEN
25,15,1,INCLUDED_OPEN
25,15,2,INCLUDED_OPEN
25,15,3,INCLUDED_OPEN
25,15,4,INCLUDED_OPEN
25,16,1,constrained-misc
25,16,2,INCLUDED_OPEN
25,16,3,INCLUDED_OPEN
25,16,4,INCLUDED_LOWDATA
25,17,2,INCLUDED_OPEN
25,21,-10,INCLUDED_OPEN
25,21,-9,INCLUDED_OPEN
25,21,-8,INCLUDED_OPEN
25,21,-7,INCLUDED_OPEN
25,21,-6,INCLUDED_OPEN
25,21,-5,INCLUDED_OPEN
25,21,-4,INCLUDED_OPEN
25,21,-3,INCLUDED_OPEN
25,21,-2,INCLUDED_OPEN
25,21,-1,INCLUDED_OPEN
25,21,0,INCLUDED_OPEN
25,21,1,INCLUDED_OPEN
25,21,2,INCLUDED_OPEN
25,21,3,INCLUDED_OPEN
25,21,4,INCLUDED_OPEN
25,22,-10,INCLUDED_OPEN
25,22,-9,INCLUDED_OPEN
25,22,-8,INCLUDED_OPEN
25,22,-7,INCLUDED_OPEN
25,22,-6,INCLUDED_OPEN
25,22,-5,INCLUDED_OPEN
25,22,-4,INCLUDED_OPEN
25,22,-3,INCLUDED_OPEN
25,22,-2,INCLUDED_OPEN
25,22,-1,INCLUDED_OPEN
25,22,0,INCLUDED_OPEN
25,22,1,INCLUDED_OPEN
25,22,2,INCLUDED_OPEN
25,22,3,INCLUDED_OPEN
25,22,4,INCLUDED_OPEN
25,23,-10,INCLUDED_OPEN
25,23,-9,INCLUDED_OPEN
25,23,-8,INCLUDED_OPEN
25,23,-7,INCLUDED_OPEN
25,23,-6,INCLUDED_OPEN
25,23,-5,INCLUDED_OPEN
25,23,-4,INCLUDED_OPEN
25,23,-3,INCLUDED_OPEN
25,23,-2,INCLUDED_OPEN
25,23,-1,INCLUDED_OPEN
25,23,0,INCLUDED_OPEN
25,23,1,INCLUDED_OPEN
25,23,2,INCLUDED_OPEN
25,23,3,INCLUDED_OPEN
25,23,4,INCLUDED_OPEN
25,24,-10,INCLUDED_OPEN
25,24,-9,INCLUDED_OPEN
25,24,-8,INCLUDED_OPEN
25,24,-7,INCLUDED_OPEN
25,24,-6,INCLUDED_OPEN
25,24,-5,INCLUDED_OPEN
25,24,-4,INCLUDED_OPEN
25,24,-3,INCLUDED_OPEN
25,24,-2,INCLUDED_OPEN
25,24,-1,INCLUDED_OPEN
25,24,0,INCLUDED_OPEN
25,24,1,INCLUDED_OPEN
25,24,2,INCLUDED_OPEN
25,24,3,INCLUDED_OPEN
25,24,4,INCLUDED_OPEN
25,25,-10,INCLUDED_OPEN
25,25,-9,INCLUDED_OPEN
25,25,-8,INCLUDED_OPEN
25,25,-7,INCLUDED_OPEN
25,25,-6,INCLUDED_OPEN
25,25,-5,INCLUDED_OPEN
25,25,-4,INCLUDED_OPEN
25,25,-3,INCLUDED_OPEN
25,25,-2,INCLUDED_OPEN
25,25,-1,INCLUDED_OPEN
25,25,0,INCLUDED_OPEN
25,25,1,INCLUDED_OPEN
25,25,2,INCLUDED_OPEN
25,25,3,INCLUDED_OPEN
25,25,4,INCLUDED_OPEN
25,26,-10,INCLUDED_OPEN
25,26,-9,INCLUDED_OPEN
25,26,-8,INCLUDED_OPEN
25,26,-7,INCLUDED_OPEN
25,26,-6,INCLUDED_OPEN
25,26,-5,INCLUDED_OPEN
25,26,-4,INCLUDED_OPEN
25,26,-3,INCLUDED_OPEN
25,26,-2,INCLUDED_OPEN
25,26,-1,INCLUDED_OPEN
25,26,0,INCLUDED_OPEN
25,26,1,INCLUDED_OPEN
25,26,2,INCLUDED_OPEN
25,26,3,INCLUDED_OPEN
25,26,4,INCLUDED_OPEN
25,27,-10,INCLUDED_LOWDATA
25,27,-9,INCLUDED_OPEN
25,27,-8,INCLUDED_OPEN
25,27,-7,INCLUDED_OPEN
25,27,-6,INCLUDED_OPEN
25,27,-5,INCLUDED_OPEN
25,27,-4,INCLUDED_OPEN
25,27,-3,INCLUDED_OPEN
25,27,-2,INCLUDED_OPEN
25,27,-1,INCLUDED_OPEN
25,27,0,INCLUDED_OPEN
25,27,1,INCLUDED_OPEN
25,27,2,INCLUDED_OPEN
25,27,3,INCLUDED_OPEN
25,27,4,INCLUDED_OPEN
25,28,-10,INCLUDED_OPEN
25,28,-9,INCLUDED_OPEN
25,28,-8,INCLUDED_OPEN
25,28,-7,INCLUDED_OPEN
25,28,-6,INCLUDED_OPEN
25,28,-5,INCLUDED_OPEN
25,28,-4,INCLUDED_OPEN
25,28,-3,INCLUDED_OPEN
25,28,-2,INCLUDED_OPEN
25,28,-1,INCLUDED_OPEN
25,28,0,INCLUDED_OPEN
25,28,1,INCLUDED_OPEN
25,28,2,INCLUDED_OPEN
25,28,3,INCLUDED_OPEN
25,28,4,INCLUDED_LOWDATA
25,29,-10,INCLUDED_OPEN
25,29,-9,INCLUDED_OPEN
25,29,-8,INCLUDED_OPEN
25,29,-7,INCLUDED_OPEN
25,29,-6,INCLUDED_OPEN
25,29,-5,INCLUDED_OPEN
25,29,-4,INCLUDED_OPEN
25,29,-3,INCLUDED_OPEN
25,29,-2,INCLUDED_OPEN
25,29,-1,INCLUDED_OPEN
25,29,0,INCLUDED_OPEN
25,29,1,INCLUDED_OPEN
25,29,2,INCLUDED_OPEN
25,29,3,INCLUDED_LOWDATA
25,29,4,INCLUDED_OPEN
25,30,-10,INCLUDED_LOWDATA
25,30,-9,INCLUDED_OPEN
25,30,-8,INCLUDED_OPEN
25,30,-7,INCLUDED_OPEN
25,30,-6,INCLUDED_OPEN
25,30,-5,INCLUDED_OPEN
25,30,-4,INCLUDED_OPEN
25,30,-3,INCLUDED_OPEN
25,30,-2,INCLUDED_OPEN
25,30,-1,INCLUDED_OPEN
25,30,0,INCLUDED_OPEN
25,30,1,INCLUDED_OPEN
25,30,2,INCLUDED_OPEN
25,30,3,INCLUDED_LOWDATA
25,30,4,INCLUDED_LOWDATA
25,31,-10,INCLUDED_LOWDATA
25,31,-9,INCLUDED_OPEN
25,31,-8,INCLUDED_OPEN
25,31,-7,INCLUDED_OPEN
25,31,-6,INCLUDED_OPEN
25,31,-5,INCLUDED_OPEN
25,31,-4,INCLUDED_OPEN
25,31,-3,INCLUDED_OPEN
25,31,-2,INCLUDED_OPEN
25,31,-1,INCLUDED_OPEN
25,31,0,INCLUDED_OPEN
25,31,1,INCLUDED_OPEN
25,31,2,INCLUDED_OPEN
25,31,3,INCLUDED_LOWDATA
25,32,-10,INCLUDED_LOWDATA
25,32,-9,INCLUDED_OPEN
25,32,-8,INCLUDED_OPEN
25,32,-7,INCLUDED_OPEN
25,32,-6,INCLUDED_OPEN
25,32,-5,INCLUDED_OPEN
25,32,-4,INCLUDED_OPEN
25,32,-3,INCLUDED_OPEN
25,32,-2,INCLUDED_OPEN
25,32,-1,INCLUDED_OPEN
25,32,0,INCLUDED_LOWDATA
25,32,1,INCLUDED_OPEN
25,32,2,INCLUDED_LOWDATA
25,32,3,INCLUDED_LOWDATA
25,32,4,INCLUDED_LOWDATA
25,33,-10,constrained-misc
25,33,-9,INCLUDED_OPEN
25,33,-8,INCLUDED_OPEN
25,33,-7,INCLUDED_OPEN
25,33,-6,INCLUDED_OPEN
25,33,-5,INCLUDED_OPEN
25,33,-4,INCLUDED_OPEN
25,33,-3,INCLUDED_OPEN
25,33,-2,INCLUDED_OPEN
25,33,-1,INCLUDED_OPEN
25,33,0,INCLUDED_LOWDATA
25,33,1,INCLUDED_OPEN
25,33,2,INCLUDED_LOWDATA
25,33,3,INCLUDED_LOWDATA
25,33,4,INCLUDED_LOWDATA
25,34,-9,INCLUDED_OPEN
25,34,-8,INCLUDED_OPEN
25,34,-7,INCLUDED_OPEN
25,34,-6,INCLUDED_OPEN
25,34,-5,INCLUDED_OPEN
25,34,-4,INCLUDED_OPEN
25,34,-3,INCLUDED_OPEN
25,34,-2,INCLUDED_OPEN
25,34,-1,INCLUDED_OPEN
25,34,0,INCLUDED_OPEN
25,34,1,INCLUDED_OPEN
25,34,2,INCLUDED_OPEN
25,34,3,INCLUDED_LOWDATA
25,34,4,INCLUDED_LOWDATA
26,-25,2,INCLUDED_LOWDATA
26,-25,3,INCLUDED_LOWDATA
26,-24,2,INCLUDED_OPEN
26,-24,3,INCLUDED_OPEN
26,-24,4,INCLUDED_OPEN
26,-23,2,INCLUDED_OPEN
26,-23,3,INCLUDED_OPEN
26,-23,4,INCLUDED_OPEN
26,-22,2,INCLUDED_OPEN
26,-22,3,INCLUDED_OPEN
26,-22,4,INCLUDED_OPEN
26,-21,2,INCLUDED_OPEN
26,-21,3,INCLUDED_OPEN
26,-21,4,INCLUDED_OPEN
26,-20,2,INCLUDED_OPEN
26,-20,3,INCLUDED_OPEN
26,-20,4,INCLUDED_OPEN
26,-19,2,INCLUDED_OPEN
26,-19,3,INCLUDED_OPEN
26,-19,4,INCLUDED_OPEN
26,-13,1,INCLUDED_OPEN
26,-13,2,INCLUDED_OPEN
26,-13,3,INCLUDED_OPEN
26,-13,4,INCLUDED_LOWDATA
26,-12,0,INCLUDED_LOWDATA
26,-12,1,INCLUDED_OPEN
26,-12,2,INCLUDED_OPEN
26,-12,3,INCLUDED_OPEN
26,-12,4,INCLUDED_LOWDATA
26,-11,1,INCLUDED_OPEN
26,-11,2,INCLUDED_OPEN
26,-11,3,INCLUDED_OPEN
26,-11,4,INCLUDED_LOWDATA
26,-10,-7,INCLUDED_OPEN
26,-10,-6,INCLUDED_OPEN
26,-10,-5,INCLUDED_OPEN
26,-10,-4,INCLUDED_OPEN
26,-10,-3,INCLUDED_OPEN
26,-10,-2,INCLUDED_OPEN
26,-10,-1,INCLUDED_LOWDATA
26,-10,1,INCLUDED_OPEN
26,-10,2,INCLUDED_OPEN
26,-10,3,INCLUDED_OPEN
26,-10,4,INCLUDED_LOWDATA
26,-9,-7,INCLUDED_OPEN
26,-9,-6,INCLUDED_OPEN
26,-9,-5,INCLUDED_OPEN
26,-9,-4,INCLUDED_OPEN
26,-9,-3,INCLUDED_OPEN
26,-9,-2,INCLUDED_OPEN
26,-9,-1,INCLUDED_LOWDATA
26,-9,1,INCLUDED_OPEN
26,-9,2,INCLUDED_OPEN
26,-9,3,INCLUDED_OPEN
26,-9,4,INCLUDED_LOWDATA
26,-8,-7,INCLUDED_OPEN
26,-8,-6,INCLUDED_OPEN
26,-8,-5,INCLUDED_OPEN
26,-8,-4,INCLUDED_OPEN
26,-8,-3,INCLUDED_OPEN
26,-8,-2,INCLUDED_OPEN
26,-8,-1,INCLUDED_LOWDATA
26,-8,1,INCLUDED_OPEN
26,-8,2,INCLUDED_OPEN
26,-8,3,INCLUDED_OPEN
26,-8,4,INCLUDED_LOWDATA
26,-7,-8,INCLUDED_LOWDATA
26,-7,-7,INCLUDED_OPEN
26,-7,-6,INCLUDED_OPEN
26,-7,-5,INCLUDED_OPEN
26,-7,-4,INCLUDED_OPEN
26,-7,-3,INCLUDED_OPEN
26,-7,-2,INCLUDED_OPEN
26,-7,-1,INCLUDED_LOWDATA
26,-7,1,INCLUDED_OPEN
26,-7,2,INCLUDED_OPEN
26,-7,3,INCLUDED_OPEN
26,-7,4,INCLUDED_LOWDATA
26,-6,-7,INCLUDED_OPEN
26,-6,-6,INCLUDED_OPEN
26,-6,-5,INCLUDED_OPEN
26,-6,-4,INCLUDED_OPEN
26,-6,-3,INCLUDED_OPEN
26,-6,-2,INCLUDED_OPEN
26,-6,-1,INCLUDED_LOWDATA
26,-6,1,INCLUDED_OPEN
26,-6,2,INCLUDED_OPEN
26,-6,3,INCLUDED_OPEN
26,-6,4,INCLUDED_LOWDATA
26,-5,-7,INCLUDED_OPEN
26,-5,-6,INCLUDED_OPEN
26,-5,-5,INCLUDED_OPEN
26,-5,-4,INCLUDED_OPEN
26,-5,-3,INCLUDED_OPEN
26,-5,-2,INCLUDED_OPEN
26,-5,-1,INCLUDED_LOWDATA
26,-5,1,INCLUDED_OPEN
26,-5,2,INCLUDED_OPEN
26,-5,3,INCLUDED_OPEN
26,-5,4,INCLUDED_LOWDATA
26,-4,-7,INCLUDED_OPEN
26,-4,-6,INCLUDED_OPEN
26,-4,-5,INCLUDED_OPEN
26,-4,-4,INCLUDED_OPEN
26,-4,-3,INCLUDED_OPEN
26,-4,-2,INCLUDED_OPEN
26,-4,-1,INCLUDED_LOWDATA
26,-4,1,INCLUDED_OPEN
26,-4,2,INCLUDED_OPEN
26,-4,3,INCLUDED_OPEN
26,-4,4,INCLUDED_LOWDATA
26,-3,-7,INCLUDED_OPEN
26,-3,-6,INCLUDED_OPEN
26,-3,-5,INCLUDED_OPEN
26,-3,-4,INCLUDED_OPEN
26,-3,-3,INCLUDED_OPEN
26,-3,-2,INCLUDED_OPEN
26,-3,-1,INCLUDED_LOWDATA
26,-3,1,INCLUDED_OPEN
26,-3,2,INCLUDED_OPEN
26,-3,3,INCLUDED_OPEN
26,-3,4,INCLUDED_LOWDATA
26,-2,-7,INCLUDED_OPEN
26,-2,-6,INCLUDED_OPEN
26,-2,-5,INCLUDED_OPEN
26,-2,-4,INCLUDED_OPEN
26,-2,-3,INCLUDED_OPEN
26,-2,-2,INCLUDED_OPEN
26,-2,-1,INCLUDED_LOWDATA
26,-2,1,INCLUDED_LOWDATA
26,-1,-7,INCLUDED_OPEN
26,-1,-6,INCLUDED_OPEN
26,-1,-5,INCLUDED_OPEN
26,-1,-4,INCLUDED_OPEN
26,-1,-3,INCLUDED_OPEN
26,-1,-2,INCLUDED_OPEN
26,-1,-1,INCLUDED_LOWDATA
26,-1,1,INCLUDED_LOWDATA
26,0,-7,INCLUDED_OPEN
26,0,-6,INCLUDED_OPEN
26,0,-5,INCLUDED_OPEN
26,0,-4,INCLUDED_OPEN
26,0,-3,INCLUDED_OPEN
26,0,-2,INCLUDED_OPEN
26,0,-1,INCLUDED_LOWDATA
26,0,1,INCLUDED_OPEN
26,0,2,INCLUDED_OPEN
26,0,3,INCLUDED_OPEN
26,0,4,INCLUDED_LOWDATA
26,1,-7,INCLUDED_OPEN
26,1,-6,INCLUDED_OPEN
26,1,-5,INCLUDED_OPEN
26,1,-4,INCLUDED_OPEN
26,1,-3,INCLUDED_OPEN
26,1,-2,INCLUDED_OPEN
26,1,-1,INCLUDED_LOWDATA
26,1,1,INCLUDED_OPEN
26,1,2,INCLUDED_OPEN
26,1,3,INCLUDED_OPEN
26,1,4,INCLUDED_LOWDATA
26,2,-7,INCLUDED_OPEN
26,2,-6,INCLUDED_OPEN
26,2,-5,INCLUDED_OPEN
26,2,-4,INCLUDED_OPEN
26,2,-3,INCLUDED_OPEN
26,2,-2,INCLUDED_OPEN
26,2,-1,INCLUDED_LOWDATA
26,2,1,INCLUDED_OPEN
26,2,2,INCLUDED_OPEN
26,2,3,INCLUDED_OPEN
26,2,4,INCLUDED_LOWDATA
26,2,5,INCLUDED_LOWDATA
26,3,-7,INCLUDED_OPEN
26,3,-6,INCLUDED_OPEN
26,3,-5,INCLUDED_OPEN
26,3,-4,INCLUDED_OPEN
26,3,-3,INCLUDED_OPEN
26,3,-2,INCLUDED_OPEN
26,3,-1,INCLUDED_LOWDATA
26,3,1,INCLUDED_OPEN
26,3,2,INCLUDED_OPEN
26,3,3,INCLUDED_OPEN
26,3,4,INCLUDED_LOWDATA
26,3,5,INCLUDED_LOWDATA
26,4,-7,INCLUDED_OPEN
26,4,-6,INCLUDED_OPEN
26,4,-5,INCLUDED_OPEN
26,4,-4,INCLUDED_OPEN
26,4,-3,INCLUDED_OPEN
26,4,-2,INCLUDED_OPEN
26,4,-1,INCLUDED_LOWDATA
26,4,1,INCLUDED_OPEN
26,4,2,INCLUDED_OPEN
26,4,3,INCLUDED_OPEN
26,4,4,INCLUDED_LOWDATA
26,5,-7,INCLUDED_OPEN
26,5,-6,INCLUDED_OPEN
26,5,-5,INCLUDED_OPEN
26,5,-4,INCLUDED_OPEN
26,5,-3,INCLUDED_OPEN
26,5,-2,INCLUDED_OPEN
26,5,-1,INCLUDED_LOWDATA
26,5,0,INCLUDED_LOWDATA
26,5,1,INCLUDED_OPEN
26,5,2,INCLUDED_OPEN
26,5,3,INCLUDED_OPEN
26,5,4,INCLUDED_LOWDATA
26,6,-7,INCLUDED_OPEN
26,6,-6,INCLUDED_OPEN
26,6,-5,INCLUDED_OPEN
26,6,-4,INCLUDED_OPEN
26,6,-3,INCLUDED_OPEN
26,6,-2,INCLUDED_OPEN
26,6,-1,INCLUDED_LOWDATA
26,6,0,INCLUDED_LOWDATA
26,6,1,INCLUDED_OPEN
26,6,2,INCLUDED_OPEN
26,6,3,INCLUDED_OPEN
26,6,4,INCLUDED_LOWDATA
26,7,-7,INCLUDED_OPEN
26,7,-6,INCLUDED_OPEN
26,7,-5,INCLUDED_OPEN
26,7,-4,INCLUDED_OPEN
26,7,-3,INCLUDED_OPEN
26,7,-2,INCLUDED_OPEN
26,7,-1,INCLUDED_LOWDATA
26,7,0,INCLUDED_LOWDATA
26,7,1,INCLUDED_OPEN
26,7,2,INCLUDED_OPEN
26,7,3,INCLUDED_OPEN
26,7,4,INCLUDED_LOWDATA
26,8,1,INCLUDED_OPEN
26,8,2,INCLUDED_OPEN
26,8,3,INCLUDED_OPEN
26,8,4,INCLUDED_LOWDATA
26,9,1,INCLUDED_OPEN
26,9,2,INCLUDED_OPEN
26,9,3,INCLUDED_OPEN
26,9,4,INCLUDED_LOWDATA
26,10,1,INCLUDED_OPEN
26,10,2,INCLUDED_OPEN
26,10,3,INCLUDED_OPEN
26,10,4,INCLUDED_LOWDATA
26,12,1,INCLUDED_OPEN
26,12,2,INCLUDED_OPEN
26,12,3,INCLUDED_OPEN
26,12,4,INCLUDED_OPEN
26,13,1,INCLUDED_OPEN
26,13,2,INCLUDED_OPEN
26,13,3,INCLUDED_OPEN
26,13,4,INCLUDED_OPEN
26,13,5,INCLUDED_LOWDATA
26,14,1,INCLUDED_OPEN
26,14,2,INCLUDED_OPEN
26,14,3,INCLUDED_OPEN
26,14,4,INCLUDED_OPEN
26,15,1,INCLUDED_OPEN
26,15,2,INCLUDED_OPEN
26,15,3,INCLUDED_OPEN
26,15,4,INCLUDED_OPEN
26,16,1,INCLUDED_OPEN
26,16,2,INCLUDED_OPEN
26,16,3,INCLUDED_OPEN
26,16,4,INCLUDED_LOWDATA
26,21,-10,INCLUDED_OPEN
26,21,-9,INCLUDED_OPEN
26,21,-8,INCLUDED_OPEN
26,21,-7,INCLUDED_OPEN
26,21,-6,INCLUDED_OPEN
26,21,-5,INCLUDED_OPEN
26,21,-4,INCLUDED_OPEN
26,21,-3,INCLUDED_OPEN
26,21,-2,INCLUDED_OPEN
26,21,-1,INCLUDED_OPEN
26,21,0,INCLUDED_OPEN
26,21,1,INCLUDED_OPEN
26,21,2,INCLUDED_OPEN
26,21,3,INCLUDED_OPEN
26,21,4,INCLUDED_OPEN
26,22,-10,INCLUDED_OPEN
26,22,-9,INCLUDED_OPEN
26,22,-8,INCLUDED_OPEN
26,22,-7,INCLUDED_OPEN
26,22,-6,INCLUDED_OPEN
26,22,-5,INCLUDED_OPEN
26,22,-4,INCLUDED_OPEN
26,22,-3,INCLUDED_OPEN
26,22,-2,INCLUDED_OPEN
26,22,-1,INCLUDED_OPEN
26,22,0,INCLUDED_OPEN
26,22,1,INCLUDED_OPEN
26,22,2,INCLUDED_OPEN
26,22,3,INCLUDED_OPEN
26,22,4,INCLUDED_OPEN
26,23,-10,INCLUDED_OPEN
26,23,-9,INCLUDED_OPEN
26,23,-8,INCLUDED_OPEN
26,23,-7,INCLUDED_OPEN
26,23,-6,INCLUDED_OPEN
26,23,-5,INCLUDED_OPEN
26,23,-4,INCLUDED_OPEN
26,23,-3,INCLUDED_OPEN
26,23,-2,INCLUDED_OPEN
26,23,-1,INCLUDED_OPEN
26,23,0,INCLUDED_OPEN
26,23,1,INCLUDED_OPEN
26,23,2,INCLUDED_OPEN
26,23,3,INCLUDED_OPEN
26,23,4,INCLUDED_OPEN
26,24,-10,INCLUDED_OPEN
26,24,-9,INCLUDED_OPEN
26,24,-8,INCLUDED_OPEN
26,24,-7,INCLUDED_OPEN
26,24,-6,INCLUDED_OPEN
26,24,-5,INCLUDED_OPEN
26,24,-4,INCLUDED_OPEN
26,24,-3,INCLUDED_OPEN
26,24,-2,INCLUDED_OPEN
26,24,-1,INCLUDED_OPEN
26,24,0,INCLUDED_OPEN
26,24,1,INCLUDED_OPEN
26,24,2,INCLUDED_OPEN
26,24,3,INCLUDED_OPEN
26,24,4,INCLUDED_OPEN
26,25,-10,INCLUDED_OPEN
26,25,-9,INCLUDED_OPEN
26,25,-8,INCLUDED_OPEN
26,25,-7,INCLUDED_OPEN
26,25,-6,INCLUDED_OPEN
26,25,-5,INCLUDED_OPEN
26,25,-4,INCLUDED_OPEN
26,25,-3,INCLUDED_OPEN
26,25,-2,INCLUDED_OPEN
26,25,-1,INCLUDED_OPEN
26,25,0,INCLUDED_OPEN
26,25,1,INCLUDED_OPEN
26,25,2,INCLUDED_OPEN
26,25,3,INCLUDED_OPEN
26,25,4,INCLUDED_OPEN
26,26,-10,INCLUDED_OPEN
26,26,-9,INCLUDED_OPEN
26,26,-8,INCLUDED_OPEN
26,26,-7,INCLUDED_OPEN
26,26,-6,INCLUDED_OPEN
26,26,-5,INCLUDED_OPEN
26,26,-4,INCLUDED_OPEN
26,26,-3,INCLUDED_OPEN
26,26,-2,INCLUDED_OPEN
26,26,-1,INCLUDED_OPEN
26,26,0,INCLUDED_OPEN
26,26,1,INCLUDED_OPEN
26,26,2,INCLUDED_OPEN
26,26,3,INCLUDED_OPEN
26,26,4,INCLUDED_OPEN
26,27,-10,INCLUDED_OPEN
26,27,-9,INCLUDED_OPEN
26,27,-8,INCLUDED_OPEN
26,27,-7,INCLUDED_OPEN
26,27,-6,INCLUDED_OPEN
26,27,-5,INCLUDED_OPEN
26,27,-4,INCLUDED_OPEN
26,27,-3,INCLUDED_OPEN
26,27,-2,INCLUDED_OPEN
26,27,-1,INCLUDED_OPEN
26,27,0,INCLUDED_OPEN
26,27,1,INCLUDED_OPEN
26,27,2,INCLUDED_OPEN
26,27,3,INCLUDED_OPEN
26,27,4,INCLUDED_OPEN
26,28,-10,INCLUDED_OPEN
26,28,-9,INCLUDED_OPEN
26,28,-8,INCLUDED_OPEN
26,28,-7,INCLUDED_OPEN
26,28,-6,INCLUDED_OPEN
26,28,-5,INCLUDED_OPEN
26,28,-4,INCLUDED_OPEN
26,28,-3,INCLUDED_OPEN
26,28,-2,INCLUDED_OPEN
26,28,-1,INCLUDED_OPEN
26,28,0,INCLUDED_OPEN
26,28,1,INCLUDED_OPEN
26,28,2,INCLUDED_OPEN
26,28,3,INCLUDED_OPEN
26,28,4,INCLUDED_OPEN
26,29,-10,INCLUDED_OPEN
26,29,-9,INCLUDED_OPEN
26,29,-8,INCLUDED_OPEN
26,29,-7,INCLUDED_OPEN
26,29,-6,INCLUDED_OPEN
26,29,-5,INCLUDED_OPEN
26,29,-4,INCLUDED_OPEN
26,29,-3,INCLUDED_OPEN
26,29,-2,INCLUDED_OPEN
26,29,-1,INCLUDED_OPEN
26,29,0,INCLUDED_OPEN
26,29,1,INCLUDED_OPEN
26,29,2,INCLUDED_OPEN
26,29,3,INCLUDED_LOWDATA
26,29,4,INCLUDED_LOWDATA
26,30,-10,INCLUDED_OPEN
26,30,-9,INCLUDED_OPEN
26,30,-8,INCLUDED_OPEN
26,30,-7,INCLUDED_OPEN
26,30,-6,INCLUDED_OPEN
26,30,-5,INCLUDED_OPEN
26,30,-4,INCLUDED_OPEN
26,30,-3,INCLUDED_OPEN
26,30,-2,INCLUDED_OPEN
26,30,-1,INCLUDED_OPEN
26,30,0,INCLUDED_OPEN
26,30,1,INCLUDED_OPEN
26,30,2,INCLUDED_OPEN
26,30,3,INCLUDED_LOWDATA
26,30,4,INCLUDED_LOWDATA
26,31,-10,INCLUDED_LOWDATA
26,31,-9,INCLUDED_OPEN
26,31,-8,INCLUDED_OPEN
26,31,-7,INCLUDED_OPEN
26,31,-6,INCLUDED_OPEN
26,31,-5,INCLUDED_OPEN
26,31,-4,INCLUDED_OPEN
26,31,-3,INCLUDED_OPEN
26,31,-2,INCLUDED_OPEN
26,31,-1,INCLUDED_OPEN
26,31,0,INCLUDED_OPEN
26,31,1,INCLUDED_OPEN
26,31,2,INCLUDED_OPEN
26,31,3,INCLUDED_LOWDATA
26,31,4,INCLUDED_LOWDATA
26,32,-10,INCLUDED_LOWDATA
26,32,-9,INCLUDED_OPEN
26,32,-8,INCLUDED_OPEN
26,32,-7,INCLUDED_OPEN
26,32,-6,INCLUDED_OPEN
26,32,-5,INCLUDED_OPEN
26,32,-4,INCLUDED_OPEN
26,32,-3,INCLUDED_OPEN
26,32,-2,INCLUDED_OPEN
26,32,-1,INCLUDED_OPEN
26,32,0,INCLUDED_OPEN
26,32,1,INCLUDED_OPEN
26,32,2,INCLUDED_LOWDATA
26,32,3,INCLUDED_LOWDATA
26,32,4,INCLUDED_LOWDATA
26,33,-10,INCLUDED_LOWDATA
26,33,-9,INCLUDED_OPEN
26,33,-8,INCLUDED_OPEN
26,33,-7,INCLUDED_OPEN
26,33,-6,INCLUDED_OPEN
26,33,-5,INCLUDED_OPEN
26,33,-4,INCLUDED_OPEN
26,33,-3,INCLUDED_OPEN
26,33,-2,INCLUDED_OPEN
26,33,-1,INCLUDED_OPEN
26,33,0,INCLUDED_OPEN
26,33,1,INCLUDED_LOWDATA
26,33,2,INCLUDED_LOWDATA
26,33,3,INCLUDED_LOWDATA
26,33,4,INCLUDED_LOWDATA
26,34,-9,INCLUDED_OPEN
26,34,-8,INCLUDED_OPEN
26,34,-7,INCLUDED_OPEN
26,34,-6,INCLUDED_OPEN
26,34,-5,INCLUDED_OPEN
26,34,-4,INCLUDED_OPEN
26,34,-3,INCLUDED_OPEN
26,34,-2,INCLUDED_OPEN
26,34,-1,INCLUDED_OPEN
26,34,0,INCLUDED_OPEN
26,34,1,INCLUDED_OPEN
26,34,2,INCLUDED_OPEN
26,34,3,INCLUDED_OPEN
26,34,4,INCLUDED_LOWDATA
27,-26,2,INCLUDED_LOWDATA
27,-26,3,INCLUDED_LOWDATA
27,-25,1,INCLUDED_LOWDATA
27,-25,2,INCLUDED_OPEN
27,-25,3,INCLUDED_OPEN
27,-25,4,INCLUDED_OPEN
27,-24,1,INCLUDED_LOWDATA
27,-24,2,INCLUDED_OPEN
27,-24,3,INCLUDED_OPEN
27,-24,4,INCLUDED_OPEN
27,-23,1,INCLUDED_LOWDATA
27,-23,2,INCLUDED_OPEN
27,-23,3,INCLUDED_OPEN
27,-23,4,INCLUDED_OPEN
27,-22,2,INCLUDED_OPEN
27,-22,3,INCLUDED_OPEN
27,-22,4,INCLUDED_OPEN
27,-21,2,INCLUDED_OPEN
27,-21,3,INCLUDED_OPEN
27,-21,4,INCLUDED_OPEN
27,-20,2,INCLUDED_OPEN
27,-20,3,INCLUDED_OPEN
27,-20,4,INCLUDED_OPEN
27,-19,2,constrained-misc
27,-19,3,INCLUDED_LOWDATA
27,-19,4,INCLUDED_LOWDATA
27,-13,0,constrained-misc
27,-13,1,INCLUDED_OPEN
27,-13,2,INCLUDED_OPEN
27,-13,3,INCLUDED_OPEN
27,-13,4,INCLUDED_LOWDATA
27,-12,0,INCLUDED_LOWDATA
27,-12,1,INCLUDED_OPEN
27,-12,2,INCLUDED_OPEN
27,-12,3,INCLUDED_OPEN
27,-12,4,INCLUDED_LOWDATA
27,-11,1,INCLUDED_OPEN
27,-11,2,INCLUDED_OPEN
27,-11,3,INCLUDED_OPEN
27,-11,4,INCLUDED_LOWDATA
27,-10,-7,INCLUDED_OPEN
27,-10,-6,INCLUDED_OPEN
27,-10,-5,INCLUDED_OPEN
27,-10,-4,INCLUDED_OPEN
27,-10,-3,INCLUDED_OPEN
27,-10,-2,INCLUDED_OPEN
27,-10,-1,INCLUDED_LOWDATA
27,-10,1,INCLUDED_OPEN
27,-10,2,INCLUDED_OPEN
27,-10,3,INCLUDED_OPEN
27,-10,4,INCLUDED_LOWDATA
27,-9,-7,INCLUDED_OPEN
27,-9,-6,INCLUDED_OPEN
27,-9,-5,INCLUDED_OPEN
27,-9,-4,INCLUDED_OPEN
27,-9,-3,INCLUDED_OPEN
27,-9,-2,INCLUDED_OPEN
27,-9,-1,INCLUDED_LOWDATA
27,-9,1,INCLUDED_OPEN
27,-9,2,INCLUDED_OPEN
27,-9,3,INCLUDED_OPEN
27,-9,4,INCLUDED_LOWDATA
27,-8,-7,INCLUDED_OPEN
27,-8,-6,INCLUDED_OPEN
27,-8,-5,INCLUDED_OPEN
27,-8,-4,INCLUDED_OPEN
27,-8,-3,INCLUDED_OPEN
27,-8,-2,INCLUDED_OPEN
27,-8,-1,INCLUDED_LOWDATA
27,-8,1,INCLUDED_OPEN
27,-8,2,INCLUDED_OPEN
27,-8,3,INCLUDED_OPEN
27,-8,4,INCLUDED_LOWDATA
27,-7,-8,INCLUDED_LOWDATA
27,-7,-7,INCLUDED_OPEN
27,-7,-6,INCLUDED_OPEN
27,-7,-5,INCLUDED_OPEN
27,-7,-4,INCLUDED_OPEN
27,-7,-3,INCLUDED_OPEN
27,-7,-2,INCLUDED_OPEN
27,-7,-1,INCLUDED_LOWDATA
27,-7,1,INCLUDED_OPEN
27,-7,2,INCLUDED_OPEN
27,-7,3,INCLUDED_OPEN
27,-7,4,INCLUDED_LOWDATA
27,-6,-7,INCLUDED_OPEN
27,-6,-6,INCLUDED_OPEN
27,-6,-5,INCLUDED_OPEN
27,-6,-4,INCLUDED_OPEN
27,-6,-3,INCLUDED_OPEN
27,-6,-2,INCLUDED_OPEN
27,-6,-1,INCLUDED_LOWDATA
27,-6,1,INCLUDED_OPEN
27,-6,2,INCLUDED_OPEN
27,-6,3,INCLUDED_OPEN
27,-6,4,INCLUDED_LOWDATA
27,-5,-7,INCLUDED_OPEN
27,-5,-6,INCLUDED_OPEN
27,-5,-5,INCLUDED_OPEN
27,-5,-4,INCLUDED_OPEN
27,-5,-3,INCLUDED_OPEN
27,-5,-2,INCLUDED_OPEN
27,-5,-1,INCLUDED_LOWDATA
27,-5,1,INCLUDED_OPEN
27,-5,2,INCLUDED_OPEN
27,-5,3,INCLUDED_OPEN
27,-5,4,INCLUDED_LOWDATA
27,-4,-7,INCLUDED_OPEN
27,-4,-6,INCLUDED_OPEN
27,-4,-5,INCLUDED_OPEN
27,-4,-4,INCLUDED_OPEN
27,-4,-3,INCLUDED_OPEN
27,-4,-2,INCLUDED_OPEN
27,-4,1,INCLUDED_OPEN
27,-4,2,INCLUDED_OPEN
27,-4,3,INCLUDED_OPEN
27,-4,4,INCLUDED_LOWDATA
27,-3,-7,INCLUDED_OPEN
27,-3,-6,INCLUDED_OPEN
27,-3,-5,INCLUDED_OPEN
27,-3,-4,INCLUDED_OPEN
27,-3,-3,INCLUDED_OPEN
27,-3,-2,INCLUDED_OPEN
27,-3,1,INCLUDED_OPEN
27,-3,2,INCLUDED_OPEN
27,-3,3,INCLUDED_OPEN
27,-3,4,INCLUDED_LOWDATA
27,-2,-7,INCLUDED_OPEN
27,-2,-6,INCLUDED_OPEN
27,-2,-5,INCLUDED_OPEN
27,-2,-4,INCLUDED_OPEN
27,-2,-3,INCLUDED_OPEN
27,-2,-2,INCLUDED_OPEN
27,-2,-1,INCLUDED_LOWDATA
27,-2,1,INCLUDED_OPEN
27,-2,2,INCLUDED_OPEN
27,-2,3,INCLUDED_OPEN
27,-2,4,INCLUDED_LOWDATA
27,-1,-7,INCLUDED_OPEN
27,-1,-6,INCLUDED_OPEN
27,-1,-5,INCLUDED_OPEN
27,-1,-4,INCLUDED_OPEN
27,-1,-3,INCLUDED_OPEN
27,-1,-2,INCLUDED_OPEN
27,-1,-1,INCLUDED_LOWDATA
27,-1,1,INCLUDED_OPEN
27,-1,2,INCLUDED_OPEN
27,-1,3,INCLUDED_OPEN
27,-1,4,INCLUDED_LOWDATA
27,0,-7,INCLUDED_OPEN
27,0,-6,INCLUDED_OPEN
27,0,-5,INCLUDED_OPEN
27,0,-4,INCLUDED_OPEN
27,0,-3,INCLUDED_OPEN
27,0,-2,INCLUDED_OPEN
27,0,-1,INCLUDED_LOWDATA
27,0,1,INCLUDED_OPEN
27,0,2,INCLUDED_OPEN
27,0,3,INCLUDED_OPEN
27,0,4,INCLUDED_LOWDATA
27,1,-7,INCLUDED_OPEN
27,1,-6,INCLUDED_OPEN
27,1,-5,INCLUDED_OPEN
27,1,-4,INCLUDED_OPEN
27,1,-3,INCLUDED_OPEN
27,1,-2,INCLUDED_OPEN
27,1,1,INCLUDED_OPEN
27,1,2,INCLUDED_OPEN
27,1,3,INCLUDED_OPEN
27,1,4,INCLUDED_LOWDATA
27,2,-7,INCLUDED_OPEN
27,2,-6,INCLUDED_OPEN
27,2,-5,INCLUDED_OPEN
27,2,-4,INCLUDED_OPEN
27,2,-3,INCLUDED_OPEN
27,2,-2,INCLUDED_OPEN
27,2,-1,INCLUDED_LOWDATA
27,2,1,INCLUDED_OPEN
27,2,2,INCLUDED_OPEN
27,2,3,INCLUDED_OPEN
27,2,4,INCLUDED_LOWDATA
27,2,5,INCLUDED_LOWDATA
27,3,-7,INCLUDED_OPEN
27,3,-6,INCLUDED_OPEN
27,3,-5,INCLUDED_OPEN
27,3,-4,INCLUDED_OPEN
27,3,-3,INCLUDED_OPEN
27,3,-2,INCLUDED_OPEN
27,3,1,INCLUDED_OPEN
27,3,2,INCLUDED_OPEN
27,3,3,INCLUDED_OPEN
27,3,4,INCLUDED_LOWDATA
27,3,5,INCLUDED_LOWDATA
27,4,-7,INCLUDED_OPEN
27,4,-6,INCLUDED_OPEN
27,4,-5,INCLUDED_OPEN
27,4,-4,INCLUDED_OPEN
27,4,-3,INCLUDED_OPEN
27,4,-2,INCLUDED_OPEN
27,4,-1,INCLUDED_LOWDATA
27,4,1,INCLUDED_OPEN
27,4,2,INCLUDED_OPEN
27,4,3,INCLUDED_OPEN
27,4,4,INCLUDED_LOWDATA
27,5,-7,INCLUDED_OPEN
27,5,-6,INCLUDED_OPEN
27,5,-5,INCLUDED_OPEN
27,5,-4,INCLUDED_OPEN
27,5,-3,INCLUDED_OPEN
27,5,-2,INCLUDED_OPEN
27,5,1,INCLUDED_OPEN
27,5,2,INCLUDED_OPEN
27,5,3,INCLUDED_OPEN
27,5,4,INCLUDED_LOWDATA
27,6,-7,INCLUDED_OPEN
27,6,-6,INCLUDED_OPEN
27,6,-5,INCLUDED_OPEN
27,6,-4,INCLUDED_OPEN
27,6,-3,INCLUDED_OPEN
27,6,-2,INCLUDED_OPEN
27,6,-1,INCLUDED_LOWDATA
27,6,0,INCLUDED_LOWDATA
27,6,1,INCLUDED_OPEN
27,6,2,INCLUDED_OPEN
27,6,3,INCLUDED_OPEN
27,6,4,INCLUDED_LOWDATA
27,7,-7,INCLUDED_OPEN
27,7,-6,INCLUDED_OPEN
27,7,-5,INCLUDED_OPEN
27,7,-4,INCLUDED_OPEN
27,7,-3,INCLUDED_OPEN
27,7,-2,INCLUDED_OPEN
27,7,-1,INCLUDED_LOWDATA
27,7,0,INCLUDED_LOWDATA
27,7,1,INCLUDED_OPEN
27,7,2,INCLUDED_OPEN
27,7,3,INCLUDED_OPEN
27,7,4,INCLUDED_LOWDATA
27,8,-6,INCLUDED_LOWDATA
27,8,1,INCLUDED_OPEN
27,8,2,INCLUDED_OPEN
27,8,3,INCLUDED_OPEN
27,8,4,INCLUDED_LOWDATA
27,9,1,INCLUDED_OPEN
27,9,2,INCLUDED_OPEN
27,9,3,INCLUDED_OPEN
27,9,4,INCLUDED_LOWDATA
27,10,1,INCLUDED_OPEN
27,10,2,INCLUDED_OPEN
27,10,3,INCLUDED_OPEN
27,10,4,INCLUDED_LOWDATA
27,12,1,INCLUDED_OPEN
27,12,2,INCLUDED_OPEN
27,12,3,INCLUDED_OPEN
27,12,4,INCLUDED_OPEN
27,13,1,INCLUDED_OPEN
27,13,2,INCLUDED_OPEN
27,13,3,INCLUDED_OPEN
27,13,4,INCLUDED_OPEN
27,14,1,INCLUDED_OPEN
27,14,2,INCLUDED_OPEN
27,14,3,INCLUDED_OPEN
27,14,4,INCLUDED_OPEN
27,15,1,INCLUDED_OPEN
27,15,2,INCLUDED_OPEN
27,15,3,INCLUDED_OPEN
27,15,4,INCLUDED_OPEN
27,16,1,INCLUDED_OPEN
27,16,2,INCLUDED_OPEN
27,16,3,INCLUDED_OPEN
27,16,4,INCLUDED_OPEN
27,17,1,INCLUDED_OPEN
27,17,2,INCLUDED_OPEN
27,17,3,INCLUDED_OPEN
27,17,4,INCLUDED_OPEN
27,18,1,INCLUDED_OPEN
27,18,2,INCLUDED_OPEN
27,18,3,INCLUDED_OPEN
27,18,4,INCLUDED_LOWDATA
27,21,-10,INCLUDED_OPEN
27,21,-9,INCLUDED_OPEN
27,21,-8,INCLUDED_OPEN
27,21,-7,INCLUDED_OPEN
27,21,-6,INCLUDED_OPEN
27,21,-5,INCLUDED_OPEN
27,21,-4,INCLUDED_OPEN
27,21,-3,INCLUDED_OPEN
27,21,-2,INCLUDED_OPEN
27,21,-1,INCLUDED_OPEN
27,21,0,INCLUDED_OPEN
27,21,1,INCLUDED_OPEN
27,21,2,INCLUDED_OPEN
27,21,3,INCLUDED_OPEN
27,21,4,INCLUDED_OPEN
27,22,-10,INCLUDED_OPEN
27,22,-9,INCLUDED_OPEN
27,22,-8,INCLUDED_OPEN
27,22,-7,INCLUDED_OPEN
27,22,-6,INCLUDED_OPEN
27,22,-5,INCLUDED_OPEN
27,22,-4,INCLUDED_OPEN
27,22,-3,INCLUDED_OPEN
27,22,-2,INCLUDED_OPEN
27,22,-1,INCLUDED_OPEN
27,22,0,INCLUDED_OPEN
27,22,1,INCLUDED_OPEN
27,22,2,INCLUDED_OPEN
27,22,3,INCLUDED_OPEN
27,22,4,INCLUDED_OPEN
27,23,-10,INCLUDED_OPEN
27,23,-9,INCLUDED_OPEN
27,23,-8,INCLUDED_OPEN
27,23,-7,INCLUDED_OPEN
27,23,-6,INCLUDED_OPEN
27,23,-5,INCLUDED_OPEN
27,23,-4,INCLUDED_OPEN
27,23,-3,INCLUDED_OPEN
27,23,-2,INCLUDED_OPEN
27,23,-1,INCLUDED_OPEN
27,23,0,INCLUDED_OPEN
27,23,1,INCLUDED_OPEN
27,23,2,INCLUDED_OPEN
27,23,3,INCLUDED_OPEN
27,23,4,INCLUDED_OPEN
27,24,-10,INCLUDED_OPEN
27,24,-9,INCLUDED_OPEN
27,24,-8,INCLUDED_OPEN
27,24,-7,INCLUDED_OPEN
27,24,-6,INCLUDED_OPEN
27,24,-5,INCLUDED_OPEN
27,24,-4,INCLUDED_OPEN
27,24,-3,INCLUDED_OPEN
27,24,-2,INCLUDED_OPEN
27,24,-1,INCLUDED_OPEN
27,24,0,INCLUDED_OPEN
27,24,1,INCLUDED_OPEN
27,24,2,INCLUDED_OPEN
27,24,3,INCLUDED_OPEN
27,24,4,INCLUDED_OPEN
27,25,-10,INCLUDED_OPEN
27,25,-9,INCLUDED_OPEN
27,25,-8,INCLUDED_OPEN
27,25,-7,INCLUDED_OPEN
27,25,-6,INCLUDED_OPEN
27,25,-5,INCLUDED_OPEN
27,25,-4,INCLUDED_OPEN
27,25,-3,INCLUDED_OPEN
27,25,-2,INCLUDED_OPEN
27,25,-1,INCLUDED_OPEN
27,25,0,INCLUDED_OPEN
27,25,1,INCLUDED_OPEN
27,25,2,INCLUDED_OPEN
27,25,3,INCLUDED_OPEN
27,25,4,INCLUDED_OPEN
27,26,-10,INCLUDED_OPEN
27,26,-9,INCLUDED_OPEN
27,26,-8,INCLUDED_OPEN
27,26,-7,INCLUDED_OPEN
27,26,-6,INCLUDED_OPEN
27,26,-5,INCLUDED_OPEN
27,26,-4,INCLUDED_OPEN
27,26,-3,INCLUDED_OPEN
27,26,-2,INCLUDED_OPEN
27,26,-1,INCLUDED_OPEN
27,26,0,INCLUDED_OPEN
27,26,1,INCLUDED_OPEN
27,26,2,INCLUDED_OPEN
27,26,3,INCLUDED_OPEN
27,26,4,INCLUDED_OPEN
27,27,-10,INCLUDED_OPEN
27,27,-9,INCLUDED_OPEN
27,27,-8,INCLUDED_OPEN
27,27,-7,INCLUDED_OPEN
27,27,-6,INCLUDED_OPEN
27,27,-5,INCLUDED_OPEN
27,27,-4,INCLUDED_OPEN
27,27,-3,INCLUDED_OPEN
27,27,-2,INCLUDED_OPEN
27,27,-1,INCLUDED_OPEN
27,27,0,INCLUDED_OPEN
27,27,1,INCLUDED_OPEN
27,27,2,INCLUDED_OPEN
27,27,3,INCLUDED_OPEN
27,27,4,INCLUDED_OPEN
27,28,-10,INCLUDED_OPEN
27,28,-9,INCLUDED_OPEN
27,28,-8,INCLUDED_OPEN
27,28,-7,INCLUDED_OPEN
27,28,-6,INCLUDED_OPEN
27,28,-5,INCLUDED_OPEN
27,28,-4,INCLUDED_OPEN
27,28,-3,INCLUDED_OPEN
27,28,-2,INCLUDED_OPEN
27,28,-1,INCLUDED_OPEN
27,28,0,INCLUDED_OPEN
27,28,1,INCLUDED_OPEN
27,28,2,INCLUDED_OPEN
27,28,3,INCLUDED_OPEN
27,28,4,INCLUDED_LOWDATA
27,29,-10,INCLUDED_OPEN
27,29,-9,INCLUDED_OPEN
27,29,-8,INCLUDED_OPEN
27,29,-7,INCLUDED_OPEN
27,29,-6,INCLUDED_OPEN
27,29,-5,INCLUDED_OPEN
27,29,-4,INCLUDED_OPEN
27,29,-3,INCLUDED_OPEN
27,29,-2,INCLUDED_OPEN
27,29,-1,INCLUDED_OPEN
27,29,0,INCLUDED_OPEN
27,29,1,INCLUDED_OPEN
27,29,2,INCLUDED_OPEN
27,29,3,INCLUDED_OPEN
27,29,4,INCLUDED_OPEN
27,30,-10,INCLUDED_OPEN
27,30,-9,INCLUDED_OPEN
27,30,-8,INCLUDED_OPEN
27,30,-7,INCLUDED_OPEN
27,30,-6,INCLUDED_OPEN
27,30,-5,INCLUDED_OPEN
27,30,-4,INCLUDED_OPEN
27,30,-3,INCLUDED_OPEN
27,30,-2,INCLUDED_OPEN
27,30,-1,INCLUDED_OPEN
27,30,0,INCLUDED_OPEN
27,30,1,INCLUDED_OPEN
27,30,2,INCLUDED_LOWDATA
27,30,3,INCLUDED_LOWDATA
27,30,4,INCLUDED_LOWDATA
27,31,-10,INCLUDED_LOWDATA
27,31,-9,INCLUDED_OPEN
27,31,-8,INCLUDED_OPEN
27,31,-7,INCLUDED_OPEN
27,31,-6,INCLUDED_OPEN
27,31,-5,INCLUDED_OPEN
27,31,-4,INCLUDED_OPEN
27,31,-3,INCLUDED_OPEN
27,31,-2,INCLUDED_OPEN
27,31,-1,INCLUDED_OPEN
27,31,0,INCLUDED_OPEN
27,31,1,INCLUDED_OPEN
27,31,2,INCLUDED_LOWDATA
27,31,3,INCLUDED_LOWDATA
27,31,4,INCLUDED_LOWDATA
27,32,-10,INCLUDED_OPEN
27,32,-9,INCLUDED_OPEN
27,32,-8,INCLUDED_OPEN
27,32,-7,INCLUDED_OPEN
27,32,-6,INCLUDED_OPEN
27,32,-5,INCLUDED_OPEN
27,32,-4,INCLUDED_OPEN
27,32,-3,INCLUDED_OPEN
27,32,-2,INCLUDED_OPEN
27,32,-1,INCLUDED_OPEN
27,32,0,INCLUDED_OPEN
27,32,1,INCLUDED_OPEN
27,32,2,INCLUDED_LOWDATA
27,32,3,INCLUDED_LOWDATA
27,32,4,INCLUDED_LOWDATA
27,33,-10,INCLUDED_LOWDATA
27,33,-9,INCLUDED_OPEN
27,33,-8,INCLUDED_OPEN
27,33,-7,INCLUDED_OPEN
27,33,-6,INCLUDED_OPEN
27,33,-5,INCLUDED_OPEN
27,33,-4,INCLUDED_OPEN
27,33,-3,INCLUDED_OPEN
27,33,-2,INCLUDED_OPEN
27,33,-1,INCLUDED_OPEN
27,33,0,INCLUDED_OPEN
27,33,1,INCLUDED_LOWDATA
27,33,2,INCLUDED_LOWDATA
27,33,3,INCLUDED_LOWDATA
27,33,4,INCLUDED_LOWDATA
27,34,-9,INCLUDED_OPEN
27,34,-8,INCLUDED_OPEN
27,34,-7,INCLUDED_OPEN
27,34,-6,INCLUDED_OPEN
27,34,-5,INCLUDED_OPEN
27,34,-4,INCLUDED_OPEN
27,34,-3,INCLUDED_OPEN
27,34,-2,INCLUDED_OPEN
27,34,-1,INCLUDED_OPEN
27,34,0,INCLUDED_OPEN
27,34,1,INCLUDED_OPEN
27,34,2,INCLUDED_OPEN
27,34,3,INCLUDED_OPEN
27,34,4,INCLUDED_OPEN
27,35,-9,INCLUDED_LOWDATA
28,-27,2,INCLUDED_LOWDATA
28,-26,2,INCLUDED_OPEN
28,-26,3,INCLUDED_OPEN
28,-26,4,INCLUDED_OPEN
28,-25,2,INCLUDED_OPEN
28,-25,3,INCLUDED_OPEN
28,-25,4,INCLUDED_OPEN
28,-24,2,INCLUDED_OPEN
28,-24,3,INCLUDED_OPEN
28,-24,4,INCLUDED_OPEN
28,-24,5,INCLUDED_LOWDATA
28,-23,1,INCLUDED_LOWDATA
28,-23,2,INCLUDED_OPEN
28,-23,3,INCLUDED_OPEN
28,-23,4,INCLUDED_OPEN
28,-22,2,INCLUDED_OPEN
28,-22,3,INCLUDED_OPEN
28,-22,4,INCLUDED_OPEN
28,-21,2,INCLUDED_OPEN
28,-21,3,INCLUDED_OPEN
28,-21,4,INCLUDED_OPEN
28,-20,2,INCLUDED_LOWDATA
28,-20,3,INCLUDED_LOWDATA
28,-13,1,INCLUDED_OPEN
28,-13,2,INCLUDED_OPEN
28,-13,3,INCLUDED_OPEN
28,-13,4,INCLUDED_LOWDATA
28,-12,0,INCLUDED_LOWDATA
28,-12,1,INCLUDED_OPEN
28,-12,2,INCLUDED_OPEN
28,-12,3,INCLUDED_OPEN
28,-12,4,INCLUDED_LOWDATA
28,-11,0,INCLUDED_LOWDATA
28,-11,1,INCLUDED_OPEN
28,-11,2,INCLUDED_OPEN
28,-11,3,INCLUDED_OPEN
28,-11,4,INCLUDED_LOWDATA
28,-10,-7,mega-hill
28,-10,-6,mega-hill
28,-10,-5,mega-hill
28,-10,-4,mega-hill
28,-10,-3,INCLUDED_OPEN
28,-10,-2,INCLUDED_OPEN
28,-10,-1,INCLUDED_LOWDATA
28,-10,0,INCLUDED_LOWDATA
28,-10,1,INCLUDED_OPEN
28,-10,2,INCLUDED_OPEN
28,-10,3,INCLUDED_OPEN
28,-10,4,INCLUDED_LOWDATA
28,-9,-7,INCLUDED_OPEN
28,-9,-6,INCLUDED_OPEN
28,-9,-5,INCLUDED_OPEN
28,-9,-4,INCLUDED_OPEN
28,-9,-3,INCLUDED_OPEN
28,-9,-2,INCLUDED_OPEN
28,-9,-1,INCLUDED_LOWDATA
28,-9,1,INCLUDED_OPEN
28,-9,2,INCLUDED_OPEN
28,-9,3,INCLUDED_OPEN
28,-9,4,INCLUDED_LOWDATA
28,-8,-8,INCLUDED_LOWDATA
28,-8,-7,INCLUDED_OPEN
28,-8,-6,INCLUDED_OPEN
28,-8,-5,INCLUDED_OPEN
28,-8,-4,INCLUDED_OPEN
28,-8,-3,INCLUDED_OPEN
28,-8,-2,INCLUDED_OPEN
28,-8,-1,INCLUDED_LOWDATA
28,-8,1,INCLUDED_OPEN
28,-8,2,INCLUDED_OPEN
28,-8,3,INCLUDED_OPEN
28,-8,4,INCLUDED_LOWDATA
28,-7,-8,INCLUDED_LOWDATA
28,-7,-7,INCLUDED_OPEN
28,-7,-6,INCLUDED_OPEN
28,-7,-5,INCLUDED_OPEN
28,-7,-4,INCLUDED_OPEN
28,-7,-3,INCLUDED_OPEN
28,-7,-2,INCLUDED_OPEN
28,-7,-1,INCLUDED_LOWDATA
28,-7,1,INCLUDED_OPEN
28,-7,2,INCLUDED_OPEN
28,-7,3,INCLUDED_OPEN
28,-7,4,INCLUDED_LOWDATA
28,-6,-7,INCLUDED_OPEN
28,-6,-6,INCLUDED_OPEN
28,-6,-5,INCLUDED_OPEN
28,-6,-4,INCLUDED_OPEN
28,-6,-3,INCLUDED_OPEN
28,-6,-2,INCLUDED_OPEN
28,-6,-1,INCLUDED_LOWDATA
28,-6,1,INCLUDED_OPEN
28,-6,2,INCLUDED_OPEN
28,-6,3,INCLUDED_OPEN
28,-6,4,INCLUDED_LOWDATA
28,-5,-7,INCLUDED_OPEN
28,-5,-6,INCLUDED_OPEN
28,-5,-5,INCLUDED_OPEN
28,-5,-4,INCLUDED_OPEN
28,-5,-3,INCLUDED_OPEN
28,-5,-2,INCLUDED_OPEN
28,-5,1,INCLUDED_OPEN
28,-5,2,INCLUDED_OPEN
28,-5,3,INCLUDED_OPEN
28,-5,4,INCLUDED_LOWDATA
28,-4,-7,INCLUDED_OPEN
28,-4,-6,INCLUDED_OPEN
28,-4,-5,INCLUDED_OPEN
28,-4,-4,INCLUDED_OPEN
28,-4,-3,INCLUDED_OPEN
28,-4,-2,INCLUDED_OPEN
28,-4,-1,INCLUDED_LOWDATA
28,-4,1,INCLUDED_OPEN
28,-4,2,INCLUDED_OPEN
28,-4,3,INCLUDED_OPEN
28,-4,4,INCLUDED_LOWDATA
28,-3,-7,INCLUDED_OPEN
28,-3,-6,INCLUDED_OPEN
28,-3,-5,INCLUDED_OPEN
28,-3,-4,INCLUDED_OPEN
28,-3,-3,INCLUDED_OPEN
28,-3,-2,INCLUDED_OPEN
28,-3,-1,INCLUDED_LOWDATA
28,-3,1,INCLUDED_OPEN
28,-3,2,INCLUDED_OPEN
28,-3,3,INCLUDED_OPEN
28,-3,4,INCLUDED_LOWDATA
28,-2,-7,INCLUDED_OPEN
28,-2,-6,INCLUDED_OPEN
28,-2,-5,INCLUDED_OPEN
28,-2,-4,INCLUDED_OPEN
28,-2,-3,INCLUDED_OPEN
28,-2,-2,INCLUDED_OPEN
28,-2,-1,INCLUDED_LOWDATA
28,-2,1,INCLUDED_OPEN
28,-2,2,INCLUDED_OPEN
28,-2,3,INCLUDED_OPEN
28,-2,4,INCLUDED_LOWDATA
28,-1,-7,INCLUDED_OPEN
28,-1,-6,INCLUDED_OPEN
28,-1,-5,INCLUDED_OPEN
28,-1,-4,INCLUDED_OPEN
28,-1,-3,INCLUDED_OPEN
28,-1,-2,INCLUDED_OPEN
28,-1,1,INCLUDED_OPEN
28,-1,2,INCLUDED_OPEN
28,-1,3,INCLUDED_OPEN
28,-1,4,INCLUDED_LOWDATA
28,0,-7,INCLUDED_OPEN
28,0,-6,INCLUDED_OPEN
28,0,-5,INCLUDED_OPEN
28,0,-4,INCLUDED_OPEN
28,0,-3,INCLUDED_OPEN
28,0,-2,INCLUDED_OPEN
28,0,-1,INCLUDED_LOWDATA
28,0,1,INCLUDED_OPEN
28,0,2,INCLUDED_OPEN
28,0,3,INCLUDED_OPEN
28,0,4,INCLUDED_LOWDATA
28,1,-7,INCLUDED_OPEN
28,1,-6,INCLUDED_OPEN
28,1,-5,INCLUDED_OPEN
28,1,-4,INCLUDED_OPEN
28,1,-3,INCLUDED_OPEN
28,1,-2,INCLUDED_OPEN
28,1,1,INCLUDED_OPEN
28,1,2,INCLUDED_OPEN
28,1,3,INCLUDED_OPEN
28,1,4,INCLUDED_LOWDATA
28,1,5,INCLUDED_LOWDATA
28,1,6,INCLUDED_LOWDATA
28,2,-7,INCLUDED_OPEN
28,2,-6,INCLUDED_OPEN
28,2,-5,INCLUDED_OPEN
28,2,-4,INCLUDED_OPEN
28,2,-3,INCLUDED_OPEN
28,2,-2,INCLUDED_OPEN
28,2,-1,INCLUDED_LOWDATA
28,2,1,INCLUDED_OPEN
28,2,2,INCLUDED_OPEN
28,2,3,INCLUDED_OPEN
28,2,4,INCLUDED_LOWDATA
28,2,5,INCLUDED_LOWDATA
28,3,-7,INCLUDED_OPEN
28,3,-6,INCLUDED_OPEN
28,3,-5,INCLUDED_OPEN
28,3,-4,INCLUDED_OPEN
28,3,-3,INCLUDED_OPEN
28,3,-2,INCLUDED_OPEN
28,3,-1,INCLUDED_LOWDATA
28,3,1,INCLUDED_OPEN
28,3,2,INCLUDED_OPEN
28,3,3,INCLUDED_OPEN
28,3,4,INCLUDED_LOWDATA
28,4,-7,INCLUDED_OPEN
28,4,-6,INCLUDED_OPEN
28,4,-5,INCLUDED_OPEN
28,4,-4,INCLUDED_OPEN
28,4,-3,INCLUDED_OPEN
28,4,-2,INCLUDED_OPEN
28,4,-1,INCLUDED_LOWDATA
28,4,1,INCLUDED_OPEN
28,4,2,INCLUDED_OPEN
28,4,3,INCLUDED_OPEN
28,4,4,INCLUDED_LOWDATA
28,5,-7,INCLUDED_OPEN
28,5,-6,INCLUDED_OPEN
28,5,-5,INCLUDED_OPEN
28,5,-4,INCLUDED_OPEN
28,5,-3,INCLUDED_OPEN
28,5,-2,INCLUDED_OPEN
28,5,-1,INCLUDED_LOWDATA
28,5,1,INCLUDED_OPEN
28,5,2,INCLUDED_OPEN
28,5,3,INCLUDED_OPEN
28,5,4,INCLUDED_LOWDATA
28,6,-7,INCLUDED_OPEN
28,6,-6,INCLUDED_OPEN
28,6,-5,INCLUDED_OPEN
28,6,-4,INCLUDED_OPEN
28,6,-3,INCLUDED_OPEN
28,6,-2,INCLUDED_OPEN
28,6,1,INCLUDED_OPEN
28,6,2,INCLUDED_OPEN
28,6,3,INCLUDED_OPEN
28,6,4,INCLUDED_LOWDATA
28,7,-7,constrained-misc
28,7,-6,constrained-misc
28,7,-5,INCLUDED_OPEN
28,7,-4,INCLUDED_OPEN
28,7,-3,INCLUDED_OPEN
28,7,-2,INCLUDED_OPEN
28,7,-1,INCLUDED_LOWDATA
28,7,1,INCLUDED_OPEN
28,7,2,INCLUDED_OPEN
28,7,3,INCLUDED_OPEN
28,7,4,INCLUDED_LOWDATA
28,8,-6,constrained-misc
28,8,1,INCLUDED_OPEN
28,8,2,INCLUDED_OPEN
28,8,3,INCLUDED_OPEN
28,8,4,INCLUDED_LOWDATA
28,9,1,INCLUDED_OPEN
28,9,2,INCLUDED_OPEN
28,9,3,INCLUDED_OPEN
28,9,4,INCLUDED_LOWDATA
28,10,1,INCLUDED_OPEN
28,10,2,INCLUDED_OPEN
28,10,3,INCLUDED_OPEN
28,10,4,INCLUDED_OPEN
28,12,1,INCLUDED_OPEN
28,12,2,INCLUDED_OPEN
28,12,3,INCLUDED_OPEN
28,12,4,INCLUDED_OPEN
28,13,1,INCLUDED_OPEN
28,13,2,INCLUDED_OPEN
28,13,3,INCLUDED_OPEN
28,13,4,INCLUDED_OPEN
28,14,1,INCLUDED_OPEN
28,14,2,INCLUDED_OPEN
28,14,3,INCLUDED_OPEN
28,14,4,INCLUDED_OPEN
28,15,1,INCLUDED_OPEN
28,15,2,INCLUDED_OPEN
28,15,3,INCLUDED_OPEN
28,15,4,INCLUDED_OPEN
28,16,1,INCLUDED_OPEN
28,16,2,INCLUDED_OPEN
28,16,3,INCLUDED_OPEN
28,16,4,INCLUDED_OPEN
28,17,1,INCLUDED_OPEN
28,17,2,INCLUDED_OPEN
28,17,3,INCLUDED_OPEN
28,17,4,INCLUDED_OPEN
28,18,1,INCLUDED_OPEN
28,18,2,INCLUDED_OPEN
28,18,3,INCLUDED_OPEN
28,18,4,INCLUDED_OPEN
28,19,1,constrained-misc
28,19,2,INCLUDED_OPEN
28,19,3,INCLUDED_OPEN
28,19,4,INCLUDED_OPEN
28,21,-10,INCLUDED_OPEN
28,21,-9,INCLUDED_OPEN
28,21,-8,INCLUDED_OPEN
28,21,-7,INCLUDED_OPEN
28,21,-6,INCLUDED_OPEN
28,21,-5,INCLUDED_OPEN
28,21,-4,INCLUDED_OPEN
28,21,-3,INCLUDED_OPEN
28,21,-2,INCLUDED_OPEN
28,21,-1,INCLUDED_OPEN
28,21,0,INCLUDED_OPEN
28,21,1,INCLUDED_OPEN
28,21,2,INCLUDED_OPEN
28,21,3,INCLUDED_OPEN
28,21,4,INCLUDED_OPEN
28,22,-10,INCLUDED_OPEN
28,22,-9,INCLUDED_OPEN
28,22,-8,INCLUDED_OPEN
28,22,-7,INCLUDED_OPEN
28,22,-6,INCLUDED_OPEN
28,22,-5,INCLUDED_OPEN
28,22,-4,INCLUDED_OPEN
28,22,-3,INCLUDED_OPEN
28,22,-2,INCLUDED_OPEN
28,22,-1,INCLUDED_OPEN
28,22,0,INCLUDED_OPEN
28,22,1,INCLUDED_OPEN
28,22,2,INCLUDED_OPEN
28,22,3,INCLUDED_OPEN
28,22,4,INCLUDED_OPEN
28,23,-10,INCLUDED_OPEN
28,23,-9,INCLUDED_OPEN
28,23,-8,INCLUDED_OPEN
28,23,-7,INCLUDED_OPEN
28,23,-6,INCLUDED_OPEN
28,23,-5,INCLUDED_OPEN
28,23,-4,INCLUDED_OPEN
28,23,-3,INCLUDED_OPEN
28,23,-2,INCLUDED_OPEN
28,23,-1,INCLUDED_OPEN
28,23,0,INCLUDED_OPEN
28,23,1,INCLUDED_OPEN
28,23,2,INCLUDED_OPEN
28,23,3,INCLUDED_OPEN
28,23,4,INCLUDED_OPEN
28,24,-10,INCLUDED_OPEN
28,24,-9,INCLUDED_OPEN
28,24,-8,INCLUDED_OPEN
28,24,-7,INCLUDED_OPEN
28,24,-6,INCLUDED_OPEN
28,24,-5,INCLUDED_OPEN
28,24,-4,INCLUDED_OPEN
28,24,-3,INCLUDED_OPEN
28,24,-2,INCLUDED_OPEN
28,24,-1,INCLUDED_OPEN
28,24,0,INCLUDED_OPEN
28,24,1,INCLUDED_OPEN
28,24,2,INCLUDED_OPEN
28,24,3,INCLUDED_OPEN
28,24,4,INCLUDED_OPEN
28,25,-10,INCLUDED_OPEN
28,25,-9,INCLUDED_OPEN
28,25,-8,INCLUDED_OPEN
28,25,-7,INCLUDED_OPEN
28,25,-6,INCLUDED_OPEN
28,25,-5,INCLUDED_OPEN
28,25,-4,INCLUDED_OPEN
28,25,-3,INCLUDED_OPEN
28,25,-2,INCLUDED_OPEN
28,25,-1,INCLUDED_OPEN
28,25,0,INCLUDED_OPEN
28,25,1,INCLUDED_OPEN
28,25,2,INCLUDED_OPEN
28,25,3,INCLUDED_OPEN
28,25,4,INCLUDED_OPEN
28,26,-10,INCLUDED_OPEN
28,26,-9,INCLUDED_OPEN
28,26,-8,INCLUDED_OPEN
28,26,-7,INCLUDED_OPEN
28,26,-6,INCLUDED_OPEN
28,26,-5,INCLUDED_OPEN
28,26,-4,INCLUDED_OPEN
28,26,-3,INCLUDED_OPEN
28,26,-2,INCLUDED_OPEN
28,26,-1,INCLUDED_OPEN
28,26,0,INCLUDED_OPEN
28,26,1,INCLUDED_OPEN
28,26,2,INCLUDED_OPEN
28,26,3,INCLUDED_OPEN
28,26,4,INCLUDED_OPEN
28,27,-10,INCLUDED_OPEN
28,27,-9,INCLUDED_OPEN
28,27,-8,INCLUDED_OPEN
28,27,-7,INCLUDED_OPEN
28,27,-6,INCLUDED_OPEN
28,27,-5,INCLUDED_OPEN
28,27,-4,INCLUDED_OPEN
28,27,-3,INCLUDED_OPEN
28,27,-2,INCLUDED_OPEN
28,27,-1,INCLUDED_OPEN
28,27,0,INCLUDED_OPEN
28,27,1,INCLUDED_OPEN
28,27,2,INCLUDED_OPEN
28,27,3,INCLUDED_OPEN
28,27,4,INCLUDED_OPEN
28,28,-10,INCLUDED_OPEN
28,28,-9,INCLUDED_OPEN
28,28,-8,INCLUDED_OPEN
28,28,-7,INCLUDED_OPEN
28,28,-6,INCLUDED_OPEN
28,28,-5,INCLUDED_OPEN
28,28,-4,INCLUDED_OPEN
28,28,-3,INCLUDED_OPEN
28,28,-2,INCLUDED_OPEN
28,28,-1,INCLUDED_OPEN
28,28,0,INCLUDED_OPEN
28,28,1,INCLUDED_OPEN
28,28,2,INCLUDED_OPEN
28,28,3,INCLUDED_OPEN
28,28,4,INCLUDED_LOWDATA
28,29,-10,INCLUDED_OPEN
28,29,-9,INCLUDED_OPEN
28,29,-8,INCLUDED_OPEN
28,29,-7,INCLUDED_OPEN
28,29,-6,INCLUDED_OPEN
28,29,-5,INCLUDED_OPEN
28,29,-4,INCLUDED_OPEN
28,29,-3,INCLUDED_OPEN
28,29,-2,INCLUDED_OPEN
28,29,-1,INCLUDED_OPEN
28,29,0,INCLUDED_OPEN
28,29,1,INCLUDED_OPEN
28,29,2,INCLUDED_OPEN
28,29,3,INCLUDED_OPEN
28,29,4,INCLUDED_LOWDATA
28,30,-10,INCLUDED_OPEN
28,30,-9,INCLUDED_OPEN
28,30,-8,INCLUDED_OPEN
28,30,-7,INCLUDED_OPEN
28,30,-6,INCLUDED_OPEN
28,30,-5,INCLUDED_OPEN
28,30,-4,INCLUDED_OPEN
28,30,-3,INCLUDED_OPEN
28,30,-2,INCLUDED_OPEN
28,30,-1,INCLUDED_OPEN
28,30,0,INCLUDED_OPEN
28,30,1,INCLUDED_OPEN
28,30,2,INCLUDED_LOWDATA
28,30,3,INCLUDED_OPEN
28,30,4,INCLUDED_LOWDATA
28,31,-10,INCLUDED_OPEN
28,31,-9,INCLUDED_OPEN
28,31,-8,INCLUDED_OPEN
28,31,-7,INCLUDED_OPEN
28,31,-6,INCLUDED_OPEN
28,31,-5,INCLUDED_OPEN
28,31,-4,INCLUDED_OPEN
28,31,-3,INCLUDED_OPEN
28,31,-2,INCLUDED_OPEN
28,31,-1,INCLUDED_OPEN
28,31,0,INCLUDED_OPEN
28,31,1,INCLUDED_OPEN
28,31,2,INCLUDED_LOWDATA
28,31,3,INCLUDED_LOWDATA
28,31,4,INCLUDED_LOWDATA
28,32,-10,INCLUDED_OPEN
28,32,-9,INCLUDED_OPEN
28,32,-8,INCLUDED_OPEN
28,32,-7,INCLUDED_OPEN
28,32,-6,INCLUDED_OPEN
28,32,-5,INCLUDED_OPEN
28,32,-4,INCLUDED_OPEN
28,32,-3,INCLUDED_OPEN
28,32,-2,INCLUDED_OPEN
28,32,-1,INCLUDED_OPEN
28,32,0,INCLUDED_OPEN
28,32,1,INCLUDED_OPEN
28,32,2,INCLUDED_LOWDATA
28,32,3,INCLUDED_LOWDATA
28,32,4,INCLUDED_LOWDATA
28,33,-10,INCLUDED_LOWDATA
28,33,-9,INCLUDED_OPEN
28,33,-8,INCLUDED_OPEN
28,33,-7,INCLUDED_OPEN
28,33,-6,INCLUDED_OPEN
28,33,-5,INCLUDED_OPEN
28,33,-4,INCLUDED_OPEN
28,33,-3,INCLUDED_OPEN
28,33,-2,INCLUDED_OPEN
28,33,-1,INCLUDED_OPEN
28,33,0,INCLUDED_OPEN
28,33,1,INCLUDED_LOWDATA
28,33,2,INCLUDED_LOWDATA
28,33,3,INCLUDED_LOWDATA
28,33,4,INCLUDED_LOWDATA
28,34,-9,INCLUDED_OPEN
28,34,-8,INCLUDED_OPEN
28,34,-7,INCLUDED_OPEN
28,34,-6,INCLUDED_OPEN
28,34,-5,INCLUDED_OPEN
28,34,-4,INCLUDED_OPEN
28,34,-3,INCLUDED_OPEN
28,34,-2,INCLUDED_OPEN
28,34,-1,INCLUDED_OPEN
28,34,0,INCLUDED_OPEN
28,34,1,INCLUDED_OPEN
28,34,2,INCLUDED_OPEN
28,34,3,INCLUDED_LOWDATA
28,34,4,INCLUDED_LOWDATA
28,35,-9,INCLUDED_OPEN
28,35,-8,INCLUDED_OPEN
28,35,-7,INCLUDED_OPEN
28,35,-6,INCLUDED_OPEN
28,35,-5,INCLUDED_OPEN
28,35,-4,INCLUDED_OPEN
28,35,-3,INCLUDED_OPEN
28,35,-2,INCLUDED_OPEN
28,35,-1,INCLUDED_OPEN
28,35,0,INCLUDED_OPEN
28,35,1,INCLUDED_LOWDATA
28,35,2,pent-2
28,35,3,INCLUDED_OPEN
28,35,4,INCLUDED_LOWDATA
29,-28,2,INCLUDED_LOWDATA
29,-27,2,INCLUDED_OPEN
29,-27,3,INCLUDED_OPEN
29,-27,4,INCLUDED_OPEN
29,-26,2,INCLUDED_OPEN
29,-26,3,INCLUDED_OPEN
29,-26,4,INCLUDED_OPEN
29,-25,2,INCLUDED_OPEN
29,-25,3,INCLUDED_OPEN
29,-25,4,INCLUDED_OPEN
29,-25,5,INCLUDED_LOWDATA
29,-24,2,INCLUDED_OPEN
29,-24,3,INCLUDED_OPEN
29,-24,4,INCLUDED_OPEN
29,-23,1,INCLUDED_LOWDATA
29,-23,2,INCLUDED_OPEN
29,-23,3,INCLUDED_OPEN
29,-23,4,INCLUDED_OPEN
29,-22,1,INCLUDED_LOWDATA
29,-22,2,INCLUDED_OPEN
29,-22,3,INCLUDED_OPEN
29,-22,4,INCLUDED_OPEN
29,-21,2,INCLUDED_LOWDATA
29,-21,3,INCLUDED_LOWDATA
29,-21,4,INCLUDED_LOWDATA
29,-13,1,INCLUDED_OPEN
29,-13,2,INCLUDED_OPEN
29,-13,3,INCLUDED_OPEN
29,-13,4,INCLUDED_LOWDATA
29,-12,1,INCLUDED_OPEN
29,-12,2,INCLUDED_OPEN
29,-12,3,INCLUDED_OPEN
29,-12,4,INCLUDED_LOWDATA
29,-11,1,INCLUDED_OPEN
29,-11,2,INCLUDED_OPEN
29,-11,3,INCLUDED_OPEN
29,-11,4,INCLUDED_LOWDATA
29,-10,-7,INCLUDED_LOWDATA
29,-10,-6,INCLUDED_OPEN
29,-10,-5,INCLUDED_LOWDATA
29,-10,-4,INCLUDED_LOWDATA
29,-10,-3,INCLUDED_OPEN
29,-10,-2,INCLUDED_OPEN
29,-10,-1,INCLUDED_LOWDATA
29,-10,0,INCLUDED_LOWDATA
29,-10,1,INCLUDED_OPEN
29,-10,2,INCLUDED_OPEN
29,-10,3,INCLUDED_OPEN
29,-10,4,INCLUDED_LOWDATA
29,-9,-8,INCLUDED_LOWDATA
29,-9,-7,INCLUDED_OPEN
29,-9,-6,INCLUDED_OPEN
29,-9,-5,INCLUDED_OPEN
29,-9,-4,INCLUDED_OPEN
29,-9,-3,INCLUDED_OPEN
29,-9,-2,INCLUDED_OPEN
29,-9,0,INCLUDED_LOWDATA
29,-9,1,INCLUDED_OPEN
29,-9,2,INCLUDED_OPEN
29,-9,3,INCLUDED_OPEN
29,-9,4,INCLUDED_LOWDATA
29,-8,-8,INCLUDED_LOWDATA
29,-8,-7,INCLUDED_OPEN
29,-8,-6,INCLUDED_OPEN
29,-8,-5,INCLUDED_OPEN
29,-8,-4,INCLUDED_OPEN
29,-8,-3,INCLUDED_OPEN
29,-8,-2,INCLUDED_OPEN
29,-8,-1,INCLUDED_LOWDATA
29,-8,0,INCLUDED_LOWDATA
29,-8,1,INCLUDED_OPEN
29,-8,2,INCLUDED_OPEN
29,-8,3,INCLUDED_OPEN
29,-8,4,INCLUDED_LOWDATA
29,-7,-7,INCLUDED_OPEN
29,-7,-6,INCLUDED_OPEN
29,-7,-5,INCLUDED_OPEN
29,-7,-4,INCLUDED_OPEN
29,-7,-3,INCLUDED_OPEN
29,-7,-2,INCLUDED_OPEN
29,-7,-1,INCLUDED_LOWDATA
29,-7,0,INCLUDED_LOWDATA
29,-7,1,INCLUDED_OPEN
29,-7,2,INCLUDED_OPEN
29,-7,3,INCLUDED_OPEN
29,-7,4,INCLUDED_LOWDATA
29,-6,-7,INCLUDED_OPEN
29,-6,-6,INCLUDED_OPEN
29,-6,-5,INCLUDED_OPEN
29,-6,-4,INCLUDED_OPEN
29,-6,-3,INCLUDED_OPEN
29,-6,-2,INCLUDED_OPEN
29,-6,-1,INCLUDED_LOWDATA
29,-6,1,INCLUDED_OPEN
29,-6,2,INCLUDED_OPEN
29,-6,3,INCLUDED_OPEN
29,-6,4,INCLUDED_LOWDATA
29,-5,-7,INCLUDED_OPEN
29,-5,-6,INCLUDED_OPEN
29,-5,-5,INCLUDED_OPEN
29,-5,-4,INCLUDED_OPEN
29,-5,-3,INCLUDED_OPEN
29,-5,-2,INCLUDED_OPEN
29,-5,-1,INCLUDED_LOWDATA
29,-5,1,INCLUDED_OPEN
29,-5,2,INCLUDED_OPEN
29,-5,3,INCLUDED_OPEN
29,-5,4,INCLUDED_LOWDATA
29,-4,-7,INCLUDED_OPEN
29,-4,-6,INCLUDED_OPEN
29,-4,-5,INCLUDED_OPEN
29,-4,-4,INCLUDED_OPEN
29,-4,-3,INCLUDED_OPEN
29,-4,-2,INCLUDED_OPEN
29,-4,-1,INCLUDED_LOWDATA
29,-4,1,INCLUDED_OPEN
29,-4,2,INCLUDED_OPEN
29,-4,3,INCLUDED_OPEN
29,-4,4,INCLUDED_LOWDATA
29,-3,-7,INCLUDED_OPEN
29,-3,-6,INCLUDED_OPEN
29,-3,-5,INCLUDED_OPEN
29,-3,-4,INCLUDED_OPEN
29,-3,-3,INCLUDED_OPEN
29,-3,-2,INCLUDED_OPEN
29,-3,-1,INCLUDED_LOWDATA
29,-3,1,INCLUDED_OPEN
29,-3,2,INCLUDED_OPEN
29,-3,3,INCLUDED_OPEN
29,-3,4,INCLUDED_LOWDATA
29,-2,-7,INCLUDED_OPEN
29,-2,-6,INCLUDED_OPEN
29,-2,-5,INCLUDED_OPEN
29,-2,-4,INCLUDED_OPEN
29,-2,-3,INCLUDED_OPEN
29,-2,-2,INCLUDED_OPEN
29,-2,-1,INCLUDED_LOWDATA
29,-2,1,INCLUDED_OPEN
29,-2,2,INCLUDED_OPEN
29,-2,3,INCLUDED_OPEN
29,-2,4,INCLUDED_LOWDATA
29,-1,-7,INCLUDED_OPEN
29,-1,-6,INCLUDED_OPEN
29,-1,-5,INCLUDED_OPEN
29,-1,-4,INCLUDED_OPEN
29,-1,-3,INCLUDED_OPEN
29,-1,-2,INCLUDED_OPEN
29,-1,-1,INCLUDED_LOWDATA
29,-1,1,INCLUDED_OPEN
29,-1,2,INCLUDED_OPEN
29,-1,3,INCLUDED_OPEN
29,-1,4,INCLUDED_LOWDATA
29,0,-7,INCLUDED_OPEN
29,0,-6,INCLUDED_OPEN
29,0,-5,INCLUDED_OPEN
29,0,-4,INCLUDED_OPEN
29,0,-3,INCLUDED_OPEN
29,0,-2,INCLUDED_OPEN
29,0,-1,INCLUDED_LOWDATA
29,0,1,INCLUDED_OPEN
29,0,2,INCLUDED_OPEN
29,0,3,INCLUDED_OPEN
29,0,4,INCLUDED_LOWDATA
29,1,-7,INCLUDED_OPEN
29,1,-6,INCLUDED_OPEN
29,1,-5,INCLUDED_OPEN
29,1,-4,INCLUDED_OPEN
29,1,-3,INCLUDED_OPEN
29,1,-2,INCLUDED_OPEN
29,1,-1,INCLUDED_LOWDATA
29,1,1,INCLUDED_OPEN
29,1,2,INCLUDED_OPEN
29,1,3,INCLUDED_OPEN
29,1,4,INCLUDED_LOWDATA
29,1,6,INCLUDED_LOWDATA
29,2,-7,INCLUDED_OPEN
29,2,-6,INCLUDED_OPEN
29,2,-5,INCLUDED_OPEN
29,2,-4,INCLUDED_OPEN
29,2,-3,INCLUDED_OPEN
29,2,-2,INCLUDED_OPEN
29,2,1,INCLUDED_OPEN
29,2,2,INCLUDED_OPEN
29,2,3,INCLUDED_OPEN
29,2,4,INCLUDED_LOWDATA
29,3,-7,INCLUDED_OPEN
29,3,-6,INCLUDED_OPEN
29,3,-5,INCLUDED_OPEN
29,3,-4,INCLUDED_OPEN
29,3,-3,INCLUDED_OPEN
29,3,-2,INCLUDED_OPEN
29,3,1,INCLUDED_OPEN
29,3,2,INCLUDED_OPEN
29,3,3,INCLUDED_OPEN
29,3,4,INCLUDED_LOWDATA
29,4,-7,INCLUDED_OPEN
29,4,-6,INCLUDED_OPEN
29,4,-5,INCLUDED_OPEN
29,4,-4,INCLUDED_OPEN
29,4,-3,INCLUDED_OPEN
29,4,-2,INCLUDED_OPEN
29,4,-1,INCLUDED_LOWDATA
29,4,1,INCLUDED_OPEN
29,4,2,INCLUDED_OPEN
29,4,3,INCLUDED_OPEN
29,4,4,INCLUDED_LOWDATA
29,5,-7,INCLUDED_OPEN
29,5,-6,INCLUDED_OPEN
29,5,-5,INCLUDED_OPEN
29,5,-4,INCLUDED_OPEN
29,5,-3,INCLUDED_OPEN
29,5,-2,INCLUDED_OPEN
29,5,1,INCLUDED_OPEN
29,5,2,INCLUDED_OPEN
29,5,3,INCLUDED_OPEN
29,5,4,INCLUDED_LOWDATA
29,6,-7,INCLUDED_OPEN
29,6,-6,INCLUDED_OPEN
29,6,-5,INCLUDED_OPEN
29,6,-4,INCLUDED_OPEN
29,6,-3,INCLUDED_OPEN
29,6,-2,INCLUDED_OPEN
29,6,-1,INCLUDED_LOWDATA
29,6,1,INCLUDED_OPEN
29,6,2,INCLUDED_OPEN
29,6,3,INCLUDED_OPEN
29,6,4,INCLUDED_LOWDATA
29,7,-7,INCLUDED_OPEN
29,7,-6,INCLUDED_OPEN
29,7,-5,INCLUDED_OPEN
29,7,-4,INCLUDED_OPEN
29,7,-3,INCLUDED_OPEN
29,7,-2,INCLUDED_OPEN
29,7,-1,INCLUDED_LOWDATA
29,7,1,INCLUDED_OPEN
29,7,2,INCLUDED_OPEN
29,7,3,INCLUDED_OPEN
29,7,4,INCLUDED_LOWDATA
29,8,1,INCLUDED_OPEN
29,8,2,INCLUDED_OPEN
29,8,3,INCLUDED_OPEN
29,8,4,INCLUDED_LOWDATA
29,9,1,INCLUDED_OPEN
29,9,2,INCLUDED_OPEN
29,9,3,INCLUDED_OPEN
29,9,4,INCLUDED_LOWDATA
29,10,1,INCLUDED_OPEN
29,10,2,INCLUDED_OPEN
29,10,3,INCLUDED_OPEN
29,10,4,INCLUDED_OPEN
29,12,1,INCLUDED_OPEN
29,12,2,INCLUDED_OPEN
29,12,3,INCLUDED_OPEN
29,12,4,INCLUDED_OPEN
29,13,1,INCLUDED_OPEN
29,13,2,INCLUDED_OPEN
29,13,3,INCLUDED_OPEN
29,13,4,INCLUDED_OPEN
29,14,1,INCLUDED_OPEN
29,14,2,INCLUDED_OPEN
29,14,3,INCLUDED_OPEN
29,14,4,INCLUDED_OPEN
29,15,1,INCLUDED_OPEN
29,15,2,INCLUDED_OPEN
29,15,3,INCLUDED_OPEN
29,15,4,INCLUDED_OPEN
29,16,1,INCLUDED_OPEN
29,16,2,INCLUDED_OPEN
29,16,3,INCLUDED_OPEN
29,16,4,INCLUDED_OPEN
29,17,1,INCLUDED_OPEN
29,17,2,INCLUDED_OPEN
29,17,3,INCLUDED_OPEN
29,17,4,INCLUDED_OPEN
29,18,1,INCLUDED_OPEN
29,18,2,INCLUDED_OPEN
29,18,3,INCLUDED_OPEN
29,18,4,INCLUDED_OPEN
29,19,1,INCLUDED_OPEN
29,19,2,INCLUDED_OPEN
29,19,3,INCLUDED_OPEN
29,19,4,INCLUDED_OPEN
29,21,-10,INCLUDED_OPEN
29,21,-9,INCLUDED_OPEN
29,21,-8,INCLUDED_OPEN
29,21,-7,INCLUDED_OPEN
29,21,-6,INCLUDED_OPEN
29,21,-5,INCLUDED_OPEN
29,21,-4,INCLUDED_OPEN
29,21,-3,INCLUDED_OPEN
29,21,-2,INCLUDED_OPEN
29,21,-1,INCLUDED_OPEN
29,21,0,INCLUDED_OPEN
29,21,1,INCLUDED_OPEN
29,21,2,INCLUDED_OPEN
29,21,3,INCLUDED_OPEN
29,21,4,INCLUDED_OPEN
29,22,-10,INCLUDED_OPEN
29,22,-9,INCLUDED_OPEN
29,22,-8,INCLUDED_OPEN
29,22,-7,INCLUDED_OPEN
29,22,-6,INCLUDED_OPEN
29,22,-5,INCLUDED_OPEN
29,22,-4,INCLUDED_OPEN
29,22,-3,INCLUDED_OPEN
29,22,-2,INCLUDED_OPEN
29,22,-1,INCLUDED_OPEN
29,22,0,INCLUDED_OPEN
29,22,1,INCLUDED_OPEN
29,22,2,INCLUDED_OPEN
29,22,3,INCLUDED_OPEN
29,22,4,INCLUDED_OPEN
29,23,-10,INCLUDED_OPEN
29,23,-9,INCLUDED_OPEN
29,23,-8,INCLUDED_OPEN
29,23,-7,INCLUDED_OPEN
29,23,-6,INCLUDED_OPEN
29,23,-5,INCLUDED_OPEN
29,23,-4,INCLUDED_OPEN
29,23,-3,INCLUDED_OPEN
29,23,-2,INCLUDED_OPEN
29,23,-1,INCLUDED_OPEN
29,23,0,INCLUDED_OPEN
29,23,1,INCLUDED_OPEN
29,23,2,INCLUDED_OPEN
29,23,3,INCLUDED_OPEN
29,23,4,INCLUDED_OPEN
29,24,-10,INCLUDED_OPEN
29,24,-9,INCLUDED_OPEN
29,24,-8,INCLUDED_OPEN
29,24,-7,INCLUDED_OPEN
29,24,-6,INCLUDED_OPEN
29,24,-5,INCLUDED_OPEN
29,24,-4,INCLUDED_OPEN
29,24,-3,INCLUDED_OPEN
29,24,-2,INCLUDED_OPEN
29,24,-1,INCLUDED_OPEN
29,24,0,INCLUDED_OPEN
29,24,1,INCLUDED_OPEN
29,24,2,INCLUDED_OPEN
29,24,3,INCLUDED_OPEN
29,24,4,INCLUDED_OPEN
29,25,-10,INCLUDED_OPEN
29,25,-9,INCLUDED_OPEN
29,25,-8,INCLUDED_OPEN
29,25,-7,INCLUDED_OPEN
29,25,-6,INCLUDED_OPEN
29,25,-5,INCLUDED_OPEN
29,25,-4,INCLUDED_OPEN
29,25,-3,INCLUDED_OPEN
29,25,-2,INCLUDED_OPEN
29,25,-1,INCLUDED_OPEN
29,25,0,INCLUDED_OPEN
29,25,1,INCLUDED_OPEN
29,25,2,INCLUDED_OPEN
29,25,3,INCLUDED_OPEN
29,25,4,INCLUDED_OPEN
29,26,-10,INCLUDED_OPEN
29,26,-9,INCLUDED_OPEN
29,26,-8,INCLUDED_OPEN
29,26,-7,INCLUDED_OPEN
29,26,-6,INCLUDED_OPEN
29,26,-5,INCLUDED_OPEN
29,26,-4,INCLUDED_OPEN
29,26,-3,INCLUDED_OPEN
29,26,-2,INCLUDED_OPEN
29,26,-1,INCLUDED_OPEN
29,26,0,INCLUDED_OPEN
29,26,1,INCLUDED_OPEN
29,26,2,INCLUDED_OPEN
29,26,3,INCLUDED_OPEN
29,26,4,INCLUDED_OPEN
29,27,-10,INCLUDED_OPEN
29,27,-9,INCLUDED_OPEN
29,27,-8,INCLUDED_OPEN
29,27,-7,INCLUDED_OPEN
29,27,-6,INCLUDED_OPEN
29,27,-5,INCLUDED_OPEN
29,27,-4,INCLUDED_OPEN
29,27,-3,INCLUDED_OPEN
29,27,-2,INCLUDED_OPEN
29,27,-1,INCLUDED_OPEN
29,27,0,INCLUDED_OPEN
29,27,1,INCLUDED_OPEN
29,27,2,INCLUDED_OPEN
29,27,3,INCLUDED_OPEN
29,27,4,INCLUDED_OPEN
29,28,-10,INCLUDED_OPEN
29,28,-9,INCLUDED_OPEN
29,28,-8,INCLUDED_OPEN
29,28,-7,INCLUDED_OPEN
29,28,-6,INCLUDED_OPEN
29,28,-5,INCLUDED_OPEN
29,28,-4,INCLUDED_OPEN
29,28,-3,INCLUDED_OPEN
29,28,-2,INCLUDED_OPEN
29,28,-1,INCLUDED_OPEN
29,28,0,INCLUDED_OPEN
29,28,1,INCLUDED_OPEN
29,28,2,INCLUDED_OPEN
29,28,3,INCLUDED_OPEN
29,28,4,INCLUDED_LOWDATA
29,29,-10,INCLUDED_OPEN
29,29,-9,INCLUDED_OPEN
29,29,-8,INCLUDED_OPEN
29,29,-7,INCLUDED_OPEN
29,29,-6,INCLUDED_OPEN
29,29,-5,INCLUDED_OPEN
29,29,-4,INCLUDED_OPEN
29,29,-3,INCLUDED_OPEN
29,29,-2,INCLUDED_OPEN
29,29,-1,INCLUDED_OPEN
29,29,0,INCLUDED_OPEN
29,29,1,INCLUDED_OPEN
29,29,2,INCLUDED_OPEN
29,29,3,INCLUDED_OPEN
29,29,4,INCLUDED_LOWDATA
29,30,-10,INCLUDED_OPEN
29,30,-9,INCLUDED_OPEN
29,30,-8,INCLUDED_OPEN
29,30,-7,INCLUDED_OPEN
29,30,-6,INCLUDED_OPEN
29,30,-5,INCLUDED_OPEN
29,30,-4,INCLUDED_OPEN
29,30,-3,INCLUDED_OPEN
29,30,-2,INCLUDED_OPEN
29,30,-1,INCLUDED_OPEN
29,30,0,INCLUDED_OPEN
29,30,1,INCLUDED_OPEN
29,30,2,INCLUDED_OPEN
29,30,3,INCLUDED_OPEN
29,30,4,INCLUDED_LOWDATA
29,31,-10,INCLUDED_LOWDATA
29,31,-9,INCLUDED_OPEN
29,31,-8,INCLUDED_OPEN
29,31,-7,INCLUDED_OPEN
29,31,-6,INCLUDED_OPEN
29,31,-5,INCLUDED_OPEN
29,31,-4,INCLUDED_OPEN
29,31,-3,INCLUDED_OPEN
29,31,-2,INCLUDED_OPEN
29,31,-1,INCLUDED_OPEN
29,31,0,INCLUDED_OPEN
29,31,1,INCLUDED_OPEN
29,31,2,INCLUDED_LOWDATA
29,31,3,INCLUDED_OPEN
29,31,4,INCLUDED_LOWDATA
29,32,-10,INCLUDED_OPEN
29,32,-9,INCLUDED_OPEN
29,32,-8,INCLUDED_OPEN
29,32,-7,INCLUDED_OPEN
29,32,-6,INCLUDED_OPEN
29,32,-5,INCLUDED_OPEN
29,32,-4,INCLUDED_OPEN
29,32,-3,INCLUDED_OPEN
29,32,-2,INCLUDED_OPEN
29,32,-1,INCLUDED_OPEN
29,32,0,INCLUDED_OPEN
29,32,1,INCLUDED_OPEN
29,32,2,INCLUDED_OPEN
29,32,3,INCLUDED_OPEN
29,32,4,INCLUDED_LOWDATA
29,33,-10,INCLUDED_LOWDATA
29,33,-9,INCLUDED_OPEN
29,33,-8,INCLUDED_OPEN
29,33,-7,INCLUDED_OPEN
29,33,-6,INCLUDED_OPEN
29,33,-5,INCLUDED_OPEN
29,33,-4,INCLUDED_OPEN
29,33,-3,INCLUDED_OPEN
29,33,-2,INCLUDED_OPEN
29,33,-1,INCLUDED_OPEN
29,33,0,INCLUDED_OPEN
29,33,1,INCLUDED_LOWDATA
29,33,2,INCLUDED_LOWDATA
29,33,3,INCLUDED_LOWDATA
29,33,4,INCLUDED_LOWDATA
29,34,-9,INCLUDED_OPEN
29,34,-8,INCLUDED_OPEN
29,34,-7,INCLUDED_OPEN
29,34,-6,INCLUDED_OPEN
29,34,-5,INCLUDED_OPEN
29,34,-4,INCLUDED_OPEN
29,34,-3,INCLUDED_OPEN
29,34,-2,INCLUDED_OPEN
29,34,-1,INCLUDED_OPEN
29,34,0,INCLUDED_OPEN
29,34,1,INCLUDED_OPEN
29,34,2,INCLUDED_LOWDATA
29,34,3,INCLUDED_LOWDATA
29,34,4,INCLUDED_LOWDATA
29,35,-9,INCLUDED_OPEN
29,35,-8,INCLUDED_OPEN
29,35,-7,INCLUDED_OPEN
29,35,-6,INCLUDED_OPEN
29,35,-5,INCLUDED_OPEN
29,35,-4,INCLUDED_OPEN
29,35,-3,INCLUDED_OPEN
29,35,-2,INCLUDED_OPEN
29,35,-1,INCLUDED_OPEN
29,35,0,INCLUDED_OPEN
29,35,1,pent-2
29,35,2,INCLUDED_LOWDATA
29,35,3,INCLUDED_OPEN
29,35,4,INCLUDED_LOWDATA
30,-29,2,INCLUDED_LOWDATA
30,-28,2,INCLUDED_OPEN
30,-28,3,INCLUDED_OPEN
30,-28,4,INCLUDED_OPEN
30,-27,2,INCLUDED_OPEN
30,-27,3,INCLUDED_OPEN
30,-27,4,INCLUDED_OPEN
30,-26,2,INCLUDED_OPEN
30,-26,3,INCLUDED_OPEN
30,-26,4,INCLUDED_OPEN
30,-26,5,INCLUDED_LOWDATA
30,-25,2,INCLUDED_OPEN
30,-25,3,INCLUDED_OPEN
30,-25,4,INCLUDED_OPEN
30,-25,5,INCLUDED_LOWDATA
30,-24,2,INCLUDED_OPEN
30,-24,3,INCLUDED_OPEN
30,-24,4,INCLUDED_OPEN
30,-23,2,INCLUDED_OPEN
30,-23,3,INCLUDED_OPEN
30,-23,4,INCLUDED_OPEN
30,-22,1,INCLUDED_LOWDATA
30,-22,2,INCLUDED_OPEN
30,-22,3,INCLUDED_OPEN
30,-22,4,INCLUDED_OPEN
30,-21,3,INCLUDED_LOWDATA
30,-13,1,INCLUDED_LOWDATA
30,-13,2,INCLUDED_LOWDATA
30,-13,3,INCLUDED_LOWDATA
30,-12,1,INCLUDED_OPEN
30,-12,2,INCLUDED_OPEN
30,-12,3,INCLUDED_OPEN
30,-12,4,INCLUDED_LOWDATA
30,-11,1,INCLUDED_OPEN
30,-11,2,INCLUDED_OPEN
30,-11,3,INCLUDED_OPEN
30,-11,4,INCLUDED_LOWDATA
30,-10,-7,INCLUDED_OPEN
30,-10,-6,INCLUDED_OPEN
30,-10,-5,INCLUDED_OPEN
30,-10,-4,INCLUDED_OPEN
30,-10,-3,INCLUDED_OPEN
30,-10,-2,INCLUDED_OPEN
30,-10,-1,INCLUDED_LOWDATA
30,-10,1,INCLUDED_OPEN
30,-10,2,INCLUDED_OPEN
30,-10,3,INCLUDED_OPEN
30,-10,4,INCLUDED_LOWDATA
30,-9,-8,INCLUDED_LOWDATA
30,-9,-7,INCLUDED_OPEN
30,-9,-6,INCLUDED_OPEN
30,-9,-5,INCLUDED_OPEN
30,-9,-4,INCLUDED_OPEN
30,-9,-3,INCLUDED_OPEN
30,-9,-2,INCLUDED_OPEN
30,-9,-1,INCLUDED_LOWDATA
30,-9,1,INCLUDED_OPEN
30,-9,2,INCLUDED_OPEN
30,-9,3,INCLUDED_OPEN
30,-9,4,INCLUDED_LOWDATA
30,-8,-7,INCLUDED_LOWDATA
30,-8,-6,INCLUDED_OPEN
30,-8,-5,INCLUDED_OPEN
30,-8,-4,INCLUDED_OPEN
30,-8,-3,INCLUDED_OPEN
30,-8,-2,INCLUDED_OPEN
30,-8,-1,INCLUDED_LOWDATA
30,-8,1,INCLUDED_OPEN
30,-8,2,INCLUDED_OPEN
30,-8,3,INCLUDED_OPEN
30,-8,4,INCLUDED_LOWDATA
30,-7,-7,INCLUDED_OPEN
30,-7,-6,INCLUDED_OPEN
30,-7,-5,INCLUDED_OPEN
30,-7,-4,INCLUDED_OPEN
30,-7,-3,INCLUDED_OPEN
30,-7,-2,INCLUDED_OPEN
30,-7,0,INCLUDED_LOWDATA
30,-7,1,INCLUDED_OPEN
30,-7,2,INCLUDED_OPEN
30,-7,3,INCLUDED_OPEN
30,-7,4,INCLUDED_LOWDATA
30,-6,-7,INCLUDED_OPEN
30,-6,-6,INCLUDED_OPEN
30,-6,-5,INCLUDED_OPEN
30,-6,-4,INCLUDED_OPEN
30,-6,-3,INCLUDED_OPEN
30,-6,-2,INCLUDED_OPEN
30,-6,-1,INCLUDED_LOWDATA
30,-6,1,INCLUDED_OPEN
30,-6,2,INCLUDED_OPEN
30,-6,3,INCLUDED_OPEN
30,-6,4,INCLUDED_LOWDATA
30,-5,-7,INCLUDED_OPEN
30,-5,-6,INCLUDED_OPEN
30,-5,-5,INCLUDED_OPEN
30,-5,-4,INCLUDED_OPEN
30,-5,-3,INCLUDED_OPEN
30,-5,-2,INCLUDED_OPEN
30,-5,-1,INCLUDED_LOWDATA
30,-5,1,INCLUDED_OPEN
30,-5,2,INCLUDED_OPEN
30,-5,3,INCLUDED_OPEN
30,-5,4,INCLUDED_LOWDATA
30,-4,-7,INCLUDED_OPEN
30,-4,-6,INCLUDED_OPEN
30,-4,-5,INCLUDED_OPEN
30,-4,-4,INCLUDED_OPEN
30,-4,-3,INCLUDED_OPEN
30,-4,-2,INCLUDED_OPEN
30,-4,-1,INCLUDED_LOWDATA
30,-4,1,INCLUDED_OPEN
30,-4,2,INCLUDED_OPEN
30,-4,3,INCLUDED_OPEN
30,-4,4,INCLUDED_LOWDATA
30,-3,-7,INCLUDED_OPEN
30,-3,-6,INCLUDED_OPEN
30,-3,-5,INCLUDED_OPEN
30,-3,-4,INCLUDED_OPEN
30,-3,-3,INCLUDED_OPEN
30,-3,-2,INCLUDED_OPEN
30,-3,-1,INCLUDED_LOWDATA
30,-3,1,INCLUDED_OPEN
30,-3,2,INCLUDED_OPEN
30,-3,3,INCLUDED_OPEN
30,-3,4,INCLUDED_LOWDATA
30,-2,-7,INCLUDED_OPEN
30,-2,-6,INCLUDED_OPEN
30,-2,-5,INCLUDED_OPEN
30,-2,-4,INCLUDED_OPEN
30,-2,-3,INCLUDED_OPEN
30,-2,-2,INCLUDED_OPEN
30,-2,-1,INCLUDED_LOWDATA
30,-2,1,INCLUDED_OPEN
30,-2,2,INCLUDED_OPEN
30,-2,3,INCLUDED_OPEN
30,-2,4,INCLUDED_LOWDATA
30,-1,-7,INCLUDED_OPEN
30,-1,-6,INCLUDED_OPEN
30,-1,-5,INCLUDED_OPEN
30,-1,-4,INCLUDED_OPEN
30,-1,-3,INCLUDED_OPEN
30,-1,-2,INCLUDED_OPEN
30,-1,-1,INCLUDED_LOWDATA
30,-1,1,INCLUDED_OPEN
30,-1,2,INCLUDED_OPEN
30,-1,3,INCLUDED_OPEN
30,-1,4,INCLUDED_OPEN
30,0,-7,INCLUDED_OPEN
30,0,-6,INCLUDED_OPEN
30,0,-5,INCLUDED_OPEN
30,0,-4,INCLUDED_OPEN
30,0,-3,INCLUDED_OPEN
30,0,-2,INCLUDED_OPEN
30,0,-1,INCLUDED_LOWDATA
30,0,1,INCLUDED_OPEN
30,0,2,INCLUDED_OPEN
30,0,3,INCLUDED_OPEN
30,0,4,INCLUDED_LOWDATA
30,1,-7,INCLUDED_OPEN
30,1,-6,INCLUDED_OPEN
30,1,-5,INCLUDED_OPEN
30,1,-4,INCLUDED_OPEN
30,1,-3,INCLUDED_OPEN
30,1,-2,INCLUDED_OPEN
30,1,-1,INCLUDED_LOWDATA
30,1,1,INCLUDED_OPEN
30,1,2,INCLUDED_OPEN
30,1,3,INCLUDED_OPEN
30,1,4,INCLUDED_LOWDATA
30,2,-7,INCLUDED_OPEN
30,2,-6,INCLUDED_OPEN
30,2,-5,INCLUDED_OPEN
30,2,-4,INCLUDED_OPEN
30,2,-3,INCLUDED_OPEN
30,2,-2,INCLUDED_OPEN
30,2,-1,INCLUDED_LOWDATA
30,2,1,INCLUDED_OPEN
30,2,2,INCLUDED_OPEN
30,2,3,INCLUDED_OPEN
30,2,4,INCLUDED_LOWDATA
30,3,-7,INCLUDED_OPEN
30,3,-6,INCLUDED_OPEN
30,3,-5,INCLUDED_OPEN
30,3,-4,INCLUDED_OPEN
30,3,-3,INCLUDED_OPEN
30,3,-2,INCLUDED_OPEN
30,3,-1,INCLUDED_LOWDATA
30,3,1,INCLUDED_OPEN
30,3,2,INCLUDED_OPEN
30,3,3,INCLUDED_OPEN
30,3,4,INCLUDED_LOWDATA
30,4,-7,INCLUDED_OPEN
30,4,-6,INCLUDED_OPEN
30,4,-5,INCLUDED_OPEN
30,4,-4,INCLUDED_OPEN
30,4,-3,INCLUDED_OPEN
30,4,-2,INCLUDED_OPEN
30,4,-1,INCLUDED_LOWDATA
30,4,1,INCLUDED_OPEN
30,4,2,INCLUDED_OPEN
30,4,3,INCLUDED_OPEN
30,4,4,INCLUDED_LOWDATA
30,5,-7,INCLUDED_OPEN
30,5,-6,INCLUDED_OPEN
30,5,-5,INCLUDED_OPEN
30,5,-4,INCLUDED_OPEN
30,5,-3,INCLUDED_OPEN
30,5,-2,INCLUDED_OPEN
30,5,1,INCLUDED_OPEN
30,5,2,INCLUDED_OPEN
30,5,3,INCLUDED_OPEN
30,5,4,INCLUDED_LOWDATA
30,6,-7,INCLUDED_OPEN
30,6,-6,INCLUDED_OPEN
30,6,-5,INCLUDED_OPEN
30,6,-4,INCLUDED_OPEN
30,6,-3,INCLUDED_OPEN
30,6,-2,INCLUDED_OPEN
30,6,-1,INCLUDED_LOWDATA
30,6,1,INCLUDED_OPEN
30,6,2,INCLUDED_OPEN
30,6,3,INCLUDED_OPEN
30,6,4,INCLUDED_LOWDATA
30,7,-7,INCLUDED_OPEN
30,7,-6,INCLUDED_OPEN
30,7,-5,INCLUDED_OPEN
30,7,-4,INCLUDED_OPEN
30,7,-3,INCLUDED_OPEN
30,7,-2,INCLUDED_OPEN
30,7,-1,INCLUDED_LOWDATA
30,7,1,INCLUDED_OPEN
30,7,2,INCLUDED_OPEN
30,7,3,INCLUDED_OPEN
30,7,4,INCLUDED_LOWDATA
30,8,1,INCLUDED_OPEN
30,8,2,INCLUDED_OPEN
30,8,3,INCLUDED_OPEN
30,8,4,INCLUDED_LOWDATA
30,9,1,INCLUDED_OPEN
30,9,2,INCLUDED_OPEN
30,9,3,INCLUDED_OPEN
30,9,4,INCLUDED_OPEN
30,10,1,INCLUDED_OPEN
30,10,2,INCLUDED_OPEN
30,10,3,INCLUDED_LOWDATA
30,12,1,INCLUDED_OPEN
30,12,2,INCLUDED_OPEN
30,12,3,INCLUDED_OPEN
30,12,4,INCLUDED_OPEN
30,13,-6,INCLUDED_LOWDATA
30,13,1,INCLUDED_OPEN
30,13,2,INCLUDED_OPEN
30,13,3,INCLUDED_OPEN
30,13,4,INCLUDED_OPEN
30,13,5,INCLUDED_OPEN
30,14,1,INCLUDED_OPEN
30,14,2,INCLUDED_OPEN
30,14,3,INCLUDED_OPEN
30,14,4,INCLUDED_OPEN
30,14,5,INCLUDED_OPEN
30,15,1,INCLUDED_OPEN
30,15,2,INCLUDED_OPEN
30,15,3,INCLUDED_OPEN
30,15,4,INCLUDED_OPEN
30,15,5,INCLUDED_OPEN
30,16,1,INCLUDED_OPEN
30,16,2,INCLUDED_OPEN
30,16,3,INCLUDED_OPEN
30,16,4,INCLUDED_OPEN
30,16,5,INCLUDED_OPEN
30,17,1,INCLUDED_OPEN
30,17,2,INCLUDED_OPEN
30,17,3,INCLUDED_OPEN
30,17,4,INCLUDED_OPEN
30,17,5,INCLUDED_OPEN
30,18,1,INCLUDED_OPEN
30,18,2,INCLUDED_OPEN
30,18,3,INCLUDED_OPEN
30,18,4,INCLUDED_OPEN
30,18,5,INCLUDED_OPEN
30,19,1,INCLUDED_OPEN
30,19,2,INCLUDED_OPEN
30,19,3,INCLUDED_OPEN
30,19,4,INCLUDED_OPEN
30,21,-10,INCLUDED_OPEN
30,21,-9,INCLUDED_OPEN
30,21,-8,INCLUDED_OPEN
30,21,-7,INCLUDED_OPEN
30,21,-6,INCLUDED_OPEN
30,21,-5,INCLUDED_OPEN
30,21,-4,INCLUDED_OPEN
30,21,-3,INCLUDED_OPEN
30,21,-2,INCLUDED_OPEN
30,21,-1,INCLUDED_OPEN
30,21,0,INCLUDED_OPEN
30,21,1,INCLUDED_OPEN
30,21,2,INCLUDED_OPEN
30,21,3,INCLUDED_OPEN
30,21,4,INCLUDED_OPEN
30,22,-10,INCLUDED_OPEN
30,22,-9,INCLUDED_OPEN
30,22,-8,INCLUDED_OPEN
30,22,-7,INCLUDED_OPEN
30,22,-6,INCLUDED_OPEN
30,22,-5,INCLUDED_OPEN
30,22,-4,INCLUDED_OPEN
30,22,-3,INCLUDED_OPEN
30,22,-2,INCLUDED_OPEN
30,22,-1,INCLUDED_OPEN
30,22,0,INCLUDED_OPEN
30,22,1,INCLUDED_OPEN
30,22,2,INCLUDED_OPEN
30,22,3,INCLUDED_OPEN
30,22,4,INCLUDED_OPEN
30,23,-10,INCLUDED_OPEN
30,23,-9,INCLUDED_OPEN
30,23,-8,INCLUDED_OPEN
30,23,-7,INCLUDED_OPEN
30,23,-6,INCLUDED_OPEN
30,23,-5,INCLUDED_OPEN
30,23,-4,INCLUDED_OPEN
30,23,-3,INCLUDED_OPEN
30,23,-2,INCLUDED_OPEN
30,23,-1,INCLUDED_OPEN
30,23,0,INCLUDED_OPEN
30,23,1,INCLUDED_OPEN
30,23,2,INCLUDED_OPEN
30,23,3,INCLUDED_OPEN
30,23,4,INCLUDED_OPEN
30,24,-10,INCLUDED_OPEN
30,24,-9,INCLUDED_OPEN
30,24,-8,INCLUDED_OPEN
30,24,-7,INCLUDED_OPEN
30,24,-6,INCLUDED_OPEN
30,24,-5,INCLUDED_OPEN
30,24,-4,INCLUDED_OPEN
30,24,-3,INCLUDED_OPEN
30,24,-2,INCLUDED_OPEN
30,24,-1,INCLUDED_OPEN
30,24,0,INCLUDED_OPEN
30,24,1,INCLUDED_OPEN
30,24,2,INCLUDED_OPEN
30,24,3,INCLUDED_OPEN
30,24,4,INCLUDED_OPEN
30,25,-10,INCLUDED_OPEN
30,25,-9,INCLUDED_OPEN
30,25,-8,INCLUDED_OPEN
30,25,-7,INCLUDED_OPEN
30,25,-6,INCLUDED_OPEN
30,25,-5,INCLUDED_OPEN
30,25,-4,INCLUDED_OPEN
30,25,-3,INCLUDED_OPEN
30,25,-2,INCLUDED_OPEN
30,25,-1,INCLUDED_OPEN
30,25,0,INCLUDED_OPEN
30,25,1,INCLUDED_OPEN
30,25,2,INCLUDED_OPEN
30,25,3,INCLUDED_OPEN
30,25,4,INCLUDED_OPEN
30,26,-10,INCLUDED_OPEN
30,26,-9,INCLUDED_OPEN
30,26,-8,INCLUDED_OPEN
30,26,-7,INCLUDED_OPEN
30,26,-6,INCLUDED_OPEN
30,26,-5,INCLUDED_OPEN
30,26,-4,INCLUDED_OPEN
30,26,-3,INCLUDED_OPEN
30,26,-2,INCLUDED_OPEN
30,26,-1,INCLUDED_OPEN
30,26,0,INCLUDED_OPEN
30,26,1,INCLUDED_OPEN
30,26,2,INCLUDED_OPEN
30,26,3,INCLUDED_OPEN
30,26,4,INCLUDED_OPEN
30,27,-10,INCLUDED_OPEN
30,27,-9,INCLUDED_OPEN
30,27,-8,INCLUDED_OPEN
30,27,-7,INCLUDED_OPEN
30,27,-6,INCLUDED_OPEN
30,27,-5,INCLUDED_OPEN
30,27,-4,INCLUDED_OPEN
30,27,-3,INCLUDED_OPEN
30,27,-2,INCLUDED_OPEN
30,27,-1,INCLUDED_OPEN
30,27,0,INCLUDED_OPEN
30,27,1,INCLUDED_OPEN
30,27,2,INCLUDED_OPEN
30,27,3,INCLUDED_OPEN
30,27,4,INCLUDED_OPEN
30,28,-10,INCLUDED_OPEN
30,28,-9,INCLUDED_OPEN
30,28,-8,INCLUDED_OPEN
30,28,-7,INCLUDED_OPEN
30,28,-6,INCLUDED_OPEN
30,28,-5,INCLUDED_OPEN
30,28,-4,INCLUDED_OPEN
30,28,-3,INCLUDED_OPEN
30,28,-2,INCLUDED_OPEN
30,28,-1,INCLUDED_OPEN
30,28,0,INCLUDED_OPEN
30,28,1,INCLUDED_OPEN
30,28,2,INCLUDED_OPEN
30,28,3,INCLUDED_OPEN
30,28,4,INCLUDED_OPEN
30,29,-10,INCLUDED_OPEN
30,29,-9,INCLUDED_OPEN
30,29,-8,INCLUDED_OPEN
30,29,-7,INCLUDED_OPEN
30,29,-6,INCLUDED_OPEN
30,29,-5,INCLUDED_OPEN
30,29,-4,INCLUDED_OPEN
30,29,-3,INCLUDED_OPEN
30,29,-2,INCLUDED_OPEN
30,29,-1,INCLUDED_OPEN
30,29,0,INCLUDED_OPEN
30,29,1,INCLUDED_OPEN
30,29,2,INCLUDED_OPEN
30,29,3,INCLUDED_OPEN
30,29,4,INCLUDED_LOWDATA
30,30,-10,INCLUDED_OPEN
30,30,-9,INCLUDED_OPEN
30,30,-8,INCLUDED_OPEN
30,30,-7,INCLUDED_OPEN
30,30,-6,INCLUDED_OPEN
30,30,-5,INCLUDED_OPEN
30,30,-4,INCLUDED_OPEN
30,30,-3,INCLUDED_OPEN
30,30,-2,INCLUDED_OPEN
30,30,-1,INCLUDED_OPEN
30,30,0,INCLUDED_OPEN
30,30,1,INCLUDED_OPEN
30,30,2,INCLUDED_OPEN
30,30,3,INCLUDED_OPEN
30,30,4,INCLUDED_LOWDATA
30,31,-10,INCLUDED_OPEN
30,31,-9,INCLUDED_OPEN
30,31,-8,INCLUDED_OPEN
30,31,-7,INCLUDED_OPEN
30,31,-6,INCLUDED_OPEN
30,31,-5,INCLUDED_OPEN
30,31,-4,INCLUDED_OPEN
30,31,-3,INCLUDED_OPEN
30,31,-2,INCLUDED_OPEN
30,31,-1,INCLUDED_OPEN
30,31,0,INCLUDED_OPEN
30,31,1,INCLUDED_OPEN
30,31,2,INCLUDED_LOWDATA
30,31,3,INCLUDED_LOWDATA
30,31,4,INCLUDED_LOWDATA
30,32,-10,INCLUDED_OPEN
30,32,-9,INCLUDED_OPEN
30,32,-8,INCLUDED_OPEN
30,32,-7,INCLUDED_OPEN
30,32,-6,INCLUDED_OPEN
30,32,-5,INCLUDED_OPEN
30,32,-4,INCLUDED_OPEN
30,32,-3,INCLUDED_OPEN
30,32,-2,INCLUDED_OPEN
30,32,-1,INCLUDED_OPEN
30,32,0,INCLUDED_OPEN
30,32,1,INCLUDED_OPEN
30,32,2,INCLUDED_OPEN
30,32,3,INCLUDED_LOWDATA
30,32,4,INCLUDED_LOWDATA
30,33,-10,INCLUDED_OPEN
30,33,-9,INCLUDED_OPEN
30,33,-8,INCLUDED_OPEN
30,33,-7,INCLUDED_OPEN
30,33,-6,INCLUDED_OPEN
30,33,-5,INCLUDED_OPEN
30,33,-4,INCLUDED_OPEN
30,33,-3,INCLUDED_OPEN
30,33,-2,INCLUDED_OPEN
30,33,-1,INCLUDED_OPEN
30,33,0,INCLUDED_OPEN
30,33,1,INCLUDED_OPEN
30,33,2,INCLUDED_LOWDATA
30,33,3,INCLUDED_LOWDATA
30,33,4,INCLUDED_LOWDATA
30,34,-9,INCLUDED_OPEN
30,34,-8,INCLUDED_OPEN
30,34,-7,INCLUDED_OPEN
30,34,-6,INCLUDED_OPEN
30,34,-5,INCLUDED_OPEN
30,34,-4,INCLUDED_OPEN
30,34,-3,INCLUDED_OPEN
30,34,-2,INCLUDED_OPEN
30,34,-1,INCLUDED_OPEN
30,34,0,INCLUDED_OPEN
30,34,1,INCLUDED_OPEN
30,34,2,INCLUDED_OPEN
30,34,3,INCLUDED_LOWDATA
30,34,4,INCLUDED_LOWDATA
30,35,-9,INCLUDED_OPEN
30,35,-8,INCLUDED_OPEN
30,35,-7,INCLUDED_OPEN
30,35,-6,INCLUDED_OPEN
30,35,-5,INCLUDED_OPEN
30,35,-4,INCLUDED_OPEN
30,35,-3,pent-2
30,35,-2,INCLUDED_OPEN
30,35,-1,pent-2
30,35,0,pent-2
30,35,1,pent-2
30,35,2,INCLUDED_LOWDATA
30,35,3,INCLUDED_LOWDATA
30,35,4,INCLUDED_LOWDATA
31,-30,2,INCLUDED_LOWDATA
31,-30,3,INCLUDED_LOWDATA
31,-29,2,INCLUDED_OPEN
31,-29,3,INCLUDED_OPEN
31,-29,4,INCLUDED_OPEN
31,-28,2,INCLUDED_OPEN
31,-28,3,INCLUDED_OPEN
31,-28,4,INCLUDED_OPEN
31,-27,2,INCLUDED_OPEN
31,-27,3,INCLUDED_OPEN
31,-27,4,INCLUDED_OPEN
31,-26,2,INCLUDED_OPEN
31,-26,3,INCLUDED_OPEN
31,-26,4,INCLUDED_OPEN
31,-26,5,INCLUDED_LOWDATA
31,-25,2,INCLUDED_OPEN
31,-25,3,INCLUDED_OPEN
31,-25,4,INCLUDED_OPEN
31,-25,5,INCLUDED_LOWDATA
31,-24,2,INCLUDED_OPEN
31,-24,3,INCLUDED_OPEN
31,-24,4,INCLUDED_OPEN
31,-23,2,INCLUDED_OPEN
31,-23,3,INCLUDED_OPEN
31,-23,4,INCLUDED_OPEN
31,-22,-2,INCLUDED_OPEN
31,-22,-1,INCLUDED_OPEN
31,-22,0,INCLUDED_OPEN
31,-22,1,INCLUDED_OPEN
31,-22,2,INCLUDED_OPEN
31,-22,3,INCLUDED_OPEN
31,-22,4,INCLUDED_OPEN
31,-21,-2,INCLUDED_OPEN
31,-21,-1,constrained-misc
31,-21,0,INCLUDED_OPEN
31,-21,1,INCLUDED_OPEN
31,-21,2,INCLUDED_OPEN
31,-21,3,INCLUDED_OPEN
31,-21,4,INCLUDED_OPEN
31,-12,1,INCLUDED_LOWDATA
31,-12,2,INCLUDED_LOWDATA
31,-11,1,INCLUDED_OPEN
31,-11,2,INCLUDED_OPEN
31,-11,3,INCLUDED_OPEN
31,-11,4,INCLUDED_LOWDATA
31,-10,-7,mega-hill-2
31,-10,-6,mega-hill-2
31,-10,-5,mega-hill-2
31,-10,-4,mega-hill-2
31,-10,-3,mega-hill-2
31,-10,-2,mega-hill-2
31,-10,1,INCLUDED_OPEN
31,-10,2,INCLUDED_OPEN
31,-10,3,INCLUDED_OPEN
31,-10,4,INCLUDED_LOWDATA
31,-9,-8,INCLUDED_LOWDATA
31,-9,-7,INCLUDED_OPEN
31,-9,-6,INCLUDED_OPEN
31,-9,-5,INCLUDED_OPEN
31,-9,-4,INCLUDED_OPEN
31,-9,-3,INCLUDED_OPEN
31,-9,-2,INCLUDED_OPEN
31,-9,-1,INCLUDED_LOWDATA
31,-9,1,INCLUDED_OPEN
31,-9,2,INCLUDED_OPEN
31,-9,3,INCLUDED_OPEN
31,-9,4,INCLUDED_LOWDATA
31,-8,-7,INCLUDED_OPEN
31,-8,-6,INCLUDED_OPEN
31,-8,-5,INCLUDED_OPEN
31,-8,-4,INCLUDED_OPEN
31,-8,-3,INCLUDED_OPEN
31,-8,-2,INCLUDED_OPEN
31,-8,-1,INCLUDED_LOWDATA
31,-8,1,INCLUDED_OPEN
31,-8,2,INCLUDED_OPEN
31,-8,3,INCLUDED_OPEN
31,-8,4,INCLUDED_LOWDATA
31,-7,-7,INCLUDED_OPEN
31,-7,-6,INCLUDED_OPEN
31,-7,-5,INCLUDED_OPEN
31,-7,-4,INCLUDED_OPEN
31,-7,-3,INCLUDED_OPEN
31,-7,-2,INCLUDED_OPEN
31,-7,-1,INCLUDED_LOWDATA
31,-7,1,INCLUDED_OPEN
31,-7,2,INCLUDED_OPEN
31,-7,3,INCLUDED_OPEN
31,-7,4,INCLUDED_LOWDATA
31,-6,-7,INCLUDED_OPEN
31,-6,-6,INCLUDED_OPEN
31,-6,-5,INCLUDED_OPEN
31,-6,-4,INCLUDED_OPEN
31,-6,-3,INCLUDED_OPEN
31,-6,-2,INCLUDED_OPEN
31,-6,-1,INCLUDED_LOWDATA
31,-6,1,INCLUDED_OPEN
31,-6,2,INCLUDED_OPEN
31,-6,3,INCLUDED_OPEN
31,-6,4,INCLUDED_OPEN
31,-5,-7,INCLUDED_OPEN
31,-5,-6,INCLUDED_OPEN
31,-5,-5,INCLUDED_OPEN
31,-5,-4,INCLUDED_OPEN
31,-5,-3,INCLUDED_OPEN
31,-5,-2,INCLUDED_OPEN
31,-5,-1,INCLUDED_LOWDATA
31,-5,1,INCLUDED_OPEN
31,-5,2,INCLUDED_OPEN
31,-5,3,INCLUDED_OPEN
31,-5,4,INCLUDED_LOWDATA
31,-4,-7,INCLUDED_OPEN
31,-4,-6,INCLUDED_OPEN
31,-4,-5,INCLUDED_OPEN
31,-4,-4,INCLUDED_OPEN
31,-4,-3,INCLUDED_OPEN
31,-4,-2,INCLUDED_OPEN
31,-4,-1,INCLUDED_LOWDATA
31,-4,1,INCLUDED_OPEN
31,-4,2,INCLUDED_OPEN
31,-4,3,INCLUDED_OPEN
31,-4,4,INCLUDED_LOWDATA
31,-3,-7,INCLUDED_OPEN
31,-3,-6,INCLUDED_OPEN
31,-3,-5,INCLUDED_OPEN
31,-3,-4,INCLUDED_OPEN
31,-3,-3,INCLUDED_OPEN
31,-3,-2,INCLUDED_OPEN
31,-3,-1,INCLUDED_LOWDATA
31,-3,1,INCLUDED_OPEN
31,-3,2,INCLUDED_OPEN
31,-3,3,INCLUDED_OPEN
31,-3,4,INCLUDED_LOWDATA
31,-2,-7,INCLUDED_OPEN
31,-2,-6,INCLUDED_OPEN
31,-2,-5,INCLUDED_OPEN
31,-2,-4,INCLUDED_OPEN
31,-2,-3,INCLUDED_OPEN
31,-2,-2,INCLUDED_OPEN
31,-2,-1,INCLUDED_LOWDATA
31,-2,1,INCLUDED_OPEN
31,-2,2,INCLUDED_OPEN
31,-2,3,INCLUDED_OPEN
31,-2,4,INCLUDED_LOWDATA
31,-1,-7,constrained-misc
31,-1,-6,INCLUDED_OPEN
31,-1,-5,INCLUDED_OPEN
31,-1,-4,INCLUDED_OPEN
31,-1,-3,INCLUDED_OPEN
31,-1,-2,INCLUDED_OPEN
31,-1,-1,INCLUDED_LOWDATA
31,-1,1,INCLUDED_OPEN
31,-1,2,INCLUDED_OPEN
31,-1,3,INCLUDED_OPEN
31,-1,4,INCLUDED_LOWDATA
31,0,-7,INCLUDED_OPEN
31,0,-6,INCLUDED_OPEN
31,0,-5,INCLUDED_OPEN
31,0,-4,INCLUDED_OPEN
31,0,-3,INCLUDED_OPEN
31,0,-2,INCLUDED_OPEN
31,0,-1,INCLUDED_LOWDATA
31,0,1,INCLUDED_OPEN
31,0,2,INCLUDED_OPEN
31,0,3,INCLUDED_OPEN
31,0,4,INCLUDED_OPEN
31,1,-7,INCLUDED_OPEN
31,1,-6,INCLUDED_OPEN
31,1,-5,INCLUDED_OPEN
31,1,-4,INCLUDED_OPEN
31,1,-3,INCLUDED_OPEN
31,1,-2,INCLUDED_OPEN
31,1,-1,INCLUDED_LOWDATA
31,1,1,INCLUDED_OPEN
31,1,2,INCLUDED_OPEN
31,1,3,INCLUDED_OPEN
31,1,4,INCLUDED_LOWDATA
31,2,-7,INCLUDED_OPEN
31,2,-6,INCLUDED_OPEN
31,2,-5,INCLUDED_OPEN
31,2,-4,INCLUDED_OPEN
31,2,-3,INCLUDED_OPEN
31,2,-2,INCLUDED_OPEN
31,2,-1,INCLUDED_LOWDATA
31,2,1,INCLUDED_OPEN
31,2,2,INCLUDED_OPEN
31,2,3,INCLUDED_OPEN
31,2,4,INCLUDED_LOWDATA
31,3,-7,INCLUDED_OPEN
31,3,-6,INCLUDED_OPEN
31,3,-5,INCLUDED_OPEN
31,3,-4,INCLUDED_OPEN
31,3,-3,INCLUDED_OPEN
31,3,-2,INCLUDED_OPEN
31,3,-1,INCLUDED_LOWDATA
31,3,1,INCLUDED_OPEN
31,3,2,INCLUDED_OPEN
31,3,3,INCLUDED_OPEN
31,3,4,INCLUDED_LOWDATA
31,4,-7,INCLUDED_OPEN
31,4,-6,INCLUDED_OPEN
31,4,-5,INCLUDED_OPEN
31,4,-4,INCLUDED_OPEN
31,4,-3,INCLUDED_OPEN
31,4,-2,INCLUDED_OPEN
31,4,-1,INCLUDED_LOWDATA
31,4,1,INCLUDED_OPEN
31,4,2,INCLUDED_OPEN
31,4,3,INCLUDED_OPEN
31,4,4,INCLUDED_LOWDATA
31,5,-7,INCLUDED_OPEN
31,5,-6,INCLUDED_OPEN
31,5,-5,INCLUDED_OPEN
31,5,-4,INCLUDED_OPEN
31,5,-3,INCLUDED_OPEN
31,5,-2,INCLUDED_OPEN
31,5,-1,INCLUDED_LOWDATA
31,5,1,INCLUDED_OPEN
31,5,2,INCLUDED_OPEN
31,5,3,INCLUDED_OPEN
31,5,4,INCLUDED_OPEN
31,6,-7,constrained-misc
31,6,-6,INCLUDED_OPEN
31,6,-5,INCLUDED_OPEN
31,6,-4,INCLUDED_OPEN
31,6,-3,INCLUDED_OPEN
31,6,-2,INCLUDED_OPEN
31,6,-1,INCLUDED_LOWDATA
31,6,1,INCLUDED_OPEN
31,6,2,INCLUDED_OPEN
31,6,3,INCLUDED_OPEN
31,6,4,INCLUDED_OPEN
31,7,-7,constrained-misc
31,7,-6,INCLUDED_OPEN
31,7,-5,INCLUDED_OPEN
31,7,-4,INCLUDED_OPEN
31,7,-3,INCLUDED_OPEN
31,7,-2,INCLUDED_OPEN
31,7,-1,INCLUDED_LOWDATA
31,7,1,INCLUDED_OPEN
31,7,2,INCLUDED_OPEN
31,7,3,INCLUDED_OPEN
31,7,4,INCLUDED_OPEN
31,8,1,INCLUDED_OPEN
31,8,2,INCLUDED_OPEN
31,8,3,INCLUDED_OPEN
31,8,4,INCLUDED_OPEN
31,9,1,constrained-misc
31,9,2,INCLUDED_OPEN
31,9,3,INCLUDED_LOWDATA
31,11,1,INCLUDED_LOWDATA
31,11,2,INCLUDED_LOWDATA
31,12,1,INCLUDED_OPEN
31,12,2,INCLUDED_OPEN
31,12,3,INCLUDED_OPEN
31,12,4,INCLUDED_OPEN
31,13,-6,INCLUDED_LOWDATA
31,13,1,INCLUDED_OPEN
31,13,2,INCLUDED_OPEN
31,13,3,INCLUDED_OPEN
31,13,4,INCLUDED_OPEN
31,13,5,INCLUDED_OPEN
31,14,1,INCLUDED_OPEN
31,14,2,INCLUDED_OPEN
31,14,3,INCLUDED_OPEN
31,14,4,INCLUDED_OPEN
31,14,5,INCLUDED_OPEN
31,15,1,INCLUDED_OPEN
31,15,2,INCLUDED_OPEN
31,15,3,INCLUDED_OPEN
31,15,4,INCLUDED_OPEN
31,15,5,INCLUDED_OPEN
31,16,1,INCLUDED_OPEN
31,16,2,INCLUDED_OPEN
31,16,3,INCLUDED_OPEN
31,16,4,INCLUDED_OPEN
31,16,5,INCLUDED_OPEN
31,17,1,INCLUDED_OPEN
31,17,2,INCLUDED_OPEN
31,17,3,INCLUDED_OPEN
31,17,4,INCLUDED_OPEN
31,17,5,INCLUDED_OPEN
31,18,1,INCLUDED_OPEN
31,18,2,INCLUDED_OPEN
31,18,3,INCLUDED_OPEN
31,18,4,INCLUDED_OPEN
31,18,5,INCLUDED_OPEN
31,19,1,INCLUDED_OPEN
31,19,2,INCLUDED_OPEN
31,19,3,INCLUDED_OPEN
31,19,4,INCLUDED_OPEN
31,20,-10,INCLUDED_LOWDATA
31,20,2,INCLUDED_LOWDATA
31,21,-10,INCLUDED_OPEN
31,21,-9,INCLUDED_OPEN
31,21,-8,INCLUDED_OPEN
31,21,-7,INCLUDED_OPEN
31,21,-6,INCLUDED_OPEN
31,21,-5,INCLUDED_OPEN
31,21,-4,INCLUDED_OPEN
31,21,-3,INCLUDED_OPEN
31,21,-2,INCLUDED_OPEN
31,21,-1,INCLUDED_OPEN
31,21,0,INCLUDED_OPEN
31,21,1,INCLUDED_OPEN
31,21,2,INCLUDED_OPEN
31,21,3,INCLUDED_OPEN
31,21,4,INCLUDED_OPEN
31,22,-10,INCLUDED_OPEN
31,22,-9,INCLUDED_OPEN
31,22,-8,INCLUDED_OPEN
31,22,-7,INCLUDED_OPEN
31,22,-6,INCLUDED_OPEN
31,22,-5,INCLUDED_OPEN
31,22,-4,INCLUDED_OPEN
31,22,-3,INCLUDED_OPEN
31,22,-2,INCLUDED_OPEN
31,22,-1,INCLUDED_OPEN
31,22,0,INCLUDED_OPEN
31,22,1,INCLUDED_OPEN
31,22,2,INCLUDED_OPEN
31,22,3,INCLUDED_OPEN
31,22,4,INCLUDED_OPEN
31,23,-10,INCLUDED_OPEN
31,23,-9,INCLUDED_OPEN
31,23,-8,INCLUDED_OPEN
31,23,-7,INCLUDED_OPEN
31,23,-6,INCLUDED_OPEN
31,23,-5,INCLUDED_OPEN
31,23,-4,INCLUDED_OPEN
31,23,-3,INCLUDED_OPEN
31,23,-2,INCLUDED_OPEN
31,23,-1,INCLUDED_OPEN
31,23,0,INCLUDED_OPEN
31,23,1,INCLUDED_OPEN
31,23,2,INCLUDED_OPEN
31,23,3,INCLUDED_OPEN
31,23,4,INCLUDED_OPEN
31,24,-10,INCLUDED_OPEN
31,24,-9,INCLUDED_OPEN
31,24,-8,INCLUDED_OPEN
31,24,-7,INCLUDED_OPEN
31,24,-6,INCLUDED_OPEN
31,24,-5,INCLUDED_OPEN
31,24,-4,INCLUDED_OPEN
31,24,-3,INCLUDED_OPEN
31,24,-2,INCLUDED_OPEN
31,24,-1,INCLUDED_OPEN
31,24,0,INCLUDED_OPEN
31,24,1,INCLUDED_OPEN
31,24,2,INCLUDED_OPEN
31,24,3,INCLUDED_OPEN
31,24,4,INCLUDED_OPEN
31,25,-10,INCLUDED_OPEN
31,25,-9,INCLUDED_OPEN
31,25,-8,INCLUDED_OPEN
31,25,-7,INCLUDED_OPEN
31,25,-6,INCLUDED_OPEN
31,25,-5,INCLUDED_OPEN
31,25,-4,INCLUDED_OPEN
31,25,-3,INCLUDED_OPEN
31,25,-2,INCLUDED_OPEN
31,25,-1,INCLUDED_OPEN
31,25,0,INCLUDED_OPEN
31,25,1,INCLUDED_OPEN
31,25,2,INCLUDED_OPEN
31,25,3,INCLUDED_OPEN
31,25,4,INCLUDED_OPEN
31,26,-10,INCLUDED_OPEN
31,26,-9,INCLUDED_OPEN
31,26,-8,INCLUDED_OPEN
31,26,-7,INCLUDED_OPEN
31,26,-6,INCLUDED_OPEN
31,26,-5,INCLUDED_OPEN
31,26,-4,INCLUDED_OPEN
31,26,-3,INCLUDED_OPEN
31,26,-2,INCLUDED_OPEN
31,26,-1,INCLUDED_OPEN
31,26,0,INCLUDED_OPEN
31,26,1,INCLUDED_OPEN
31,26,2,INCLUDED_OPEN
31,26,3,INCLUDED_OPEN
31,26,4,INCLUDED_OPEN
31,27,-10,INCLUDED_OPEN
31,27,-9,INCLUDED_OPEN
31,27,-8,INCLUDED_OPEN
31,27,-7,INCLUDED_OPEN
31,27,-6,INCLUDED_OPEN
31,27,-5,INCLUDED_OPEN
31,27,-4,INCLUDED_OPEN
31,27,-3,INCLUDED_OPEN
31,27,-2,INCLUDED_OPEN
31,27,-1,INCLUDED_OPEN
31,27,0,INCLUDED_OPEN
31,27,1,INCLUDED_OPEN
31,27,2,INCLUDED_OPEN
31,27,3,INCLUDED_OPEN
31,27,4,INCLUDED_OPEN
31,28,-10,INCLUDED_OPEN
31,28,-9,INCLUDED_OPEN
31,28,-8,INCLUDED_OPEN
31,28,-7,INCLUDED_OPEN
31,28,-6,INCLUDED_OPEN
31,28,-5,INCLUDED_OPEN
31,28,-4,INCLUDED_OPEN
31,28,-3,INCLUDED_OPEN
31,28,-2,INCLUDED_OPEN
31,28,-1,INCLUDED_OPEN
31,28,0,INCLUDED_OPEN
31,28,1,INCLUDED_OPEN
31,28,2,INCLUDED_OPEN
31,28,3,INCLUDED_OPEN
31,28,4,INCLUDED_LOWDATA
31,29,-10,INCLUDED_OPEN
31,29,-9,INCLUDED_OPEN
31,29,-8,INCLUDED_OPEN
31,29,-7,INCLUDED_OPEN
31,29,-6,INCLUDED_OPEN
31,29,-5,INCLUDED_OPEN
31,29,-4,INCLUDED_OPEN
31,29,-3,INCLUDED_OPEN
31,29,-2,INCLUDED_OPEN
31,29,-1,INCLUDED_OPEN
31,29,0,INCLUDED_OPEN
31,29,1,INCLUDED_OPEN
31,29,2,INCLUDED_OPEN
31,29,3,INCLUDED_OPEN
31,29,4,INCLUDED_LOWDATA
31,30,-10,INCLUDED_OPEN
31,30,-9,INCLUDED_OPEN
31,30,-8,INCLUDED_OPEN
31,30,-7,INCLUDED_OPEN
31,30,-6,INCLUDED_OPEN
31,30,-5,INCLUDED_OPEN
31,30,-4,INCLUDED_OPEN
31,30,-3,INCLUDED_OPEN
31,30,-2,INCLUDED_OPEN
31,30,-1,INCLUDED_OPEN
31,30,0,INCLUDED_OPEN
31,30,1,INCLUDED_OPEN
31,30,2,INCLUDED_OPEN
31,30,3,INCLUDED_OPEN
31,30,4,INCLUDED_LOWDATA
31,31,-10,INCLUDED_OPEN
31,31,-9,INCLUDED_OPEN
31,31,-8,INCLUDED_OPEN
31,31,-7,INCLUDED_OPEN
31,31,-6,INCLUDED_OPEN
31,31,-5,INCLUDED_OPEN
31,31,-4,INCLUDED_OPEN
31,31,-3,INCLUDED_OPEN
31,31,-2,INCLUDED_OPEN
31,31,-1,INCLUDED_OPEN
31,31,0,INCLUDED_OPEN
31,31,1,INCLUDED_OPEN
31,31,2,INCLUDED_OPEN
31,31,3,INCLUDED_LOWDATA
31,31,4,INCLUDED_LOWDATA
31,32,-10,INCLUDED_OPEN
31,32,-9,INCLUDED_OPEN
31,32,-8,INCLUDED_OPEN
31,32,-7,INCLUDED_OPEN
31,32,-6,INCLUDED_OPEN
31,32,-5,INCLUDED_OPEN
31,32,-4,INCLUDED_OPEN
31,32,-3,INCLUDED_OPEN
31,32,-2,INCLUDED_OPEN
31,32,-1,INCLUDED_OPEN
31,32,0,INCLUDED_OPEN
31,32,1,INCLUDED_OPEN
31,32,2,INCLUDED_OPEN
31,32,3,INCLUDED_OPEN
31,32,4,INCLUDED_LOWDATA
31,33,-10,INCLUDED_OPEN
31,33,-9,INCLUDED_OPEN
31,33,-8,INCLUDED_OPEN
31,33,-7,INCLUDED_OPEN
31,33,-6,INCLUDED_OPEN
31,33,-5,INCLUDED_OPEN
31,33,-4,INCLUDED_OPEN
31,33,-3,INCLUDED_OPEN
31,33,-2,INCLUDED_OPEN
31,33,-1,INCLUDED_OPEN
31,33,0,INCLUDED_OPEN
31,33,1,INCLUDED_OPEN
31,33,2,INCLUDED_LOWDATA
31,33,3,INCLUDED_LOWDATA
31,33,4,INCLUDED_LOWDATA
31,34,-9,INCLUDED_OPEN
31,34,-8,INCLUDED_OPEN
31,34,-7,INCLUDED_OPEN
31,34,-6,INCLUDED_OPEN
31,34,-5,INCLUDED_OPEN
31,34,-4,INCLUDED_OPEN
31,34,-3,INCLUDED_OPEN
31,34,-2,INCLUDED_OPEN
31,34,-1,INCLUDED_OPEN
31,34,0,INCLUDED_OPEN
31,34,1,INCLUDED_OPEN
31,34,2,INCLUDED_OPEN
31,34,3,INCLUDED_OPEN
31,34,4,INCLUDED_LOWDATA
31,35,-9,INCLUDED_OPEN
31,35,-8,INCLUDED_OPEN
31,35,-7,INCLUDED_OPEN
31,35,-6,INCLUDED_OPEN
31,35,-5,INCLUDED_OPEN
31,35,-4,INCLUDED_OPEN
31,35,-3,INCLUDED_OPEN
31,35,-2,pent-2
31,35,-1,INCLUDED_LOWDATA
31,35,0,pent-2
31,35,1,pent-2
31,35,2,INCLUDED_LOWDATA
31,35,3,INCLUDED_OPEN
31,35,4,INCLUDED_LOWDATA
32,-30,2,INCLUDED_OPEN
32,-30,3,INCLUDED_OPEN
32,-30,4,INCLUDED_OPEN
32,-29,2,INCLUDED_OPEN
32,-29,3,INCLUDED_OPEN
32,-29,4,INCLUDED_OPEN
32,-28,2,INCLUDED_OPEN
32,-28,3,INCLUDED_OPEN
32,-28,4,INCLUDED_OPEN
32,-27,2,INCLUDED_OPEN
32,-27,3,INCLUDED_OPEN
32,-27,4,INCLUDED_OPEN
32,-26,2,INCLUDED_OPEN
32,-26,3,INCLUDED_OPEN
32,-26,4,INCLUDED_OPEN
32,-26,5,INCLUDED_LOWDATA
32,-25,2,INCLUDED_OPEN
32,-25,3,INCLUDED_OPEN
32,-25,4,INCLUDED_OPEN
32,-24,2,INCLUDED_OPEN
32,-24,3,INCLUDED_OPEN
32,-24,4,INCLUDED_OPEN
32,-23,-2,INCLUDED_OPEN
32,-23,-1,INCLUDED_OPEN
32,-23,0,INCLUDED_OPEN
32,-23,1,INCLUDED_OPEN
32,-23,2,INCLUDED_OPEN
32,-23,3,INCLUDED_OPEN
32,-23,4,INCLUDED_OPEN
32,-22,-2,INCLUDED_OPEN
32,-22,-1,INCLUDED_OPEN
32,-22,0,INCLUDED_OPEN
32,-22,1,INCLUDED_OPEN
32,-22,2,INCLUDED_OPEN
32,-22,3,INCLUDED_OPEN
32,-22,4,INCLUDED_OPEN
32,-22,5,constrained-misc
32,-21,-2,INCLUDED_OPEN
32,-21,-1,INCLUDED_OPEN
32,-21,0,INCLUDED_OPEN
32,-21,1,INCLUDED_OPEN
32,-21,2,INCLUDED_OPEN
32,-21,3,INCLUDED_OPEN
32,-21,4,INCLUDED_OPEN
32,-20,-2,INCLUDED_OPEN
32,-20,-1,INCLUDED_OPEN
32,-20,0,INCLUDED_OPEN
32,-20,1,INCLUDED_OPEN
32,-20,2,INCLUDED_OPEN
32,-20,3,INCLUDED_OPEN
32,-20,4,INCLUDED_OPEN
32,-19,2,INCLUDED_LOWDATA
32,-9,-8,EXCLUDED_WATER
32,-9,-7,INCLUDED_LOWDATA
32,-6,4,INCLUDED_LOWDATA
32,-4,-6,INCLUDED_LOWDATA
32,-4,-5,INCLUDED_LOWDATA
32,-3,-6,INCLUDED_LOWDATA
32,-3,-5,INCLUDED_LOWDATA
32,-2,-6,INCLUDED_OPEN
32,-2,-5,INCLUDED_OPEN
32,-2,-4,INCLUDED_LOWDATA
32,-1,-6,INCLUDED_OPEN
32,-1,-5,INCLUDED_OPEN
32,0,-6,INCLUDED_OPEN
32,0,-5,INCLUDED_OPEN
32,1,-5,INCLUDED_LOWDATA
32,11,1,INCLUDED_OPEN
32,11,2,INCLUDED_LOWDATA
32,11,3,INCLUDED_LOWDATA
32,11,4,INCLUDED_LOWDATA
32,12,1,INCLUDED_OPEN
32,12,2,INCLUDED_OPEN
32,12,3,INCLUDED_OPEN
32,12,4,INCLUDED_OPEN
32,13,1,INCLUDED_OPEN
32,13,2,INCLUDED_OPEN
32,13,3,INCLUDED_OPEN
32,13,4,INCLUDED_OPEN
32,13,5,INCLUDED_OPEN
32,14,1,INCLUDED_OPEN
32,14,2,INCLUDED_OPEN
32,14,3,INCLUDED_OPEN
32,14,4,INCLUDED_OPEN
32,14,5,INCLUDED_OPEN
32,15,1,INCLUDED_OPEN
32,15,2,INCLUDED_OPEN
32,15,3,INCLUDED_OPEN
32,15,4,INCLUDED_OPEN
32,15,5,INCLUDED_OPEN
32,16,1,INCLUDED_OPEN
32,16,2,INCLUDED_OPEN
32,16,3,INCLUDED_OPEN
32,16,4,INCLUDED_OPEN
32,16,5,INCLUDED_OPEN
32,17,1,INCLUDED_OPEN
32,17,2,INCLUDED_OPEN
32,17,3,INCLUDED_OPEN
32,17,4,INCLUDED_OPEN
32,17,5,INCLUDED_OPEN
32,18,1,INCLUDED_OPEN
32,18,2,INCLUDED_OPEN
32,18,3,INCLUDED_OPEN
32,18,4,INCLUDED_OPEN
32,18,5,INCLUDED_OPEN
32,19,1,INCLUDED_OPEN
32,19,2,INCLUDED_OPEN
32,19,3,INCLUDED_OPEN
32,19,4,INCLUDED_OPEN
32,20,-10,INCLUDED_LOWDATA
32,20,1,INCLUDED_OPEN
32,20,2,INCLUDED_OPEN
32,20,3,INCLUDED_OPEN
32,21,-10,INCLUDED_OPEN
32,21,-9,INCLUDED_OPEN
32,21,-8,INCLUDED_OPEN
32,21,-7,INCLUDED_OPEN
32,21,-6,INCLUDED_OPEN
32,21,-5,INCLUDED_OPEN
32,21,-4,INCLUDED_OPEN
32,21,-3,INCLUDED_OPEN
32,21,-2,INCLUDED_OPEN
32,21,-1,INCLUDED_OPEN
32,21,0,INCLUDED_OPEN
32,21,1,INCLUDED_OPEN
32,21,2,INCLUDED_OPEN
32,21,3,INCLUDED_OPEN
32,21,4,INCLUDED_OPEN
32,22,-10,INCLUDED_OPEN
32,22,-9,INCLUDED_OPEN
32,22,-8,INCLUDED_OPEN
32,22,-7,INCLUDED_OPEN
32,22,-6,INCLUDED_OPEN
32,22,-5,INCLUDED_OPEN
32,22,-4,INCLUDED_OPEN
32,22,-3,INCLUDED_OPEN
32,22,-2,INCLUDED_OPEN
32,22,-1,INCLUDED_OPEN
32,22,0,INCLUDED_OPEN
32,22,1,INCLUDED_OPEN
32,22,2,INCLUDED_OPEN
32,22,3,INCLUDED_OPEN
32,22,4,INCLUDED_OPEN
32,23,-10,INCLUDED_OPEN
32,23,-9,INCLUDED_OPEN
32,23,-8,INCLUDED_OPEN
32,23,-7,INCLUDED_OPEN
32,23,-6,INCLUDED_OPEN
32,23,-5,INCLUDED_OPEN
32,23,-4,INCLUDED_OPEN
32,23,-3,INCLUDED_OPEN
32,23,-2,INCLUDED_OPEN
32,23,-1,INCLUDED_OPEN
32,23,0,INCLUDED_OPEN
32,23,1,INCLUDED_OPEN
32,23,2,INCLUDED_OPEN
32,23,3,INCLUDED_OPEN
32,23,4,INCLUDED_OPEN
32,24,-10,INCLUDED_OPEN
32,24,-9,INCLUDED_OPEN
32,24,-8,INCLUDED_OPEN
32,24,-7,INCLUDED_OPEN
32,24,-6,INCLUDED_OPEN
32,24,-5,INCLUDED_OPEN
32,24,-4,INCLUDED_OPEN
32,24,-3,INCLUDED_OPEN
32,24,-2,INCLUDED_OPEN
32,24,-1,INCLUDED_OPEN
32,24,0,INCLUDED_OPEN
32,24,1,INCLUDED_OPEN
32,24,2,INCLUDED_OPEN
32,24,3,INCLUDED_OPEN
32,24,4,INCLUDED_OPEN
32,25,-10,INCLUDED_OPEN
32,25,-9,INCLUDED_OPEN
32,25,-8,INCLUDED_OPEN
32,25,-7,INCLUDED_OPEN
32,25,-6,INCLUDED_OPEN
32,25,-5,INCLUDED_OPEN
32,25,-4,INCLUDED_OPEN
32,25,-3,INCLUDED_OPEN
32,25,-2,INCLUDED_OPEN
32,25,-1,INCLUDED_OPEN
32,25,0,INCLUDED_OPEN
32,25,1,INCLUDED_OPEN
32,25,2,INCLUDED_OPEN
32,25,3,INCLUDED_OPEN
32,25,4,INCLUDED_OPEN
32,26,-10,INCLUDED_OPEN
32,26,-9,INCLUDED_OPEN
32,26,-8,INCLUDED_OPEN
32,26,-7,INCLUDED_OPEN
32,26,-6,INCLUDED_OPEN
32,26,-5,INCLUDED_OPEN
32,26,-4,INCLUDED_OPEN
32,26,-3,INCLUDED_OPEN
32,26,-2,INCLUDED_OPEN
32,26,-1,INCLUDED_OPEN
32,26,0,INCLUDED_OPEN
32,26,1,INCLUDED_OPEN
32,26,2,INCLUDED_OPEN
32,26,3,INCLUDED_OPEN
32,26,4,INCLUDED_OPEN
32,27,-10,INCLUDED_OPEN
32,27,-9,INCLUDED_OPEN
32,27,-8,INCLUDED_OPEN
32,27,-7,INCLUDED_OPEN
32,27,-6,INCLUDED_OPEN
32,27,-5,INCLUDED_OPEN
32,27,-4,INCLUDED_OPEN
32,27,-3,INCLUDED_OPEN
32,27,-2,INCLUDED_OPEN
32,27,-1,INCLUDED_OPEN
32,27,0,INCLUDED_OPEN
32,27,1,INCLUDED_OPEN
32,27,2,INCLUDED_OPEN
32,27,3,INCLUDED_OPEN
32,27,4,INCLUDED_OPEN
32,28,-10,INCLUDED_OPEN
32,28,-9,INCLUDED_OPEN
32,28,-8,INCLUDED_OPEN
32,28,-7,INCLUDED_OPEN
32,28,-6,INCLUDED_OPEN
32,28,-5,INCLUDED_OPEN
32,28,-4,INCLUDED_OPEN
32,28,-3,INCLUDED_OPEN
32,28,-2,INCLUDED_OPEN
32,28,-1,INCLUDED_OPEN
32,28,0,INCLUDED_OPEN
32,28,1,INCLUDED_OPEN
32,28,2,INCLUDED_OPEN
32,28,3,INCLUDED_OPEN
32,28,4,INCLUDED_OPEN
32,29,-10,INCLUDED_OPEN
32,29,-9,INCLUDED_OPEN
32,29,-8,INCLUDED_OPEN
32,29,-7,INCLUDED_OPEN
32,29,-6,INCLUDED_OPEN
32,29,-5,INCLUDED_OPEN
32,29,-4,INCLUDED_OPEN
32,29,-3,INCLUDED_OPEN
32,29,-2,INCLUDED_OPEN
32,29,-1,INCLUDED_OPEN
32,29,0,INCLUDED_OPEN
32,29,1,INCLUDED_OPEN
32,29,2,INCLUDED_OPEN
32,29,3,INCLUDED_OPEN
32,29,4,INCLUDED_LOWDATA
32,30,-10,INCLUDED_OPEN
32,30,-9,INCLUDED_OPEN
32,30,-8,INCLUDED_OPEN
32,30,-7,INCLUDED_OPEN
32,30,-6,INCLUDED_OPEN
32,30,-5,INCLUDED_OPEN
32,30,-4,INCLUDED_OPEN
32,30,-3,INCLUDED_OPEN
32,30,-2,INCLUDED_OPEN
32,30,-1,INCLUDED_OPEN
32,30,0,INCLUDED_OPEN
32,30,1,INCLUDED_OPEN
32,30,2,INCLUDED_OPEN
32,30,3,INCLUDED_OPEN
32,30,4,INCLUDED_LOWDATA
32,31,-10,INCLUDED_OPEN
32,31,-9,INCLUDED_OPEN
32,31,-8,INCLUDED_OPEN
32,31,-7,INCLUDED_OPEN
32,31,-6,INCLUDED_OPEN
32,31,-5,INCLUDED_OPEN
32,31,-4,INCLUDED_OPEN
32,31,-3,INCLUDED_OPEN
32,31,-2,INCLUDED_OPEN
32,31,-1,INCLUDED_OPEN
32,31,0,INCLUDED_OPEN
32,31,1,INCLUDED_OPEN
32,31,2,INCLUDED_OPEN
32,31,3,INCLUDED_LOWDATA
32,31,4,INCLUDED_LOWDATA
32,32,-10,INCLUDED_OPEN
32,32,-9,INCLUDED_OPEN
32,32,-8,INCLUDED_OPEN
32,32,-7,INCLUDED_OPEN
32,32,-6,INCLUDED_OPEN
32,32,-5,INCLUDED_OPEN
32,32,-4,INCLUDED_OPEN
32,32,-3,INCLUDED_OPEN
32,32,-2,INCLUDED_OPEN
32,32,-1,INCLUDED_OPEN
32,32,0,INCLUDED_OPEN
32,32,1,INCLUDED_OPEN
32,32,2,INCLUDED_OPEN
32,32,3,INCLUDED_OPEN
32,32,4,INCLUDED_LOWDATA
32,33,-10,INCLUDED_OPEN
32,33,-9,INCLUDED_OPEN
32,33,-8,INCLUDED_OPEN
32,33,-7,INCLUDED_OPEN
32,33,-6,INCLUDED_OPEN
32,33,-5,INCLUDED_OPEN
32,33,-4,INCLUDED_OPEN
32,33,-3,INCLUDED_OPEN
32,33,-2,INCLUDED_OPEN
32,33,-1,INCLUDED_OPEN
32,33,0,INCLUDED_OPEN
32,33,1,INCLUDED_LOWDATA
32,33,2,INCLUDED_LOWDATA
32,33,3,INCLUDED_LOWDATA
32,33,4,INCLUDED_LOWDATA
32,34,-9,INCLUDED_OPEN
32,34,-8,INCLUDED_OPEN
32,34,-7,INCLUDED_OPEN
32,34,-6,INCLUDED_OPEN
32,34,-5,INCLUDED_OPEN
32,34,-4,INCLUDED_OPEN
32,34,-3,INCLUDED_OPEN
32,34,-2,INCLUDED_OPEN
32,34,-1,INCLUDED_OPEN
32,34,0,INCLUDED_OPEN
32,34,1,INCLUDED_OPEN
32,34,2,INCLUDED_LOWDATA
32,34,3,INCLUDED_LOWDATA
32,34,4,INCLUDED_LOWDATA
32,35,-9,constrained-misc
32,35,-8,INCLUDED_OPEN
32,35,-7,INCLUDED_OPEN
32,35,-6,INCLUDED_OPEN
32,35,-5,INCLUDED_OPEN
32,35,-4,INCLUDED_OPEN
32,35,-3,INCLUDED_OPEN
32,35,-2,pent-2
32,35,-1,INCLUDED_OPEN
32,35,0,pent-2
32,35,1,INCLUDED_LOWDATA
32,35,2,pent-2
32,35,3,INCLUDED_OPEN
32,35,4,INCLUDED_LOWDATA
33,-30,2,INCLUDED_OPEN
33,-30,3,INCLUDED_OPEN
33,-30,4,INCLUDED_OPEN
33,-29,2,INCLUDED_OPEN
33,-29,3,INCLUDED_OPEN
33,-29,4,INCLUDED_OPEN
33,-28,2,INCLUDED_OPEN
33,-28,3,INCLUDED_OPEN
33,-28,4,INCLUDED_OPEN
33,-27,2,INCLUDED_OPEN
33,-27,3,INCLUDED_OPEN
33,-27,4,INCLUDED_OPEN
33,-26,2,INCLUDED_OPEN
33,-26,3,INCLUDED_OPEN
33,-26,4,INCLUDED_OPEN
33,-25,2,INCLUDED_OPEN
33,-25,3,INCLUDED_OPEN
33,-25,4,INCLUDED_OPEN
33,-24,-2,INCLUDED_OPEN
33,-24,-1,INCLUDED_OPEN
33,-24,0,INCLUDED_OPEN
33,-24,1,INCLUDED_OPEN
33,-24,2,INCLUDED_OPEN
33,-24,3,INCLUDED_OPEN
33,-24,4,INCLUDED_OPEN
33,-23,-2,INCLUDED_OPEN
33,-23,-1,INCLUDED_OPEN
33,-23,0,INCLUDED_OPEN
33,-23,1,INCLUDED_OPEN
33,-23,2,INCLUDED_OPEN
33,-23,3,INCLUDED_OPEN
33,-23,4,INCLUDED_OPEN
33,-22,-2,INCLUDED_OPEN
33,-22,-1,INCLUDED_OPEN
33,-22,0,INCLUDED_OPEN
33,-22,1,INCLUDED_OPEN
33,-22,2,INCLUDED_OPEN
33,-22,3,INCLUDED_OPEN
33,-22,4,INCLUDED_OPEN
33,-22,5,INCLUDED_LOWDATA
33,-21,-2,INCLUDED_OPEN
33,-21,-1,INCLUDED_OPEN
33,-21,0,INCLUDED_OPEN
33,-21,1,INCLUDED_OPEN
33,-21,2,INCLUDED_OPEN
33,-21,3,INCLUDED_OPEN
33,-21,4,INCLUDED_OPEN
33,-20,-2,INCLUDED_OPEN
33,-20,-1,INCLUDED_OPEN
33,-20,0,INCLUDED_OPEN
33,-20,1,INCLUDED_OPEN
33,-20,2,INCLUDED_OPEN
33,-20,3,INCLUDED_OPEN
33,-20,4,INCLUDED_OPEN
33,-19,-2,INCLUDED_OPEN
33,-19,-1,INCLUDED_OPEN
33,-19,0,INCLUDED_OPEN
33,-19,1,INCLUDED_OPEN
33,-19,2,INCLUDED_OPEN
33,-19,3,INCLUDED_OPEN
33,-19,4,INCLUDED_OPEN
33,-13,-13,EXCLUDED_WATER
33,-13,-12,EXCLUDED_WATER
33,-13,-11,EXCLUDED_WATER
33,-13,-10,EXCLUDED_WATER
33,-13,-9,EXCLUDED_WATER
33,-13,-8,EXCLUDED_WATER
33,-13,-7,EXCLUDED_WATER
33,-13,-6,INCLUDED_OPEN
33,-13,-5,INCLUDED_OPEN
33,-13,-4,INCLUDED_OPEN
33,-13,-3,INCLUDED_OPEN
33,-13,-2,INCLUDED_OPEN
33,-13,-1,INCLUDED_OPEN
33,-13,0,INCLUDED_OPEN
33,-13,1,INCLUDED_OPEN
33,-13,2,INCLUDED_OPEN
33,-12,-13,EXCLUDED_WATER
33,-12,-12,EXCLUDED_WATER
33,-12,-11,EXCLUDED_WATER
33,-12,-10,EXCLUDED_WATER
33,-12,-9,EXCLUDED_WATER
33,-12,-8,EXCLUDED_WATER
33,-12,-7,EXCLUDED_WATER
33,-12,-6,INCLUDED_OPEN
33,-12,-5,INCLUDED_OPEN
33,-12,-4,INCLUDED_OPEN
33,-12,-3,INCLUDED_OPEN
33,-12,-2,INCLUDED_OPEN
33,-12,-1,INCLUDED_OPEN
33,-12,0,INCLUDED_OPEN
33,-12,1,INCLUDED_OPEN
33,-12,2,INCLUDED_OPEN
33,-11,-13,EXCLUDED_WATER
33,-11,-12,EXCLUDED_WATER
33,-11,-11,EXCLUDED_WATER
33,-11,-10,EXCLUDED_WATER
33,-11,-9,EXCLUDED_WATER
33,-11,-8,EXCLUDED_WATER
33,-11,-7,EXCLUDED_WATER
33,-11,-6,INCLUDED_OPEN
33,-11,-5,INCLUDED_OPEN
33,-11,-4,INCLUDED_OPEN
33,-11,-3,INCLUDED_OPEN
33,-11,-2,INCLUDED_OPEN
33,-11,-1,INCLUDED_OPEN
33,-11,0,INCLUDED_OPEN
33,-11,1,INCLUDED_LOWDATA
33,-10,-13,EXCLUDED_WATER
33,-10,-12,EXCLUDED_WATER
33,-10,-11,EXCLUDED_WATER
33,-10,-10,EXCLUDED_WATER
33,-10,-9,EXCLUDED_WATER
33,-10,-8,EXCLUDED_WATER
33,-10,-7,EXCLUDED_WATER
33,-10,-6,INCLUDED_OPEN
33,-10,-5,INCLUDED_OPEN
33,-10,-4,INCLUDED_OPEN
33,-10,-3,INCLUDED_OPEN
33,-10,-2,INCLUDED_OPEN
33,-10,-1,INCLUDED_OPEN
33,-10,0,INCLUDED_OPEN
33,-10,1,INCLUDED_OPEN
33,-10,2,INCLUDED_OPEN
33,-9,-13,EXCLUDED_WATER
33,-9,-12,EXCLUDED_WATER
33,-9,-11,EXCLUDED_WATER
33,-9,-10,EXCLUDED_WATER
33,-9,-9,EXCLUDED_WATER
33,-9,-8,EXCLUDED_WATER
33,-9,-7,EXCLUDED_WATER
33,-9,-6,INCLUDED_OPEN
33,-9,-5,INCLUDED_OPEN
33,-9,-4,INCLUDED_OPEN
33,-9,-3,INCLUDED_OPEN
33,-9,-2,INCLUDED_OPEN
33,-9,-1,INCLUDED_OPEN
33,-9,0,INCLUDED_OPEN
33,-9,1,INCLUDED_OPEN
33,-9,2,INCLUDED_OPEN
33,-8,-13,EXCLUDED_WATER
33,-8,-12,EXCLUDED_WATER
33,-8,-11,EXCLUDED_WATER
33,-8,-10,EXCLUDED_WATER
33,-8,-9,EXCLUDED_WATER
33,-8,-8,EXCLUDED_WATER
33,-8,-7,EXCLUDED_WATER
33,-8,-6,INCLUDED_OPEN
33,-8,-5,INCLUDED_OPEN
33,-8,-4,INCLUDED_OPEN
33,-8,-3,INCLUDED_OPEN
33,-8,-2,INCLUDED_OPEN
33,-8,-1,INCLUDED_OPEN
33,-8,0,INCLUDED_OPEN
33,-8,1,INCLUDED_OPEN
33,-8,2,INCLUDED_OPEN
33,-7,-13,EXCLUDED_WATER
33,-7,-12,EXCLUDED_WATER
33,-7,-11,EXCLUDED_WATER
33,-7,-10,EXCLUDED_WATER
33,-7,-9,EXCLUDED_WATER
33,-7,-8,EXCLUDED_WATER
33,-7,-7,EXCLUDED_WATER
33,-7,-6,INCLUDED_OPEN
33,-7,-5,INCLUDED_OPEN
33,-7,-4,INCLUDED_OPEN
33,-7,-3,INCLUDED_OPEN
33,-7,-2,INCLUDED_OPEN
33,-7,-1,INCLUDED_OPEN
33,-7,0,INCLUDED_OPEN
33,-7,1,INCLUDED_OPEN
33,-7,2,INCLUDED_OPEN
33,-6,-13,EXCLUDED_WATER
33,-6,-12,EXCLUDED_WATER
33,-6,-11,EXCLUDED_WATER
33,-6,-10,EXCLUDED_WATER
33,-6,-9,EXCLUDED_WATER
33,-6,-8,EXCLUDED_WATER
33,-6,-7,EXCLUDED_WATER
33,-6,-6,INCLUDED_OPEN
33,-6,-5,INCLUDED_OPEN
33,-6,-4,INCLUDED_OPEN
33,-6,-3,INCLUDED_OPEN
33,-6,-2,INCLUDED_OPEN
33,-6,-1,INCLUDED_OPEN
33,-6,0,INCLUDED_OPEN
33,-6,1,INCLUDED_OPEN
33,-6,2,INCLUDED_OPEN
33,-5,-13,EXCLUDED_WATER
33,-5,-12,EXCLUDED_WATER
33,-5,-11,EXCLUDED_WATER
33,-5,-10,EXCLUDED_WATER
33,-5,-9,EXCLUDED_WATER
33,-5,-8,EXCLUDED_WATER
33,-5,-7,EXCLUDED_WATER
33,-5,-6,INCLUDED_OPEN
33,-5,-5,INCLUDED_OPEN
33,-5,-4,INCLUDED_OPEN
33,-5,-3,INCLUDED_OPEN
33,-5,-2,INCLUDED_OPEN
33,-5,-1,INCLUDED_OPEN
33,-5,0,INCLUDED_OPEN
33,-5,1,INCLUDED_OPEN
33,-5,2,INCLUDED_OPEN
33,-4,-13,EXCLUDED_WATER
33,-4,-12,EXCLUDED_WATER
33,-4,-11,EXCLUDED_WATER
33,-4,-10,EXCLUDED_WATER
33,-4,-9,EXCLUDED_WATER
33,-4,-8,EXCLUDED_WATER
33,-4,-7,EXCLUDED_WATER
33,-4,-6,INCLUDED_OPEN
33,-4,-5,INCLUDED_OPEN
33,-4,-4,INCLUDED_OPEN
33,-4,-3,INCLUDED_OPEN
33,-4,-2,INCLUDED_OPEN
33,-4,-1,INCLUDED_OPEN
33,-4,0,INCLUDED_OPEN
33,-4,1,INCLUDED_OPEN
33,-4,2,INCLUDED_OPEN
33,-3,-13,EXCLUDED_WATER
33,-3,-12,EXCLUDED_WATER
33,-3,-11,EXCLUDED_WATER
33,-3,-10,EXCLUDED_WATER
33,-3,-9,EXCLUDED_WATER
33,-3,-8,EXCLUDED_WATER
33,-3,-7,EXCLUDED_WATER
33,-3,-6,INCLUDED_OPEN
33,-3,-5,INCLUDED_OPEN
33,-3,-4,INCLUDED_OPEN
33,-3,-3,INCLUDED_OPEN
33,-3,-2,INCLUDED_OPEN
33,-3,-1,INCLUDED_OPEN
33,-3,0,INCLUDED_OPEN
33,-3,1,INCLUDED_LOWDATA
33,-2,-13,EXCLUDED_WATER
33,-2,-12,EXCLUDED_WATER
33,-2,-11,EXCLUDED_WATER
33,-2,-10,EXCLUDED_WATER
33,-2,-9,EXCLUDED_WATER
33,-2,-8,EXCLUDED_WATER
33,-2,-6,INCLUDED_OPEN
33,-2,-5,INCLUDED_OPEN
33,-2,-4,INCLUDED_OPEN
33,-2,-3,INCLUDED_OPEN
33,-2,-2,INCLUDED_OPEN
33,-2,-1,INCLUDED_OPEN
33,-2,0,INCLUDED_OPEN
33,-2,1,INCLUDED_OPEN
33,-2,2,INCLUDED_OPEN
33,-1,-13,EXCLUDED_WATER
33,-1,-12,EXCLUDED_WATER
33,-1,-11,EXCLUDED_WATER
33,-1,-10,EXCLUDED_WATER
33,-1,-9,EXCLUDED_WATER
33,-1,-8,EXCLUDED_WATER
33,-1,-6,INCLUDED_OPEN
33,-1,-5,INCLUDED_OPEN
33,-1,-4,INCLUDED_OPEN
33,-1,-3,INCLUDED_OPEN
33,-1,-2,INCLUDED_OPEN
33,-1,-1,INCLUDED_OPEN
33,-1,0,INCLUDED_OPEN
33,-1,1,INCLUDED_OPEN
33,-1,2,constrained-misc
33,0,-13,EXCLUDED_WATER
33,0,-12,EXCLUDED_WATER
33,0,-11,EXCLUDED_WATER
33,0,-10,EXCLUDED_WATER
33,0,-9,EXCLUDED_WATER
33,0,-8,EXCLUDED_WATER
33,0,-6,INCLUDED_OPEN
33,0,-5,INCLUDED_OPEN
33,0,-4,INCLUDED_OPEN
33,0,-3,INCLUDED_OPEN
33,0,-2,INCLUDED_OPEN
33,0,-1,INCLUDED_OPEN
33,0,0,INCLUDED_OPEN
33,0,1,INCLUDED_OPEN
33,0,2,INCLUDED_OPEN
33,1,-13,EXCLUDED_WATER
33,1,-12,EXCLUDED_WATER
33,1,-11,EXCLUDED_WATER
33,1,-10,EXCLUDED_WATER
33,1,-9,EXCLUDED_WATER
33,1,-8,EXCLUDED_WATER
33,1,-7,EXCLUDED_WATER
33,1,-6,INCLUDED_OPEN
33,1,-5,INCLUDED_OPEN
33,1,-4,INCLUDED_OPEN
33,1,-3,INCLUDED_OPEN
33,1,-2,INCLUDED_OPEN
33,1,-1,INCLUDED_OPEN
33,1,0,INCLUDED_OPEN
33,1,1,INCLUDED_OPEN
33,1,2,INCLUDED_OPEN
33,2,-13,EXCLUDED_WATER
33,2,-12,EXCLUDED_WATER
33,2,-11,EXCLUDED_WATER
33,2,-10,EXCLUDED_WATER
33,2,-9,EXCLUDED_WATER
33,2,-8,EXCLUDED_WATER
33,2,-7,EXCLUDED_WATER
33,2,-6,INCLUDED_OPEN
33,2,-5,INCLUDED_OPEN
33,2,-4,INCLUDED_OPEN
33,2,-3,INCLUDED_OPEN
33,2,-2,INCLUDED_OPEN
33,2,-1,INCLUDED_OPEN
33,2,0,INCLUDED_OPEN
33,2,1,INCLUDED_OPEN
33,2,2,INCLUDED_OPEN
33,3,-13,EXCLUDED_WATER
33,3,-12,EXCLUDED_WATER
33,3,-11,EXCLUDED_WATER
33,3,-10,EXCLUDED_WATER
33,3,-9,EXCLUDED_WATER
33,3,-8,EXCLUDED_WATER
33,3,-7,EXCLUDED_WATER
33,3,-6,INCLUDED_OPEN
33,3,-5,INCLUDED_OPEN
33,3,-4,INCLUDED_OPEN
33,3,-3,INCLUDED_OPEN
33,3,-2,INCLUDED_OPEN
33,3,-1,INCLUDED_OPEN
33,3,0,INCLUDED_OPEN
33,3,1,INCLUDED_OPEN
33,3,2,constrained-misc
33,4,-13,EXCLUDED_WATER
33,4,-12,EXCLUDED_WATER
33,4,-11,EXCLUDED_WATER
33,4,-10,EXCLUDED_WATER
33,4,-9,EXCLUDED_WATER
33,4,-8,EXCLUDED_WATER
33,4,-7,EXCLUDED_WATER
33,4,-6,INCLUDED_OPEN
33,4,-5,INCLUDED_OPEN
33,4,-4,INCLUDED_OPEN
33,4,-3,INCLUDED_OPEN
33,4,-2,INCLUDED_OPEN
33,4,-1,INCLUDED_OPEN
33,4,0,INCLUDED_OPEN
33,4,1,INCLUDED_LOWDATA
33,5,-13,EXCLUDED_WATER
33,5,-12,EXCLUDED_WATER
33,5,-11,EXCLUDED_WATER
33,5,-10,EXCLUDED_WATER
33,5,-9,EXCLUDED_WATER
33,5,-8,EXCLUDED_WATER
33,5,-7,EXCLUDED_WATER
33,5,-6,INCLUDED_OPEN
33,5,-5,INCLUDED_OPEN
33,5,-4,INCLUDED_OPEN
33,5,-3,INCLUDED_OPEN
33,5,-2,INCLUDED_OPEN
33,5,-1,INCLUDED_OPEN
33,5,0,INCLUDED_OPEN
33,5,1,INCLUDED_LOWDATA
33,6,-13,EXCLUDED_WATER
33,6,-12,EXCLUDED_WATER
33,6,-11,EXCLUDED_WATER
33,6,-10,EXCLUDED_WATER
33,6,-9,EXCLUDED_WATER
33,6,-8,EXCLUDED_WATER
33,6,-7,EXCLUDED_WATER
33,6,-6,INCLUDED_OPEN
33,6,-5,INCLUDED_OPEN
33,6,-4,INCLUDED_OPEN
33,6,-3,INCLUDED_OPEN
33,6,-2,INCLUDED_OPEN
33,6,-1,INCLUDED_OPEN
33,6,0,INCLUDED_OPEN
33,6,1,INCLUDED_LOWDATA
33,6,2,INCLUDED_LOWDATA
33,7,-13,EXCLUDED_WATER
33,7,-12,EXCLUDED_WATER
33,7,-11,EXCLUDED_WATER
33,7,-10,EXCLUDED_WATER
33,7,-9,EXCLUDED_WATER
33,7,-8,EXCLUDED_WATER
33,7,-7,EXCLUDED_WATER
33,7,-6,INCLUDED_OPEN
33,7,-5,INCLUDED_OPEN
33,7,-4,INCLUDED_OPEN
33,7,-3,INCLUDED_OPEN
33,7,-2,INCLUDED_OPEN
33,7,-1,INCLUDED_OPEN
33,7,0,INCLUDED_OPEN
33,7,1,INCLUDED_LOWDATA
33,7,2,INCLUDED_LOWDATA
33,8,-13,EXCLUDED_WATER
33,8,-12,EXCLUDED_WATER
33,8,-11,EXCLUDED_WATER
33,8,-10,EXCLUDED_WATER
33,8,-9,EXCLUDED_WATER
33,8,-8,EXCLUDED_WATER
33,8,-7,EXCLUDED_WATER
33,8,-6,INCLUDED_OPEN
33,8,-5,INCLUDED_OPEN
33,8,-4,INCLUDED_OPEN
33,8,-3,INCLUDED_OPEN
33,8,-2,INCLUDED_OPEN
33,8,-1,INCLUDED_OPEN
33,8,0,INCLUDED_OPEN
33,8,1,INCLUDED_OPEN
33,8,2,constrained-misc
33,10,2,INCLUDED_LOWDATA
33,10,3,INCLUDED_LOWDATA
33,11,1,INCLUDED_OPEN
33,11,2,INCLUDED_OPEN
33,11,3,INCLUDED_OPEN
33,11,4,INCLUDED_OPEN
33,12,1,INCLUDED_OPEN
33,12,2,INCLUDED_OPEN
33,12,3,INCLUDED_OPEN
33,12,4,INCLUDED_OPEN
33,13,1,INCLUDED_OPEN
33,13,2,INCLUDED_OPEN
33,13,3,INCLUDED_OPEN
33,13,4,INCLUDED_OPEN
33,13,5,INCLUDED_OPEN
33,14,1,INCLUDED_OPEN
33,14,2,INCLUDED_OPEN
33,14,3,INCLUDED_OPEN
33,14,4,INCLUDED_OPEN
33,14,5,INCLUDED_OPEN
33,15,1,INCLUDED_OPEN
33,15,2,INCLUDED_OPEN
33,15,3,INCLUDED_OPEN
33,15,4,INCLUDED_OPEN
33,15,5,INCLUDED_OPEN
33,16,1,INCLUDED_OPEN
33,16,2,INCLUDED_OPEN
33,16,3,INCLUDED_OPEN
33,16,4,INCLUDED_OPEN
33,16,5,INCLUDED_OPEN
33,17,1,INCLUDED_OPEN
33,17,2,INCLUDED_OPEN
33,17,3,INCLUDED_OPEN
33,17,4,INCLUDED_OPEN
33,17,5,INCLUDED_OPEN
33,18,1,INCLUDED_OPEN
33,18,2,INCLUDED_OPEN
33,18,3,INCLUDED_OPEN
33,18,4,INCLUDED_OPEN
33,18,5,INCLUDED_OPEN
33,19,1,INCLUDED_OPEN
33,19,2,INCLUDED_OPEN
33,19,3,INCLUDED_OPEN
33,19,4,INCLUDED_OPEN
33,20,-10,INCLUDED_LOWDATA
33,20,1,INCLUDED_OPEN
33,20,2,INCLUDED_OPEN
33,20,3,INCLUDED_OPEN
33,21,-10,INCLUDED_OPEN
33,21,-9,INCLUDED_OPEN
33,21,-8,INCLUDED_OPEN
33,21,-7,INCLUDED_OPEN
33,21,-6,INCLUDED_OPEN
33,21,-5,INCLUDED_OPEN
33,21,-4,INCLUDED_OPEN
33,21,-3,INCLUDED_OPEN
33,21,-2,INCLUDED_OPEN
33,21,-1,INCLUDED_OPEN
33,21,0,INCLUDED_OPEN
33,21,1,INCLUDED_OPEN
33,21,2,INCLUDED_OPEN
33,21,3,INCLUDED_OPEN
33,21,4,INCLUDED_OPEN
33,22,-10,INCLUDED_OPEN
33,22,-9,INCLUDED_OPEN
33,22,-8,INCLUDED_OPEN
33,22,-7,INCLUDED_OPEN
33,22,-6,INCLUDED_OPEN
33,22,-5,INCLUDED_OPEN
33,22,-4,INCLUDED_OPEN
33,22,-3,INCLUDED_OPEN
33,22,-2,INCLUDED_OPEN
33,22,-1,INCLUDED_OPEN
33,22,0,INCLUDED_OPEN
33,22,1,INCLUDED_OPEN
33,22,2,INCLUDED_OPEN
33,22,3,INCLUDED_OPEN
33,22,4,INCLUDED_OPEN
33,23,-10,INCLUDED_OPEN
33,23,-9,INCLUDED_OPEN
33,23,-8,INCLUDED_OPEN
33,23,-7,INCLUDED_OPEN
33,23,-6,INCLUDED_OPEN
33,23,-5,INCLUDED_OPEN
33,23,-4,INCLUDED_OPEN
33,23,-3,INCLUDED_OPEN
33,23,-2,INCLUDED_OPEN
33,23,-1,INCLUDED_OPEN
33,23,0,INCLUDED_OPEN
33,23,1,INCLUDED_OPEN
33,23,2,INCLUDED_OPEN
33,23,3,INCLUDED_OPEN
33,23,4,INCLUDED_OPEN
33,24,-10,INCLUDED_OPEN
33,24,-9,INCLUDED_OPEN
33,24,-8,INCLUDED_OPEN
33,24,-7,INCLUDED_OPEN
33,24,-6,INCLUDED_OPEN
33,24,-5,INCLUDED_OPEN
33,24,-4,INCLUDED_OPEN
33,24,-3,INCLUDED_OPEN
33,24,-2,INCLUDED_OPEN
33,24,-1,INCLUDED_OPEN
33,24,0,INCLUDED_OPEN
33,24,1,INCLUDED_OPEN
33,24,2,INCLUDED_OPEN
33,24,3,INCLUDED_OPEN
33,24,4,INCLUDED_OPEN
33,25,-10,INCLUDED_OPEN
33,25,-9,INCLUDED_OPEN
33,25,-8,INCLUDED_OPEN
33,25,-7,INCLUDED_OPEN
33,25,-6,INCLUDED_OPEN
33,25,-5,INCLUDED_OPEN
33,25,-4,INCLUDED_OPEN
33,25,-3,INCLUDED_OPEN
33,25,-2,INCLUDED_OPEN
33,25,-1,INCLUDED_OPEN
33,25,0,INCLUDED_OPEN
33,25,1,INCLUDED_OPEN
33,25,2,INCLUDED_OPEN
33,25,3,INCLUDED_OPEN
33,25,4,INCLUDED_OPEN
33,26,-10,INCLUDED_OPEN
33,26,-9,INCLUDED_OPEN
33,26,-8,INCLUDED_OPEN
33,26,-7,INCLUDED_OPEN
33,26,-6,INCLUDED_OPEN
33,26,-5,INCLUDED_OPEN
33,26,-4,INCLUDED_OPEN
33,26,-3,INCLUDED_OPEN
33,26,-2,INCLUDED_OPEN
33,26,-1,INCLUDED_OPEN
33,26,0,INCLUDED_OPEN
33,26,1,INCLUDED_OPEN
33,26,2,INCLUDED_OPEN
33,26,3,INCLUDED_OPEN
33,26,4,INCLUDED_OPEN
33,27,-10,INCLUDED_OPEN
33,27,-9,INCLUDED_OPEN
33,27,-8,INCLUDED_OPEN
33,27,-7,INCLUDED_OPEN
33,27,-6,INCLUDED_OPEN
33,27,-5,INCLUDED_OPEN
33,27,-4,INCLUDED_OPEN
33,27,-3,INCLUDED_OPEN
33,27,-2,INCLUDED_OPEN
33,27,-1,INCLUDED_OPEN
33,27,0,INCLUDED_OPEN
33,27,1,INCLUDED_OPEN
33,27,2,INCLUDED_OPEN
33,27,3,INCLUDED_OPEN
33,27,4,INCLUDED_OPEN
33,28,-10,INCLUDED_OPEN
33,28,-9,INCLUDED_OPEN
33,28,-8,INCLUDED_OPEN
33,28,-7,INCLUDED_OPEN
33,28,-6,INCLUDED_OPEN
33,28,-5,INCLUDED_OPEN
33,28,-4,INCLUDED_OPEN
33,28,-3,INCLUDED_OPEN
33,28,-2,INCLUDED_OPEN
33,28,-1,INCLUDED_OPEN
33,28,0,INCLUDED_OPEN
33,28,1,INCLUDED_OPEN
33,28,2,INCLUDED_OPEN
33,28,3,INCLUDED_OPEN
33,28,4,INCLUDED_OPEN
33,29,-10,INCLUDED_OPEN
33,29,-9,INCLUDED_OPEN
33,29,-8,INCLUDED_OPEN
33,29,-7,INCLUDED_OPEN
33,29,-6,INCLUDED_OPEN
33,29,-5,INCLUDED_OPEN
33,29,-4,INCLUDED_OPEN
33,29,-3,INCLUDED_OPEN
33,29,-2,INCLUDED_OPEN
33,29,-1,INCLUDED_OPEN
33,29,0,INCLUDED_OPEN
33,29,1,INCLUDED_OPEN
33,29,2,INCLUDED_OPEN
33,29,3,INCLUDED_OPEN
33,29,4,INCLUDED_LOWDATA
33,30,-10,INCLUDED_OPEN
33,30,-9,INCLUDED_OPEN
33,30,-8,INCLUDED_OPEN
33,30,-7,INCLUDED_OPEN
33,30,-6,INCLUDED_OPEN
33,30,-5,INCLUDED_OPEN
33,30,-4,INCLUDED_OPEN
33,30,-3,INCLUDED_OPEN
33,30,-2,INCLUDED_OPEN
33,30,-1,INCLUDED_OPEN
33,30,0,INCLUDED_OPEN
33,30,1,INCLUDED_OPEN
33,30,2,INCLUDED_OPEN
33,30,3,INCLUDED_OPEN
33,30,4,INCLUDED_LOWDATA
33,31,-10,INCLUDED_OPEN
33,31,-9,INCLUDED_OPEN
33,31,-8,INCLUDED_OPEN
33,31,-7,INCLUDED_OPEN
33,31,-6,INCLUDED_OPEN
33,31,-5,INCLUDED_OPEN
33,31,-4,INCLUDED_OPEN
33,31,-3,INCLUDED_OPEN
33,31,-2,INCLUDED_OPEN
33,31,-1,INCLUDED_OPEN
33,31,0,INCLUDED_OPEN
33,31,1,INCLUDED_OPEN
33,31,2,INCLUDED_OPEN
33,31,3,INCLUDED_OPEN
33,31,4,INCLUDED_LOWDATA
33,32,-10,INCLUDED_OPEN
33,32,-9,INCLUDED_OPEN
33,32,-8,INCLUDED_OPEN
33,32,-7,INCLUDED_OPEN
33,32,-6,INCLUDED_OPEN
33,32,-5,INCLUDED_OPEN
33,32,-4,INCLUDED_OPEN
33,32,-3,INCLUDED_OPEN
33,32,-2,INCLUDED_OPEN
33,32,-1,INCLUDED_OPEN
33,32,0,INCLUDED_OPEN
33,32,1,INCLUDED_OPEN
33,32,2,INCLUDED_OPEN
33,32,3,INCLUDED_LOWDATA
33,32,4,INCLUDED_LOWDATA
33,33,-10,INCLUDED_OPEN
33,33,-9,INCLUDED_OPEN
33,33,-8,INCLUDED_OPEN
33,33,-7,INCLUDED_OPEN
33,33,-6,INCLUDED_OPEN
33,33,-5,INCLUDED_OPEN
33,33,-4,INCLUDED_OPEN
33,33,-3,INCLUDED_OPEN
33,33,-2,INCLUDED_OPEN
33,33,-1,INCLUDED_OPEN
33,33,0,INCLUDED_OPEN
33,33,1,INCLUDED_LOWDATA
33,33,2,INCLUDED_LOWDATA
33,33,3,INCLUDED_LOWDATA
33,33,4,INCLUDED_LOWDATA
33,34,-9,INCLUDED_OPEN
33,34,-8,INCLUDED_OPEN
33,34,-7,INCLUDED_OPEN
33,34,-6,INCLUDED_OPEN
33,34,-5,INCLUDED_OPEN
33,34,-4,INCLUDED_OPEN
33,34,-3,INCLUDED_OPEN
33,34,-2,INCLUDED_OPEN
33,34,-1,INCLUDED_OPEN
33,34,0,INCLUDED_OPEN
33,34,1,INCLUDED_LOWDATA
33,34,2,INCLUDED_LOWDATA
33,34,3,INCLUDED_LOWDATA
33,34,4,INCLUDED_LOWDATA
33,35,-9,INCLUDED_OPEN
33,35,-8,INCLUDED_OPEN
33,35,-7,INCLUDED_OPEN
33,35,-6,INCLUDED_OPEN
33,35,-5,INCLUDED_OPEN
33,35,-4,INCLUDED_OPEN
33,35,-3,INCLUDED_OPEN
33,35,-2,INCLUDED_OPEN
33,35,-1,INCLUDED_OPEN
33,35,0,pent-2
33,35,1,pent-2
33,35,2,pent-2
33,35,3,INCLUDED_LOWDATA
33,35,4,INCLUDED_LOWDATA
34,-30,2,INCLUDED_OPEN
34,-30,3,INCLUDED_OPEN
34,-30,4,INCLUDED_OPEN
34,-29,2,INCLUDED_OPEN
34,-29,3,INCLUDED_OPEN
34,-29,4,INCLUDED_OPEN
34,-28,2,INCLUDED_OPEN
34,-28,3,INCLUDED_OPEN
34,-28,4,INCLUDED_OPEN
34,-27,2,INCLUDED_OPEN
34,-27,3,INCLUDED_OPEN
34,-27,4,INCLUDED_OPEN
34,-26,2,INCLUDED_LOWDATA
34,-26,3,INCLUDED_LOWDATA
34,-25,-2,INCLUDED_OPEN
34,-25,-1,INCLUDED_OPEN
34,-25,0,INCLUDED_OPEN
34,-25,1,INCLUDED_OPEN
34,-25,2,INCLUDED_OPEN
34,-25,3,INCLUDED_OPEN
34,-25,4,INCLUDED_OPEN
34,-24,-2,INCLUDED_OPEN
34,-24,-1,INCLUDED_OPEN
34,-24,0,INCLUDED_OPEN
34,-24,1,INCLUDED_OPEN
34,-24,2,INCLUDED_OPEN
34,-24,3,INCLUDED_OPEN
34,-24,4,INCLUDED_OPEN
34,-23,-2,INCLUDED_OPEN
34,-23,-1,INCLUDED_OPEN
34,-23,0,INCLUDED_OPEN
34,-23,1,INCLUDED_OPEN
34,-23,2,INCLUDED_OPEN
34,-23,3,INCLUDED_OPEN
34,-23,4,INCLUDED_OPEN
34,-22,-2,INCLUDED_OPEN
34,-22,-1,INCLUDED_OPEN
34,-22,0,INCLUDED_OPEN
34,-22,1,INCLUDED_OPEN
34,-22,2,INCLUDED_OPEN
34,-22,3,INCLUDED_OPEN
34,-22,4,INCLUDED_OPEN
34,-21,-2,INCLUDED_OPEN
34,-21,-1,INCLUDED_OPEN
34,-21,0,INCLUDED_OPEN
34,-21,1,INCLUDED_OPEN
34,-21,2,INCLUDED_OPEN
34,-21,3,INCLUDED_OPEN
34,-21,4,INCLUDED_OPEN
34,-20,-2,INCLUDED_OPEN
34,-20,-1,INCLUDED_OPEN
34,-20,0,INCLUDED_OPEN
34,-20,1,INCLUDED_OPEN
34,-20,2,INCLUDED_OPEN
34,-20,3,INCLUDED_OPEN
34,-20,4,INCLUDED_OPEN
34,-19,-2,INCLUDED_OPEN
34,-19,-1,INCLUDED_OPEN
34,-19,0,INCLUDED_OPEN
34,-19,1,INCLUDED_OPEN
34,-19,2,INCLUDED_OPEN
34,-19,3,INCLUDED_OPEN
34,-19,4,INCLUDED_OPEN
34,-18,-2,INCLUDED_OPEN
34,-18,-1,INCLUDED_OPEN
34,-18,0,INCLUDED_OPEN
34,-18,1,INCLUDED_OPEN
34,-18,2,INCLUDED_OPEN
34,-18,3,INCLUDED_OPEN
34,-18,4,INCLUDED_OPEN
34,-13,-13,EXCLUDED_WATER
34,-13,-12,EXCLUDED_WATER
34,-13,-11,EXCLUDED_WATER
34,-13,-10,EXCLUDED_WATER
34,-13,-9,EXCLUDED_WATER
34,-13,-8,EXCLUDED_WATER
34,-13,-7,EXCLUDED_WATER
34,-13,-6,INCLUDED_OPEN
34,-13,-5,INCLUDED_OPEN
34,-13,-4,INCLUDED_OPEN
34,-13,-3,INCLUDED_OPEN
34,-13,-2,INCLUDED_OPEN
34,-13,-1,INCLUDED_OPEN
34,-13,0,INCLUDED_OPEN
34,-13,1,INCLUDED_OPEN
34,-13,2,INCLUDED_OPEN
34,-12,-13,EXCLUDED_WATER
34,-12,-12,EXCLUDED_WATER
34,-12,-11,EXCLUDED_WATER
34,-12,-10,EXCLUDED_WATER
34,-12,-9,EXCLUDED_WATER
34,-12,-8,EXCLUDED_WATER
34,-12,-7,EXCLUDED_WATER
34,-12,-6,INCLUDED_OPEN
34,-12,-5,INCLUDED_OPEN
34,-12,-4,INCLUDED_OPEN
34,-12,-3,INCLUDED_OPEN
34,-12,-2,INCLUDED_OPEN
34,-12,-1,INCLUDED_OPEN
34,-12,0,INCLUDED_OPEN
34,-12,1,INCLUDED_OPEN
34,-12,2,INCLUDED_OPEN
34,-11,-13,EXCLUDED_WATER
34,-11,-12,EXCLUDED_WATER
34,-11,-11,EXCLUDED_WATER
34,-11,-10,EXCLUDED_WATER
34,-11,-9,EXCLUDED_WATER
34,-11,-8,EXCLUDED_WATER
34,-11,-7,EXCLUDED_WATER
34,-11,-6,INCLUDED_OPEN
34,-11,-5,INCLUDED_OPEN
34,-11,-4,INCLUDED_OPEN
34,-11,-3,INCLUDED_OPEN
34,-11,-2,INCLUDED_OPEN
34,-11,-1,INCLUDED_OPEN
34,-11,0,INCLUDED_OPEN
34,-11,1,INCLUDED_OPEN
34,-10,-13,EXCLUDED_WATER
34,-10,-12,EXCLUDED_WATER
34,-10,-11,EXCLUDED_WATER
34,-10,-10,EXCLUDED_WATER
34,-10,-9,EXCLUDED_WATER
34,-10,-8,EXCLUDED_WATER
34,-10,-7,EXCLUDED_WATER
34,-10,-6,INCLUDED_OPEN
34,-10,-5,INCLUDED_OPEN
34,-10,-4,INCLUDED_OPEN
34,-10,-3,INCLUDED_OPEN
34,-10,-2,INCLUDED_OPEN
34,-10,-1,INCLUDED_OPEN
34,-10,0,INCLUDED_OPEN
34,-10,1,INCLUDED_OPEN
34,-10,2,INCLUDED_OPEN
34,-9,-13,EXCLUDED_WATER
34,-9,-12,EXCLUDED_WATER
34,-9,-11,EXCLUDED_WATER
34,-9,-10,EXCLUDED_WATER
34,-9,-9,EXCLUDED_WATER
34,-9,-8,EXCLUDED_WATER
34,-9,-7,EXCLUDED_WATER
34,-9,-6,INCLUDED_OPEN
34,-9,-5,INCLUDED_OPEN
34,-9,-4,INCLUDED_OPEN
34,-9,-3,INCLUDED_OPEN
34,-9,-2,INCLUDED_OPEN
34,-9,-1,INCLUDED_OPEN
34,-9,0,INCLUDED_OPEN
34,-9,1,INCLUDED_OPEN
34,-9,2,INCLUDED_OPEN
34,-8,-13,EXCLUDED_WATER
34,-8,-12,EXCLUDED_WATER
34,-8,-11,EXCLUDED_WATER
34,-8,-10,EXCLUDED_WATER
34,-8,-9,EXCLUDED_WATER
34,-8,-8,EXCLUDED_WATER
34,-8,-7,EXCLUDED_WATER
34,-8,-6,INCLUDED_OPEN
34,-8,-5,INCLUDED_OPEN
34,-8,-4,INCLUDED_OPEN
34,-8,-3,INCLUDED_OPEN
34,-8,-2,INCLUDED_OPEN
34,-8,-1,INCLUDED_OPEN
34,-8,0,INCLUDED_OPEN
34,-8,1,INCLUDED_OPEN
34,-8,2,INCLUDED_LOWDATA
34,-7,-13,EXCLUDED_WATER
34,-7,-12,EXCLUDED_WATER
34,-7,-11,EXCLUDED_WATER
34,-7,-10,EXCLUDED_WATER
34,-7,-9,EXCLUDED_WATER
34,-7,-8,EXCLUDED_WATER
34,-7,-7,EXCLUDED_WATER
34,-7,-6,EXCLUDED_WATER
34,-7,-5,INCLUDED_OPEN
34,-7,-4,INCLUDED_OPEN
34,-7,-3,INCLUDED_OPEN
34,-7,-2,INCLUDED_OPEN
34,-7,-1,INCLUDED_OPEN
34,-7,0,INCLUDED_OPEN
34,-7,1,INCLUDED_OPEN
34,-7,2,INCLUDED_LOWDATA
34,-6,-13,EXCLUDED_WATER
34,-6,-12,EXCLUDED_WATER
34,-6,-11,EXCLUDED_WATER
34,-6,-10,EXCLUDED_WATER
34,-6,-9,EXCLUDED_WATER
34,-6,-8,EXCLUDED_WATER
34,-6,-7,EXCLUDED_WATER
34,-6,-6,INCLUDED_OPEN
34,-6,-5,INCLUDED_OPEN
34,-6,-4,INCLUDED_OPEN
34,-6,-3,INCLUDED_OPEN
34,-6,-2,INCLUDED_OPEN
34,-6,-1,INCLUDED_OPEN
34,-6,0,INCLUDED_OPEN
34,-6,1,INCLUDED_OPEN
34,-6,2,INCLUDED_LOWDATA
34,-5,-13,EXCLUDED_WATER
34,-5,-12,EXCLUDED_WATER
34,-5,-11,EXCLUDED_WATER
34,-5,-10,EXCLUDED_WATER
34,-5,-9,EXCLUDED_WATER
34,-5,-8,EXCLUDED_WATER
34,-5,-7,EXCLUDED_WATER
34,-5,-6,INCLUDED_OPEN
34,-5,-5,INCLUDED_OPEN
34,-5,-4,INCLUDED_OPEN
34,-5,-3,INCLUDED_OPEN
34,-5,-2,INCLUDED_OPEN
34,-5,-1,INCLUDED_OPEN
34,-5,0,INCLUDED_OPEN
34,-5,1,INCLUDED_OPEN
34,-5,2,INCLUDED_LOWDATA
34,-4,-13,EXCLUDED_WATER
34,-4,-12,EXCLUDED_WATER
34,-4,-11,EXCLUDED_WATER
34,-4,-10,EXCLUDED_WATER
34,-4,-9,EXCLUDED_WATER
34,-4,-8,EXCLUDED_WATER
34,-4,-7,EXCLUDED_WATER
34,-4,-6,INCLUDED_OPEN
34,-4,-5,INCLUDED_OPEN
34,-4,-4,INCLUDED_OPEN
34,-4,-3,INCLUDED_OPEN
34,-4,-2,INCLUDED_OPEN
34,-4,-1,INCLUDED_OPEN
34,-4,0,INCLUDED_OPEN
34,-4,1,INCLUDED_OPEN
34,-4,2,INCLUDED_OPEN
34,-3,-13,EXCLUDED_WATER
34,-3,-12,EXCLUDED_WATER
34,-3,-11,EXCLUDED_WATER
34,-3,-10,EXCLUDED_WATER
34,-3,-9,EXCLUDED_WATER
34,-3,-8,EXCLUDED_WATER
34,-3,-6,INCLUDED_OPEN
34,-3,-5,INCLUDED_OPEN
34,-3,-4,INCLUDED_OPEN
34,-3,-3,INCLUDED_OPEN
34,-3,-2,INCLUDED_OPEN
34,-3,-1,INCLUDED_OPEN
34,-3,0,INCLUDED_OPEN
34,-3,1,INCLUDED_OPEN
34,-2,-13,EXCLUDED_WATER
34,-2,-12,EXCLUDED_WATER
34,-2,-11,EXCLUDED_WATER
34,-2,-10,EXCLUDED_WATER
34,-2,-9,EXCLUDED_WATER
34,-2,-8,EXCLUDED_WATER
34,-2,-6,INCLUDED_OPEN
34,-2,-5,INCLUDED_OPEN
34,-2,-4,INCLUDED_OPEN
34,-2,-3,INCLUDED_OPEN
34,-2,-2,INCLUDED_OPEN
34,-2,-1,INCLUDED_OPEN
34,-2,0,INCLUDED_OPEN
34,-2,1,INCLUDED_OPEN
34,-2,2,constrained-misc
34,-1,-13,EXCLUDED_WATER
34,-1,-12,EXCLUDED_WATER
34,-1,-11,EXCLUDED_WATER
34,-1,-10,EXCLUDED_WATER
34,-1,-9,EXCLUDED_WATER
34,-1,-8,EXCLUDED_WATER
34,-1,-6,INCLUDED_OPEN
34,-1,-5,INCLUDED_OPEN
34,-1,-4,INCLUDED_OPEN
34,-1,-3,INCLUDED_OPEN
34,-1,-2,INCLUDED_OPEN
34,-1,-1,INCLUDED_OPEN
34,-1,0,INCLUDED_OPEN
34,-1,1,INCLUDED_OPEN
34,-1,2,constrained-misc
34,0,-13,EXCLUDED_WATER
34,0,-12,EXCLUDED_WATER
34,0,-11,EXCLUDED_WATER
34,0,-10,EXCLUDED_WATER
34,0,-9,EXCLUDED_WATER
34,0,-8,EXCLUDED_WATER
34,0,-6,INCLUDED_OPEN
34,0,-5,INCLUDED_OPEN
34,0,-4,INCLUDED_OPEN
34,0,-3,INCLUDED_OPEN
34,0,-2,INCLUDED_OPEN
34,0,-1,INCLUDED_OPEN
34,0,0,INCLUDED_OPEN
34,0,1,INCLUDED_OPEN
34,0,2,INCLUDED_LOWDATA
34,1,-13,EXCLUDED_WATER
34,1,-12,EXCLUDED_WATER
34,1,-11,EXCLUDED_WATER
34,1,-10,EXCLUDED_WATER
34,1,-9,EXCLUDED_WATER
34,1,-8,EXCLUDED_WATER
34,1,-7,EXCLUDED_WATER
34,1,-6,INCLUDED_OPEN
34,1,-5,INCLUDED_OPEN
34,1,-4,INCLUDED_OPEN
34,1,-3,INCLUDED_OPEN
34,1,-2,INCLUDED_OPEN
34,1,-1,INCLUDED_OPEN
34,1,0,INCLUDED_OPEN
34,1,1,INCLUDED_OPEN
34,1,2,INCLUDED_LOWDATA
34,2,-13,EXCLUDED_WATER
34,2,-12,EXCLUDED_WATER
34,2,-11,EXCLUDED_WATER
34,2,-10,EXCLUDED_WATER
34,2,-9,EXCLUDED_WATER
34,2,-8,EXCLUDED_WATER
34,2,-7,EXCLUDED_WATER
34,2,-6,INCLUDED_OPEN
34,2,-5,INCLUDED_OPEN
34,2,-4,INCLUDED_OPEN
34,2,-3,INCLUDED_OPEN
34,2,-2,INCLUDED_OPEN
34,2,-1,INCLUDED_OPEN
34,2,0,INCLUDED_OPEN
34,2,1,INCLUDED_OPEN
34,2,2,constrained-misc
34,3,-13,EXCLUDED_WATER
34,3,-12,EXCLUDED_WATER
34,3,-11,EXCLUDED_WATER
34,3,-10,EXCLUDED_WATER
34,3,-9,EXCLUDED_WATER
34,3,-8,EXCLUDED_WATER
34,3,-7,EXCLUDED_WATER
34,3,-6,INCLUDED_OPEN
34,3,-5,INCLUDED_OPEN
34,3,-4,INCLUDED_OPEN
34,3,-3,INCLUDED_OPEN
34,3,-2,INCLUDED_OPEN
34,3,-1,INCLUDED_OPEN
34,3,0,INCLUDED_OPEN
34,3,1,INCLUDED_OPEN
34,3,2,INCLUDED_LOWDATA
34,4,-13,EXCLUDED_WATER
34,4,-12,EXCLUDED_WATER
34,4,-11,EXCLUDED_WATER
34,4,-10,EXCLUDED_WATER
34,4,-9,EXCLUDED_WATER
34,4,-8,EXCLUDED_WATER
34,4,-7,EXCLUDED_WATER
34,4,-6,EXCLUDED_WATER
34,4,-5,INCLUDED_OPEN
34,4,-4,INCLUDED_OPEN
34,4,-3,INCLUDED_OPEN
34,4,-2,INCLUDED_OPEN
34,4,-1,INCLUDED_OPEN
34,4,0,INCLUDED_OPEN
34,4,1,INCLUDED_LOWDATA
34,5,-13,EXCLUDED_WATER
34,5,-12,EXCLUDED_WATER
34,5,-11,EXCLUDED_WATER
34,5,-10,EXCLUDED_WATER
34,5,-9,EXCLUDED_WATER
34,5,-8,EXCLUDED_WATER
34,5,-7,EXCLUDED_WATER
34,5,-6,INCLUDED_OPEN
34,5,-5,INCLUDED_OPEN
34,5,-4,INCLUDED_OPEN
34,5,-3,INCLUDED_OPEN
34,5,-2,INCLUDED_OPEN
34,5,-1,INCLUDED_OPEN
34,5,0,INCLUDED_LOWDATA
34,5,1,INCLUDED_LOWDATA
34,6,-13,EXCLUDED_WATER
34,6,-12,EXCLUDED_WATER
34,6,-11,EXCLUDED_WATER
34,6,-10,EXCLUDED_WATER
34,6,-9,EXCLUDED_WATER
34,6,-8,EXCLUDED_WATER
34,6,-7,EXCLUDED_WATER
34,6,-6,INCLUDED_OPEN
34,6,-5,INCLUDED_OPEN
34,6,-4,INCLUDED_OPEN
34,6,-3,INCLUDED_LOWDATA
34,6,-2,INCLUDED_OPEN
34,6,-1,INCLUDED_OPEN
34,6,0,INCLUDED_OPEN
34,6,1,INCLUDED_LOWDATA
34,7,-13,EXCLUDED_WATER
34,7,-12,EXCLUDED_WATER
34,7,-11,EXCLUDED_WATER
34,7,-10,EXCLUDED_WATER
34,7,-9,EXCLUDED_WATER
34,7,-8,EXCLUDED_WATER
34,7,-7,EXCLUDED_WATER
34,7,-6,INCLUDED_OPEN
34,7,-5,INCLUDED_OPEN
34,7,-4,INCLUDED_OPEN
34,7,-3,INCLUDED_OPEN
34,7,-2,INCLUDED_LOWDATA
34,7,-1,INCLUDED_LOWDATA
34,7,0,INCLUDED_OPEN
34,7,1,INCLUDED_LOWDATA
34,7,2,INCLUDED_LOWDATA
34,8,-13,EXCLUDED_WATER
34,8,-12,EXCLUDED_WATER
34,8,-11,EXCLUDED_WATER
34,8,-10,EXCLUDED_WATER
34,8,-9,EXCLUDED_WATER
34,8,-8,EXCLUDED_WATER
34,8,-7,EXCLUDED_WATER
34,8,-6,INCLUDED_OPEN
34,8,-5,INCLUDED_OPEN
34,8,-4,INCLUDED_OPEN
34,8,-3,INCLUDED_OPEN
34,8,-2,INCLUDED_OPEN
34,8,-1,INCLUDED_OPEN
34,8,0,INCLUDED_OPEN
34,8,1,INCLUDED_OPEN
34,8,2,INCLUDED_LOWDATA
34,10,1,INCLUDED_OPEN
34,10,2,INCLUDED_OPEN
34,10,3,INCLUDED_OPEN
34,10,4,INCLUDED_OPEN
34,11,1,INCLUDED_OPEN
34,11,2,INCLUDED_OPEN
34,11,3,INCLUDED_OPEN
34,11,4,INCLUDED_OPEN
34,12,1,INCLUDED_OPEN
34,12,2,INCLUDED_OPEN
34,12,3,INCLUDED_OPEN
34,12,4,INCLUDED_OPEN
34,13,1,INCLUDED_OPEN
34,13,2,INCLUDED_OPEN
34,13,3,INCLUDED_OPEN
34,13,4,INCLUDED_OPEN
34,13,5,INCLUDED_OPEN
34,14,1,INCLUDED_OPEN
34,14,2,INCLUDED_OPEN
34,14,3,INCLUDED_OPEN
34,14,4,INCLUDED_OPEN
34,14,5,INCLUDED_OPEN
34,14,6,INCLUDED_OPEN
34,15,1,INCLUDED_OPEN
34,15,2,INCLUDED_OPEN
34,15,3,INCLUDED_OPEN
34,15,4,INCLUDED_OPEN
34,15,5,INCLUDED_OPEN
34,15,6,INCLUDED_LOWDATA
34,16,1,INCLUDED_OPEN
34,16,2,INCLUDED_OPEN
34,16,3,INCLUDED_OPEN
34,16,4,INCLUDED_OPEN
34,16,5,INCLUDED_OPEN
34,16,6,INCLUDED_OPEN
34,17,1,INCLUDED_OPEN
34,17,2,INCLUDED_OPEN
34,17,3,INCLUDED_OPEN
34,17,4,INCLUDED_OPEN
34,17,5,INCLUDED_OPEN
34,17,6,INCLUDED_LOWDATA
34,18,1,INCLUDED_OPEN
34,18,2,INCLUDED_OPEN
34,18,3,INCLUDED_OPEN
34,18,4,INCLUDED_OPEN
34,18,5,INCLUDED_OPEN
34,19,1,INCLUDED_OPEN
34,19,2,INCLUDED_OPEN
34,19,3,INCLUDED_OPEN
34,19,4,INCLUDED_OPEN
34,20,-10,INCLUDED_LOWDATA
34,20,1,INCLUDED_OPEN
34,20,2,INCLUDED_OPEN
34,20,3,INCLUDED_OPEN
34,21,-10,INCLUDED_OPEN
34,21,-9,INCLUDED_OPEN
34,21,-8,INCLUDED_OPEN
34,21,-7,INCLUDED_OPEN
34,21,-6,INCLUDED_OPEN
34,21,-5,INCLUDED_OPEN
34,21,-4,INCLUDED_OPEN
34,21,-3,INCLUDED_OPEN
34,21,-2,INCLUDED_OPEN
34,21,-1,INCLUDED_OPEN
34,21,0,INCLUDED_OPEN
34,21,1,INCLUDED_OPEN
34,21,2,INCLUDED_OPEN
34,21,3,INCLUDED_OPEN
34,21,4,INCLUDED_OPEN
34,22,-10,INCLUDED_OPEN
34,22,-9,INCLUDED_OPEN
34,22,-8,INCLUDED_OPEN
34,22,-7,INCLUDED_OPEN
34,22,-6,INCLUDED_OPEN
34,22,-5,INCLUDED_OPEN
34,22,-4,INCLUDED_OPEN
34,22,-3,INCLUDED_OPEN
34,22,-2,INCLUDED_OPEN
34,22,-1,INCLUDED_OPEN
34,22,0,INCLUDED_OPEN
34,22,1,INCLUDED_OPEN
34,22,2,INCLUDED_OPEN
34,22,3,INCLUDED_OPEN
34,22,4,INCLUDED_OPEN
34,23,-10,INCLUDED_OPEN
34,23,-9,INCLUDED_OPEN
34,23,-8,INCLUDED_OPEN
34,23,-7,INCLUDED_OPEN
34,23,-6,INCLUDED_OPEN
34,23,-5,INCLUDED_OPEN
34,23,-4,INCLUDED_OPEN
34,23,-3,INCLUDED_OPEN
34,23,-2,INCLUDED_OPEN
34,23,-1,INCLUDED_OPEN
34,23,0,INCLUDED_OPEN
34,23,1,INCLUDED_OPEN
34,23,2,INCLUDED_OPEN
34,23,3,INCLUDED_OPEN
34,23,4,INCLUDED_OPEN
34,24,-10,INCLUDED_OPEN
34,24,-9,INCLUDED_OPEN
34,24,-8,INCLUDED_OPEN
34,24,-7,INCLUDED_OPEN
34,24,-6,INCLUDED_OPEN
34,24,-5,INCLUDED_OPEN
34,24,-4,INCLUDED_OPEN
34,24,-3,INCLUDED_OPEN
34,24,-2,INCLUDED_OPEN
34,24,-1,INCLUDED_OPEN
34,24,0,INCLUDED_OPEN
34,24,1,INCLUDED_OPEN
34,24,2,INCLUDED_OPEN
34,24,3,INCLUDED_OPEN
34,24,4,INCLUDED_OPEN
34,25,-10,INCLUDED_OPEN
34,25,-9,INCLUDED_OPEN
34,25,-8,INCLUDED_OPEN
34,25,-7,INCLUDED_OPEN
34,25,-6,INCLUDED_OPEN
34,25,-5,INCLUDED_OPEN
34,25,-4,INCLUDED_OPEN
34,25,-3,INCLUDED_OPEN
34,25,-2,INCLUDED_OPEN
34,25,-1,INCLUDED_OPEN
34,25,0,INCLUDED_OPEN
34,25,1,INCLUDED_OPEN
34,25,2,INCLUDED_OPEN
34,25,3,INCLUDED_OPEN
34,25,4,INCLUDED_OPEN
34,26,-10,INCLUDED_OPEN
34,26,-9,INCLUDED_OPEN
34,26,-8,INCLUDED_OPEN
34,26,-7,INCLUDED_OPEN
34,26,-6,INCLUDED_OPEN
34,26,-5,INCLUDED_OPEN
34,26,-4,INCLUDED_OPEN
34,26,-3,INCLUDED_OPEN
34,26,-2,INCLUDED_OPEN
34,26,-1,INCLUDED_OPEN
34,26,0,INCLUDED_OPEN
34,26,1,INCLUDED_OPEN
34,26,2,INCLUDED_OPEN
34,26,3,INCLUDED_OPEN
34,26,4,INCLUDED_OPEN
34,27,-10,INCLUDED_OPEN
34,27,-9,INCLUDED_OPEN
34,27,-8,INCLUDED_OPEN
34,27,-7,INCLUDED_OPEN
34,27,-6,INCLUDED_OPEN
34,27,-5,INCLUDED_OPEN
34,27,-4,INCLUDED_OPEN
34,27,-3,INCLUDED_OPEN
34,27,-2,INCLUDED_OPEN
34,27,-1,INCLUDED_OPEN
34,27,0,INCLUDED_OPEN
34,27,1,INCLUDED_OPEN
34,27,2,INCLUDED_OPEN
34,27,3,INCLUDED_OPEN
34,27,4,INCLUDED_OPEN
34,28,-10,INCLUDED_OPEN
34,28,-9,INCLUDED_OPEN
34,28,-8,INCLUDED_OPEN
34,28,-7,INCLUDED_OPEN
34,28,-6,INCLUDED_OPEN
34,28,-5,INCLUDED_OPEN
34,28,-4,INCLUDED_OPEN
34,28,-3,INCLUDED_OPEN
34,28,-2,INCLUDED_OPEN
34,28,-1,INCLUDED_OPEN
34,28,0,INCLUDED_OPEN
34,28,1,INCLUDED_OPEN
34,28,2,INCLUDED_OPEN
34,28,3,INCLUDED_OPEN
34,28,4,INCLUDED_OPEN
34,29,-10,INCLUDED_OPEN
34,29,-9,INCLUDED_OPEN
34,29,-8,INCLUDED_OPEN
34,29,-7,INCLUDED_OPEN
34,29,-6,INCLUDED_OPEN
34,29,-5,INCLUDED_OPEN
34,29,-4,INCLUDED_OPEN
34,29,-3,INCLUDED_OPEN
34,29,-2,INCLUDED_OPEN
34,29,-1,INCLUDED_OPEN
34,29,0,INCLUDED_OPEN
34,29,1,INCLUDED_OPEN
34,29,2,INCLUDED_OPEN
34,29,3,INCLUDED_OPEN
34,29,4,INCLUDED_LOWDATA
34,30,-10,INCLUDED_OPEN
34,30,-9,INCLUDED_OPEN
34,30,-8,INCLUDED_OPEN
34,30,-7,INCLUDED_OPEN
34,30,-6,INCLUDED_OPEN
34,30,-5,INCLUDED_OPEN
34,30,-4,INCLUDED_OPEN
34,30,-3,INCLUDED_OPEN
34,30,-2,INCLUDED_OPEN
34,30,-1,INCLUDED_OPEN
34,30,0,INCLUDED_OPEN
34,30,1,INCLUDED_OPEN
34,30,2,INCLUDED_OPEN
34,30,3,INCLUDED_OPEN
34,30,4,INCLUDED_LOWDATA
34,31,-10,INCLUDED_OPEN
34,31,-9,INCLUDED_OPEN
34,31,-8,INCLUDED_OPEN
34,31,-7,INCLUDED_OPEN
34,31,-6,INCLUDED_OPEN
34,31,-5,INCLUDED_OPEN
34,31,-4,INCLUDED_OPEN
34,31,-3,INCLUDED_OPEN
34,31,-2,INCLUDED_OPEN
34,31,-1,INCLUDED_OPEN
34,31,0,INCLUDED_OPEN
34,31,1,INCLUDED_OPEN
34,31,2,INCLUDED_OPEN
34,31,3,INCLUDED_OPEN
34,31,4,INCLUDED_LOWDATA
34,32,-10,INCLUDED_OPEN
34,32,-9,INCLUDED_OPEN
34,32,-8,INCLUDED_OPEN
34,32,-7,INCLUDED_OPEN
34,32,-6,INCLUDED_OPEN
34,32,-5,INCLUDED_OPEN
34,32,-4,INCLUDED_OPEN
34,32,-3,INCLUDED_OPEN
34,32,-2,INCLUDED_OPEN
34,32,-1,INCLUDED_OPEN
34,32,0,INCLUDED_OPEN
34,32,1,INCLUDED_OPEN
34,32,2,INCLUDED_OPEN
34,32,3,INCLUDED_LOWDATA
34,33,-9,INCLUDED_OPEN
34,33,-8,INCLUDED_OPEN
34,33,-7,INCLUDED_OPEN
34,33,-6,INCLUDED_OPEN
34,33,-5,INCLUDED_OPEN
34,33,-4,INCLUDED_OPEN
34,33,-3,INCLUDED_OPEN
34,33,-2,INCLUDED_OPEN
34,33,-1,INCLUDED_OPEN
34,33,0,INCLUDED_OPEN
34,33,1,INCLUDED_OPEN
34,33,2,INCLUDED_OPEN
34,33,3,INCLUDED_LOWDATA
34,33,4,INCLUDED_LOWDATA
34,34,-9,INCLUDED_OPEN
34,34,-8,INCLUDED_OPEN
34,34,-7,INCLUDED_OPEN
34,34,-6,INCLUDED_OPEN
34,34,-5,INCLUDED_OPEN
34,34,-4,INCLUDED_OPEN
34,34,-3,INCLUDED_OPEN
34,34,-2,INCLUDED_OPEN
34,34,-1,INCLUDED_OPEN
34,34,0,INCLUDED_OPEN
34,34,1,INCLUDED_OPEN
34,34,2,INCLUDED_LOWDATA
34,34,3,INCLUDED_LOWDATA
34,34,4,INCLUDED_LOWDATA
34,35,-9,INCLUDED_OPEN
34,35,-8,INCLUDED_OPEN
34,35,-7,INCLUDED_OPEN
34,35,-6,INCLUDED_OPEN
34,35,-5,INCLUDED_OPEN
34,35,-4,INCLUDED_OPEN
34,35,-3,INCLUDED_OPEN
34,35,-2,INCLUDED_OPEN
34,35,-1,INCLUDED_OPEN
34,35,0,INCLUDED_LOWDATA
34,35,1,pent-2
34,35,2,pent-2
34,35,3,INCLUDED_OPEN
34,35,4,INCLUDED_LOWDATA
35,-30,2,INCLUDED_OPEN
35,-30,3,INCLUDED_OPEN
35,-30,4,INCLUDED_OPEN
35,-29,2,INCLUDED_OPEN
35,-29,3,INCLUDED_OPEN
35,-29,4,INCLUDED_OPEN
35,-28,2,INCLUDED_OPEN
35,-28,3,INCLUDED_OPEN
35,-28,4,INCLUDED_OPEN
35,-27,2,INCLUDED_OPEN
35,-27,3,INCLUDED_OPEN
35,-27,4,INCLUDED_OPEN
35,-26,-2,INCLUDED_OPEN
35,-26,-1,INCLUDED_OPEN
35,-26,0,INCLUDED_OPEN
35,-26,1,INCLUDED_OPEN
35,-26,2,INCLUDED_OPEN
35,-26,3,INCLUDED_OPEN
35,-26,4,INCLUDED_OPEN
35,-25,-2,INCLUDED_OPEN
35,-25,-1,INCLUDED_OPEN
35,-25,0,INCLUDED_OPEN
35,-25,1,INCLUDED_OPEN
35,-25,2,INCLUDED_OPEN
35,-25,3,INCLUDED_OPEN
35,-25,4,INCLUDED_OPEN
35,-24,-2,INCLUDED_OPEN
35,-24,-1,INCLUDED_OPEN
35,-24,0,INCLUDED_OPEN
35,-24,1,INCLUDED_OPEN
35,-24,2,INCLUDED_OPEN
35,-24,3,INCLUDED_OPEN
35,-24,4,INCLUDED_OPEN
35,-23,-2,INCLUDED_OPEN
35,-23,-1,INCLUDED_OPEN
35,-23,0,INCLUDED_OPEN
35,-23,1,INCLUDED_OPEN
35,-23,2,INCLUDED_OPEN
35,-23,3,INCLUDED_OPEN
35,-23,4,INCLUDED_OPEN
35,-22,-2,INCLUDED_OPEN
35,-22,-1,INCLUDED_OPEN
35,-22,0,INCLUDED_OPEN
35,-22,1,INCLUDED_OPEN
35,-22,2,INCLUDED_OPEN
35,-22,3,INCLUDED_OPEN
35,-22,4,INCLUDED_OPEN
35,-21,-2,INCLUDED_OPEN
35,-21,-1,INCLUDED_OPEN
35,-21,0,INCLUDED_OPEN
35,-21,1,INCLUDED_OPEN
35,-21,2,INCLUDED_OPEN
35,-21,3,INCLUDED_OPEN
35,-21,4,INCLUDED_OPEN
35,-20,-2,INCLUDED_OPEN
35,-20,-1,INCLUDED_OPEN
35,-20,0,INCLUDED_OPEN
35,-20,1,INCLUDED_OPEN
35,-20,2,INCLUDED_OPEN
35,-20,3,INCLUDED_OPEN
35,-20,4,INCLUDED_OPEN
35,-19,-2,INCLUDED_OPEN
35,-19,-1,INCLUDED_OPEN
35,-19,0,INCLUDED_OPEN
35,-19,1,INCLUDED_OPEN
35,-19,2,INCLUDED_OPEN
35,-19,3,INCLUDED_OPEN
35,-19,4,INCLUDED_OPEN
35,-18,-2,INCLUDED_OPEN
35,-18,-1,INCLUDED_OPEN
35,-18,0,INCLUDED_OPEN
35,-18,1,INCLUDED_OPEN
35,-18,2,INCLUDED_OPEN
35,-18,3,INCLUDED_OPEN
35,-18,4,INCLUDED_OPEN
35,-17,-2,INCLUDED_OPEN
35,-17,-1,INCLUDED_OPEN
35,-17,0,INCLUDED_OPEN
35,-17,1,INCLUDED_OPEN
35,-14,-2,INCLUDED_LOWDATA
35,-13,-13,EXCLUDED_WATER
35,-13,-12,EXCLUDED_WATER
35,-13,-11,EXCLUDED_WATER
35,-13,-10,EXCLUDED_WATER
35,-13,-9,EXCLUDED_WATER
35,-13,-8,EXCLUDED_WATER
35,-13,-7,EXCLUDED_WATER
35,-13,-6,INCLUDED_OPEN
35,-13,-5,INCLUDED_OPEN
35,-13,-4,INCLUDED_OPEN
35,-13,-3,INCLUDED_OPEN
35,-13,-2,INCLUDED_OPEN
35,-13,-1,INCLUDED_OPEN
35,-13,0,INCLUDED_OPEN
35,-13,1,INCLUDED_OPEN
35,-13,2,INCLUDED_OPEN
35,-12,-13,EXCLUDED_WATER
35,-12,-12,EXCLUDED_WATER
35,-12,-11,EXCLUDED_WATER
35,-12,-10,EXCLUDED_WATER
35,-12,-9,EXCLUDED_WATER
35,-12,-8,EXCLUDED_WATER
35,-12,-7,EXCLUDED_WATER
35,-12,-6,INCLUDED_OPEN
35,-12,-5,INCLUDED_OPEN
35,-12,-4,INCLUDED_OPEN
35,-12,-3,INCLUDED_OPEN
35,-12,-2,INCLUDED_OPEN
35,-12,-1,INCLUDED_OPEN
35,-12,0,INCLUDED_OPEN
35,-12,1,INCLUDED_OPEN
35,-12,2,INCLUDED_OPEN
35,-11,-13,EXCLUDED_WATER
35,-11,-12,EXCLUDED_WATER
35,-11,-11,EXCLUDED_WATER
35,-11,-10,EXCLUDED_WATER
35,-11,-9,EXCLUDED_WATER
35,-11,-8,EXCLUDED_WATER
35,-11,-7,EXCLUDED_WATER
35,-11,-6,INCLUDED_OPEN
35,-11,-5,INCLUDED_OPEN
35,-11,-4,INCLUDED_OPEN
35,-11,-3,INCLUDED_OPEN
35,-11,-2,INCLUDED_OPEN
35,-11,-1,INCLUDED_OPEN
35,-11,0,INCLUDED_OPEN
35,-11,1,INCLUDED_OPEN
35,-10,-13,EXCLUDED_WATER
35,-10,-12,EXCLUDED_WATER
35,-10,-11,EXCLUDED_WATER
35,-10,-10,EXCLUDED_WATER
35,-10,-9,EXCLUDED_WATER
35,-10,-8,EXCLUDED_WATER
35,-10,-7,EXCLUDED_WATER
35,-10,-6,INCLUDED_OPEN
35,-10,-5,INCLUDED_OPEN
35,-10,-4,INCLUDED_OPEN
35,-10,-3,INCLUDED_OPEN
35,-10,-2,INCLUDED_OPEN
35,-10,-1,INCLUDED_OPEN
35,-10,0,INCLUDED_OPEN
35,-10,1,INCLUDED_OPEN
35,-10,2,INCLUDED_OPEN
35,-9,-13,EXCLUDED_WATER
35,-9,-12,EXCLUDED_WATER
35,-9,-11,EXCLUDED_WATER
35,-9,-10,EXCLUDED_WATER
35,-9,-9,EXCLUDED_WATER
35,-9,-8,EXCLUDED_WATER
35,-9,-7,EXCLUDED_WATER
35,-9,-6,INCLUDED_OPEN
35,-9,-5,INCLUDED_OPEN
35,-9,-4,INCLUDED_OPEN
35,-9,-3,INCLUDED_OPEN
35,-9,-2,INCLUDED_OPEN
35,-9,-1,INCLUDED_OPEN
35,-9,0,INCLUDED_OPEN
35,-9,1,INCLUDED_OPEN
35,-9,2,INCLUDED_OPEN
35,-8,-13,EXCLUDED_WATER
35,-8,-12,EXCLUDED_WATER
35,-8,-11,EXCLUDED_WATER
35,-8,-10,EXCLUDED_WATER
35,-8,-9,EXCLUDED_WATER
35,-8,-8,EXCLUDED_WATER
35,-8,-7,EXCLUDED_WATER
35,-8,-6,INCLUDED_OPEN
35,-8,-5,INCLUDED_OPEN
35,-8,-4,INCLUDED_OPEN
35,-8,-3,INCLUDED_OPEN
35,-8,-2,INCLUDED_OPEN
35,-8,-1,INCLUDED_OPEN
35,-8,0,INCLUDED_OPEN
35,-8,1,INCLUDED_OPEN
35,-8,2,INCLUDED_OPEN
35,-7,-13,EXCLUDED_WATER
35,-7,-12,EXCLUDED_WATER
35,-7,-11,EXCLUDED_WATER
35,-7,-10,EXCLUDED_WATER
35,-7,-9,EXCLUDED_WATER
35,-7,-8,EXCLUDED_WATER
35,-7,-7,EXCLUDED_WATER
35,-7,-6,EXCLUDED_WATER
35,-7,-5,INCLUDED_OPEN
35,-7,-4,INCLUDED_OPEN
35,-7,-3,INCLUDED_OPEN
35,-7,-2,INCLUDED_OPEN
35,-7,-1,INCLUDED_OPEN
35,-7,0,INCLUDED_OPEN
35,-7,1,INCLUDED_OPEN
35,-7,2,INCLUDED_OPEN
35,-6,-13,EXCLUDED_WATER
35,-6,-12,EXCLUDED_WATER
35,-6,-11,EXCLUDED_WATER
35,-6,-10,EXCLUDED_WATER
35,-6,-9,EXCLUDED_WATER
35,-6,-8,EXCLUDED_WATER
35,-6,-7,EXCLUDED_WATER
35,-6,-6,INCLUDED_OPEN
35,-6,-5,INCLUDED_OPEN
35,-6,-4,INCLUDED_OPEN
35,-6,-3,INCLUDED_OPEN
35,-6,-2,INCLUDED_OPEN
35,-6,-1,INCLUDED_OPEN
35,-6,0,INCLUDED_OPEN
35,-6,1,INCLUDED_OPEN
35,-6,2,INCLUDED_OPEN
35,-5,-13,EXCLUDED_WATER
35,-5,-12,EXCLUDED_WATER
35,-5,-11,EXCLUDED_WATER
35,-5,-10,EXCLUDED_WATER
35,-5,-9,EXCLUDED_WATER
35,-5,-8,EXCLUDED_WATER
35,-5,-7,EXCLUDED_WATER
35,-5,-6,INCLUDED_OPEN
35,-5,-5,INCLUDED_OPEN
35,-5,-4,INCLUDED_OPEN
35,-5,-3,INCLUDED_OPEN
35,-5,-2,INCLUDED_OPEN
35,-5,-1,INCLUDED_OPEN
35,-5,0,INCLUDED_OPEN
35,-5,1,INCLUDED_OPEN
35,-5,2,INCLUDED_OPEN
35,-4,-13,EXCLUDED_WATER
35,-4,-12,EXCLUDED_WATER
35,-4,-11,EXCLUDED_WATER
35,-4,-10,EXCLUDED_WATER
35,-4,-9,EXCLUDED_WATER
35,-4,-8,EXCLUDED_WATER
35,-4,-7,EXCLUDED_WATER
35,-4,-6,INCLUDED_OPEN
35,-4,-5,INCLUDED_OPEN
35,-4,-4,INCLUDED_OPEN
35,-4,-3,INCLUDED_OPEN
35,-4,-2,INCLUDED_OPEN
35,-4,-1,INCLUDED_OPEN
35,-4,0,INCLUDED_OPEN
35,-4,1,INCLUDED_OPEN
35,-4,2,INCLUDED_OPEN
35,-3,-13,EXCLUDED_WATER
35,-3,-12,EXCLUDED_WATER
35,-3,-11,EXCLUDED_WATER
35,-3,-10,EXCLUDED_WATER
35,-3,-9,EXCLUDED_WATER
35,-3,-8,EXCLUDED_WATER
35,-3,-6,INCLUDED_OPEN
35,-3,-5,INCLUDED_OPEN
35,-3,-4,INCLUDED_OPEN
35,-3,-3,INCLUDED_OPEN
35,-3,-2,INCLUDED_OPEN
35,-3,-1,INCLUDED_OPEN
35,-3,0,INCLUDED_OPEN
35,-3,1,INCLUDED_OPEN
35,-2,-13,EXCLUDED_WATER
35,-2,-12,EXCLUDED_WATER
35,-2,-11,EXCLUDED_WATER
35,-2,-10,EXCLUDED_WATER
35,-2,-9,EXCLUDED_WATER
35,-2,-8,EXCLUDED_WATER
35,-2,-7,EXCLUDED_WATER
35,-2,-6,INCLUDED_OPEN
35,-2,-5,INCLUDED_OPEN
35,-2,-4,INCLUDED_OPEN
35,-2,-3,INCLUDED_OPEN
35,-2,-2,INCLUDED_OPEN
35,-2,-1,INCLUDED_OPEN
35,-2,0,INCLUDED_OPEN
35,-2,1,INCLUDED_OPEN
35,-2,2,INCLUDED_LOWDATA
35,-1,-13,EXCLUDED_WATER
35,-1,-12,EXCLUDED_WATER
35,-1,-11,EXCLUDED_WATER
35,-1,-10,EXCLUDED_WATER
35,-1,-9,EXCLUDED_WATER
35,-1,-8,EXCLUDED_WATER
35,-1,-6,INCLUDED_OPEN
35,-1,-5,INCLUDED_OPEN
35,-1,-4,INCLUDED_OPEN
35,-1,-3,INCLUDED_OPEN
35,-1,-2,INCLUDED_OPEN
35,-1,-1,INCLUDED_OPEN
35,-1,0,INCLUDED_OPEN
35,-1,1,INCLUDED_OPEN
35,-1,2,INCLUDED_LOWDATA
35,0,-13,EXCLUDED_WATER
35,0,-12,EXCLUDED_WATER
35,0,-11,EXCLUDED_WATER
35,0,-10,EXCLUDED_WATER
35,0,-9,EXCLUDED_WATER
35,0,-8,EXCLUDED_WATER
35,0,-7,EXCLUDED_WATER
35,0,-6,INCLUDED_OPEN
35,0,-5,INCLUDED_OPEN
35,0,-4,INCLUDED_OPEN
35,0,-3,INCLUDED_OPEN
35,0,-2,INCLUDED_OPEN
35,0,-1,INCLUDED_OPEN
35,0,0,INCLUDED_OPEN
35,0,1,INCLUDED_OPEN
35,1,-13,EXCLUDED_WATER
35,1,-12,EXCLUDED_WATER
35,1,-11,EXCLUDED_WATER
35,1,-10,EXCLUDED_WATER
35,1,-9,EXCLUDED_WATER
35,1,-8,EXCLUDED_WATER
35,1,-7,EXCLUDED_WATER
35,1,-6,INCLUDED_OPEN
35,1,-5,INCLUDED_OPEN
35,1,-4,INCLUDED_OPEN
35,1,-3,INCLUDED_OPEN
35,1,-2,INCLUDED_OPEN
35,1,-1,INCLUDED_OPEN
35,1,0,INCLUDED_OPEN
35,1,1,INCLUDED_OPEN
35,2,-13,EXCLUDED_WATER
35,2,-12,EXCLUDED_WATER
35,2,-11,EXCLUDED_WATER
35,2,-10,EXCLUDED_WATER
35,2,-9,EXCLUDED_WATER
35,2,-8,EXCLUDED_WATER
35,2,-7,EXCLUDED_WATER
35,2,-6,INCLUDED_OPEN
35,2,-5,INCLUDED_OPEN
35,2,-4,INCLUDED_OPEN
35,2,-3,INCLUDED_OPEN
35,2,-2,INCLUDED_OPEN
35,2,-1,INCLUDED_OPEN
35,2,0,INCLUDED_OPEN
35,2,1,INCLUDED_OPEN
35,2,2,INCLUDED_LOWDATA
35,3,-13,EXCLUDED_WATER
35,3,-12,EXCLUDED_WATER
35,3,-11,EXCLUDED_WATER
35,3,-10,EXCLUDED_WATER
35,3,-9,EXCLUDED_WATER
35,3,-8,EXCLUDED_WATER
35,3,-7,EXCLUDED_WATER
35,3,-6,INCLUDED_OPEN
35,3,-5,INCLUDED_OPEN
35,3,-4,INCLUDED_OPEN
35,3,-3,INCLUDED_OPEN
35,3,-2,INCLUDED_OPEN
35,3,-1,INCLUDED_OPEN
35,3,0,INCLUDED_OPEN
35,3,1,INCLUDED_OPEN
35,3,2,INCLUDED_LOWDATA
35,4,-13,EXCLUDED_WATER
35,4,-12,EXCLUDED_WATER
35,4,-11,EXCLUDED_WATER
35,4,-10,EXCLUDED_WATER
35,4,-9,EXCLUDED_WATER
35,4,-8,EXCLUDED_WATER
35,4,-7,EXCLUDED_WATER
35,4,-6,EXCLUDED_WATER
35,4,-5,INCLUDED_OPEN
35,4,-4,INCLUDED_OPEN
35,4,-3,INCLUDED_OPEN
35,4,-2,INCLUDED_OPEN
35,4,-1,INCLUDED_OPEN
35,4,0,INCLUDED_OPEN
35,4,1,INCLUDED_LOWDATA
35,5,-13,EXCLUDED_WATER
35,5,-12,EXCLUDED_WATER
35,5,-11,EXCLUDED_WATER
35,5,-10,EXCLUDED_WATER
35,5,-9,EXCLUDED_WATER
35,5,-8,EXCLUDED_WATER
35,5,-7,EXCLUDED_WATER
35,5,-6,INCLUDED_OPEN
35,5,-5,INCLUDED_OPEN
35,5,-4,INCLUDED_OPEN
35,5,-3,INCLUDED_OPEN
35,5,-2,INCLUDED_OPEN
35,5,-1,INCLUDED_OPEN
35,5,0,INCLUDED_OPEN
35,5,1,INCLUDED_LOWDATA
35,6,-13,EXCLUDED_WATER
35,6,-12,EXCLUDED_WATER
35,6,-11,EXCLUDED_WATER
35,6,-10,EXCLUDED_WATER
35,6,-9,EXCLUDED_WATER
35,6,-8,EXCLUDED_WATER
35,6,-7,EXCLUDED_WATER
35,6,-6,INCLUDED_OPEN
35,6,-5,INCLUDED_OPEN
35,6,-4,INCLUDED_OPEN
35,6,-3,INCLUDED_OPEN
35,6,-2,INCLUDED_OPEN
35,6,-1,INCLUDED_LOWDATA
35,6,0,INCLUDED_LOWDATA
35,6,1,INCLUDED_LOWDATA
35,7,-13,EXCLUDED_WATER
35,7,-12,EXCLUDED_WATER
35,7,-11,EXCLUDED_WATER
35,7,-10,EXCLUDED_WATER
35,7,-9,EXCLUDED_WATER
35,7,-8,EXCLUDED_WATER
35,7,-7,EXCLUDED_WATER
35,7,-6,INCLUDED_OPEN
35,7,-5,INCLUDED_OPEN
35,7,-4,INCLUDED_OPEN
35,7,-3,INCLUDED_OPEN
35,7,-2,INCLUDED_OPEN
35,7,-1,INCLUDED_LOWDATA
35,7,0,INCLUDED_LOWDATA
35,7,1,INCLUDED_LOWDATA
35,8,-13,EXCLUDED_WATER
35,8,-12,EXCLUDED_WATER
35,8,-11,EXCLUDED_WATER
35,8,-10,EXCLUDED_WATER
35,8,-9,EXCLUDED_WATER
35,8,-8,EXCLUDED_WATER
35,8,-7,EXCLUDED_WATER
35,8,-6,INCLUDED_OPEN
35,8,-5,INCLUDED_OPEN
35,8,-4,INCLUDED_OPEN
35,8,-3,constrained-misc
35,8,-2,INCLUDED_OPEN
35,8,-1,INCLUDED_OPEN
35,8,0,INCLUDED_LOWDATA
35,8,1,INCLUDED_OPEN
35,8,2,INCLUDED_LOWDATA
35,10,1,INCLUDED_OPEN
35,10,2,INCLUDED_OPEN
35,10,3,INCLUDED_OPEN
35,10,4,INCLUDED_OPEN
35,11,1,INCLUDED_OPEN
35,11,2,INCLUDED_OPEN
35,11,3,INCLUDED_OPEN
35,11,4,INCLUDED_OPEN
35,12,1,INCLUDED_OPEN
35,12,2,INCLUDED_OPEN
35,12,3,INCLUDED_OPEN
35,12,4,INCLUDED_OPEN
35,13,1,INCLUDED_OPEN
35,13,2,INCLUDED_OPEN
35,13,3,INCLUDED_OPEN
35,13,4,INCLUDED_OPEN
35,13,5,INCLUDED_OPEN
35,14,1,INCLUDED_OPEN
35,14,2,INCLUDED_OPEN
35,14,3,INCLUDED_OPEN
35,14,4,INCLUDED_OPEN
35,14,5,INCLUDED_OPEN
35,14,6,INCLUDED_OPEN
35,15,1,INCLUDED_OPEN
35,15,2,INCLUDED_OPEN
35,15,3,INCLUDED_OPEN
35,15,4,INCLUDED_OPEN
35,15,5,INCLUDED_OPEN
35,15,6,INCLUDED_OPEN
35,16,1,INCLUDED_OPEN
35,16,2,INCLUDED_OPEN
35,16,3,INCLUDED_OPEN
35,16,4,INCLUDED_OPEN
35,16,5,INCLUDED_OPEN
35,16,6,INCLUDED_OPEN
35,17,1,INCLUDED_OPEN
35,17,2,INCLUDED_OPEN
35,17,3,INCLUDED_OPEN
35,17,4,INCLUDED_OPEN
35,17,5,INCLUDED_OPEN
35,17,6,constrained-misc
35,18,1,INCLUDED_OPEN
35,18,2,INCLUDED_OPEN
35,18,3,INCLUDED_OPEN
35,18,4,INCLUDED_OPEN
35,18,5,INCLUDED_OPEN
35,19,1,INCLUDED_OPEN
35,19,2,INCLUDED_OPEN
35,19,3,INCLUDED_OPEN
35,19,4,INCLUDED_OPEN
35,20,-10,INCLUDED_LOWDATA
35,20,1,INCLUDED_OPEN
35,20,2,INCLUDED_OPEN
35,20,3,INCLUDED_OPEN
35,21,-10,INCLUDED_OPEN
35,21,-9,INCLUDED_OPEN
35,21,-8,INCLUDED_OPEN
35,21,-7,INCLUDED_OPEN
35,21,-6,INCLUDED_OPEN
35,21,-5,INCLUDED_OPEN
35,21,-4,INCLUDED_OPEN
35,21,-3,INCLUDED_OPEN
35,21,-2,INCLUDED_OPEN
35,21,-1,INCLUDED_OPEN
35,21,0,INCLUDED_OPEN
35,21,1,INCLUDED_OPEN
35,21,2,INCLUDED_OPEN
35,21,3,INCLUDED_OPEN
35,21,4,INCLUDED_OPEN
35,22,-10,INCLUDED_OPEN
35,22,-9,INCLUDED_OPEN
35,22,-8,INCLUDED_OPEN
35,22,-7,INCLUDED_OPEN
35,22,-6,INCLUDED_OPEN
35,22,-5,INCLUDED_OPEN
35,22,-4,INCLUDED_OPEN
35,22,-3,INCLUDED_OPEN
35,22,-2,INCLUDED_OPEN
35,22,-1,INCLUDED_OPEN
35,22,0,INCLUDED_OPEN
35,22,1,INCLUDED_OPEN
35,22,2,INCLUDED_OPEN
35,22,3,INCLUDED_OPEN
35,22,4,INCLUDED_OPEN
35,23,-10,INCLUDED_OPEN
35,23,-9,INCLUDED_OPEN
35,23,-8,INCLUDED_OPEN
35,23,-7,INCLUDED_OPEN
35,23,-6,INCLUDED_OPEN
35,23,-5,INCLUDED_OPEN
35,23,-4,INCLUDED_OPEN
35,23,-3,INCLUDED_OPEN
35,23,-2,INCLUDED_OPEN
35,23,-1,INCLUDED_OPEN
35,23,0,INCLUDED_OPEN
35,23,1,INCLUDED_OPEN
35,23,2,INCLUDED_OPEN
35,23,3,INCLUDED_OPEN
35,23,4,INCLUDED_OPEN
35,24,-10,INCLUDED_OPEN
35,24,-9,INCLUDED_OPEN
35,24,-8,INCLUDED_OPEN
35,24,-7,INCLUDED_OPEN
35,24,-6,INCLUDED_OPEN
35,24,-5,INCLUDED_OPEN
35,24,-4,INCLUDED_OPEN
35,24,-3,INCLUDED_OPEN
35,24,-2,INCLUDED_OPEN
35,24,-1,INCLUDED_OPEN
35,24,0,INCLUDED_OPEN
35,24,1,INCLUDED_OPEN
35,24,2,INCLUDED_OPEN
35,24,3,INCLUDED_OPEN
35,24,4,INCLUDED_OPEN
35,25,-10,INCLUDED_OPEN
35,25,-9,INCLUDED_OPEN
35,25,-8,INCLUDED_OPEN
35,25,-7,INCLUDED_OPEN
35,25,-6,INCLUDED_OPEN
35,25,-5,INCLUDED_OPEN
35,25,-4,INCLUDED_OPEN
35,25,-3,INCLUDED_OPEN
35,25,-2,INCLUDED_OPEN
35,25,-1,INCLUDED_OPEN
35,25,0,INCLUDED_OPEN
35,25,1,INCLUDED_OPEN
35,25,2,INCLUDED_OPEN
35,25,3,INCLUDED_OPEN
35,25,4,INCLUDED_OPEN
35,26,-10,INCLUDED_OPEN
35,26,-9,INCLUDED_OPEN
35,26,-8,INCLUDED_OPEN
35,26,-7,INCLUDED_OPEN
35,26,-6,INCLUDED_OPEN
35,26,-5,INCLUDED_OPEN
35,26,-4,INCLUDED_OPEN
35,26,-3,INCLUDED_OPEN
35,26,-2,INCLUDED_OPEN
35,26,-1,INCLUDED_OPEN
35,26,0,INCLUDED_OPEN
35,26,1,INCLUDED_OPEN
35,26,2,INCLUDED_OPEN
35,26,3,INCLUDED_OPEN
35,26,4,INCLUDED_OPEN
35,27,-10,INCLUDED_OPEN
35,27,-9,INCLUDED_OPEN
35,27,-8,INCLUDED_OPEN
35,27,-7,INCLUDED_OPEN
35,27,-6,INCLUDED_OPEN
35,27,-5,INCLUDED_OPEN
35,27,-4,INCLUDED_OPEN
35,27,-3,INCLUDED_OPEN
35,27,-2,INCLUDED_OPEN
35,27,-1,INCLUDED_OPEN
35,27,0,INCLUDED_OPEN
35,27,1,INCLUDED_OPEN
35,27,2,INCLUDED_OPEN
35,27,3,INCLUDED_OPEN
35,27,4,INCLUDED_OPEN
35,28,-10,INCLUDED_OPEN
35,28,-9,INCLUDED_OPEN
35,28,-8,INCLUDED_OPEN
35,28,-7,INCLUDED_OPEN
35,28,-6,INCLUDED_OPEN
35,28,-5,INCLUDED_OPEN
35,28,-4,INCLUDED_OPEN
35,28,-3,INCLUDED_OPEN
35,28,-2,INCLUDED_OPEN
35,28,-1,INCLUDED_OPEN
35,28,0,INCLUDED_OPEN
35,28,1,INCLUDED_OPEN
35,28,2,INCLUDED_OPEN
35,28,3,INCLUDED_OPEN
35,28,4,INCLUDED_LOWDATA
35,29,-10,INCLUDED_OPEN
35,29,-9,INCLUDED_OPEN
35,29,-8,INCLUDED_OPEN
35,29,-7,INCLUDED_OPEN
35,29,-6,INCLUDED_OPEN
35,29,-5,INCLUDED_OPEN
35,29,-4,INCLUDED_OPEN
35,29,-3,INCLUDED_OPEN
35,29,-2,INCLUDED_OPEN
35,29,-1,INCLUDED_OPEN
35,29,0,INCLUDED_OPEN
35,29,1,INCLUDED_OPEN
35,29,2,INCLUDED_OPEN
35,29,3,INCLUDED_OPEN
35,29,4,INCLUDED_LOWDATA
35,30,-10,INCLUDED_OPEN
35,30,-9,INCLUDED_OPEN
35,30,-8,INCLUDED_OPEN
35,30,-7,INCLUDED_OPEN
35,30,-6,INCLUDED_OPEN
35,30,-5,INCLUDED_OPEN
35,30,-4,INCLUDED_OPEN
35,30,-3,INCLUDED_OPEN
35,30,-2,INCLUDED_OPEN
35,30,-1,INCLUDED_OPEN
35,30,0,INCLUDED_OPEN
35,30,1,INCLUDED_OPEN
35,30,2,INCLUDED_OPEN
35,30,3,INCLUDED_OPEN
35,30,4,INCLUDED_LOWDATA
35,31,-10,INCLUDED_OPEN
35,31,-9,INCLUDED_OPEN
35,31,-8,INCLUDED_OPEN
35,31,-7,INCLUDED_OPEN
35,31,-6,INCLUDED_OPEN
35,31,-5,INCLUDED_OPEN
35,31,-4,INCLUDED_OPEN
35,31,-3,INCLUDED_OPEN
35,31,-2,INCLUDED_OPEN
35,31,-1,INCLUDED_OPEN
35,31,0,INCLUDED_OPEN
35,31,1,INCLUDED_OPEN
35,31,2,INCLUDED_OPEN
35,31,3,INCLUDED_LOWDATA
35,31,4,INCLUDED_LOWDATA
35,32,-10,INCLUDED_OPEN
35,32,-9,INCLUDED_OPEN
35,32,-8,INCLUDED_OPEN
35,32,-7,INCLUDED_OPEN
35,32,-6,INCLUDED_OPEN
35,32,-5,INCLUDED_OPEN
35,32,-4,INCLUDED_OPEN
35,32,-3,INCLUDED_OPEN
35,32,-2,INCLUDED_OPEN
35,32,-1,INCLUDED_OPEN
35,32,0,INCLUDED_OPEN
35,32,1,INCLUDED_OPEN
35,32,2,INCLUDED_OPEN
35,32,3,INCLUDED_LOWDATA
35,32,4,INCLUDED_LOWDATA
35,33,-9,INCLUDED_OPEN
35,33,-8,INCLUDED_OPEN
35,33,-7,INCLUDED_OPEN
35,33,-6,INCLUDED_OPEN
35,33,-5,INCLUDED_OPEN
35,33,-4,INCLUDED_OPEN
35,33,-3,INCLUDED_OPEN
35,33,-2,INCLUDED_OPEN
35,33,-1,INCLUDED_OPEN
35,33,0,INCLUDED_OPEN
35,33,1,INCLUDED_OPEN
35,33,2,INCLUDED_LOWDATA
35,33,3,INCLUDED_LOWDATA
35,33,4,INCLUDED_LOWDATA
35,34,-9,INCLUDED_OPEN
35,34,-8,INCLUDED_OPEN
35,34,-7,INCLUDED_OPEN
35,34,-6,INCLUDED_OPEN
35,34,-5,INCLUDED_OPEN
35,34,-4,INCLUDED_OPEN
35,34,-3,INCLUDED_OPEN
35,34,-2,INCLUDED_OPEN
35,34,-1,INCLUDED_OPEN
35,34,0,INCLUDED_OPEN
35,34,1,INCLUDED_OPEN
35,34,2,INCLUDED_LOWDATA
35,34,3,INCLUDED_LOWDATA
35,34,4,INCLUDED_LOWDATA
35,35,-9,INCLUDED_OPEN
35,35,-8,INCLUDED_OPEN
35,35,-7,INCLUDED_OPEN
35,35,-6,INCLUDED_OPEN
35,35,-5,INCLUDED_OPEN
35,35,-4,INCLUDED_OPEN
35,35,-3,INCLUDED_OPEN
35,35,-2,INCLUDED_OPEN
35,35,-1,INCLUDED_OPEN
35,35,0,pent-2
35,35,1,INCLUDED_LOWDATA
35,35,2,INCLUDED_LOWDATA
35,35,3,INCLUDED_LOWDATA
35,35,4,INCLUDED_LOWDATA
36,-30,2,INCLUDED_OPEN
36,-30,3,INCLUDED_OPEN
36,-30,4,INCLUDED_OPEN
36,-29,2,INCLUDED_OPEN
36,-29,3,INCLUDED_OPEN
36,-29,4,INCLUDED_OPEN
36,-28,2,INCLUDED_OPEN
36,-28,3,INCLUDED_OPEN
36,-28,4,INCLUDED_OPEN
36,-27,2,INCLUDED_OPEN
36,-27,3,INCLUDED_OPEN
36,-27,4,INCLUDED_OPEN
36,-26,-2,INCLUDED_OPEN
36,-26,-1,INCLUDED_OPEN
36,-26,0,INCLUDED_OPEN
36,-26,1,INCLUDED_OPEN
36,-26,2,INCLUDED_OPEN
36,-26,3,INCLUDED_OPEN
36,-26,4,INCLUDED_OPEN
36,-25,-2,INCLUDED_OPEN
36,-25,-1,INCLUDED_OPEN
36,-25,0,INCLUDED_OPEN
36,-25,1,INCLUDED_OPEN
36,-25,2,INCLUDED_OPEN
36,-25,3,INCLUDED_OPEN
36,-25,4,INCLUDED_OPEN
36,-24,-2,INCLUDED_OPEN
36,-24,-1,INCLUDED_OPEN
36,-24,0,INCLUDED_OPEN
36,-24,1,INCLUDED_OPEN
36,-24,2,INCLUDED_OPEN
36,-24,3,INCLUDED_OPEN
36,-24,4,INCLUDED_OPEN
36,-23,-2,INCLUDED_OPEN
36,-23,-1,INCLUDED_OPEN
36,-23,0,INCLUDED_OPEN
36,-23,1,INCLUDED_OPEN
36,-23,2,INCLUDED_OPEN
36,-23,3,INCLUDED_OPEN
36,-23,4,INCLUDED_OPEN
36,-22,-2,INCLUDED_OPEN
36,-22,-1,INCLUDED_OPEN
36,-22,0,INCLUDED_OPEN
36,-22,1,INCLUDED_OPEN
36,-22,2,INCLUDED_OPEN
36,-22,3,INCLUDED_OPEN
36,-22,4,INCLUDED_OPEN
36,-21,-2,INCLUDED_OPEN
36,-21,-1,INCLUDED_OPEN
36,-21,0,INCLUDED_OPEN
36,-21,1,INCLUDED_OPEN
36,-21,2,INCLUDED_OPEN
36,-21,3,INCLUDED_OPEN
36,-21,4,INCLUDED_OPEN
36,-20,-2,INCLUDED_OPEN
36,-20,-1,INCLUDED_OPEN
36,-20,0,INCLUDED_OPEN
36,-20,1,INCLUDED_OPEN
36,-20,2,INCLUDED_OPEN
36,-20,3,INCLUDED_OPEN
36,-20,4,INCLUDED_OPEN
36,-19,-2,INCLUDED_OPEN
36,-19,-1,INCLUDED_OPEN
36,-19,0,INCLUDED_OPEN
36,-19,1,INCLUDED_OPEN
36,-19,2,INCLUDED_OPEN
36,-19,3,INCLUDED_OPEN
36,-19,4,INCLUDED_OPEN
36,-18,-2,INCLUDED_OPEN
36,-18,-1,INCLUDED_OPEN
36,-18,0,INCLUDED_OPEN
36,-18,1,INCLUDED_OPEN
36,-18,2,INCLUDED_LOWDATA
36,-18,3,INCLUDED_LOWDATA
36,-18,4,constrained-misc
36,-17,-2,INCLUDED_OPEN
36,-17,-1,INCLUDED_OPEN
36,-17,0,INCLUDED_OPEN
36,-17,1,INCLUDED_OPEN
36,-16,-2,INCLUDED_OPEN
36,-16,-1,INCLUDED_OPEN
36,-16,0,INCLUDED_OPEN
36,-16,1,INCLUDED_OPEN
36,-16,2,INCLUDED_OPEN
36,-15,-1,INCLUDED_LOWDATA
36,-15,1,INCLUDED_LOWDATA
36,-14,-1,INCLUDED_LOWDATA
36,-13,-13,EXCLUDED_WATER
36,-13,-12,EXCLUDED_WATER
36,-13,-11,EXCLUDED_WATER
36,-13,-10,EXCLUDED_WATER
36,-13,-9,EXCLUDED_WATER
36,-13,-8,EXCLUDED_WATER
36,-13,-7,EXCLUDED_WATER
36,-13,-6,INCLUDED_OPEN
36,-13,-5,INCLUDED_OPEN
36,-13,-4,INCLUDED_OPEN
36,-13,-3,INCLUDED_OPEN
36,-13,-2,INCLUDED_OPEN
36,-13,-1,INCLUDED_OPEN
36,-13,0,INCLUDED_OPEN
36,-13,1,INCLUDED_OPEN
36,-13,2,INCLUDED_OPEN
36,-12,-13,EXCLUDED_WATER
36,-12,-12,EXCLUDED_WATER
36,-12,-11,EXCLUDED_WATER
36,-12,-10,EXCLUDED_WATER
36,-12,-9,EXCLUDED_WATER
36,-12,-8,EXCLUDED_WATER
36,-12,-7,EXCLUDED_WATER
36,-12,-6,INCLUDED_OPEN
36,-12,-5,INCLUDED_OPEN
36,-12,-4,INCLUDED_OPEN
36,-12,-3,INCLUDED_OPEN
36,-12,-2,INCLUDED_OPEN
36,-12,-1,INCLUDED_OPEN
36,-12,0,INCLUDED_OPEN
36,-12,1,INCLUDED_OPEN
36,-12,2,INCLUDED_OPEN
36,-11,-13,EXCLUDED_WATER
36,-11,-12,EXCLUDED_WATER
36,-11,-11,EXCLUDED_WATER
36,-11,-10,EXCLUDED_WATER
36,-11,-9,EXCLUDED_WATER
36,-11,-8,EXCLUDED_WATER
36,-11,-7,EXCLUDED_WATER
36,-11,-6,INCLUDED_OPEN
36,-11,-5,INCLUDED_OPEN
36,-11,-4,INCLUDED_OPEN
36,-11,-3,INCLUDED_OPEN
36,-11,-2,INCLUDED_OPEN
36,-11,-1,INCLUDED_OPEN
36,-11,0,INCLUDED_OPEN
36,-11,1,INCLUDED_OPEN
36,-10,-13,EXCLUDED_WATER
36,-10,-12,EXCLUDED_WATER
36,-10,-11,EXCLUDED_WATER
36,-10,-10,EXCLUDED_WATER
36,-10,-9,EXCLUDED_WATER
36,-10,-8,EXCLUDED_WATER
36,-10,-7,EXCLUDED_WATER
36,-10,-6,INCLUDED_OPEN
36,-10,-5,INCLUDED_OPEN
36,-10,-4,INCLUDED_OPEN
36,-10,-3,INCLUDED_OPEN
36,-10,-2,INCLUDED_OPEN
36,-10,-1,INCLUDED_OPEN
36,-10,0,INCLUDED_OPEN
36,-10,1,INCLUDED_OPEN
36,-10,2,INCLUDED_OPEN
36,-9,-13,EXCLUDED_WATER
36,-9,-12,EXCLUDED_WATER
36,-9,-11,EXCLUDED_WATER
36,-9,-10,EXCLUDED_WATER
36,-9,-9,EXCLUDED_WATER
36,-9,-8,EXCLUDED_WATER
36,-9,-7,EXCLUDED_WATER
36,-9,-6,INCLUDED_OPEN
36,-9,-5,INCLUDED_OPEN
36,-9,-4,INCLUDED_OPEN
36,-9,-3,INCLUDED_OPEN
36,-9,-2,INCLUDED_OPEN
36,-9,-1,INCLUDED_OPEN
36,-9,0,INCLUDED_OPEN
36,-9,1,INCLUDED_OPEN
36,-9,2,INCLUDED_OPEN
36,-8,-13,EXCLUDED_WATER
36,-8,-12,EXCLUDED_WATER
36,-8,-11,EXCLUDED_WATER
36,-8,-10,EXCLUDED_WATER
36,-8,-9,EXCLUDED_WATER
36,-8,-8,EXCLUDED_WATER
36,-8,-7,EXCLUDED_WATER
36,-8,-6,INCLUDED_OPEN
36,-8,-5,INCLUDED_OPEN
36,-8,-4,INCLUDED_OPEN
36,-8,-3,INCLUDED_OPEN
36,-8,-2,INCLUDED_OPEN
36,-8,-1,INCLUDED_OPEN
36,-8,0,INCLUDED_OPEN
36,-8,1,INCLUDED_OPEN
36,-8,2,INCLUDED_OPEN
36,-7,-13,EXCLUDED_WATER
36,-7,-12,EXCLUDED_WATER
36,-7,-11,EXCLUDED_WATER
36,-7,-10,EXCLUDED_WATER
36,-7,-9,EXCLUDED_WATER
36,-7,-8,EXCLUDED_WATER
36,-7,-7,EXCLUDED_WATER
36,-7,-6,INCLUDED_OPEN
36,-7,-5,INCLUDED_OPEN
36,-7,-4,INCLUDED_OPEN
36,-7,-3,INCLUDED_OPEN
36,-7,-2,INCLUDED_OPEN
36,-7,-1,INCLUDED_OPEN
36,-7,0,INCLUDED_OPEN
36,-7,1,INCLUDED_OPEN
36,-7,2,INCLUDED_OPEN
36,-6,-13,EXCLUDED_WATER
36,-6,-12,EXCLUDED_WATER
36,-6,-11,EXCLUDED_WATER
36,-6,-10,EXCLUDED_WATER
36,-6,-9,EXCLUDED_WATER
36,-6,-8,EXCLUDED_WATER
36,-6,-7,EXCLUDED_WATER
36,-6,-6,INCLUDED_OPEN
36,-6,-5,INCLUDED_OPEN
36,-6,-4,INCLUDED_OPEN
36,-6,-3,INCLUDED_OPEN
36,-6,-2,INCLUDED_OPEN
36,-6,-1,INCLUDED_OPEN
36,-6,0,INCLUDED_OPEN
36,-6,1,INCLUDED_OPEN
36,-6,2,INCLUDED_OPEN
36,-5,-13,EXCLUDED_WATER
36,-5,-12,EXCLUDED_WATER
36,-5,-11,EXCLUDED_WATER
36,-5,-10,EXCLUDED_WATER
36,-5,-9,EXCLUDED_WATER
36,-5,-8,EXCLUDED_WATER
36,-5,-7,EXCLUDED_WATER
36,-5,-6,INCLUDED_OPEN
36,-5,-5,INCLUDED_OPEN
36,-5,-4,INCLUDED_OPEN
36,-5,-3,INCLUDED_OPEN
36,-5,-2,INCLUDED_OPEN
36,-5,-1,INCLUDED_OPEN
36,-5,0,INCLUDED_OPEN
36,-5,1,INCLUDED_OPEN
36,-5,2,INCLUDED_OPEN
36,-4,-13,EXCLUDED_WATER
36,-4,-12,EXCLUDED_WATER
36,-4,-11,EXCLUDED_WATER
36,-4,-10,EXCLUDED_WATER
36,-4,-9,EXCLUDED_WATER
36,-4,-8,EXCLUDED_WATER
36,-4,-7,EXCLUDED_WATER
36,-4,-6,INCLUDED_OPEN
36,-4,-5,INCLUDED_OPEN
36,-4,-4,INCLUDED_OPEN
36,-4,-3,INCLUDED_OPEN
36,-4,-2,INCLUDED_OPEN
36,-4,-1,INCLUDED_OPEN
36,-4,0,INCLUDED_OPEN
36,-4,1,INCLUDED_OPEN
36,-4,2,INCLUDED_OPEN
36,-3,-13,EXCLUDED_WATER
36,-3,-12,EXCLUDED_WATER
36,-3,-11,EXCLUDED_WATER
36,-3,-10,EXCLUDED_WATER
36,-3,-9,EXCLUDED_WATER
36,-3,-8,EXCLUDED_WATER
36,-3,-6,INCLUDED_OPEN
36,-3,-5,INCLUDED_OPEN
36,-3,-4,INCLUDED_OPEN
36,-3,-3,INCLUDED_OPEN
36,-3,-2,INCLUDED_OPEN
36,-3,-1,INCLUDED_OPEN
36,-3,0,INCLUDED_OPEN
36,-3,1,INCLUDED_OPEN
36,-2,-13,EXCLUDED_WATER
36,-2,-12,EXCLUDED_WATER
36,-2,-11,EXCLUDED_WATER
36,-2,-10,EXCLUDED_WATER
36,-2,-9,EXCLUDED_WATER
36,-2,-8,EXCLUDED_WATER
36,-2,-6,INCLUDED_OPEN
36,-2,-5,INCLUDED_OPEN
36,-2,-4,INCLUDED_OPEN
36,-2,-3,INCLUDED_OPEN
36,-2,-2,INCLUDED_OPEN
36,-2,-1,INCLUDED_OPEN
36,-2,0,INCLUDED_OPEN
36,-2,1,INCLUDED_OPEN
36,-2,2,INCLUDED_LOWDATA
36,-1,-13,EXCLUDED_WATER
36,-1,-12,EXCLUDED_WATER
36,-1,-11,EXCLUDED_WATER
36,-1,-10,EXCLUDED_WATER
36,-1,-9,EXCLUDED_WATER
36,-1,-8,EXCLUDED_WATER
36,-1,-6,INCLUDED_OPEN
36,-1,-5,INCLUDED_OPEN
36,-1,-4,INCLUDED_OPEN
36,-1,-3,INCLUDED_OPEN
36,-1,-2,INCLUDED_OPEN
36,-1,-1,INCLUDED_OPEN
36,-1,0,INCLUDED_OPEN
36,-1,1,INCLUDED_OPEN
36,-1,2,INCLUDED_LOWDATA
36,0,-13,EXCLUDED_WATER
36,0,-12,EXCLUDED_WATER
36,0,-11,EXCLUDED_WATER
36,0,-10,EXCLUDED_WATER
36,0,-9,EXCLUDED_WATER
36,0,-8,EXCLUDED_WATER
36,0,-6,INCLUDED_OPEN
36,0,-5,INCLUDED_OPEN
36,0,-4,INCLUDED_OPEN
36,0,-3,INCLUDED_OPEN
36,0,-2,INCLUDED_OPEN
36,0,-1,INCLUDED_OPEN
36,0,0,INCLUDED_OPEN
36,0,1,INCLUDED_OPEN
36,1,-13,EXCLUDED_WATER
36,1,-12,EXCLUDED_WATER
36,1,-11,EXCLUDED_WATER
36,1,-10,EXCLUDED_WATER
36,1,-9,EXCLUDED_WATER
36,1,-8,EXCLUDED_WATER
36,1,-7,EXCLUDED_WATER
36,1,-6,INCLUDED_OPEN
36,1,-5,INCLUDED_OPEN
36,1,-4,INCLUDED_OPEN
36,1,-3,INCLUDED_OPEN
36,1,-2,INCLUDED_OPEN
36,1,-1,INCLUDED_OPEN
36,1,0,INCLUDED_OPEN
36,1,1,INCLUDED_OPEN
36,2,-13,EXCLUDED_WATER
36,2,-12,EXCLUDED_WATER
36,2,-11,EXCLUDED_WATER
36,2,-10,EXCLUDED_WATER
36,2,-9,EXCLUDED_WATER
36,2,-8,EXCLUDED_WATER
36,2,-7,EXCLUDED_WATER
36,2,-6,INCLUDED_OPEN
36,2,-5,INCLUDED_OPEN
36,2,-4,INCLUDED_OPEN
36,2,-3,INCLUDED_OPEN
36,2,-2,INCLUDED_OPEN
36,2,-1,INCLUDED_OPEN
36,2,0,INCLUDED_OPEN
36,2,1,INCLUDED_LOWDATA
36,3,-13,EXCLUDED_WATER
36,3,-12,EXCLUDED_WATER
36,3,-11,EXCLUDED_WATER
36,3,-10,EXCLUDED_WATER
36,3,-9,EXCLUDED_WATER
36,3,-8,EXCLUDED_WATER
36,3,-7,EXCLUDED_WATER
36,3,-6,INCLUDED_OPEN
36,3,-5,INCLUDED_OPEN
36,3,-4,INCLUDED_OPEN
36,3,-3,INCLUDED_OPEN
36,3,-2,INCLUDED_OPEN
36,3,-1,INCLUDED_OPEN
36,3,0,INCLUDED_OPEN
36,3,1,INCLUDED_OPEN
36,4,-13,EXCLUDED_WATER
36,4,-12,EXCLUDED_WATER
36,4,-11,EXCLUDED_WATER
36,4,-10,EXCLUDED_WATER
36,4,-9,EXCLUDED_WATER
36,4,-8,EXCLUDED_WATER
36,4,-7,EXCLUDED_WATER
36,4,-6,EXCLUDED_WATER
36,4,-5,INCLUDED_OPEN
36,4,-4,INCLUDED_OPEN
36,4,-3,INCLUDED_OPEN
36,4,-2,INCLUDED_OPEN
36,4,-1,INCLUDED_OPEN
36,4,0,INCLUDED_OPEN
36,4,1,INCLUDED_LOWDATA
36,5,-13,EXCLUDED_WATER
36,5,-12,EXCLUDED_WATER
36,5,-11,EXCLUDED_WATER
36,5,-10,EXCLUDED_WATER
36,5,-9,EXCLUDED_WATER
36,5,-8,EXCLUDED_WATER
36,5,-7,EXCLUDED_WATER
36,5,-6,INCLUDED_OPEN
36,5,-5,INCLUDED_OPEN
36,5,-4,INCLUDED_OPEN
36,5,-3,INCLUDED_OPEN
36,5,-2,INCLUDED_OPEN
36,5,-1,INCLUDED_OPEN
36,5,0,INCLUDED_OPEN
36,5,1,INCLUDED_LOWDATA
36,6,-13,EXCLUDED_WATER
36,6,-12,EXCLUDED_WATER
36,6,-11,EXCLUDED_WATER
36,6,-10,EXCLUDED_WATER
36,6,-9,EXCLUDED_WATER
36,6,-8,EXCLUDED_WATER
36,6,-7,EXCLUDED_WATER
36,6,-6,INCLUDED_OPEN
36,6,-5,INCLUDED_OPEN
36,6,-4,INCLUDED_OPEN
36,6,-3,INCLUDED_OPEN
36,6,-2,INCLUDED_OPEN
36,6,-1,INCLUDED_OPEN
36,6,0,INCLUDED_OPEN
36,6,1,INCLUDED_LOWDATA
36,7,-13,EXCLUDED_WATER
36,7,-12,EXCLUDED_WATER
36,7,-11,EXCLUDED_WATER
36,7,-10,EXCLUDED_WATER
36,7,-9,EXCLUDED_WATER
36,7,-8,EXCLUDED_WATER
36,7,-7,EXCLUDED_WATER
36,7,-6,INCLUDED_OPEN
36,7,-5,INCLUDED_OPEN
36,7,-4,INCLUDED_OPEN
36,7,-3,INCLUDED_OPEN
36,7,-2,INCLUDED_LOWDATA
36,7,-1,INCLUDED_OPEN
36,7,0,INCLUDED_LOWDATA
36,7,1,INCLUDED_LOWDATA
36,8,-13,EXCLUDED_WATER
36,8,-12,EXCLUDED_WATER
36,8,-11,EXCLUDED_WATER
36,8,-10,EXCLUDED_WATER
36,8,-9,EXCLUDED_WATER
36,8,-8,EXCLUDED_WATER
36,8,-7,EXCLUDED_WATER
36,8,-6,INCLUDED_OPEN
36,8,-5,INCLUDED_OPEN
36,8,-4,INCLUDED_OPEN
36,8,-3,constrained-misc
36,8,-2,INCLUDED_OPEN
36,8,-1,INCLUDED_OPEN
36,8,0,INCLUDED_OPEN
36,8,1,constrained-misc
36,8,2,INCLUDED_LOWDATA
36,10,1,INCLUDED_OPEN
36,10,2,INCLUDED_OPEN
36,10,3,INCLUDED_OPEN
36,10,4,INCLUDED_OPEN
36,11,1,INCLUDED_OPEN
36,11,2,INCLUDED_OPEN
36,11,3,INCLUDED_OPEN
36,11,4,INCLUDED_OPEN
36,12,1,INCLUDED_OPEN
36,12,2,INCLUDED_OPEN
36,12,3,INCLUDED_OPEN
36,12,4,INCLUDED_OPEN
36,13,1,INCLUDED_OPEN
36,13,2,INCLUDED_OPEN
36,13,3,INCLUDED_OPEN
36,13,4,INCLUDED_OPEN
36,13,5,INCLUDED_OPEN
36,14,1,INCLUDED_OPEN
36,14,2,INCLUDED_OPEN
36,14,3,INCLUDED_OPEN
36,14,4,INCLUDED_OPEN
36,14,5,INCLUDED_OPEN
36,14,6,INCLUDED_OPEN
36,15,1,INCLUDED_OPEN
36,15,2,INCLUDED_OPEN
36,15,3,INCLUDED_OPEN
36,15,4,INCLUDED_OPEN
36,15,5,INCLUDED_OPEN
36,15,6,INCLUDED_OPEN
36,16,1,INCLUDED_OPEN
36,16,2,INCLUDED_OPEN
36,16,3,INCLUDED_OPEN
36,16,4,INCLUDED_OPEN
36,16,5,INCLUDED_OPEN
36,16,6,INCLUDED_OPEN
36,17,1,INCLUDED_OPEN
36,17,2,INCLUDED_OPEN
36,17,3,INCLUDED_OPEN
36,17,4,INCLUDED_OPEN
36,17,5,INCLUDED_OPEN
36,17,6,INCLUDED_OPEN
36,18,1,INCLUDED_OPEN
36,18,2,INCLUDED_OPEN
36,18,3,INCLUDED_OPEN
36,18,4,INCLUDED_OPEN
36,18,5,INCLUDED_OPEN
36,19,1,INCLUDED_OPEN
36,19,2,INCLUDED_OPEN
36,19,3,INCLUDED_OPEN
36,19,4,INCLUDED_OPEN
36,20,-10,INCLUDED_LOWDATA
36,20,-9,INCLUDED_LOWDATA
36,20,1,INCLUDED_OPEN
36,20,2,INCLUDED_OPEN
36,20,3,INCLUDED_OPEN
36,21,-10,INCLUDED_OPEN
36,21,-9,INCLUDED_OPEN
36,21,-8,INCLUDED_OPEN
36,21,-7,INCLUDED_OPEN
36,21,-6,INCLUDED_OPEN
36,21,-5,INCLUDED_OPEN
36,21,-4,INCLUDED_OPEN
36,21,-3,INCLUDED_OPEN
36,21,-2,INCLUDED_OPEN
36,21,-1,INCLUDED_OPEN
36,21,0,INCLUDED_OPEN
36,21,1,INCLUDED_OPEN
36,21,2,INCLUDED_OPEN
36,21,3,INCLUDED_OPEN
36,21,4,INCLUDED_OPEN
36,22,-10,INCLUDED_OPEN
36,22,-9,INCLUDED_OPEN
36,22,-8,INCLUDED_OPEN
36,22,-7,INCLUDED_OPEN
36,22,-6,INCLUDED_OPEN
36,22,-5,INCLUDED_OPEN
36,22,-4,INCLUDED_OPEN
36,22,-3,INCLUDED_OPEN
36,22,-2,INCLUDED_OPEN
36,22,-1,INCLUDED_OPEN
36,22,0,INCLUDED_OPEN
36,22,1,INCLUDED_OPEN
36,22,2,INCLUDED_OPEN
36,22,3,INCLUDED_OPEN
36,22,4,INCLUDED_OPEN
36,23,-10,INCLUDED_OPEN
36,23,-9,INCLUDED_OPEN
36,23,-8,INCLUDED_OPEN
36,23,-7,INCLUDED_OPEN
36,23,-6,INCLUDED_OPEN
36,23,-5,INCLUDED_OPEN
36,23,-4,INCLUDED_OPEN
36,23,-3,INCLUDED_OPEN
36,23,-2,INCLUDED_OPEN
36,23,-1,INCLUDED_OPEN
36,23,0,INCLUDED_OPEN
36,23,1,INCLUDED_OPEN
36,23,2,INCLUDED_OPEN
36,23,3,INCLUDED_OPEN
36,23,4,INCLUDED_OPEN
36,24,-10,INCLUDED_OPEN
36,24,-9,INCLUDED_OPEN
36,24,-8,INCLUDED_OPEN
36,24,-7,INCLUDED_OPEN
36,24,-6,INCLUDED_OPEN
36,24,-5,INCLUDED_OPEN
36,24,-4,INCLUDED_OPEN
36,24,-3,INCLUDED_OPEN
36,24,-2,INCLUDED_OPEN
36,24,-1,INCLUDED_OPEN
36,24,0,INCLUDED_OPEN
36,24,1,INCLUDED_OPEN
36,24,2,INCLUDED_OPEN
36,24,3,INCLUDED_OPEN
36,24,4,INCLUDED_OPEN
36,25,-10,INCLUDED_OPEN
36,25,-9,INCLUDED_OPEN
36,25,-8,INCLUDED_OPEN
36,25,-7,INCLUDED_OPEN
36,25,-6,INCLUDED_OPEN
36,25,-5,INCLUDED_OPEN
36,25,-4,INCLUDED_OPEN
36,25,-3,INCLUDED_OPEN
36,25,-2,INCLUDED_OPEN
36,25,-1,INCLUDED_OPEN
36,25,0,INCLUDED_OPEN
36,25,1,INCLUDED_OPEN
36,25,2,INCLUDED_OPEN
36,25,3,INCLUDED_OPEN
36,25,4,INCLUDED_OPEN
36,26,-10,INCLUDED_OPEN
36,26,-9,INCLUDED_OPEN
36,26,-8,INCLUDED_OPEN
36,26,-7,INCLUDED_OPEN
36,26,-6,INCLUDED_OPEN
36,26,-5,INCLUDED_OPEN
36,26,-4,INCLUDED_OPEN
36,26,-3,INCLUDED_OPEN
36,26,-2,INCLUDED_OPEN
36,26,-1,INCLUDED_OPEN
36,26,0,INCLUDED_OPEN
36,26,1,INCLUDED_OPEN
36,26,2,INCLUDED_OPEN
36,26,3,INCLUDED_OPEN
36,26,4,INCLUDED_OPEN
36,27,-10,INCLUDED_OPEN
36,27,-9,INCLUDED_OPEN
36,27,-8,INCLUDED_OPEN
36,27,-7,INCLUDED_OPEN
36,27,-6,INCLUDED_OPEN
36,27,-5,INCLUDED_OPEN
36,27,-4,INCLUDED_OPEN
36,27,-3,INCLUDED_OPEN
36,27,-2,INCLUDED_OPEN
36,27,-1,INCLUDED_OPEN
36,27,0,INCLUDED_OPEN
36,27,1,INCLUDED_OPEN
36,27,2,INCLUDED_OPEN
36,27,3,INCLUDED_OPEN
36,27,4,INCLUDED_OPEN
36,28,-10,INCLUDED_OPEN
36,28,-9,INCLUDED_OPEN
36,28,-8,INCLUDED_OPEN
36,28,-7,INCLUDED_OPEN
36,28,-6,INCLUDED_OPEN
36,28,-5,INCLUDED_OPEN
36,28,-4,INCLUDED_OPEN
36,28,-3,INCLUDED_OPEN
36,28,-2,INCLUDED_OPEN
36,28,-1,INCLUDED_OPEN
36,28,0,INCLUDED_OPEN
36,28,1,INCLUDED_OPEN
36,28,2,INCLUDED_OPEN
36,28,3,INCLUDED_OPEN
36,28,4,INCLUDED_LOWDATA
36,29,-10,INCLUDED_OPEN
36,29,-9,INCLUDED_OPEN
36,29,-8,INCLUDED_OPEN
36,29,-7,INCLUDED_OPEN
36,29,-6,INCLUDED_OPEN
36,29,-5,INCLUDED_OPEN
36,29,-4,INCLUDED_OPEN
36,29,-3,INCLUDED_OPEN
36,29,-2,INCLUDED_OPEN
36,29,-1,INCLUDED_OPEN
36,29,0,INCLUDED_OPEN
36,29,1,INCLUDED_OPEN
36,29,2,INCLUDED_OPEN
36,29,3,INCLUDED_OPEN
36,29,4,INCLUDED_LOWDATA
36,30,-10,INCLUDED_OPEN
36,30,-9,INCLUDED_OPEN
36,30,-8,INCLUDED_OPEN
36,30,-7,INCLUDED_OPEN
36,30,-6,INCLUDED_OPEN
36,30,-5,INCLUDED_OPEN
36,30,-4,INCLUDED_OPEN
36,30,-3,INCLUDED_OPEN
36,30,-2,INCLUDED_OPEN
36,30,-1,INCLUDED_OPEN
36,30,0,INCLUDED_OPEN
36,30,1,INCLUDED_OPEN
36,30,2,INCLUDED_OPEN
36,30,3,INCLUDED_OPEN
36,30,4,INCLUDED_LOWDATA
36,31,-10,INCLUDED_OPEN
36,31,-9,INCLUDED_OPEN
36,31,-8,INCLUDED_OPEN
36,31,-7,INCLUDED_OPEN
36,31,-6,INCLUDED_OPEN
36,31,-5,INCLUDED_OPEN
36,31,-4,INCLUDED_OPEN
36,31,-3,INCLUDED_OPEN
36,31,-2,INCLUDED_OPEN
36,31,-1,INCLUDED_OPEN
36,31,0,INCLUDED_OPEN
36,31,1,INCLUDED_OPEN
36,31,2,INCLUDED_OPEN
36,31,3,INCLUDED_OPEN
36,31,4,INCLUDED_LOWDATA
36,32,-10,INCLUDED_OPEN
36,32,-9,INCLUDED_OPEN
36,32,-8,INCLUDED_OPEN
36,32,-7,INCLUDED_OPEN
36,32,-6,INCLUDED_OPEN
36,32,-5,INCLUDED_OPEN
36,32,-4,INCLUDED_OPEN
36,32,-3,INCLUDED_OPEN
36,32,-2,INCLUDED_OPEN
36,32,-1,INCLUDED_OPEN
36,32,0,INCLUDED_OPEN
36,32,1,INCLUDED_OPEN
36,32,2,INCLUDED_OPEN
36,32,3,INCLUDED_LOWDATA
36,32,4,INCLUDED_LOWDATA
36,33,-9,INCLUDED_OPEN
36,33,-8,INCLUDED_OPEN
36,33,-7,INCLUDED_OPEN
36,33,-6,INCLUDED_OPEN
36,33,-5,INCLUDED_OPEN
36,33,-4,INCLUDED_OPEN
36,33,-3,INCLUDED_OPEN
36,33,-2,INCLUDED_OPEN
36,33,-1,INCLUDED_OPEN
36,33,0,INCLUDED_OPEN
36,33,1,INCLUDED_OPEN
36,33,2,INCLUDED_LOWDATA
36,33,3,INCLUDED_LOWDATA
36,33,4,INCLUDED_LOWDATA
36,34,-9,INCLUDED_OPEN
36,34,-8,INCLUDED_OPEN
36,34,-7,INCLUDED_OPEN
36,34,-6,INCLUDED_OPEN
36,34,-5,INCLUDED_OPEN
36,34,-4,INCLUDED_OPEN
36,34,-3,INCLUDED_OPEN
36,34,-2,INCLUDED_OPEN
36,34,-1,INCLUDED_OPEN
36,34,0,INCLUDED_OPEN
36,34,1,INCLUDED_OPEN
36,34,2,INCLUDED_LOWDATA
36,34,3,INCLUDED_LOWDATA
36,34,4,INCLUDED_LOWDATA
36,35,-9,INCLUDED_OPEN
36,35,-8,INCLUDED_OPEN
36,35,-7,INCLUDED_OPEN
36,35,-6,INCLUDED_OPEN
36,35,-5,INCLUDED_OPEN
36,35,-4,INCLUDED_OPEN
36,35,-3,INCLUDED_OPEN
36,35,-2,INCLUDED_OPEN
36,35,-1,INCLUDED_OPEN
36,35,0,pent-2
36,35,1,pent-2
36,35,2,INCLUDED_LOWDATA
36,35,3,INCLUDED_LOWDATA
36,35,4,INCLUDED_LOWDATA
37,-30,-2,EXCLUDED_TELE
37,-30,-1,EXCLUDED_TELE
37,-30,0,EXCLUDED_TELE
37,-30,2,INCLUDED_OPEN
37,-30,3,INCLUDED_OPEN
37,-30,4,INCLUDED_OPEN
37,-29,-2,EXCLUDED_TELE
37,-29,-1,EXCLUDED_TELE
37,-29,0,EXCLUDED_TELE
37,-29,2,INCLUDED_OPEN
37,-29,3,INCLUDED_OPEN
37,-29,4,INCLUDED_OPEN
37,-28,-2,EXCLUDED_TELE
37,-28,-1,EXCLUDED_TELE
37,-28,0,EXCLUDED_TELE
37,-28,1,EXCLUDED_TELE
37,-28,2,INCLUDED_OPEN
37,-28,3,INCLUDED_OPEN
37,-28,4,INCLUDED_OPEN
37,-27,-2,INCLUDED_OPEN
37,-27,-1,ya
37,-27,0,INCLUDED_OPEN
37,-27,1,INCLUDED_LOWDATA
37,-27,2,INCLUDED_OPEN
37,-27,3,INCLUDED_OPEN
37,-27,4,INCLUDED_OPEN
37,-26,-2,INCLUDED_OPEN
37,-26,-1,INCLUDED_OPEN
37,-26,0,INCLUDED_OPEN
37,-26,1,INCLUDED_OPEN
37,-26,2,INCLUDED_OPEN
37,-26,3,INCLUDED_OPEN
37,-26,4,INCLUDED_OPEN
37,-25,-2,INCLUDED_OPEN
37,-25,-1,INCLUDED_OPEN
37,-25,0,INCLUDED_OPEN
37,-25,1,INCLUDED_OPEN
37,-25,2,INCLUDED_OPEN
37,-25,3,INCLUDED_OPEN
37,-25,4,INCLUDED_OPEN
37,-24,-2,INCLUDED_OPEN
37,-24,-1,INCLUDED_OPEN
37,-24,0,INCLUDED_OPEN
37,-24,1,INCLUDED_OPEN
37,-24,2,INCLUDED_OPEN
37,-24,3,INCLUDED_OPEN
37,-24,4,INCLUDED_OPEN
37,-23,-2,INCLUDED_OPEN
37,-23,-1,INCLUDED_OPEN
37,-23,0,INCLUDED_OPEN
37,-23,1,INCLUDED_OPEN
37,-23,2,INCLUDED_OPEN
37,-23,3,INCLUDED_OPEN
37,-23,4,INCLUDED_OPEN
37,-22,-2,INCLUDED_OPEN
37,-22,-1,INCLUDED_OPEN
37,-22,0,INCLUDED_OPEN
37,-22,1,INCLUDED_OPEN
37,-22,2,INCLUDED_OPEN
37,-22,3,INCLUDED_OPEN
37,-22,4,INCLUDED_OPEN
37,-21,-2,INCLUDED_OPEN
37,-21,-1,INCLUDED_OPEN
37,-21,0,INCLUDED_OPEN
37,-21,1,INCLUDED_OPEN
37,-21,2,INCLUDED_OPEN
37,-21,3,INCLUDED_OPEN
37,-21,4,INCLUDED_OPEN
37,-20,-2,INCLUDED_OPEN
37,-20,-1,INCLUDED_OPEN
37,-20,0,INCLUDED_OPEN
37,-20,1,INCLUDED_OPEN
37,-20,2,INCLUDED_OPEN
37,-20,3,INCLUDED_OPEN
37,-20,4,INCLUDED_OPEN
37,-19,-2,INCLUDED_OPEN
37,-19,-1,INCLUDED_OPEN
37,-19,0,INCLUDED_OPEN
37,-19,1,INCLUDED_OPEN
37,-19,2,INCLUDED_LOWDATA
37,-19,3,INCLUDED_LOWDATA
37,-19,4,constrained-misc
37,-18,-2,INCLUDED_OPEN
37,-18,-1,INCLUDED_OPEN
37,-18,0,INCLUDED_OPEN
37,-18,1,INCLUDED_OPEN
37,-17,-2,INCLUDED_OPEN
37,-17,-1,INCLUDED_OPEN
37,-17,0,INCLUDED_OPEN
37,-17,1,INCLUDED_OPEN
37,-17,2,INCLUDED_OPEN
37,-16,-2,INCLUDED_OPEN
37,-16,-1,INCLUDED_OPEN
37,-16,0,INCLUDED_OPEN
37,-16,1,INCLUDED_OPEN
37,-16,2,INCLUDED_OPEN
37,-15,-2,INCLUDED_OPEN
37,-15,-1,INCLUDED_OPEN
37,-15,0,INCLUDED_OPEN
37,-15,1,INCLUDED_OPEN
37,-15,2,INCLUDED_OPEN
37,-14,-13,EXCLUDED_WATER
37,-14,-12,EXCLUDED_WATER
37,-14,-11,EXCLUDED_WATER
37,-14,-10,EXCLUDED_WATER
37,-14,-9,EXCLUDED_WATER
37,-14,-8,EXCLUDED_WATER
37,-14,-7,EXCLUDED_WATER
37,-14,-6,INCLUDED_LOWDATA
37,-14,-5,INCLUDED_LOWDATA
37,-14,-4,INCLUDED_LOWDATA
37,-14,-2,INCLUDED_LOWDATA
37,-14,-1,INCLUDED_OPEN
37,-14,0,INCLUDED_OPEN
37,-14,1,INCLUDED_OPEN
37,-14,2,INCLUDED_OPEN
37,-13,-13,EXCLUDED_WATER
37,-13,-12,EXCLUDED_WATER
37,-13,-11,EXCLUDED_WATER
37,-13,-10,EXCLUDED_WATER
37,-13,-9,EXCLUDED_WATER
37,-13,-8,EXCLUDED_WATER
37,-13,-7,EXCLUDED_WATER
37,-13,-6,INCLUDED_OPEN
37,-13,-5,INCLUDED_OPEN
37,-13,-4,INCLUDED_OPEN
37,-13,-3,INCLUDED_OPEN
37,-13,-2,INCLUDED_OPEN
37,-13,-1,INCLUDED_OPEN
37,-13,0,INCLUDED_OPEN
37,-13,1,INCLUDED_OPEN
37,-13,2,INCLUDED_OPEN
37,-12,-13,EXCLUDED_WATER
37,-12,-12,EXCLUDED_WATER
37,-12,-11,EXCLUDED_WATER
37,-12,-10,EXCLUDED_WATER
37,-12,-9,EXCLUDED_WATER
37,-12,-8,EXCLUDED_WATER
37,-12,-7,EXCLUDED_WATER
37,-12,-6,INCLUDED_OPEN
37,-12,-5,INCLUDED_OPEN
37,-12,-4,INCLUDED_OPEN
37,-12,-3,INCLUDED_OPEN
37,-12,-2,INCLUDED_OPEN
37,-12,-1,INCLUDED_OPEN
37,-12,0,INCLUDED_OPEN
37,-12,1,INCLUDED_OPEN
37,-12,2,INCLUDED_OPEN
37,-11,-13,EXCLUDED_WATER
37,-11,-12,EXCLUDED_WATER
37,-11,-11,EXCLUDED_WATER
37,-11,-10,EXCLUDED_WATER
37,-11,-9,EXCLUDED_WATER
37,-11,-8,EXCLUDED_WATER
37,-11,-7,EXCLUDED_WATER
37,-11,-6,INCLUDED_OPEN
37,-11,-5,INCLUDED_OPEN
37,-11,-4,INCLUDED_OPEN
37,-11,-3,INCLUDED_OPEN
37,-11,-2,INCLUDED_OPEN
37,-11,-1,INCLUDED_OPEN
37,-11,0,INCLUDED_OPEN
37,-11,1,INCLUDED_OPEN
37,-10,-13,EXCLUDED_WATER
37,-10,-12,EXCLUDED_WATER
37,-10,-11,EXCLUDED_WATER
37,-10,-10,EXCLUDED_WATER
37,-10,-9,EXCLUDED_WATER
37,-10,-8,EXCLUDED_WATER
37,-10,-7,EXCLUDED_WATER
37,-10,-6,INCLUDED_OPEN
37,-10,-5,INCLUDED_OPEN
37,-10,-4,INCLUDED_OPEN
37,-10,-3,INCLUDED_OPEN
37,-10,-2,INCLUDED_OPEN
37,-10,-1,INCLUDED_OPEN
37,-10,0,INCLUDED_OPEN
37,-10,1,INCLUDED_OPEN
37,-10,2,INCLUDED_OPEN
37,-9,-13,EXCLUDED_WATER
37,-9,-12,EXCLUDED_WATER
37,-9,-11,EXCLUDED_WATER
37,-9,-10,EXCLUDED_WATER
37,-9,-9,EXCLUDED_WATER
37,-9,-8,EXCLUDED_WATER
37,-9,-7,EXCLUDED_WATER
37,-9,-6,INCLUDED_OPEN
37,-9,-5,INCLUDED_OPEN
37,-9,-4,INCLUDED_OPEN
37,-9,-3,INCLUDED_OPEN
37,-9,-2,INCLUDED_OPEN
37,-9,-1,INCLUDED_OPEN
37,-9,0,INCLUDED_OPEN
37,-9,1,INCLUDED_OPEN
37,-9,2,INCLUDED_OPEN
37,-8,-13,EXCLUDED_WATER
37,-8,-12,EXCLUDED_WATER
37,-8,-11,EXCLUDED_WATER
37,-8,-10,EXCLUDED_WATER
37,-8,-9,EXCLUDED_WATER
37,-8,-8,EXCLUDED_WATER
37,-8,-7,EXCLUDED_WATER
37,-8,-6,INCLUDED_OPEN
37,-8,-5,INCLUDED_OPEN
37,-8,-4,INCLUDED_OPEN
37,-8,-3,INCLUDED_OPEN
37,-8,-2,INCLUDED_OPEN
37,-8,-1,INCLUDED_OPEN
37,-8,0,INCLUDED_OPEN
37,-8,1,INCLUDED_OPEN
37,-8,2,INCLUDED_OPEN
37,-7,-13,EXCLUDED_WATER
37,-7,-12,EXCLUDED_WATER
37,-7,-11,EXCLUDED_WATER
37,-7,-10,EXCLUDED_WATER
37,-7,-9,EXCLUDED_WATER
37,-7,-8,EXCLUDED_WATER
37,-7,-7,EXCLUDED_WATER
37,-7,-6,INCLUDED_OPEN
37,-7,-5,INCLUDED_OPEN
37,-7,-4,INCLUDED_OPEN
37,-7,-3,INCLUDED_OPEN
37,-7,-2,INCLUDED_OPEN
37,-7,-1,INCLUDED_OPEN
37,-7,0,INCLUDED_OPEN
37,-7,1,INCLUDED_OPEN
37,-7,2,INCLUDED_OPEN
37,-6,-13,EXCLUDED_WATER
37,-6,-12,EXCLUDED_WATER
37,-6,-11,EXCLUDED_WATER
37,-6,-10,EXCLUDED_WATER
37,-6,-9,EXCLUDED_WATER
37,-6,-8,EXCLUDED_WATER
37,-6,-7,EXCLUDED_WATER
37,-6,-6,INCLUDED_OPEN
37,-6,-5,INCLUDED_OPEN
37,-6,-4,INCLUDED_OPEN
37,-6,-3,INCLUDED_OPEN
37,-6,-2,INCLUDED_OPEN
37,-6,-1,INCLUDED_OPEN
37,-6,0,INCLUDED_OPEN
37,-6,1,INCLUDED_OPEN
37,-6,2,INCLUDED_OPEN
37,-5,-13,EXCLUDED_WATER
37,-5,-12,EXCLUDED_WATER
37,-5,-11,EXCLUDED_WATER
37,-5,-10,EXCLUDED_WATER
37,-5,-9,EXCLUDED_WATER
37,-5,-8,EXCLUDED_WATER
37,-5,-7,EXCLUDED_WATER
37,-5,-6,INCLUDED_OPEN
37,-5,-5,INCLUDED_OPEN
37,-5,-4,INCLUDED_OPEN
37,-5,-3,INCLUDED_OPEN
37,-5,-2,INCLUDED_OPEN
37,-5,-1,INCLUDED_OPEN
37,-5,0,INCLUDED_OPEN
37,-5,1,INCLUDED_OPEN
37,-5,2,INCLUDED_OPEN
37,-4,-13,EXCLUDED_WATER
37,-4,-12,EXCLUDED_WATER
37,-4,-11,EXCLUDED_WATER
37,-4,-10,EXCLUDED_WATER
37,-4,-9,EXCLUDED_WATER
37,-4,-8,EXCLUDED_WATER
37,-4,-7,EXCLUDED_WATER
37,-4,-6,INCLUDED_OPEN
37,-4,-5,INCLUDED_OPEN
37,-4,-4,INCLUDED_OPEN
37,-4,-3,INCLUDED_OPEN
37,-4,-2,INCLUDED_OPEN
37,-4,-1,INCLUDED_OPEN
37,-4,0,INCLUDED_OPEN
37,-4,1,INCLUDED_OPEN
37,-4,2,INCLUDED_OPEN
37,-3,-13,EXCLUDED_WATER
37,-3,-12,EXCLUDED_WATER
37,-3,-11,EXCLUDED_WATER
37,-3,-10,EXCLUDED_WATER
37,-3,-9,EXCLUDED_WATER
37,-3,-8,EXCLUDED_WATER
37,-3,-6,INCLUDED_OPEN
37,-3,-5,INCLUDED_OPEN
37,-3,-4,INCLUDED_OPEN
37,-3,-3,INCLUDED_OPEN
37,-3,-2,INCLUDED_OPEN
37,-3,-1,INCLUDED_OPEN
37,-3,0,INCLUDED_OPEN
37,-3,1,INCLUDED_OPEN
37,-2,-13,EXCLUDED_WATER
37,-2,-12,EXCLUDED_WATER
37,-2,-11,EXCLUDED_WATER
37,-2,-10,EXCLUDED_WATER
37,-2,-9,EXCLUDED_WATER
37,-2,-8,EXCLUDED_WATER
37,-2,-6,INCLUDED_OPEN
37,-2,-5,INCLUDED_OPEN
37,-2,-4,INCLUDED_OPEN
37,-2,-3,INCLUDED_OPEN
37,-2,-2,INCLUDED_OPEN
37,-2,-1,INCLUDED_OPEN
37,-2,0,INCLUDED_OPEN
37,-2,1,INCLUDED_OPEN
37,-2,2,INCLUDED_OPEN
37,-1,-13,EXCLUDED_WATER
37,-1,-12,EXCLUDED_WATER
37,-1,-11,EXCLUDED_WATER
37,-1,-10,EXCLUDED_WATER
37,-1,-9,EXCLUDED_WATER
37,-1,-8,EXCLUDED_WATER
37,-1,-6,INCLUDED_OPEN
37,-1,-5,INCLUDED_OPEN
37,-1,-4,INCLUDED_OPEN
37,-1,-3,INCLUDED_OPEN
37,-1,-2,INCLUDED_OPEN
37,-1,-1,INCLUDED_OPEN
37,-1,0,INCLUDED_OPEN
37,-1,1,INCLUDED_OPEN
37,-1,2,INCLUDED_OPEN
37,0,-13,EXCLUDED_WATER
37,0,-12,EXCLUDED_WATER
37,0,-11,EXCLUDED_WATER
37,0,-10,EXCLUDED_WATER
37,0,-9,EXCLUDED_WATER
37,0,-8,EXCLUDED_WATER
37,0,-6,INCLUDED_OPEN
37,0,-5,INCLUDED_OPEN
37,0,-4,INCLUDED_OPEN
37,0,-3,INCLUDED_OPEN
37,0,-2,INCLUDED_OPEN
37,0,-1,INCLUDED_OPEN
37,0,0,INCLUDED_OPEN
37,0,1,INCLUDED_OPEN
37,0,2,INCLUDED_OPEN
37,1,-13,EXCLUDED_WATER
37,1,-12,EXCLUDED_WATER
37,1,-11,EXCLUDED_WATER
37,1,-10,EXCLUDED_WATER
37,1,-9,EXCLUDED_WATER
37,1,-8,EXCLUDED_WATER
37,1,-7,EXCLUDED_WATER
37,1,-6,INCLUDED_OPEN
37,1,-5,INCLUDED_OPEN
37,1,-4,INCLUDED_OPEN
37,1,-3,INCLUDED_OPEN
37,1,-2,INCLUDED_OPEN
37,1,-1,INCLUDED_OPEN
37,1,0,INCLUDED_OPEN
37,1,1,INCLUDED_OPEN
37,1,2,INCLUDED_OPEN
37,2,-13,EXCLUDED_WATER
37,2,-12,EXCLUDED_WATER
37,2,-11,EXCLUDED_WATER
37,2,-10,EXCLUDED_WATER
37,2,-9,EXCLUDED_WATER
37,2,-8,EXCLUDED_WATER
37,2,-7,EXCLUDED_WATER
37,2,-6,INCLUDED_OPEN
37,2,-5,INCLUDED_OPEN
37,2,-4,INCLUDED_OPEN
37,2,-3,INCLUDED_OPEN
37,2,-2,INCLUDED_OPEN
37,2,-1,INCLUDED_OPEN
37,2,0,INCLUDED_OPEN
37,2,1,INCLUDED_OPEN
37,2,2,INCLUDED_OPEN
37,3,-13,EXCLUDED_WATER
37,3,-12,EXCLUDED_WATER
37,3,-11,EXCLUDED_WATER
37,3,-10,EXCLUDED_WATER
37,3,-9,EXCLUDED_WATER
37,3,-8,EXCLUDED_WATER
37,3,-7,EXCLUDED_WATER
37,3,-6,INCLUDED_OPEN
37,3,-5,INCLUDED_OPEN
37,3,-4,INCLUDED_OPEN
37,3,-3,INCLUDED_OPEN
37,3,-2,INCLUDED_OPEN
37,3,-1,INCLUDED_OPEN
37,3,0,INCLUDED_OPEN
37,3,1,INCLUDED_OPEN
37,3,2,INCLUDED_OPEN
37,4,-13,EXCLUDED_WATER
37,4,-12,EXCLUDED_WATER
37,4,-11,EXCLUDED_WATER
37,4,-10,EXCLUDED_WATER
37,4,-9,EXCLUDED_WATER
37,4,-8,EXCLUDED_WATER
37,4,-7,EXCLUDED_WATER
37,4,-6,INCLUDED_OPEN
37,4,-5,INCLUDED_OPEN
37,4,-4,INCLUDED_OPEN
37,4,-3,INCLUDED_OPEN
37,4,-2,INCLUDED_OPEN
37,4,-1,INCLUDED_OPEN
37,4,0,INCLUDED_OPEN
37,4,1,INCLUDED_LOWDATA
37,5,-13,EXCLUDED_WATER
37,5,-12,EXCLUDED_WATER
37,5,-11,EXCLUDED_WATER
37,5,-10,EXCLUDED_WATER
37,5,-9,EXCLUDED_WATER
37,5,-8,EXCLUDED_WATER
37,5,-7,EXCLUDED_WATER
37,5,-6,INCLUDED_OPEN
37,5,-5,INCLUDED_OPEN
37,5,-4,INCLUDED_OPEN
37,5,-3,INCLUDED_OPEN
37,5,-2,INCLUDED_OPEN
37,5,-1,INCLUDED_OPEN
37,5,0,INCLUDED_OPEN
37,5,1,INCLUDED_LOWDATA
37,6,-13,EXCLUDED_WATER
37,6,-12,EXCLUDED_WATER
37,6,-11,EXCLUDED_WATER
37,6,-10,EXCLUDED_WATER
37,6,-9,EXCLUDED_WATER
37,6,-8,EXCLUDED_WATER
37,6,-7,EXCLUDED_WATER
37,6,-6,INCLUDED_OPEN
37,6,-5,INCLUDED_OPEN
37,6,-4,INCLUDED_OPEN
37,6,-3,INCLUDED_OPEN
37,6,-2,INCLUDED_OPEN
37,6,-1,INCLUDED_OPEN
37,6,0,INCLUDED_OPEN
37,6,1,INCLUDED_LOWDATA
37,7,-13,EXCLUDED_WATER
37,7,-12,EXCLUDED_WATER
37,7,-11,EXCLUDED_WATER
37,7,-10,EXCLUDED_WATER
37,7,-9,EXCLUDED_WATER
37,7,-8,EXCLUDED_WATER
37,7,-7,EXCLUDED_WATER
37,7,-6,INCLUDED_OPEN
37,7,-5,INCLUDED_OPEN
37,7,-4,INCLUDED_OPEN
37,7,-3,INCLUDED_OPEN
37,7,-2,INCLUDED_OPEN
37,7,-1,INCLUDED_OPEN
37,7,0,INCLUDED_OPEN
37,7,1,INCLUDED_LOWDATA
37,8,-13,EXCLUDED_WATER
37,8,-12,EXCLUDED_WATER
37,8,-11,EXCLUDED_WATER
37,8,-10,EXCLUDED_WATER
37,8,-9,EXCLUDED_WATER
37,8,-8,EXCLUDED_WATER
37,8,-7,EXCLUDED_WATER
37,8,-6,INCLUDED_OPEN
37,8,-5,INCLUDED_OPEN
37,8,-4,INCLUDED_OPEN
37,8,-3,INCLUDED_OPEN
37,8,-2,INCLUDED_OPEN
37,8,-1,INCLUDED_OPEN
37,8,0,INCLUDED_OPEN
37,8,1,INCLUDED_LOWDATA
37,8,2,INCLUDED_LOWDATA
37,10,1,INCLUDED_OPEN
37,10,2,INCLUDED_OPEN
37,10,3,INCLUDED_OPEN
37,10,4,INCLUDED_OPEN
37,11,1,INCLUDED_OPEN
37,11,2,INCLUDED_OPEN
37,11,3,INCLUDED_OPEN
37,11,4,INCLUDED_OPEN
37,12,1,INCLUDED_OPEN
37,12,2,INCLUDED_OPEN
37,12,3,INCLUDED_OPEN
37,12,4,INCLUDED_OPEN
37,13,1,INCLUDED_OPEN
37,13,2,INCLUDED_OPEN
37,13,3,INCLUDED_OPEN
37,13,4,INCLUDED_OPEN
37,13,5,INCLUDED_OPEN
37,14,1,INCLUDED_OPEN
37,14,2,INCLUDED_OPEN
37,14,3,INCLUDED_OPEN
37,14,4,INCLUDED_OPEN
37,14,5,INCLUDED_OPEN
37,14,6,INCLUDED_OPEN
37,15,1,INCLUDED_OPEN
37,15,2,INCLUDED_OPEN
37,15,3,INCLUDED_OPEN
37,15,4,INCLUDED_OPEN
37,15,5,INCLUDED_OPEN
37,15,6,INCLUDED_OPEN
37,16,1,INCLUDED_OPEN
37,16,2,INCLUDED_OPEN
37,16,3,INCLUDED_OPEN
37,16,4,INCLUDED_OPEN
37,16,5,INCLUDED_OPEN
37,16,6,INCLUDED_OPEN
37,17,1,INCLUDED_OPEN
37,17,2,INCLUDED_OPEN
37,17,3,INCLUDED_OPEN
37,17,4,INCLUDED_OPEN
37,17,5,INCLUDED_OPEN
37,17,6,constrained-misc
37,18,1,INCLUDED_OPEN
37,18,2,INCLUDED_OPEN
37,18,3,INCLUDED_OPEN
37,18,4,INCLUDED_OPEN
37,18,5,INCLUDED_OPEN
37,19,1,INCLUDED_OPEN
37,19,2,INCLUDED_OPEN
37,19,3,INCLUDED_OPEN
37,19,4,INCLUDED_OPEN
37,20,-10,constrained-misc
37,20,-9,INCLUDED_LOWDATA
37,20,1,INCLUDED_OPEN
37,20,2,INCLUDED_OPEN
37,20,3,INCLUDED_OPEN
37,21,-10,INCLUDED_OPEN
37,21,-9,INCLUDED_OPEN
37,21,-8,INCLUDED_OPEN
37,21,-7,INCLUDED_OPEN
37,21,-6,INCLUDED_OPEN
37,21,-5,INCLUDED_OPEN
37,21,-4,INCLUDED_OPEN
37,21,-3,INCLUDED_OPEN
37,21,-2,INCLUDED_OPEN
37,21,-1,INCLUDED_OPEN
37,21,0,INCLUDED_OPEN
37,21,1,INCLUDED_OPEN
37,21,2,INCLUDED_OPEN
37,21,3,INCLUDED_OPEN
37,21,4,INCLUDED_OPEN
37,22,-10,INCLUDED_OPEN
37,22,-9,INCLUDED_OPEN
37,22,-8,INCLUDED_OPEN
37,22,-7,INCLUDED_OPEN
37,22,-6,INCLUDED_OPEN
37,22,-5,INCLUDED_OPEN
37,22,-4,INCLUDED_OPEN
37,22,-3,INCLUDED_OPEN
37,22,-2,INCLUDED_OPEN
37,22,-1,INCLUDED_OPEN
37,22,0,INCLUDED_OPEN
37,22,1,INCLUDED_OPEN
37,22,2,INCLUDED_OPEN
37,22,3,INCLUDED_OPEN
37,22,4,INCLUDED_OPEN
37,23,-10,INCLUDED_OPEN
37,23,-9,INCLUDED_OPEN
37,23,-8,INCLUDED_OPEN
37,23,-7,INCLUDED_OPEN
37,23,-6,INCLUDED_OPEN
37,23,-5,INCLUDED_OPEN
37,23,-4,INCLUDED_OPEN
37,23,-3,INCLUDED_OPEN
37,23,-2,INCLUDED_OPEN
37,23,-1,INCLUDED_OPEN
37,23,0,INCLUDED_OPEN
37,23,1,INCLUDED_OPEN
37,23,2,INCLUDED_OPEN
37,23,3,INCLUDED_OPEN
37,23,4,INCLUDED_OPEN
37,24,-10,INCLUDED_OPEN
37,24,-9,INCLUDED_OPEN
37,24,-8,INCLUDED_OPEN
37,24,-7,INCLUDED_OPEN
37,24,-6,INCLUDED_OPEN
37,24,-5,INCLUDED_OPEN
37,24,-4,INCLUDED_OPEN
37,24,-3,INCLUDED_OPEN
37,24,-2,INCLUDED_OPEN
37,24,-1,INCLUDED_OPEN
37,24,0,INCLUDED_OPEN
37,24,1,INCLUDED_OPEN
37,24,2,INCLUDED_OPEN
37,24,3,INCLUDED_OPEN
37,24,4,INCLUDED_OPEN
37,25,-10,INCLUDED_OPEN
37,25,-9,INCLUDED_OPEN
37,25,-8,INCLUDED_OPEN
37,25,-7,INCLUDED_OPEN
37,25,-6,INCLUDED_OPEN
37,25,-5,INCLUDED_OPEN
37,25,-4,INCLUDED_OPEN
37,25,-3,INCLUDED_OPEN
37,25,-2,INCLUDED_OPEN
37,25,-1,INCLUDED_OPEN
37,25,0,INCLUDED_OPEN
37,25,1,INCLUDED_OPEN
37,25,2,INCLUDED_OPEN
37,25,3,INCLUDED_OPEN
37,25,4,INCLUDED_OPEN
37,26,-10,INCLUDED_OPEN
37,26,-9,INCLUDED_OPEN
37,26,-8,INCLUDED_OPEN
37,26,-7,INCLUDED_OPEN
37,26,-6,INCLUDED_OPEN
37,26,-5,INCLUDED_OPEN
37,26,-4,INCLUDED_OPEN
37,26,-3,INCLUDED_OPEN
37,26,-2,INCLUDED_OPEN
37,26,-1,INCLUDED_OPEN
37,26,0,INCLUDED_OPEN
37,26,1,INCLUDED_OPEN
37,26,2,INCLUDED_OPEN
37,26,3,INCLUDED_OPEN
37,26,4,INCLUDED_OPEN
37,27,-10,INCLUDED_OPEN
37,27,-9,INCLUDED_OPEN
37,27,-8,INCLUDED_OPEN
37,27,-7,INCLUDED_OPEN
37,27,-6,INCLUDED_OPEN
37,27,-5,INCLUDED_OPEN
37,27,-4,INCLUDED_OPEN
37,27,-3,INCLUDED_OPEN
37,27,-2,INCLUDED_OPEN
37,27,-1,INCLUDED_OPEN
37,27,0,INCLUDED_OPEN
37,27,1,INCLUDED_OPEN
37,27,2,INCLUDED_OPEN
37,27,3,INCLUDED_OPEN
37,27,4,INCLUDED_OPEN
37,28,-10,INCLUDED_OPEN
37,28,-9,INCLUDED_OPEN
37,28,-8,INCLUDED_OPEN
37,28,-7,INCLUDED_OPEN
37,28,-6,INCLUDED_OPEN
37,28,-5,INCLUDED_OPEN
37,28,-4,INCLUDED_OPEN
37,28,-3,INCLUDED_OPEN
37,28,-2,INCLUDED_OPEN
37,28,-1,INCLUDED_OPEN
37,28,0,INCLUDED_OPEN
37,28,1,INCLUDED_OPEN
37,28,2,INCLUDED_OPEN
37,28,3,INCLUDED_OPEN
37,28,4,INCLUDED_OPEN
37,29,-10,INCLUDED_OPEN
37,29,-9,INCLUDED_OPEN
37,29,-8,INCLUDED_OPEN
37,29,-7,INCLUDED_OPEN
37,29,-6,INCLUDED_OPEN
37,29,-5,INCLUDED_OPEN
37,29,-4,INCLUDED_OPEN
37,29,-3,INCLUDED_OPEN
37,29,-2,INCLUDED_OPEN
37,29,-1,INCLUDED_OPEN
37,29,0,INCLUDED_OPEN
37,29,1,INCLUDED_OPEN
37,29,2,INCLUDED_OPEN
37,29,3,INCLUDED_OPEN
37,29,4,INCLUDED_LOWDATA
37,30,-10,INCLUDED_OPEN
37,30,-9,INCLUDED_OPEN
37,30,-8,INCLUDED_OPEN
37,30,-7,INCLUDED_OPEN
37,30,-6,INCLUDED_OPEN
37,30,-5,INCLUDED_OPEN
37,30,-4,INCLUDED_OPEN
37,30,-3,INCLUDED_OPEN
37,30,-2,INCLUDED_OPEN
37,30,-1,INCLUDED_OPEN
37,30,0,INCLUDED_OPEN
37,30,1,INCLUDED_OPEN
37,30,2,INCLUDED_OPEN
37,30,3,INCLUDED_OPEN
37,31,-10,INCLUDED_OPEN
37,31,-9,INCLUDED_OPEN
37,31,-8,INCLUDED_OPEN
37,31,-7,INCLUDED_OPEN
37,31,-6,INCLUDED_OPEN
37,31,-5,INCLUDED_OPEN
37,31,-4,INCLUDED_OPEN
37,31,-3,INCLUDED_OPEN
37,31,-2,INCLUDED_OPEN
37,31,-1,INCLUDED_OPEN
37,31,0,INCLUDED_OPEN
37,31,1,INCLUDED_OPEN
37,31,2,INCLUDED_OPEN
37,31,3,INCLUDED_LOWDATA
37,31,4,INCLUDED_LOWDATA
37,32,-10,INCLUDED_OPEN
37,32,-9,INCLUDED_OPEN
37,32,-8,INCLUDED_OPEN
37,32,-7,INCLUDED_OPEN
37,32,-6,INCLUDED_OPEN
37,32,-5,INCLUDED_OPEN
37,32,-4,INCLUDED_OPEN
37,32,-3,INCLUDED_OPEN
37,32,-2,INCLUDED_OPEN
37,32,-1,INCLUDED_OPEN
37,32,0,INCLUDED_OPEN
37,32,1,INCLUDED_OPEN
37,32,2,INCLUDED_OPEN
37,32,3,INCLUDED_LOWDATA
37,33,-10,INCLUDED_LOWDATA
37,33,-9,INCLUDED_OPEN
37,33,-8,INCLUDED_OPEN
37,33,-7,INCLUDED_OPEN
37,33,-6,INCLUDED_OPEN
37,33,-5,INCLUDED_OPEN
37,33,-4,INCLUDED_OPEN
37,33,-3,INCLUDED_OPEN
37,33,-2,INCLUDED_OPEN
37,33,-1,INCLUDED_OPEN
37,33,0,INCLUDED_OPEN
37,33,1,INCLUDED_OPEN
37,33,2,INCLUDED_OPEN
37,33,3,INCLUDED_LOWDATA
37,33,4,INCLUDED_LOWDATA
37,34,-9,INCLUDED_OPEN
37,34,-8,INCLUDED_OPEN
37,34,-7,INCLUDED_OPEN
37,34,-6,INCLUDED_OPEN
37,34,-5,INCLUDED_OPEN
37,34,-4,INCLUDED_OPEN
37,34,-3,INCLUDED_OPEN
37,34,-2,INCLUDED_OPEN
37,34,-1,INCLUDED_OPEN
37,34,0,INCLUDED_OPEN
37,34,1,INCLUDED_OPEN
37,34,2,INCLUDED_OPEN
37,34,3,INCLUDED_LOWDATA
37,34,4,INCLUDED_LOWDATA
37,35,-9,INCLUDED_OPEN
37,35,-8,INCLUDED_OPEN
37,35,-7,INCLUDED_OPEN
37,35,-6,INCLUDED_OPEN
37,35,-5,INCLUDED_OPEN
37,35,-4,INCLUDED_OPEN
37,35,-3,INCLUDED_OPEN
37,35,-2,INCLUDED_OPEN
37,35,-1,INCLUDED_OPEN
37,35,0,pent-2
37,35,1,INCLUDED_OPEN
37,35,2,INCLUDED_OPEN
37,35,3,INCLUDED_LOWDATA
37,35,4,INCLUDED_LOWDATA
38,-30,-2,INCLUDED_OPEN
38,-30,-1,INCLUDED_OPEN
38,-30,0,INCLUDED_OPEN
38,-30,2,INCLUDED_OPEN
38,-30,3,INCLUDED_OPEN
38,-30,4,INCLUDED_OPEN
38,-29,-2,INCLUDED_OPEN
38,-29,-1,INCLUDED_OPEN
38,-29,0,INCLUDED_OPEN
38,-29,2,INCLUDED_OPEN
38,-29,3,INCLUDED_OPEN
38,-29,4,INCLUDED_OPEN
38,-28,-2,INCLUDED_OPEN
38,-28,-1,INCLUDED_OPEN
38,-28,0,INCLUDED_OPEN
38,-28,1,INCLUDED_LOWDATA
38,-28,2,INCLUDED_OPEN
38,-28,3,INCLUDED_OPEN
38,-28,4,INCLUDED_OPEN
38,-27,-2,INCLUDED_OPEN
38,-27,-1,ya
38,-27,0,INCLUDED_OPEN
38,-27,2,INCLUDED_OPEN
38,-27,3,INCLUDED_OPEN
38,-27,4,INCLUDED_OPEN
38,-26,-2,INCLUDED_OPEN
38,-26,-1,INCLUDED_OPEN
38,-26,0,INCLUDED_OPEN
38,-26,1,INCLUDED_OPEN
38,-26,2,INCLUDED_OPEN
38,-26,3,INCLUDED_OPEN
38,-26,4,INCLUDED_OPEN
38,-25,-2,INCLUDED_OPEN
38,-25,-1,INCLUDED_OPEN
38,-25,0,INCLUDED_OPEN
38,-25,1,INCLUDED_OPEN
38,-25,2,INCLUDED_OPEN
38,-25,3,INCLUDED_OPEN
38,-25,4,INCLUDED_OPEN
38,-24,-2,INCLUDED_OPEN
38,-24,-1,INCLUDED_OPEN
38,-24,0,INCLUDED_OPEN
38,-24,1,INCLUDED_OPEN
38,-24,2,INCLUDED_OPEN
38,-24,3,INCLUDED_OPEN
38,-24,4,INCLUDED_OPEN
38,-23,-2,INCLUDED_OPEN
38,-23,-1,INCLUDED_OPEN
38,-23,0,INCLUDED_OPEN
38,-23,1,INCLUDED_OPEN
38,-23,2,INCLUDED_OPEN
38,-23,3,INCLUDED_OPEN
38,-23,4,INCLUDED_OPEN
38,-22,-2,INCLUDED_OPEN
38,-22,-1,INCLUDED_OPEN
38,-22,0,INCLUDED_OPEN
38,-22,1,INCLUDED_OPEN
38,-22,2,INCLUDED_OPEN
38,-22,3,INCLUDED_OPEN
38,-22,4,INCLUDED_OPEN
38,-21,-2,INCLUDED_OPEN
38,-21,-1,INCLUDED_OPEN
38,-21,0,INCLUDED_OPEN
38,-21,1,INCLUDED_OPEN
38,-21,2,INCLUDED_OPEN
38,-21,3,INCLUDED_OPEN
38,-21,4,INCLUDED_OPEN
38,-20,-2,INCLUDED_OPEN
38,-20,-1,INCLUDED_OPEN
38,-20,0,INCLUDED_OPEN
38,-20,1,INCLUDED_OPEN
38,-20,2,INCLUDED_LOWDATA
38,-20,3,INCLUDED_LOWDATA
38,-20,4,INCLUDED_OPEN
38,-19,-2,INCLUDED_OPEN
38,-19,-1,INCLUDED_OPEN
38,-19,0,INCLUDED_OPEN
38,-19,1,INCLUDED_OPEN
38,-18,-2,INCLUDED_OPEN
38,-18,-1,INCLUDED_OPEN
38,-18,0,INCLUDED_OPEN
38,-18,1,INCLUDED_OPEN
38,-18,2,INCLUDED_OPEN
38,-17,-2,INCLUDED_OPEN
38,-17,-1,INCLUDED_OPEN
38,-17,0,INCLUDED_OPEN
38,-17,1,INCLUDED_OPEN
38,-17,2,INCLUDED_OPEN
38,-16,-2,INCLUDED_OPEN
38,-16,-1,INCLUDED_OPEN
38,-16,0,INCLUDED_OPEN
38,-16,1,INCLUDED_OPEN
38,-16,2,INCLUDED_OPEN
38,-15,-2,INCLUDED_OPEN
38,-15,-1,INCLUDED_OPEN
38,-15,0,INCLUDED_OPEN
38,-15,1,INCLUDED_OPEN
38,-15,2,INCLUDED_OPEN
38,-14,-13,EXCLUDED_WATER
38,-14,-12,EXCLUDED_WATER
38,-14,-11,EXCLUDED_WATER
38,-14,-10,EXCLUDED_WATER
38,-14,-9,EXCLUDED_WATER
38,-14,-8,EXCLUDED_WATER
38,-14,-7,EXCLUDED_WATER
38,-14,-6,INCLUDED_OPEN
38,-14,-5,INCLUDED_OPEN
38,-14,-4,INCLUDED_LOWDATA
38,-14,-2,INCLUDED_OPEN
38,-14,-1,INCLUDED_OPEN
38,-14,0,INCLUDED_OPEN
38,-14,1,INCLUDED_OPEN
38,-14,2,INCLUDED_OPEN
38,-13,-13,EXCLUDED_WATER
38,-13,-12,EXCLUDED_WATER
38,-13,-11,EXCLUDED_WATER
38,-13,-10,EXCLUDED_WATER
38,-13,-9,EXCLUDED_WATER
38,-13,-8,EXCLUDED_WATER
38,-13,-7,EXCLUDED_WATER
38,-13,-6,INCLUDED_OPEN
38,-13,-5,INCLUDED_OPEN
38,-13,-4,INCLUDED_LOWDATA
38,-13,-2,INCLUDED_LOWDATA
38,-13,-1,INCLUDED_OPEN
38,-13,0,INCLUDED_OPEN
38,-13,1,INCLUDED_OPEN
38,-13,2,INCLUDED_OPEN
38,-12,-13,EXCLUDED_WATER
38,-12,-12,EXCLUDED_WATER
38,-12,-11,EXCLUDED_WATER
38,-12,-10,EXCLUDED_WATER
38,-12,-9,EXCLUDED_WATER
38,-12,-8,EXCLUDED_WATER
38,-12,-7,EXCLUDED_WATER
38,-12,-6,INCLUDED_OPEN
38,-12,-5,INCLUDED_OPEN
38,-12,-4,INCLUDED_OPEN
38,-12,-3,INCLUDED_OPEN
38,-12,-2,INCLUDED_OPEN
38,-12,-1,INCLUDED_OPEN
38,-12,0,INCLUDED_OPEN
38,-12,1,INCLUDED_OPEN
38,-12,2,INCLUDED_OPEN
38,-11,-13,EXCLUDED_WATER
38,-11,-12,EXCLUDED_WATER
38,-11,-11,EXCLUDED_WATER
38,-11,-10,EXCLUDED_WATER
38,-11,-9,EXCLUDED_WATER
38,-11,-8,EXCLUDED_WATER
38,-11,-7,EXCLUDED_WATER
38,-11,-6,INCLUDED_OPEN
38,-11,-5,INCLUDED_OPEN
38,-11,-4,INCLUDED_OPEN
38,-11,-3,INCLUDED_OPEN
38,-11,-2,INCLUDED_OPEN
38,-11,-1,INCLUDED_OPEN
38,-11,0,INCLUDED_OPEN
38,-11,1,INCLUDED_OPEN
38,-10,-13,EXCLUDED_WATER
38,-10,-12,EXCLUDED_WATER
38,-10,-11,EXCLUDED_WATER
38,-10,-10,EXCLUDED_WATER
38,-10,-9,EXCLUDED_WATER
38,-10,-8,EXCLUDED_WATER
38,-10,-7,EXCLUDED_WATER
38,-10,-6,INCLUDED_OPEN
38,-10,-5,INCLUDED_OPEN
38,-10,-4,INCLUDED_OPEN
38,-10,-3,INCLUDED_OPEN
38,-10,-2,INCLUDED_OPEN
38,-10,-1,INCLUDED_OPEN
38,-10,0,INCLUDED_OPEN
38,-10,1,INCLUDED_OPEN
38,-10,2,INCLUDED_OPEN
38,-9,-13,EXCLUDED_WATER
38,-9,-12,EXCLUDED_WATER
38,-9,-11,EXCLUDED_WATER
38,-9,-10,EXCLUDED_WATER
38,-9,-9,EXCLUDED_WATER
38,-9,-8,EXCLUDED_WATER
38,-9,-7,EXCLUDED_WATER
38,-9,-6,INCLUDED_OPEN
38,-9,-5,INCLUDED_OPEN
38,-9,-4,INCLUDED_OPEN
38,-9,-3,INCLUDED_OPEN
38,-9,-2,INCLUDED_OPEN
38,-9,-1,INCLUDED_OPEN
38,-9,0,INCLUDED_OPEN
38,-9,1,INCLUDED_OPEN
38,-9,2,INCLUDED_OPEN
38,-8,-13,EXCLUDED_WATER
38,-8,-12,EXCLUDED_WATER
38,-8,-11,EXCLUDED_WATER
38,-8,-10,EXCLUDED_WATER
38,-8,-9,EXCLUDED_WATER
38,-8,-8,EXCLUDED_WATER
38,-8,-7,EXCLUDED_WATER
38,-8,-6,INCLUDED_OPEN
38,-8,-5,INCLUDED_OPEN
38,-8,-4,INCLUDED_OPEN
38,-8,-3,INCLUDED_OPEN
38,-8,-2,INCLUDED_OPEN
38,-8,-1,INCLUDED_OPEN
38,-8,0,INCLUDED_OPEN
38,-8,1,INCLUDED_OPEN
38,-8,2,INCLUDED_OPEN
38,-7,-13,EXCLUDED_WATER
38,-7,-12,EXCLUDED_WATER
38,-7,-11,EXCLUDED_WATER
38,-7,-10,EXCLUDED_WATER
38,-7,-9,EXCLUDED_WATER
38,-7,-8,EXCLUDED_WATER
38,-7,-7,EXCLUDED_WATER
38,-7,-6,INCLUDED_OPEN
38,-7,-5,INCLUDED_OPEN
38,-7,-4,INCLUDED_OPEN
38,-7,-3,INCLUDED_OPEN
38,-7,-2,INCLUDED_OPEN
38,-7,-1,INCLUDED_OPEN
38,-7,0,INCLUDED_OPEN
38,-7,1,INCLUDED_OPEN
38,-7,2,INCLUDED_OPEN
38,-6,-13,EXCLUDED_WATER
38,-6,-12,EXCLUDED_WATER
38,-6,-11,EXCLUDED_WATER
38,-6,-10,EXCLUDED_WATER
38,-6,-9,EXCLUDED_WATER
38,-6,-8,EXCLUDED_WATER
38,-6,-7,EXCLUDED_WATER
38,-6,-6,INCLUDED_OPEN
38,-6,-5,INCLUDED_OPEN
38,-6,-4,INCLUDED_OPEN
38,-6,-3,INCLUDED_OPEN
38,-6,-2,INCLUDED_OPEN
38,-6,-1,INCLUDED_OPEN
38,-6,0,INCLUDED_OPEN
38,-6,1,INCLUDED_OPEN
38,-6,2,INCLUDED_OPEN
38,-5,-13,EXCLUDED_WATER
38,-5,-12,EXCLUDED_WATER
38,-5,-11,EXCLUDED_WATER
38,-5,-10,EXCLUDED_WATER
38,-5,-9,EXCLUDED_WATER
38,-5,-8,EXCLUDED_WATER
38,-5,-7,EXCLUDED_WATER
38,-5,-6,INCLUDED_OPEN
38,-5,-5,INCLUDED_OPEN
38,-5,-4,INCLUDED_OPEN
38,-5,-3,INCLUDED_OPEN
38,-5,-2,INCLUDED_OPEN
38,-5,-1,INCLUDED_OPEN
38,-5,0,INCLUDED_OPEN
38,-5,1,INCLUDED_OPEN
38,-5,2,INCLUDED_OPEN
38,-4,-13,EXCLUDED_WATER
38,-4,-12,EXCLUDED_WATER
38,-4,-11,EXCLUDED_WATER
38,-4,-10,EXCLUDED_WATER
38,-4,-9,EXCLUDED_WATER
38,-4,-8,EXCLUDED_WATER
38,-4,-7,EXCLUDED_WATER
38,-4,-6,INCLUDED_OPEN
38,-4,-5,INCLUDED_OPEN
38,-4,-4,INCLUDED_OPEN
38,-4,-3,INCLUDED_OPEN
38,-4,-2,INCLUDED_OPEN
38,-4,-1,INCLUDED_OPEN
38,-4,0,INCLUDED_OPEN
38,-4,1,INCLUDED_OPEN
38,-4,2,INCLUDED_OPEN
38,-3,-13,EXCLUDED_WATER
38,-3,-12,EXCLUDED_WATER
38,-3,-11,EXCLUDED_WATER
38,-3,-10,EXCLUDED_WATER
38,-3,-9,EXCLUDED_WATER
38,-3,-8,EXCLUDED_WATER
38,-3,-6,INCLUDED_OPEN
38,-3,-5,INCLUDED_OPEN
38,-3,-4,INCLUDED_OPEN
38,-3,-3,INCLUDED_OPEN
38,-3,-2,INCLUDED_OPEN
38,-3,-1,INCLUDED_OPEN
38,-3,0,INCLUDED_OPEN
38,-3,1,INCLUDED_OPEN
38,-2,-6,INCLUDED_OPEN
38,-2,-5,INCLUDED_OPEN
38,-2,-4,INCLUDED_OPEN
38,-2,-3,INCLUDED_OPEN
38,-2,-2,INCLUDED_OPEN
38,-2,-1,INCLUDED_OPEN
38,-2,0,INCLUDED_OPEN
38,-2,1,INCLUDED_OPEN
38,-2,2,INCLUDED_OPEN
38,-1,-6,INCLUDED_OPEN
38,-1,-5,INCLUDED_OPEN
38,-1,-4,INCLUDED_OPEN
38,-1,-3,INCLUDED_OPEN
38,-1,-2,INCLUDED_OPEN
38,-1,-1,INCLUDED_OPEN
38,-1,0,INCLUDED_OPEN
38,-1,1,INCLUDED_OPEN
38,-1,2,INCLUDED_OPEN
38,0,-13,EXCLUDED_WATER
38,0,-12,EXCLUDED_WATER
38,0,-11,EXCLUDED_WATER
38,0,-10,EXCLUDED_WATER
38,0,-9,EXCLUDED_WATER
38,0,-8,EXCLUDED_WATER
38,0,-6,INCLUDED_OPEN
38,0,-5,INCLUDED_OPEN
38,0,-4,INCLUDED_OPEN
38,0,-3,INCLUDED_OPEN
38,0,-2,INCLUDED_OPEN
38,0,-1,INCLUDED_OPEN
38,0,0,INCLUDED_OPEN
38,0,1,INCLUDED_OPEN
38,0,2,INCLUDED_OPEN
38,1,-13,EXCLUDED_WATER
38,1,-12,EXCLUDED_WATER
38,1,-11,EXCLUDED_WATER
38,1,-10,EXCLUDED_WATER
38,1,-9,EXCLUDED_WATER
38,1,-8,EXCLUDED_WATER
38,1,-7,EXCLUDED_WATER
38,1,-6,INCLUDED_OPEN
38,1,-5,INCLUDED_OPEN
38,1,-4,INCLUDED_OPEN
38,1,-3,INCLUDED_OPEN
38,1,-2,INCLUDED_OPEN
38,1,-1,INCLUDED_OPEN
38,1,0,INCLUDED_OPEN
38,1,1,INCLUDED_OPEN
38,1,2,INCLUDED_OPEN
38,2,-13,EXCLUDED_WATER
38,2,-12,EXCLUDED_WATER
38,2,-11,EXCLUDED_WATER
38,2,-10,EXCLUDED_WATER
38,2,-9,EXCLUDED_WATER
38,2,-8,EXCLUDED_WATER
38,2,-7,EXCLUDED_WATER
38,2,-6,INCLUDED_OPEN
38,2,-5,INCLUDED_OPEN
38,2,-4,INCLUDED_OPEN
38,2,-3,INCLUDED_OPEN
38,2,-2,INCLUDED_OPEN
38,2,-1,INCLUDED_OPEN
38,2,0,INCLUDED_OPEN
38,2,1,INCLUDED_OPEN
38,2,2,INCLUDED_OPEN
38,3,-13,EXCLUDED_WATER
38,3,-12,EXCLUDED_WATER
38,3,-11,EXCLUDED_WATER
38,3,-10,EXCLUDED_WATER
38,3,-9,EXCLUDED_WATER
38,3,-8,EXCLUDED_WATER
38,3,-7,EXCLUDED_WATER
38,3,-6,INCLUDED_OPEN
38,3,-5,INCLUDED_OPEN
38,3,-4,INCLUDED_OPEN
38,3,-3,INCLUDED_OPEN
38,3,-2,INCLUDED_OPEN
38,3,-1,INCLUDED_OPEN
38,3,0,INCLUDED_OPEN
38,3,1,INCLUDED_OPEN
38,3,2,INCLUDED_OPEN
38,4,-13,EXCLUDED_WATER
38,4,-12,EXCLUDED_WATER
38,4,-11,EXCLUDED_WATER
38,4,-10,EXCLUDED_WATER
38,4,-9,EXCLUDED_WATER
38,4,-8,EXCLUDED_WATER
38,4,-7,EXCLUDED_WATER
38,4,-6,INCLUDED_OPEN
38,4,-5,INCLUDED_OPEN
38,4,-4,INCLUDED_OPEN
38,4,-3,INCLUDED_OPEN
38,4,-2,INCLUDED_OPEN
38,4,-1,INCLUDED_OPEN
38,4,0,INCLUDED_OPEN
38,5,-13,EXCLUDED_WATER
38,5,-12,EXCLUDED_WATER
38,5,-11,EXCLUDED_WATER
38,5,-10,EXCLUDED_WATER
38,5,-9,EXCLUDED_WATER
38,5,-8,EXCLUDED_WATER
38,5,-7,EXCLUDED_WATER
38,5,-6,INCLUDED_OPEN
38,5,-5,INCLUDED_OPEN
38,5,-4,INCLUDED_OPEN
38,5,-3,INCLUDED_OPEN
38,5,-2,INCLUDED_OPEN
38,5,-1,INCLUDED_OPEN
38,5,0,INCLUDED_OPEN
38,5,1,INCLUDED_LOWDATA
38,6,-13,EXCLUDED_WATER
38,6,-12,EXCLUDED_WATER
38,6,-11,EXCLUDED_WATER
38,6,-10,EXCLUDED_WATER
38,6,-9,EXCLUDED_WATER
38,6,-8,EXCLUDED_WATER
38,6,-7,EXCLUDED_WATER
38,6,-6,INCLUDED_OPEN
38,6,-5,INCLUDED_OPEN
38,6,-4,INCLUDED_OPEN
38,6,-3,INCLUDED_OPEN
38,6,-2,INCLUDED_OPEN
38,6,-1,INCLUDED_OPEN
38,6,0,INCLUDED_OPEN
38,6,1,INCLUDED_LOWDATA
38,6,2,INCLUDED_LOWDATA
38,7,-13,EXCLUDED_WATER
38,7,-12,EXCLUDED_WATER
38,7,-11,EXCLUDED_WATER
38,7,-10,EXCLUDED_WATER
38,7,-9,EXCLUDED_WATER
38,7,-8,EXCLUDED_WATER
38,7,-7,EXCLUDED_WATER
38,7,-6,INCLUDED_OPEN
38,7,-5,INCLUDED_OPEN
38,7,-4,INCLUDED_OPEN
38,7,-3,INCLUDED_OPEN
38,7,-2,INCLUDED_OPEN
38,7,-1,INCLUDED_OPEN
38,7,0,INCLUDED_LOWDATA
38,7,1,INCLUDED_LOWDATA
38,7,2,INCLUDED_LOWDATA
38,8,-13,EXCLUDED_WATER
38,8,-12,EXCLUDED_WATER
38,8,-11,EXCLUDED_WATER
38,8,-10,EXCLUDED_WATER
38,8,-9,EXCLUDED_WATER
38,8,-8,EXCLUDED_WATER
38,8,-7,EXCLUDED_WATER
38,8,-6,INCLUDED_OPEN
38,8,-5,INCLUDED_OPEN
38,8,-4,INCLUDED_OPEN
38,8,-3,INCLUDED_OPEN
38,8,-2,constrained-misc
38,8,-1,INCLUDED_OPEN
38,8,0,INCLUDED_OPEN
38,8,1,constrained-misc
38,8,2,constrained-misc
38,9,1,INCLUDED_LOWDATA
38,10,1,INCLUDED_OPEN
38,10,2,INCLUDED_OPEN
38,10,3,INCLUDED_OPEN
38,10,4,INCLUDED_OPEN
38,11,1,INCLUDED_OPEN
38,11,2,INCLUDED_OPEN
38,11,3,INCLUDED_OPEN
38,11,4,INCLUDED_OPEN
38,12,1,INCLUDED_OPEN
38,12,2,INCLUDED_OPEN
38,12,3,INCLUDED_OPEN
38,12,4,INCLUDED_OPEN
38,13,1,INCLUDED_OPEN
38,13,2,INCLUDED_OPEN
38,13,3,INCLUDED_OPEN
38,13,4,INCLUDED_OPEN
38,13,5,INCLUDED_OPEN
38,14,1,INCLUDED_OPEN
38,14,2,INCLUDED_OPEN
38,14,3,INCLUDED_OPEN
38,14,4,INCLUDED_OPEN
38,14,5,INCLUDED_OPEN
38,15,1,INCLUDED_OPEN
38,15,2,INCLUDED_OPEN
38,15,3,INCLUDED_OPEN
38,15,4,INCLUDED_OPEN
38,15,5,INCLUDED_OPEN
38,16,1,INCLUDED_OPEN
38,16,2,INCLUDED_OPEN
38,16,3,INCLUDED_OPEN
38,16,4,INCLUDED_OPEN
38,16,5,INCLUDED_OPEN
38,17,1,INCLUDED_OPEN
38,17,2,INCLUDED_OPEN
38,17,3,INCLUDED_OPEN
38,17,4,INCLUDED_OPEN
38,17,5,INCLUDED_OPEN
38,18,1,INCLUDED_OPEN
38,18,2,INCLUDED_OPEN
38,18,3,INCLUDED_OPEN
38,18,4,INCLUDED_OPEN
38,18,5,INCLUDED_OPEN
38,19,1,INCLUDED_OPEN
38,19,2,INCLUDED_OPEN
38,19,3,INCLUDED_OPEN
38,19,4,INCLUDED_OPEN
38,20,-8,INCLUDED_LOWDATA
38,20,-7,INCLUDED_LOWDATA
38,20,1,INCLUDED_LOWDATA
38,20,2,INCLUDED_LOWDATA
38,21,-10,INCLUDED_OPEN
38,21,-9,INCLUDED_OPEN
38,21,-8,INCLUDED_OPEN
38,21,-7,INCLUDED_OPEN
38,21,-6,INCLUDED_OPEN
38,21,-5,INCLUDED_OPEN
38,21,-4,INCLUDED_OPEN
38,21,-3,INCLUDED_OPEN
38,21,-2,INCLUDED_OPEN
38,21,-1,INCLUDED_OPEN
38,21,0,INCLUDED_OPEN
38,21,1,INCLUDED_OPEN
38,21,2,INCLUDED_OPEN
38,21,3,INCLUDED_OPEN
38,21,4,INCLUDED_OPEN
38,22,-10,INCLUDED_OPEN
38,22,-9,INCLUDED_OPEN
38,22,-8,INCLUDED_OPEN
38,22,-7,INCLUDED_OPEN
38,22,-6,INCLUDED_OPEN
38,22,-5,INCLUDED_OPEN
38,22,-4,INCLUDED_OPEN
38,22,-3,INCLUDED_OPEN
38,22,-2,INCLUDED_OPEN
38,22,-1,INCLUDED_OPEN
38,22,0,INCLUDED_OPEN
38,22,1,INCLUDED_OPEN
38,22,2,INCLUDED_OPEN
38,22,3,INCLUDED_OPEN
38,22,4,INCLUDED_OPEN
38,23,-10,INCLUDED_OPEN
38,23,-9,INCLUDED_OPEN
38,23,-8,INCLUDED_OPEN
38,23,-7,INCLUDED_OPEN
38,23,-6,INCLUDED_OPEN
38,23,-5,INCLUDED_OPEN
38,23,-4,INCLUDED_OPEN
38,23,-3,INCLUDED_OPEN
38,23,-2,INCLUDED_OPEN
38,23,-1,INCLUDED_OPEN
38,23,0,INCLUDED_OPEN
38,23,1,INCLUDED_OPEN
38,23,2,INCLUDED_OPEN
38,23,3,INCLUDED_OPEN
38,23,4,INCLUDED_OPEN
38,24,-10,INCLUDED_OPEN
38,24,-9,INCLUDED_OPEN
38,24,-8,INCLUDED_OPEN
38,24,-7,INCLUDED_OPEN
38,24,-6,INCLUDED_OPEN
38,24,-5,INCLUDED_OPEN
38,24,-4,INCLUDED_OPEN
38,24,-3,INCLUDED_OPEN
38,24,-2,INCLUDED_OPEN
38,24,-1,INCLUDED_OPEN
38,24,0,INCLUDED_OPEN
38,24,1,INCLUDED_OPEN
38,24,2,INCLUDED_OPEN
38,24,3,INCLUDED_OPEN
38,24,4,INCLUDED_OPEN
38,25,-10,INCLUDED_OPEN
38,25,-9,INCLUDED_OPEN
38,25,-8,INCLUDED_OPEN
38,25,-7,INCLUDED_OPEN
38,25,-6,INCLUDED_OPEN
38,25,-5,INCLUDED_OPEN
38,25,-4,INCLUDED_OPEN
38,25,-3,INCLUDED_OPEN
38,25,-2,INCLUDED_OPEN
38,25,-1,INCLUDED_OPEN
38,25,0,INCLUDED_OPEN
38,25,1,INCLUDED_OPEN
38,25,2,INCLUDED_OPEN
38,25,3,INCLUDED_OPEN
38,25,4,INCLUDED_OPEN
38,26,-10,INCLUDED_OPEN
38,26,-9,INCLUDED_OPEN
38,26,-8,INCLUDED_OPEN
38,26,-7,INCLUDED_OPEN
38,26,-6,INCLUDED_OPEN
38,26,-5,INCLUDED_OPEN
38,26,-4,INCLUDED_OPEN
38,26,-3,INCLUDED_OPEN
38,26,-2,INCLUDED_OPEN
38,26,-1,INCLUDED_OPEN
38,26,0,INCLUDED_OPEN
38,26,1,INCLUDED_OPEN
38,26,2,INCLUDED_OPEN
38,26,3,INCLUDED_OPEN
38,26,4,INCLUDED_OPEN
38,27,-10,INCLUDED_OPEN
38,27,-9,INCLUDED_OPEN
38,27,-8,INCLUDED_OPEN
38,27,-7,INCLUDED_OPEN
38,27,-6,INCLUDED_OPEN
38,27,-5,INCLUDED_OPEN
38,27,-4,INCLUDED_OPEN
38,27,-3,INCLUDED_OPEN
38,27,-2,INCLUDED_OPEN
38,27,-1,INCLUDED_OPEN
38,27,0,INCLUDED_OPEN
38,27,1,INCLUDED_OPEN
38,27,2,INCLUDED_OPEN
38,27,3,INCLUDED_OPEN
38,27,4,INCLUDED_OPEN
38,28,-10,INCLUDED_OPEN
38,28,-9,INCLUDED_OPEN
38,28,-8,INCLUDED_OPEN
38,28,-7,INCLUDED_OPEN
38,28,-6,INCLUDED_OPEN
38,28,-5,INCLUDED_OPEN
38,28,-4,INCLUDED_OPEN
38,28,-3,INCLUDED_OPEN
38,28,-2,INCLUDED_OPEN
38,28,-1,INCLUDED_OPEN
38,28,0,INCLUDED_OPEN
38,28,1,INCLUDED_OPEN
38,28,2,INCLUDED_OPEN
38,28,3,INCLUDED_OPEN
38,28,4,INCLUDED_OPEN
38,29,-10,INCLUDED_OPEN
38,29,-9,INCLUDED_OPEN
38,29,-8,INCLUDED_OPEN
38,29,-7,INCLUDED_OPEN
38,29,-6,INCLUDED_OPEN
38,29,-5,INCLUDED_OPEN
38,29,-4,INCLUDED_OPEN
38,29,-3,INCLUDED_OPEN
38,29,-2,INCLUDED_OPEN
38,29,-1,INCLUDED_OPEN
38,29,0,INCLUDED_OPEN
38,29,1,INCLUDED_OPEN
38,29,2,INCLUDED_OPEN
38,29,3,INCLUDED_OPEN
38,29,4,INCLUDED_LOWDATA
38,30,-10,INCLUDED_OPEN
38,30,-9,INCLUDED_OPEN
38,30,-8,INCLUDED_OPEN
38,30,-7,INCLUDED_OPEN
38,30,-6,INCLUDED_OPEN
38,30,-5,INCLUDED_OPEN
38,30,-4,INCLUDED_OPEN
38,30,-3,INCLUDED_OPEN
38,30,-2,INCLUDED_OPEN
38,30,-1,INCLUDED_OPEN
38,30,0,INCLUDED_OPEN
38,30,1,INCLUDED_OPEN
38,30,2,INCLUDED_OPEN
38,30,3,INCLUDED_OPEN
38,30,4,INCLUDED_LOWDATA
38,31,-10,INCLUDED_OPEN
38,31,-9,INCLUDED_OPEN
38,31,-8,INCLUDED_OPEN
38,31,-7,INCLUDED_OPEN
38,31,-6,INCLUDED_OPEN
38,31,-5,INCLUDED_OPEN
38,31,-4,INCLUDED_OPEN
38,31,-3,INCLUDED_OPEN
38,31,-2,INCLUDED_OPEN
38,31,-1,INCLUDED_OPEN
38,31,0,INCLUDED_OPEN
38,31,1,INCLUDED_OPEN
38,31,2,INCLUDED_OPEN
38,31,3,INCLUDED_OPEN
38,31,4,INCLUDED_LOWDATA
38,32,-10,INCLUDED_OPEN
38,32,-9,INCLUDED_OPEN
38,32,-8,INCLUDED_OPEN
38,32,-7,INCLUDED_OPEN
38,32,-6,INCLUDED_OPEN
38,32,-5,INCLUDED_OPEN
38,32,-4,INCLUDED_OPEN
38,32,-3,INCLUDED_OPEN
38,32,-2,INCLUDED_OPEN
38,32,-1,INCLUDED_OPEN
38,32,0,INCLUDED_OPEN
38,32,1,INCLUDED_OPEN
38,32,2,INCLUDED_OPEN
38,32,3,INCLUDED_LOWDATA
38,32,4,INCLUDED_LOWDATA
38,33,-10,INCLUDED_LOWDATA
38,33,-9,INCLUDED_OPEN
38,33,-8,INCLUDED_OPEN
38,33,-7,INCLUDED_OPEN
38,33,-6,INCLUDED_OPEN
38,33,-5,INCLUDED_OPEN
38,33,-4,INCLUDED_OPEN
38,33,-3,INCLUDED_OPEN
38,33,-2,INCLUDED_OPEN
38,33,-1,INCLUDED_OPEN
38,33,0,INCLUDED_OPEN
38,33,1,INCLUDED_LOWDATA
38,33,2,INCLUDED_LOWDATA
38,33,3,INCLUDED_LOWDATA
38,33,4,INCLUDED_LOWDATA
38,34,-9,INCLUDED_OPEN
38,34,-8,INCLUDED_OPEN
38,34,-7,INCLUDED_OPEN
38,34,-6,INCLUDED_OPEN
38,34,-5,INCLUDED_OPEN
38,34,-4,INCLUDED_OPEN
38,34,-3,INCLUDED_OPEN
38,34,-2,INCLUDED_OPEN
38,34,-1,INCLUDED_OPEN
38,34,0,INCLUDED_OPEN
38,34,1,INCLUDED_OPEN
38,34,2,INCLUDED_LOWDATA
38,34,3,INCLUDED_LOWDATA
38,34,4,INCLUDED_LOWDATA
38,35,-9,INCLUDED_OPEN
38,35,-8,INCLUDED_OPEN
38,35,-7,INCLUDED_OPEN
38,35,-6,INCLUDED_OPEN
38,35,-5,INCLUDED_OPEN
38,35,-4,INCLUDED_OPEN
38,35,-3,INCLUDED_OPEN
38,35,-2,INCLUDED_OPEN
38,35,-1,INCLUDED_OPEN
38,35,0,INCLUDED_OPEN
38,35,1,pent-2
38,35,2,pent-2
38,35,3,INCLUDED_LOWDATA
38,35,4,INCLUDED_LOWDATA
39,-30,-2,INCLUDED_OPEN
39,-30,-1,INCLUDED_OPEN
39,-30,0,INCLUDED_OPEN
39,-30,2,INCLUDED_OPEN
39,-30,3,INCLUDED_OPEN
39,-30,4,INCLUDED_OPEN
39,-29,-2,INCLUDED_OPEN
39,-29,-1,INCLUDED_OPEN
39,-29,0,INCLUDED_OPEN
39,-29,1,INCLUDED_LOWDATA
39,-29,2,INCLUDED_OPEN
39,-29,3,INCLUDED_OPEN
39,-29,4,INCLUDED_OPEN
39,-28,-2,INCLUDED_OPEN
39,-28,-1,INCLUDED_OPEN
39,-28,0,INCLUDED_OPEN
39,-28,2,INCLUDED_OPEN
39,-28,3,INCLUDED_OPEN
39,-28,4,INCLUDED_OPEN
39,-27,-2,INCLUDED_OPEN
39,-27,-1,ya
39,-27,0,INCLUDED_OPEN
39,-27,2,INCLUDED_OPEN
39,-27,3,INCLUDED_OPEN
39,-27,4,INCLUDED_OPEN
39,-26,-2,INCLUDED_OPEN
39,-26,-1,INCLUDED_OPEN
39,-26,0,INCLUDED_OPEN
39,-26,1,INCLUDED_OPEN
39,-26,2,INCLUDED_OPEN
39,-26,3,INCLUDED_OPEN
39,-26,4,INCLUDED_OPEN
39,-25,-2,INCLUDED_OPEN
39,-25,-1,INCLUDED_OPEN
39,-25,0,INCLUDED_OPEN
39,-25,1,INCLUDED_OPEN
39,-25,2,INCLUDED_OPEN
39,-25,3,INCLUDED_OPEN
39,-25,4,INCLUDED_OPEN
39,-24,-2,INCLUDED_OPEN
39,-24,-1,INCLUDED_OPEN
39,-24,0,INCLUDED_OPEN
39,-24,1,INCLUDED_OPEN
39,-24,2,INCLUDED_OPEN
39,-24,3,INCLUDED_OPEN
39,-24,4,INCLUDED_OPEN
39,-23,-2,INCLUDED_OPEN
39,-23,-1,INCLUDED_OPEN
39,-23,0,INCLUDED_OPEN
39,-23,1,INCLUDED_OPEN
39,-23,2,INCLUDED_OPEN
39,-23,3,INCLUDED_OPEN
39,-23,4,INCLUDED_OPEN
39,-22,-2,INCLUDED_OPEN
39,-22,-1,INCLUDED_OPEN
39,-22,0,INCLUDED_OPEN
39,-22,1,INCLUDED_OPEN
39,-22,2,INCLUDED_OPEN
39,-22,3,INCLUDED_OPEN
39,-22,4,INCLUDED_OPEN
39,-21,-2,INCLUDED_LOWDATA
39,-21,-1,INCLUDED_OPEN
39,-21,0,INCLUDED_OPEN
39,-21,1,INCLUDED_OPEN
39,-21,2,INCLUDED_LOWDATA
39,-21,3,INCLUDED_LOWDATA
39,-21,4,INCLUDED_OPEN
39,-20,-2,INCLUDED_OPEN
39,-20,-1,INCLUDED_OPEN
39,-20,0,INCLUDED_OPEN
39,-20,1,INCLUDED_OPEN
39,-20,2,INCLUDED_LOWDATA
39,-19,-2,INCLUDED_OPEN
39,-19,-1,INCLUDED_OPEN
39,-19,0,INCLUDED_OPEN
39,-19,1,INCLUDED_OPEN
39,-19,2,INCLUDED_OPEN
39,-18,-2,INCLUDED_OPEN
39,-18,-1,INCLUDED_OPEN
39,-18,0,INCLUDED_OPEN
39,-18,1,INCLUDED_OPEN
39,-18,2,INCLUDED_OPEN
39,-17,-2,INCLUDED_OPEN
39,-17,-1,INCLUDED_OPEN
39,-17,0,INCLUDED_OPEN
39,-17,1,INCLUDED_OPEN
39,-17,2,INCLUDED_OPEN
39,-16,-2,INCLUDED_OPEN
39,-16,-1,INCLUDED_OPEN
39,-16,0,INCLUDED_OPEN
39,-16,1,INCLUDED_OPEN
39,-16,2,INCLUDED_OPEN
39,-15,-2,INCLUDED_OPEN
39,-15,-1,INCLUDED_OPEN
39,-15,0,INCLUDED_OPEN
39,-15,1,INCLUDED_OPEN
39,-15,2,INCLUDED_OPEN
39,-14,-13,EXCLUDED_WATER
39,-14,-12,EXCLUDED_WATER
39,-14,-11,EXCLUDED_WATER
39,-14,-10,EXCLUDED_WATER
39,-14,-9,EXCLUDED_WATER
39,-14,-8,EXCLUDED_WATER
39,-14,-7,EXCLUDED_WATER
39,-14,-6,INCLUDED_OPEN
39,-14,-5,INCLUDED_OPEN
39,-14,-4,INCLUDED_LOWDATA
39,-14,-2,INCLUDED_OPEN
39,-14,-1,INCLUDED_OPEN
39,-14,0,INCLUDED_OPEN
39,-14,1,INCLUDED_OPEN
39,-14,2,INCLUDED_OPEN
39,-13,-13,EXCLUDED_WATER
39,-13,-12,EXCLUDED_WATER
39,-13,-11,EXCLUDED_WATER
39,-13,-10,EXCLUDED_WATER
39,-13,-9,EXCLUDED_WATER
39,-13,-8,EXCLUDED_WATER
39,-13,-7,EXCLUDED_WATER
39,-13,-6,INCLUDED_OPEN
39,-13,-5,INCLUDED_OPEN
39,-13,-4,INCLUDED_LOWDATA
39,-13,-2,INCLUDED_OPEN
39,-13,-1,INCLUDED_OPEN
39,-13,0,INCLUDED_OPEN
39,-13,1,INCLUDED_OPEN
39,-13,2,INCLUDED_OPEN
39,-12,-13,EXCLUDED_WATER
39,-12,-12,EXCLUDED_WATER
39,-12,-11,EXCLUDED_WATER
39,-12,-10,EXCLUDED_WATER
39,-12,-9,EXCLUDED_WATER
39,-12,-8,EXCLUDED_WATER
39,-12,-7,EXCLUDED_WATER
39,-12,-6,INCLUDED_OPEN
39,-12,-5,INCLUDED_OPEN
39,-12,-4,INCLUDED_LOWDATA
39,-12,-2,INCLUDED_OPEN
39,-12,-1,INCLUDED_OPEN
39,-12,0,INCLUDED_OPEN
39,-12,1,INCLUDED_OPEN
39,-12,2,INCLUDED_OPEN
39,-11,-13,EXCLUDED_WATER
39,-11,-12,EXCLUDED_WATER
39,-11,-11,EXCLUDED_WATER
39,-11,-10,EXCLUDED_WATER
39,-11,-9,EXCLUDED_WATER
39,-11,-8,EXCLUDED_WATER
39,-11,-7,EXCLUDED_WATER
39,-11,-6,INCLUDED_OPEN
39,-11,-5,INCLUDED_OPEN
39,-11,-4,INCLUDED_OPEN
39,-11,-3,INCLUDED_OPEN
39,-11,-2,INCLUDED_OPEN
39,-11,-1,INCLUDED_OPEN
39,-11,0,INCLUDED_OPEN
39,-11,1,INCLUDED_OPEN
39,-10,-13,EXCLUDED_WATER
39,-10,-12,EXCLUDED_WATER
39,-10,-11,EXCLUDED_WATER
39,-10,-10,EXCLUDED_WATER
39,-10,-9,EXCLUDED_WATER
39,-10,-8,EXCLUDED_WATER
39,-10,-7,EXCLUDED_WATER
39,-10,-6,INCLUDED_OPEN
39,-10,-5,INCLUDED_OPEN
39,-10,-4,INCLUDED_OPEN
39,-10,-3,INCLUDED_OPEN
39,-10,-2,INCLUDED_OPEN
39,-10,-1,INCLUDED_OPEN
39,-10,0,INCLUDED_OPEN
39,-10,1,INCLUDED_OPEN
39,-10,2,INCLUDED_OPEN
39,-9,-13,EXCLUDED_WATER
39,-9,-12,EXCLUDED_WATER
39,-9,-11,EXCLUDED_WATER
39,-9,-10,EXCLUDED_WATER
39,-9,-9,EXCLUDED_WATER
39,-9,-8,EXCLUDED_WATER
39,-9,-7,EXCLUDED_WATER
39,-9,-6,INCLUDED_OPEN
39,-9,-5,INCLUDED_OPEN
39,-9,-4,INCLUDED_OPEN
39,-9,-3,INCLUDED_OPEN
39,-9,-2,INCLUDED_OPEN
39,-9,-1,INCLUDED_OPEN
39,-9,0,INCLUDED_OPEN
39,-9,1,INCLUDED_OPEN
39,-9,2,INCLUDED_OPEN
39,-8,-13,EXCLUDED_WATER
39,-8,-12,EXCLUDED_WATER
39,-8,-11,EXCLUDED_WATER
39,-8,-10,EXCLUDED_WATER
39,-8,-9,EXCLUDED_WATER
39,-8,-8,EXCLUDED_WATER
39,-8,-7,EXCLUDED_WATER
39,-8,-6,INCLUDED_OPEN
39,-8,-5,INCLUDED_OPEN
39,-8,-4,INCLUDED_OPEN
39,-8,-3,INCLUDED_OPEN
39,-8,-2,INCLUDED_OPEN
39,-8,-1,INCLUDED_OPEN
39,-8,0,INCLUDED_OPEN
39,-8,1,INCLUDED_OPEN
39,-8,2,INCLUDED_OPEN
39,-7,-13,EXCLUDED_WATER
39,-7,-12,EXCLUDED_WATER
39,-7,-11,EXCLUDED_WATER
39,-7,-10,EXCLUDED_WATER
39,-7,-9,EXCLUDED_WATER
39,-7,-8,EXCLUDED_WATER
39,-7,-7,EXCLUDED_WATER
39,-7,-6,INCLUDED_OPEN
39,-7,-5,INCLUDED_OPEN
39,-7,-4,INCLUDED_OPEN
39,-7,-3,INCLUDED_OPEN
39,-7,-2,INCLUDED_OPEN
39,-7,-1,INCLUDED_OPEN
39,-7,0,INCLUDED_OPEN
39,-7,1,INCLUDED_OPEN
39,-7,2,INCLUDED_OPEN
39,-6,-13,EXCLUDED_WATER
39,-6,-12,EXCLUDED_WATER
39,-6,-11,EXCLUDED_WATER
39,-6,-10,EXCLUDED_WATER
39,-6,-9,EXCLUDED_WATER
39,-6,-8,EXCLUDED_WATER
39,-6,-7,EXCLUDED_WATER
39,-6,-6,INCLUDED_OPEN
39,-6,-5,INCLUDED_OPEN
39,-6,-4,INCLUDED_OPEN
39,-6,-3,INCLUDED_OPEN
39,-6,-2,INCLUDED_OPEN
39,-6,-1,INCLUDED_OPEN
39,-6,0,INCLUDED_OPEN
39,-6,1,INCLUDED_OPEN
39,-6,2,INCLUDED_OPEN
39,-5,-13,EXCLUDED_WATER
39,-5,-12,EXCLUDED_WATER
39,-5,-11,EXCLUDED_WATER
39,-5,-10,EXCLUDED_WATER
39,-5,-9,EXCLUDED_WATER
39,-5,-8,EXCLUDED_WATER
39,-5,-7,EXCLUDED_WATER
39,-5,-6,INCLUDED_OPEN
39,-5,-5,INCLUDED_OPEN
39,-5,-4,INCLUDED_OPEN
39,-5,-3,INCLUDED_OPEN
39,-5,-2,INCLUDED_OPEN
39,-5,-1,INCLUDED_OPEN
39,-5,0,INCLUDED_OPEN
39,-5,1,INCLUDED_OPEN
39,-5,2,INCLUDED_OPEN
39,-4,-13,EXCLUDED_WATER
39,-4,-12,EXCLUDED_WATER
39,-4,-11,EXCLUDED_WATER
39,-4,-10,EXCLUDED_WATER
39,-4,-9,EXCLUDED_WATER
39,-4,-8,EXCLUDED_WATER
39,-4,-7,EXCLUDED_WATER
39,-4,-6,INCLUDED_OPEN
39,-4,-5,INCLUDED_OPEN
39,-4,-4,INCLUDED_OPEN
39,-4,-3,INCLUDED_OPEN
39,-4,-2,INCLUDED_OPEN
39,-4,-1,INCLUDED_OPEN
39,-4,0,INCLUDED_OPEN
39,-4,1,INCLUDED_OPEN
39,-4,2,INCLUDED_OPEN
39,-3,-13,EXCLUDED_WATER
39,-3,-12,EXCLUDED_WATER
39,-3,-11,EXCLUDED_WATER
39,-3,-10,EXCLUDED_WATER
39,-3,-9,EXCLUDED_WATER
39,-3,-8,EXCLUDED_WATER
39,-3,-6,INCLUDED_OPEN
39,-3,-5,INCLUDED_OPEN
39,-3,-4,INCLUDED_OPEN
39,-3,-3,INCLUDED_OPEN
39,-3,-2,INCLUDED_OPEN
39,-3,-1,INCLUDED_OPEN
39,-3,0,INCLUDED_OPEN
39,-3,1,INCLUDED_OPEN
39,-2,-6,INCLUDED_OPEN
39,-2,-5,INCLUDED_OPEN
39,-2,-4,INCLUDED_OPEN
39,-2,-3,INCLUDED_OPEN
39,-2,-2,INCLUDED_OPEN
39,-2,-1,INCLUDED_OPEN
39,-2,0,INCLUDED_OPEN
39,-2,1,INCLUDED_OPEN
39,-2,2,INCLUDED_OPEN
39,-1,-6,INCLUDED_OPEN
39,-1,-5,INCLUDED_OPEN
39,-1,-4,INCLUDED_OPEN
39,-1,-3,INCLUDED_OPEN
39,-1,-2,INCLUDED_OPEN
39,-1,-1,INCLUDED_OPEN
39,-1,0,INCLUDED_OPEN
39,-1,1,INCLUDED_OPEN
39,-1,2,INCLUDED_OPEN
39,0,-13,EXCLUDED_WATER
39,0,-12,EXCLUDED_WATER
39,0,-11,EXCLUDED_WATER
39,0,-10,EXCLUDED_WATER
39,0,-9,EXCLUDED_WATER
39,0,-8,EXCLUDED_WATER
39,0,-6,INCLUDED_OPEN
39,0,-5,INCLUDED_OPEN
39,0,-4,INCLUDED_OPEN
39,0,-3,INCLUDED_OPEN
39,0,-2,INCLUDED_OPEN
39,0,-1,INCLUDED_OPEN
39,0,0,INCLUDED_OPEN
39,0,1,INCLUDED_OPEN
39,0,2,INCLUDED_OPEN
39,1,-13,EXCLUDED_WATER
39,1,-12,EXCLUDED_WATER
39,1,-11,EXCLUDED_WATER
39,1,-10,EXCLUDED_WATER
39,1,-9,EXCLUDED_WATER
39,1,-8,EXCLUDED_WATER
39,1,-7,EXCLUDED_WATER
39,1,-6,INCLUDED_OPEN
39,1,-5,INCLUDED_OPEN
39,1,-4,INCLUDED_OPEN
39,1,-3,INCLUDED_OPEN
39,1,-2,INCLUDED_OPEN
39,1,-1,INCLUDED_OPEN
39,1,0,INCLUDED_OPEN
39,1,1,INCLUDED_OPEN
39,1,2,INCLUDED_OPEN
39,2,-13,EXCLUDED_WATER
39,2,-12,EXCLUDED_WATER
39,2,-11,EXCLUDED_WATER
39,2,-10,EXCLUDED_WATER
39,2,-9,EXCLUDED_WATER
39,2,-8,EXCLUDED_WATER
39,2,-7,EXCLUDED_WATER
39,2,-6,INCLUDED_OPEN
39,2,-5,INCLUDED_OPEN
39,2,-4,INCLUDED_OPEN
39,2,-3,INCLUDED_OPEN
39,2,-2,INCLUDED_OPEN
39,2,-1,INCLUDED_OPEN
39,2,0,INCLUDED_OPEN
39,2,1,INCLUDED_OPEN
39,2,2,INCLUDED_OPEN
39,3,-13,EXCLUDED_WATER
39,3,-12,EXCLUDED_WATER
39,3,-11,EXCLUDED_WATER
39,3,-10,EXCLUDED_WATER
39,3,-9,EXCLUDED_WATER
39,3,-8,EXCLUDED_WATER
39,3,-7,EXCLUDED_WATER
39,3,-6,INCLUDED_OPEN
39,3,-5,INCLUDED_OPEN
39,3,-4,INCLUDED_OPEN
39,3,-3,INCLUDED_OPEN
39,3,-2,INCLUDED_OPEN
39,3,-1,INCLUDED_OPEN
39,3,0,INCLUDED_OPEN
39,3,1,INCLUDED_OPEN
39,3,2,INCLUDED_OPEN
39,4,-13,EXCLUDED_WATER
39,4,-12,EXCLUDED_WATER
39,4,-11,EXCLUDED_WATER
39,4,-10,EXCLUDED_WATER
39,4,-9,EXCLUDED_WATER
39,4,-8,EXCLUDED_WATER
39,4,-7,EXCLUDED_WATER
39,4,-6,INCLUDED_OPEN
39,4,-5,INCLUDED_OPEN
39,4,-4,INCLUDED_OPEN
39,4,-3,INCLUDED_OPEN
39,4,-2,INCLUDED_OPEN
39,4,-1,INCLUDED_OPEN
39,4,0,INCLUDED_LOWDATA
39,5,-13,EXCLUDED_WATER
39,5,-12,EXCLUDED_WATER
39,5,-11,EXCLUDED_WATER
39,5,-10,EXCLUDED_WATER
39,5,-9,EXCLUDED_WATER
39,5,-8,EXCLUDED_WATER
39,5,-7,EXCLUDED_WATER
39,5,-6,INCLUDED_OPEN
39,5,-5,INCLUDED_OPEN
39,5,-4,INCLUDED_OPEN
39,5,-3,INCLUDED_OPEN
39,5,-2,INCLUDED_LOWDATA
39,5,-1,INCLUDED_LOWDATA
39,5,0,INCLUDED_LOWDATA
39,6,-13,EXCLUDED_WATER
39,6,-12,EXCLUDED_WATER
39,6,-11,EXCLUDED_WATER
39,6,-10,EXCLUDED_WATER
39,6,-9,EXCLUDED_WATER
39,6,-8,EXCLUDED_WATER
39,6,-7,EXCLUDED_WATER
39,6,-6,INCLUDED_OPEN
39,6,-5,INCLUDED_OPEN
39,6,-4,INCLUDED_OPEN
39,6,-3,INCLUDED_LOWDATA
39,6,-2,INCLUDED_LOWDATA
39,6,-1,INCLUDED_OPEN
39,6,0,INCLUDED_LOWDATA
39,6,1,INCLUDED_LOWDATA
39,7,-13,EXCLUDED_WATER
39,7,-12,EXCLUDED_WATER
39,7,-11,EXCLUDED_WATER
39,7,-10,EXCLUDED_WATER
39,7,-9,EXCLUDED_WATER
39,7,-8,EXCLUDED_WATER
39,7,-7,EXCLUDED_WATER
39,7,-6,INCLUDED_OPEN
39,7,-5,INCLUDED_OPEN
39,7,-4,INCLUDED_OPEN
39,7,-3,INCLUDED_OPEN
39,7,-2,INCLUDED_LOWDATA
39,7,-1,INCLUDED_OPEN
39,7,0,INCLUDED_LOWDATA
39,7,1,INCLUDED_LOWDATA
39,7,2,INCLUDED_LOWDATA
39,8,-13,EXCLUDED_WATER
39,8,-12,EXCLUDED_WATER
39,8,-11,EXCLUDED_WATER
39,8,-10,EXCLUDED_WATER
39,8,-9,EXCLUDED_WATER
39,8,-8,EXCLUDED_WATER
39,8,-7,EXCLUDED_WATER
39,8,-6,INCLUDED_OPEN
39,8,-5,INCLUDED_OPEN
39,8,-4,INCLUDED_OPEN
39,8,-3,INCLUDED_OPEN
39,8,-2,INCLUDED_OPEN
39,8,-1,INCLUDED_OPEN
39,8,0,INCLUDED_OPEN
39,8,1,constrained-misc
39,8,2,constrained-misc
39,9,1,INCLUDED_LOWDATA
39,9,2,INCLUDED_LOWDATA
39,10,1,INCLUDED_OPEN
39,10,2,INCLUDED_OPEN
39,10,3,INCLUDED_OPEN
39,10,4,INCLUDED_OPEN
39,11,-2,INCLUDED_LOWDATA
39,11,1,INCLUDED_OPEN
39,11,2,INCLUDED_OPEN
39,11,3,INCLUDED_OPEN
39,11,4,INCLUDED_OPEN
39,12,-2,INCLUDED_LOWDATA
39,12,1,INCLUDED_OPEN
39,12,2,INCLUDED_OPEN
39,12,3,INCLUDED_OPEN
39,12,4,INCLUDED_OPEN
39,13,1,INCLUDED_OPEN
39,13,2,INCLUDED_OPEN
39,13,3,INCLUDED_OPEN
39,13,4,INCLUDED_OPEN
39,13,5,INCLUDED_OPEN
39,14,1,INCLUDED_OPEN
39,14,2,INCLUDED_OPEN
39,14,3,INCLUDED_OPEN
39,14,4,INCLUDED_OPEN
39,14,5,INCLUDED_OPEN
39,14,6,INCLUDED_LOWDATA
39,15,1,INCLUDED_OPEN
39,15,2,INCLUDED_OPEN
39,15,3,INCLUDED_OPEN
39,15,4,INCLUDED_OPEN
39,15,5,INCLUDED_OPEN
39,16,1,INCLUDED_OPEN
39,16,2,INCLUDED_OPEN
39,16,3,INCLUDED_OPEN
39,16,4,INCLUDED_OPEN
39,16,5,INCLUDED_OPEN
39,17,1,INCLUDED_OPEN
39,17,2,INCLUDED_OPEN
39,17,3,INCLUDED_OPEN
39,17,4,INCLUDED_OPEN
39,17,5,INCLUDED_OPEN
39,18,1,INCLUDED_OPEN
39,18,2,INCLUDED_OPEN
39,18,3,INCLUDED_OPEN
39,18,4,INCLUDED_OPEN
39,18,5,INCLUDED_OPEN
39,19,1,INCLUDED_OPEN
39,19,2,INCLUDED_OPEN
39,19,3,INCLUDED_OPEN
39,19,4,INCLUDED_OPEN
39,21,-10,INCLUDED_OPEN
39,21,-9,INCLUDED_OPEN
39,21,-8,INCLUDED_OPEN
39,21,-7,INCLUDED_OPEN
39,21,-6,INCLUDED_OPEN
39,21,-5,INCLUDED_OPEN
39,21,-4,INCLUDED_OPEN
39,21,-3,INCLUDED_OPEN
39,21,-2,INCLUDED_OPEN
39,21,-1,INCLUDED_OPEN
39,21,0,INCLUDED_OPEN
39,21,1,INCLUDED_OPEN
39,21,2,INCLUDED_OPEN
39,21,3,INCLUDED_OPEN
39,21,4,INCLUDED_LOWDATA
39,22,-10,INCLUDED_OPEN
39,22,-9,INCLUDED_OPEN
39,22,-8,INCLUDED_OPEN
39,22,-7,INCLUDED_OPEN
39,22,-6,INCLUDED_OPEN
39,22,-5,INCLUDED_OPEN
39,22,-4,INCLUDED_OPEN
39,22,-3,INCLUDED_OPEN
39,22,-2,INCLUDED_OPEN
39,22,-1,INCLUDED_OPEN
39,22,0,INCLUDED_OPEN
39,22,1,INCLUDED_OPEN
39,22,2,INCLUDED_OPEN
39,22,3,INCLUDED_OPEN
39,22,4,INCLUDED_OPEN
39,23,-10,INCLUDED_OPEN
39,23,-9,INCLUDED_OPEN
39,23,-8,INCLUDED_OPEN
39,23,-7,INCLUDED_OPEN
39,23,-6,INCLUDED_OPEN
39,23,-5,INCLUDED_OPEN
39,23,-4,INCLUDED_OPEN
39,23,-3,INCLUDED_OPEN
39,23,-2,INCLUDED_OPEN
39,23,-1,INCLUDED_OPEN
39,23,0,INCLUDED_OPEN
39,23,1,INCLUDED_OPEN
39,23,2,INCLUDED_OPEN
39,23,3,INCLUDED_OPEN
39,23,4,INCLUDED_OPEN
39,24,-10,INCLUDED_OPEN
39,24,-9,INCLUDED_OPEN
39,24,-8,INCLUDED_OPEN
39,24,-7,INCLUDED_OPEN
39,24,-6,INCLUDED_OPEN
39,24,-5,INCLUDED_OPEN
39,24,-4,INCLUDED_OPEN
39,24,-3,INCLUDED_OPEN
39,24,-2,INCLUDED_OPEN
39,24,-1,INCLUDED_OPEN
39,24,0,INCLUDED_OPEN
39,24,1,INCLUDED_OPEN
39,24,2,INCLUDED_OPEN
39,24,3,INCLUDED_OPEN
39,24,4,INCLUDED_OPEN
39,25,-10,INCLUDED_OPEN
39,25,-9,INCLUDED_OPEN
39,25,-8,INCLUDED_OPEN
39,25,-7,INCLUDED_OPEN
39,25,-6,INCLUDED_OPEN
39,25,-5,INCLUDED_OPEN
39,25,-4,INCLUDED_OPEN
39,25,-3,INCLUDED_OPEN
39,25,-2,INCLUDED_OPEN
39,25,-1,INCLUDED_OPEN
39,25,0,INCLUDED_OPEN
39,25,1,INCLUDED_OPEN
39,25,2,INCLUDED_OPEN
39,25,3,INCLUDED_OPEN
39,25,4,INCLUDED_OPEN
39,26,-10,INCLUDED_OPEN
39,26,-9,INCLUDED_OPEN
39,26,-8,INCLUDED_OPEN
39,26,-7,INCLUDED_OPEN
39,26,-6,INCLUDED_OPEN
39,26,-5,INCLUDED_OPEN
39,26,-4,INCLUDED_OPEN
39,26,-3,INCLUDED_OPEN
39,26,-2,INCLUDED_OPEN
39,26,-1,INCLUDED_OPEN
39,26,0,INCLUDED_OPEN
39,26,1,INCLUDED_OPEN
39,26,2,INCLUDED_OPEN
39,26,3,INCLUDED_OPEN
39,26,4,INCLUDED_OPEN
39,27,-10,INCLUDED_OPEN
39,27,-9,INCLUDED_OPEN
39,27,-8,INCLUDED_OPEN
39,27,-7,INCLUDED_OPEN
39,27,-6,INCLUDED_OPEN
39,27,-5,INCLUDED_OPEN
39,27,-4,INCLUDED_OPEN
39,27,-3,INCLUDED_OPEN
39,27,-2,INCLUDED_OPEN
39,27,-1,INCLUDED_OPEN
39,27,0,INCLUDED_OPEN
39,27,1,INCLUDED_OPEN
39,27,2,INCLUDED_OPEN
39,27,3,INCLUDED_OPEN
39,27,4,INCLUDED_OPEN
39,28,-10,INCLUDED_OPEN
39,28,-9,INCLUDED_OPEN
39,28,-8,INCLUDED_OPEN
39,28,-7,INCLUDED_OPEN
39,28,-6,INCLUDED_OPEN
39,28,-5,INCLUDED_OPEN
39,28,-4,INCLUDED_OPEN
39,28,-3,INCLUDED_OPEN
39,28,-2,INCLUDED_OPEN
39,28,-1,INCLUDED_OPEN
39,28,0,INCLUDED_OPEN
39,28,1,INCLUDED_OPEN
39,28,2,INCLUDED_OPEN
39,28,3,INCLUDED_OPEN
39,28,4,INCLUDED_LOWDATA
39,29,-10,INCLUDED_OPEN
39,29,-9,INCLUDED_OPEN
39,29,-8,INCLUDED_OPEN
39,29,-7,INCLUDED_OPEN
39,29,-6,INCLUDED_OPEN
39,29,-5,INCLUDED_OPEN
39,29,-4,INCLUDED_OPEN
39,29,-3,INCLUDED_OPEN
39,29,-2,INCLUDED_OPEN
39,29,-1,INCLUDED_OPEN
39,29,0,INCLUDED_OPEN
39,29,1,INCLUDED_OPEN
39,29,2,INCLUDED_OPEN
39,29,3,INCLUDED_OPEN
39,29,4,INCLUDED_LOWDATA
39,30,-10,INCLUDED_OPEN
39,30,-9,INCLUDED_OPEN
39,30,-8,INCLUDED_OPEN
39,30,-7,INCLUDED_OPEN
39,30,-6,INCLUDED_OPEN
39,30,-5,INCLUDED_OPEN
39,30,-4,INCLUDED_OPEN
39,30,-3,INCLUDED_OPEN
39,30,-2,INCLUDED_OPEN
39,30,-1,INCLUDED_OPEN
39,30,0,INCLUDED_OPEN
39,30,1,INCLUDED_OPEN
39,30,2,INCLUDED_OPEN
39,30,3,INCLUDED_LOWDATA
39,30,4,INCLUDED_LOWDATA
39,31,-10,INCLUDED_OPEN
39,31,-9,INCLUDED_OPEN
39,31,-8,INCLUDED_OPEN
39,31,-7,INCLUDED_OPEN
39,31,-6,INCLUDED_OPEN
39,31,-5,INCLUDED_OPEN
39,31,-4,INCLUDED_OPEN
39,31,-3,INCLUDED_OPEN
39,31,-2,INCLUDED_OPEN
39,31,-1,INCLUDED_OPEN
39,31,0,INCLUDED_OPEN
39,31,1,INCLUDED_OPEN
39,31,2,INCLUDED_OPEN
39,31,3,INCLUDED_LOWDATA
39,31,4,INCLUDED_LOWDATA
39,32,-10,INCLUDED_OPEN
39,32,-9,INCLUDED_OPEN
39,32,-8,INCLUDED_OPEN
39,32,-7,INCLUDED_OPEN
39,32,-6,INCLUDED_OPEN
39,32,-5,INCLUDED_OPEN
39,32,-4,INCLUDED_OPEN
39,32,-3,INCLUDED_OPEN
39,32,-2,INCLUDED_OPEN
39,32,-1,INCLUDED_OPEN
39,32,0,INCLUDED_OPEN
39,32,1,INCLUDED_OPEN
39,32,2,INCLUDED_LOWDATA
39,32,3,INCLUDED_LOWDATA
39,33,-9,INCLUDED_OPEN
39,33,-8,INCLUDED_OPEN
39,33,-7,INCLUDED_OPEN
39,33,-6,INCLUDED_OPEN
39,33,-5,INCLUDED_OPEN
39,33,-4,INCLUDED_OPEN
39,33,-3,INCLUDED_OPEN
39,33,-2,INCLUDED_OPEN
39,33,-1,INCLUDED_OPEN
39,33,0,INCLUDED_OPEN
39,33,1,INCLUDED_LOWDATA
39,33,2,INCLUDED_LOWDATA
39,33,3,INCLUDED_LOWDATA
39,33,4,INCLUDED_LOWDATA
39,34,-9,INCLUDED_OPEN
39,34,-8,INCLUDED_OPEN
39,34,-7,INCLUDED_OPEN
39,34,-6,INCLUDED_OPEN
39,34,-5,INCLUDED_OPEN
39,34,-4,INCLUDED_OPEN
39,34,-3,INCLUDED_OPEN
39,34,-2,INCLUDED_OPEN
39,34,-1,INCLUDED_OPEN
39,34,0,INCLUDED_OPEN
39,34,1,INCLUDED_OPEN
39,34,2,INCLUDED_LOWDATA
39,34,3,INCLUDED_LOWDATA
39,34,4,INCLUDED_LOWDATA
39,35,-9,INCLUDED_OPEN
39,35,-8,INCLUDED_OPEN
39,35,-7,INCLUDED_OPEN
39,35,-6,INCLUDED_OPEN
39,35,-5,INCLUDED_OPEN
39,35,-4,INCLUDED_OPEN
39,35,-3,INCLUDED_OPEN
39,35,-2,INCLUDED_OPEN
39,35,-1,constrained-misc
39,35,0,INCLUDED_OPEN
39,35,1,INCLUDED_OPEN
39,35,2,INCLUDED_LOWDATA
39,35,3,INCLUDED_LOWDATA
39,35,4,INCLUDED_LOWDATA
40,-30,-2,INCLUDED_OPEN
40,-30,-1,INCLUDED_OPEN
40,-30,0,INCLUDED_OPEN
40,-30,2,INCLUDED_OPEN
40,-30,3,INCLUDED_OPEN
40,-30,4,INCLUDED_OPEN
40,-29,-2,INCLUDED_OPEN
40,-29,-1,INCLUDED_OPEN
40,-29,0,INCLUDED_OPEN
40,-29,1,INCLUDED_LOWDATA
40,-29,2,INCLUDED_OPEN
40,-29,3,INCLUDED_OPEN
40,-29,4,INCLUDED_OPEN
40,-28,-2,INCLUDED_OPEN
40,-28,-1,INCLUDED_OPEN
40,-28,0,INCLUDED_OPEN
40,-28,2,INCLUDED_OPEN
40,-28,3,INCLUDED_OPEN
40,-28,4,INCLUDED_OPEN
40,-27,-2,INCLUDED_OPEN
40,-27,-1,ya
40,-27,0,INCLUDED_OPEN
40,-27,2,INCLUDED_OPEN
40,-27,3,INCLUDED_OPEN
40,-27,4,INCLUDED_OPEN
40,-26,-2,INCLUDED_OPEN
40,-26,-1,INCLUDED_OPEN
40,-26,0,INCLUDED_OPEN
40,-26,1,INCLUDED_OPEN
40,-26,2,INCLUDED_OPEN
40,-26,3,INCLUDED_OPEN
40,-26,4,INCLUDED_OPEN
40,-25,-2,INCLUDED_OPEN
40,-25,-1,INCLUDED_OPEN
40,-25,0,INCLUDED_OPEN
40,-25,1,INCLUDED_OPEN
40,-25,2,INCLUDED_OPEN
40,-25,3,INCLUDED_OPEN
40,-25,4,INCLUDED_OPEN
40,-24,-2,INCLUDED_OPEN
40,-24,-1,INCLUDED_OPEN
40,-24,0,INCLUDED_OPEN
40,-24,1,INCLUDED_OPEN
40,-24,2,INCLUDED_OPEN
40,-24,3,INCLUDED_OPEN
40,-24,4,INCLUDED_OPEN
40,-23,-2,INCLUDED_OPEN
40,-23,-1,INCLUDED_OPEN
40,-23,0,INCLUDED_OPEN
40,-23,1,INCLUDED_OPEN
40,-23,2,INCLUDED_OPEN
40,-23,3,INCLUDED_OPEN
40,-23,4,INCLUDED_OPEN
40,-22,-2,INCLUDED_OPEN
40,-22,-1,INCLUDED_OPEN
40,-22,0,INCLUDED_OPEN
40,-22,1,INCLUDED_OPEN
40,-22,2,INCLUDED_OPEN
40,-22,3,INCLUDED_OPEN
40,-22,4,INCLUDED_OPEN
40,-21,1,INCLUDED_LOWDATA
40,-20,-2,INCLUDED_OPEN
40,-20,-1,INCLUDED_OPEN
40,-20,0,INCLUDED_OPEN
40,-20,1,INCLUDED_OPEN
40,-20,2,INCLUDED_OPEN
40,-19,-2,INCLUDED_OPEN
40,-19,-1,INCLUDED_OPEN
40,-19,0,INCLUDED_OPEN
40,-19,1,INCLUDED_OPEN
40,-19,2,INCLUDED_OPEN
40,-18,-2,INCLUDED_OPEN
40,-18,-1,INCLUDED_OPEN
40,-18,0,INCLUDED_OPEN
40,-18,1,INCLUDED_OPEN
40,-18,2,INCLUDED_OPEN
40,-17,-2,INCLUDED_OPEN
40,-17,-1,INCLUDED_OPEN
40,-17,0,INCLUDED_OPEN
40,-17,1,INCLUDED_OPEN
40,-17,2,INCLUDED_OPEN
40,-16,-2,INCLUDED_OPEN
40,-16,-1,INCLUDED_OPEN
40,-16,0,INCLUDED_OPEN
40,-16,1,INCLUDED_OPEN
40,-16,2,INCLUDED_OPEN
40,-15,-13,EXCLUDED_WATER
40,-15,-12,EXCLUDED_WATER
40,-15,-11,EXCLUDED_WATER
40,-15,-10,EXCLUDED_WATER
40,-15,-9,EXCLUDED_WATER
40,-15,-8,EXCLUDED_WATER
40,-15,-7,EXCLUDED_WATER
40,-15,-6,INCLUDED_OPEN
40,-15,-5,INCLUDED_LOWDATA
40,-15,-4,INCLUDED_LOWDATA
40,-15,-2,INCLUDED_OPEN
40,-15,-1,INCLUDED_OPEN
40,-15,0,INCLUDED_OPEN
40,-15,1,INCLUDED_OPEN
40,-15,2,INCLUDED_OPEN
40,-14,-13,EXCLUDED_WATER
40,-14,-12,EXCLUDED_WATER
40,-14,-11,EXCLUDED_WATER
40,-14,-10,EXCLUDED_WATER
40,-14,-9,EXCLUDED_WATER
40,-14,-8,EXCLUDED_WATER
40,-14,-7,EXCLUDED_WATER
40,-14,-6,INCLUDED_OPEN
40,-14,-5,INCLUDED_OPEN
40,-14,-4,INCLUDED_LOWDATA
40,-14,-2,INCLUDED_OPEN
40,-14,-1,INCLUDED_OPEN
40,-14,0,INCLUDED_OPEN
40,-14,1,INCLUDED_OPEN
40,-14,2,INCLUDED_OPEN
40,-13,-13,EXCLUDED_WATER
40,-13,-12,EXCLUDED_WATER
40,-13,-11,EXCLUDED_WATER
40,-13,-10,EXCLUDED_WATER
40,-13,-9,EXCLUDED_WATER
40,-13,-8,EXCLUDED_WATER
40,-13,-7,EXCLUDED_WATER
40,-13,-6,EXCLUDED_WATER
40,-13,-5,INCLUDED_OPEN
40,-13,-4,INCLUDED_LOWDATA
40,-13,-2,INCLUDED_OPEN
40,-13,-1,INCLUDED_OPEN
40,-13,0,INCLUDED_OPEN
40,-13,1,INCLUDED_OPEN
40,-13,2,INCLUDED_OPEN
40,-12,-13,EXCLUDED_WATER
40,-12,-12,EXCLUDED_WATER
40,-12,-11,EXCLUDED_WATER
40,-12,-10,EXCLUDED_WATER
40,-12,-9,EXCLUDED_WATER
40,-12,-8,EXCLUDED_WATER
40,-12,-7,EXCLUDED_WATER
40,-12,-6,INCLUDED_OPEN
40,-12,-5,INCLUDED_OPEN
40,-12,-4,INCLUDED_LOWDATA
40,-12,-2,INCLUDED_OPEN
40,-12,-1,INCLUDED_OPEN
40,-12,0,INCLUDED_OPEN
40,-12,1,INCLUDED_OPEN
40,-12,2,INCLUDED_OPEN
40,-11,-13,EXCLUDED_WATER
40,-11,-12,EXCLUDED_WATER
40,-11,-11,EXCLUDED_WATER
40,-11,-10,EXCLUDED_WATER
40,-11,-9,EXCLUDED_WATER
40,-11,-8,EXCLUDED_WATER
40,-11,-7,EXCLUDED_WATER
40,-11,-6,INCLUDED_OPEN
40,-11,-5,INCLUDED_OPEN
40,-11,-4,INCLUDED_LOWDATA
40,-11,-2,INCLUDED_OPEN
40,-11,-1,INCLUDED_OPEN
40,-11,0,INCLUDED_OPEN
40,-11,1,INCLUDED_OPEN
40,-11,2,INCLUDED_LOWDATA
40,-10,-13,EXCLUDED_WATER
40,-10,-12,EXCLUDED_WATER
40,-10,-11,EXCLUDED_WATER
40,-10,-10,EXCLUDED_WATER
40,-10,-9,EXCLUDED_WATER
40,-10,-8,EXCLUDED_WATER
40,-10,-7,EXCLUDED_WATER
40,-10,-6,INCLUDED_OPEN
40,-10,-5,INCLUDED_OPEN
40,-10,-4,INCLUDED_OPEN
40,-10,-2,INCLUDED_OPEN
40,-10,-1,INCLUDED_OPEN
40,-10,0,INCLUDED_OPEN
40,-10,1,INCLUDED_OPEN
40,-10,2,INCLUDED_OPEN
40,-9,-13,EXCLUDED_WATER
40,-9,-12,EXCLUDED_WATER
40,-9,-11,EXCLUDED_WATER
40,-9,-10,EXCLUDED_WATER
40,-9,-9,EXCLUDED_WATER
40,-9,-8,EXCLUDED_WATER
40,-9,-7,EXCLUDED_WATER
40,-9,-6,INCLUDED_OPEN
40,-9,-5,INCLUDED_OPEN
40,-9,-4,INCLUDED_OPEN
40,-9,-2,INCLUDED_OPEN
40,-9,-1,INCLUDED_OPEN
40,-9,0,INCLUDED_OPEN
40,-9,1,INCLUDED_OPEN
40,-9,2,INCLUDED_OPEN
40,-8,-13,EXCLUDED_WATER
40,-8,-12,EXCLUDED_WATER
40,-8,-11,EXCLUDED_WATER
40,-8,-10,EXCLUDED_WATER
40,-8,-9,EXCLUDED_WATER
40,-8,-8,EXCLUDED_WATER
40,-8,-7,EXCLUDED_WATER
40,-8,-6,INCLUDED_OPEN
40,-8,-5,INCLUDED_OPEN
40,-8,-4,INCLUDED_OPEN
40,-8,-2,INCLUDED_OPEN
40,-8,-1,INCLUDED_OPEN
40,-8,0,INCLUDED_OPEN
40,-8,1,INCLUDED_OPEN
40,-8,2,INCLUDED_OPEN
40,-7,-13,EXCLUDED_WATER
40,-7,-12,EXCLUDED_WATER
40,-7,-11,EXCLUDED_WATER
40,-7,-10,EXCLUDED_WATER
40,-7,-9,EXCLUDED_WATER
40,-7,-8,EXCLUDED_WATER
40,-7,-7,EXCLUDED_WATER
40,-7,-6,INCLUDED_OPEN
40,-7,-5,INCLUDED_OPEN
40,-7,-4,INCLUDED_OPEN
40,-7,-2,INCLUDED_OPEN
40,-7,-1,INCLUDED_OPEN
40,-7,0,INCLUDED_OPEN
40,-7,1,INCLUDED_OPEN
40,-7,2,INCLUDED_OPEN
40,-6,-13,EXCLUDED_WATER
40,-6,-12,EXCLUDED_WATER
40,-6,-11,EXCLUDED_WATER
40,-6,-10,EXCLUDED_WATER
40,-6,-9,EXCLUDED_WATER
40,-6,-8,EXCLUDED_WATER
40,-6,-7,EXCLUDED_WATER
40,-6,-6,INCLUDED_OPEN
40,-6,-5,INCLUDED_OPEN
40,-6,-4,INCLUDED_OPEN
40,-6,-2,INCLUDED_LOWDATA
40,-6,-1,INCLUDED_OPEN
40,-6,0,INCLUDED_OPEN
40,-6,1,INCLUDED_OPEN
40,-6,2,INCLUDED_OPEN
40,-5,-13,EXCLUDED_WATER
40,-5,-12,EXCLUDED_WATER
40,-5,-11,EXCLUDED_WATER
40,-5,-10,EXCLUDED_WATER
40,-5,-9,EXCLUDED_WATER
40,-5,-8,EXCLUDED_WATER
40,-5,-7,EXCLUDED_WATER
40,-5,-6,INCLUDED_OPEN
40,-5,-5,INCLUDED_OPEN
40,-5,-4,INCLUDED_OPEN
40,-5,-2,INCLUDED_LOWDATA
40,-5,-1,INCLUDED_OPEN
40,-5,0,INCLUDED_OPEN
40,-5,1,INCLUDED_OPEN
40,-5,2,INCLUDED_OPEN
40,-4,-13,EXCLUDED_WATER
40,-4,-12,EXCLUDED_WATER
40,-4,-11,EXCLUDED_WATER
40,-4,-10,EXCLUDED_WATER
40,-4,-9,EXCLUDED_WATER
40,-4,-8,EXCLUDED_WATER
40,-4,-7,EXCLUDED_WATER
40,-4,-6,INCLUDED_OPEN
40,-4,-5,INCLUDED_OPEN
40,-4,-4,INCLUDED_OPEN
40,-4,-2,INCLUDED_OPEN
40,-4,-1,INCLUDED_OPEN
40,-4,0,INCLUDED_OPEN
40,-4,1,INCLUDED_OPEN
40,-4,2,INCLUDED_OPEN
40,-3,-13,EXCLUDED_WATER
40,-3,-12,EXCLUDED_WATER
40,-3,-11,EXCLUDED_WATER
40,-3,-10,EXCLUDED_WATER
40,-3,-9,EXCLUDED_WATER
40,-3,-8,EXCLUDED_WATER
40,-3,-7,EXCLUDED_WATER
40,-3,-6,INCLUDED_OPEN
40,-3,-5,INCLUDED_OPEN
40,-3,-4,INCLUDED_OPEN
40,-3,-2,INCLUDED_LOWDATA
40,-3,-1,INCLUDED_OPEN
40,-3,0,INCLUDED_OPEN
40,-3,1,INCLUDED_OPEN
40,-2,-13,EXCLUDED_WATER
40,-2,-12,EXCLUDED_WATER
40,-2,-11,EXCLUDED_WATER
40,-2,-10,EXCLUDED_WATER
40,-2,-9,EXCLUDED_WATER
40,-2,-8,EXCLUDED_WATER
40,-2,-7,EXCLUDED_WATER
40,-2,-6,INCLUDED_OPEN
40,-2,-5,INCLUDED_OPEN
40,-2,-4,INCLUDED_OPEN
40,-2,-2,INCLUDED_OPEN
40,-2,-1,INCLUDED_OPEN
40,-2,0,INCLUDED_OPEN
40,-2,1,INCLUDED_OPEN
40,-2,2,INCLUDED_OPEN
40,-1,-13,EXCLUDED_WATER
40,-1,-12,EXCLUDED_WATER
40,-1,-11,EXCLUDED_WATER
40,-1,-10,EXCLUDED_WATER
40,-1,-9,EXCLUDED_WATER
40,-1,-8,EXCLUDED_WATER
40,-1,-6,INCLUDED_OPEN
40,-1,-5,INCLUDED_OPEN
40,-1,-4,INCLUDED_OPEN
40,-1,-2,INCLUDED_OPEN
40,-1,-1,INCLUDED_OPEN
40,-1,0,INCLUDED_OPEN
40,-1,1,INCLUDED_OPEN
40,-1,2,INCLUDED_OPEN
40,0,-13,EXCLUDED_WATER
40,0,-12,EXCLUDED_WATER
40,0,-11,EXCLUDED_WATER
40,0,-10,EXCLUDED_WATER
40,0,-9,EXCLUDED_WATER
40,0,-8,EXCLUDED_WATER
40,0,-6,INCLUDED_OPEN
40,0,-5,INCLUDED_OPEN
40,0,-4,INCLUDED_OPEN
40,0,-2,INCLUDED_OPEN
40,0,-1,INCLUDED_OPEN
40,0,0,INCLUDED_OPEN
40,0,1,INCLUDED_OPEN
40,0,2,INCLUDED_OPEN
40,1,-13,EXCLUDED_WATER
40,1,-12,EXCLUDED_WATER
40,1,-11,EXCLUDED_WATER
40,1,-10,EXCLUDED_WATER
40,1,-9,EXCLUDED_WATER
40,1,-8,EXCLUDED_WATER
40,1,-7,EXCLUDED_WATER
40,1,-6,INCLUDED_OPEN
40,1,-5,INCLUDED_OPEN
40,1,-4,INCLUDED_OPEN
40,1,-2,INCLUDED_OPEN
40,1,-1,INCLUDED_OPEN
40,1,0,INCLUDED_OPEN
40,1,1,INCLUDED_OPEN
40,1,2,INCLUDED_OPEN
40,2,-13,EXCLUDED_WATER
40,2,-12,EXCLUDED_WATER
40,2,-11,EXCLUDED_WATER
40,2,-10,EXCLUDED_WATER
40,2,-9,EXCLUDED_WATER
40,2,-8,EXCLUDED_WATER
40,2,-7,EXCLUDED_WATER
40,2,-6,INCLUDED_OPEN
40,2,-5,INCLUDED_OPEN
40,2,-4,INCLUDED_OPEN
40,2,-2,INCLUDED_OPEN
40,2,-1,INCLUDED_OPEN
40,2,0,INCLUDED_OPEN
40,2,1,INCLUDED_OPEN
40,2,2,INCLUDED_OPEN
40,3,-13,EXCLUDED_WATER
40,3,-12,EXCLUDED_WATER
40,3,-11,EXCLUDED_WATER
40,3,-10,EXCLUDED_WATER
40,3,-9,EXCLUDED_WATER
40,3,-8,EXCLUDED_WATER
40,3,-7,EXCLUDED_WATER
40,3,-6,INCLUDED_OPEN
40,3,-5,INCLUDED_OPEN
40,3,-4,INCLUDED_OPEN
40,3,-2,INCLUDED_OPEN
40,3,-1,INCLUDED_OPEN
40,3,0,INCLUDED_OPEN
40,3,1,INCLUDED_OPEN
40,3,2,INCLUDED_OPEN
40,4,-13,EXCLUDED_WATER
40,4,-12,EXCLUDED_WATER
40,4,-2,INCLUDED_OPEN
40,4,-1,INCLUDED_OPEN
40,4,0,INCLUDED_OPEN
40,4,1,INCLUDED_OPEN
40,4,2,INCLUDED_OPEN
40,5,-13,EXCLUDED_WATER
40,5,-12,EXCLUDED_WATER
40,5,-1,INCLUDED_OPEN
40,5,0,INCLUDED_OPEN
40,5,1,INCLUDED_OPEN
40,5,2,INCLUDED_OPEN
40,6,-13,EXCLUDED_WATER
40,6,-12,EXCLUDED_WATER
40,6,-1,constrained-misc
40,6,0,INCLUDED_OPEN
40,6,1,INCLUDED_OPEN
40,6,2,INCLUDED_OPEN
40,7,-13,EXCLUDED_WATER
40,7,-12,EXCLUDED_WATER
40,7,0,INCLUDED_OPEN
40,7,1,INCLUDED_OPEN
40,7,2,INCLUDED_OPEN
40,8,-13,EXCLUDED_WATER
40,8,-12,EXCLUDED_WATER
40,8,0,INCLUDED_OPEN
40,8,1,INCLUDED_OPEN
40,8,2,INCLUDED_OPEN
40,9,-13,EXCLUDED_WATER
40,9,-12,EXCLUDED_WATER
40,9,1,INCLUDED_OPEN
40,9,2,INCLUDED_OPEN
40,10,-13,EXCLUDED_WATER
40,10,-12,EXCLUDED_WATER
40,10,-1,INCLUDED_LOWDATA
40,10,1,INCLUDED_OPEN
40,10,2,INCLUDED_OPEN
40,10,3,INCLUDED_OPEN
40,10,4,INCLUDED_OPEN
40,11,-13,EXCLUDED_WATER
40,11,-12,EXCLUDED_WATER
40,11,-2,INCLUDED_LOWDATA
40,11,-1,INCLUDED_LOWDATA
40,11,1,INCLUDED_OPEN
40,11,2,INCLUDED_OPEN
40,11,3,INCLUDED_OPEN
40,11,4,INCLUDED_OPEN
40,12,-13,EXCLUDED_WATER
40,12,-12,EXCLUDED_WATER
40,12,1,INCLUDED_OPEN
40,12,2,INCLUDED_OPEN
40,12,3,INCLUDED_OPEN
40,12,4,INCLUDED_OPEN
40,13,-13,EXCLUDED_WATER
40,13,-12,EXCLUDED_WATER
40,13,1,INCLUDED_OPEN
40,13,2,INCLUDED_OPEN
40,13,3,INCLUDED_OPEN
40,13,4,INCLUDED_OPEN
40,13,5,INCLUDED_OPEN
40,14,-13,EXCLUDED_WATER
40,14,-12,EXCLUDED_WATER
40,14,1,INCLUDED_OPEN
40,14,2,INCLUDED_OPEN
40,14,3,INCLUDED_OPEN
40,14,4,INCLUDED_OPEN
40,14,5,INCLUDED_OPEN
40,15,-13,EXCLUDED_WATER
40,15,-12,EXCLUDED_WATER
40,15,1,INCLUDED_OPEN
40,15,2,INCLUDED_OPEN
40,15,3,INCLUDED_OPEN
40,15,4,INCLUDED_OPEN
40,15,5,INCLUDED_OPEN
40,16,-13,EXCLUDED_WATER
40,16,-12,EXCLUDED_WATER
40,16,1,INCLUDED_OPEN
40,16,2,INCLUDED_OPEN
40,16,3,INCLUDED_OPEN
40,16,4,INCLUDED_OPEN
40,16,5,INCLUDED_OPEN
40,17,-13,EXCLUDED_WATER
40,17,-12,EXCLUDED_WATER
40,17,1,INCLUDED_OPEN
40,17,2,INCLUDED_OPEN
40,17,3,INCLUDED_OPEN
40,17,4,INCLUDED_OPEN
40,17,5,INCLUDED_OPEN
40,18,-13,EXCLUDED_WATER
40,18,-12,EXCLUDED_WATER
40,18,1,INCLUDED_OPEN
40,18,2,INCLUDED_OPEN
40,18,3,INCLUDED_OPEN
40,18,4,INCLUDED_OPEN
40,18,5,INCLUDED_OPEN
40,19,-13,EXCLUDED_WATER
40,19,-12,EXCLUDED_WATER
40,19,-11,EXCLUDED_WATER
40,19,1,INCLUDED_OPEN
40,19,2,INCLUDED_OPEN
40,19,3,INCLUDED_OPEN
40,19,4,INCLUDED_OPEN
40,20,-13,EXCLUDED_WATER
40,20,-12,EXCLUDED_WATER
40,20,-11,EXCLUDED_WATER
40,21,-13,EXCLUDED_WATER
40,21,-12,EXCLUDED_WATER
40,21,-11,EXCLUDED_WATER
40,21,-10,INCLUDED_OPEN
40,21,-9,INCLUDED_OPEN
40,21,-8,INCLUDED_OPEN
40,21,-7,INCLUDED_OPEN
40,21,-6,INCLUDED_OPEN
40,21,-5,INCLUDED_OPEN
40,21,-4,INCLUDED_OPEN
40,21,-3,INCLUDED_OPEN
40,21,-2,INCLUDED_OPEN
40,21,-1,INCLUDED_OPEN
40,21,0,INCLUDED_OPEN
40,21,1,INCLUDED_OPEN
40,21,2,INCLUDED_OPEN
40,21,3,INCLUDED_OPEN
40,21,4,INCLUDED_LOWDATA
40,22,-12,EXCLUDED_WATER
40,22,-11,EXCLUDED_WATER
40,22,-10,INCLUDED_OPEN
40,22,-9,INCLUDED_OPEN
40,22,-8,INCLUDED_OPEN
40,22,-7,INCLUDED_OPEN
40,22,-6,INCLUDED_OPEN
40,22,-5,INCLUDED_OPEN
40,22,-4,INCLUDED_OPEN
40,22,-3,INCLUDED_OPEN
40,22,-2,INCLUDED_OPEN
40,22,-1,INCLUDED_OPEN
40,22,0,INCLUDED_OPEN
40,22,1,INCLUDED_OPEN
40,22,2,INCLUDED_OPEN
40,22,3,INCLUDED_OPEN
40,22,4,INCLUDED_OPEN
40,23,-12,EXCLUDED_WATER
40,23,-11,EXCLUDED_WATER
40,23,-10,INCLUDED_OPEN
40,23,-9,INCLUDED_OPEN
40,23,-8,INCLUDED_OPEN
40,23,-7,INCLUDED_OPEN
40,23,-6,INCLUDED_OPEN
40,23,-5,INCLUDED_OPEN
40,23,-4,INCLUDED_OPEN
40,23,-3,INCLUDED_OPEN
40,23,-2,INCLUDED_OPEN
40,23,-1,INCLUDED_OPEN
40,23,0,INCLUDED_OPEN
40,23,1,INCLUDED_OPEN
40,23,2,INCLUDED_OPEN
40,23,3,INCLUDED_OPEN
40,23,4,INCLUDED_LOWDATA
40,24,-11,EXCLUDED_WATER
40,24,-10,INCLUDED_OPEN
40,24,-9,INCLUDED_OPEN
40,24,-8,INCLUDED_OPEN
40,24,-7,INCLUDED_OPEN
40,24,-6,INCLUDED_OPEN
40,24,-5,INCLUDED_OPEN
40,24,-4,INCLUDED_OPEN
40,24,-3,INCLUDED_OPEN
40,24,-2,INCLUDED_OPEN
40,24,-1,INCLUDED_OPEN
40,24,0,INCLUDED_OPEN
40,24,1,INCLUDED_OPEN
40,24,2,INCLUDED_OPEN
40,24,3,INCLUDED_OPEN
40,24,4,INCLUDED_OPEN
40,25,-10,INCLUDED_OPEN
40,25,-9,INCLUDED_OPEN
40,25,-8,INCLUDED_OPEN
40,25,-7,INCLUDED_OPEN
40,25,-6,INCLUDED_OPEN
40,25,-5,INCLUDED_OPEN
40,25,-4,INCLUDED_OPEN
40,25,-3,INCLUDED_OPEN
40,25,-2,INCLUDED_OPEN
40,25,-1,INCLUDED_OPEN
40,25,0,INCLUDED_OPEN
40,25,1,INCLUDED_OPEN
40,25,2,INCLUDED_OPEN
40,25,3,INCLUDED_OPEN
40,25,4,INCLUDED_OPEN
40,26,-10,INCLUDED_OPEN
40,26,-9,INCLUDED_OPEN
40,26,-8,INCLUDED_OPEN
40,26,-7,INCLUDED_OPEN
40,26,-6,INCLUDED_OPEN
40,26,-5,INCLUDED_OPEN
40,26,-4,INCLUDED_OPEN
40,26,-3,INCLUDED_OPEN
40,26,-2,INCLUDED_OPEN
40,26,-1,INCLUDED_OPEN
40,26,0,INCLUDED_OPEN
40,26,1,INCLUDED_OPEN
40,26,2,INCLUDED_OPEN
40,26,3,INCLUDED_OPEN
40,26,4,INCLUDED_OPEN
40,27,-10,INCLUDED_OPEN
40,27,-9,INCLUDED_OPEN
40,27,-8,INCLUDED_OPEN
40,27,-7,INCLUDED_OPEN
40,27,-6,INCLUDED_OPEN
40,27,-5,INCLUDED_OPEN
40,27,-4,INCLUDED_OPEN
40,27,-3,INCLUDED_OPEN
40,27,-2,INCLUDED_OPEN
40,27,-1,INCLUDED_OPEN
40,27,0,INCLUDED_OPEN
40,27,1,INCLUDED_OPEN
40,27,2,INCLUDED_OPEN
40,27,3,INCLUDED_OPEN
40,27,4,INCLUDED_LOWDATA
40,28,-10,INCLUDED_OPEN
40,28,-9,INCLUDED_OPEN
40,28,-8,INCLUDED_OPEN
40,28,-7,INCLUDED_OPEN
40,28,-6,INCLUDED_OPEN
40,28,-5,INCLUDED_OPEN
40,28,-4,INCLUDED_OPEN
40,28,-3,INCLUDED_OPEN
40,28,-2,INCLUDED_OPEN
40,28,-1,INCLUDED_OPEN
40,28,0,INCLUDED_OPEN
40,28,1,INCLUDED_OPEN
40,28,2,INCLUDED_OPEN
40,28,3,INCLUDED_OPEN
40,28,4,INCLUDED_LOWDATA
40,29,-10,INCLUDED_OPEN
40,29,-9,INCLUDED_OPEN
40,29,-8,INCLUDED_OPEN
40,29,-7,INCLUDED_OPEN
40,29,-6,INCLUDED_OPEN
40,29,-5,INCLUDED_OPEN
40,29,-4,INCLUDED_OPEN
40,29,-3,INCLUDED_OPEN
40,29,-2,INCLUDED_OPEN
40,29,-1,INCLUDED_OPEN
40,29,0,INCLUDED_OPEN
40,29,1,INCLUDED_OPEN
40,29,2,INCLUDED_OPEN
40,29,3,INCLUDED_OPEN
40,29,4,INCLUDED_LOWDATA
40,30,-10,INCLUDED_OPEN
40,30,-9,INCLUDED_OPEN
40,30,-8,INCLUDED_OPEN
40,30,-7,INCLUDED_OPEN
40,30,-6,INCLUDED_OPEN
40,30,-5,INCLUDED_OPEN
40,30,-4,INCLUDED_OPEN
40,30,-3,INCLUDED_OPEN
40,30,-2,INCLUDED_OPEN
40,30,-1,INCLUDED_OPEN
40,30,0,INCLUDED_OPEN
40,30,1,INCLUDED_OPEN
40,30,2,INCLUDED_OPEN
40,30,3,INCLUDED_OPEN
40,30,4,INCLUDED_LOWDATA
40,31,-10,INCLUDED_OPEN
40,31,-9,INCLUDED_OPEN
40,31,-8,INCLUDED_OPEN
40,31,-7,INCLUDED_OPEN
40,31,-6,INCLUDED_OPEN
40,31,-5,INCLUDED_OPEN
40,31,-4,INCLUDED_OPEN
40,31,-3,INCLUDED_OPEN
40,31,-2,INCLUDED_OPEN
40,31,-1,INCLUDED_OPEN
40,31,0,INCLUDED_OPEN
40,31,1,INCLUDED_OPEN
40,31,2,INCLUDED_OPEN
40,31,3,INCLUDED_LOWDATA
40,31,4,INCLUDED_LOWDATA
40,32,-10,INCLUDED_OPEN
40,32,-9,INCLUDED_OPEN
40,32,-8,INCLUDED_OPEN
40,32,-7,INCLUDED_OPEN
40,32,-6,INCLUDED_OPEN
40,32,-5,INCLUDED_OPEN
40,32,-4,INCLUDED_OPEN
40,32,-3,INCLUDED_OPEN
40,32,-2,INCLUDED_OPEN
40,32,-1,INCLUDED_OPEN
40,32,0,INCLUDED_OPEN
40,32,1,INCLUDED_OPEN
40,32,2,INCLUDED_OPEN
40,32,3,INCLUDED_LOWDATA
40,32,4,INCLUDED_LOWDATA
40,33,-9,INCLUDED_OPEN
40,33,-8,INCLUDED_OPEN
40,33,-7,INCLUDED_OPEN
40,33,-6,INCLUDED_OPEN
40,33,-5,INCLUDED_OPEN
40,33,-4,INCLUDED_OPEN
40,33,-3,INCLUDED_OPEN
40,33,-2,INCLUDED_OPEN
40,33,-1,INCLUDED_OPEN
40,33,0,INCLUDED_LOWDATA
40,33,1,INCLUDED_OPEN
40,33,2,INCLUDED_LOWDATA
40,33,3,INCLUDED_LOWDATA
40,33,4,INCLUDED_LOWDATA
40,34,-9,INCLUDED_OPEN
40,34,-8,INCLUDED_OPEN
40,34,-7,INCLUDED_OPEN
40,34,-6,INCLUDED_OPEN
40,34,-5,INCLUDED_OPEN
40,34,-4,INCLUDED_OPEN
40,34,-3,INCLUDED_OPEN
40,34,-2,INCLUDED_OPEN
40,34,-1,INCLUDED_OPEN
40,34,0,INCLUDED_OPEN
40,34,1,INCLUDED_OPEN
40,34,2,INCLUDED_LOWDATA
40,34,3,INCLUDED_LOWDATA
40,34,4,INCLUDED_LOWDATA
40,35,-9,INCLUDED_OPEN
40,35,-8,INCLUDED_OPEN
40,35,-7,INCLUDED_OPEN
40,35,-6,INCLUDED_OPEN
40,35,-5,INCLUDED_OPEN
40,35,-4,INCLUDED_OPEN
40,35,-3,INCLUDED_OPEN
40,35,-2,INCLUDED_OPEN
40,35,-1,INCLUDED_OPEN
40,35,0,INCLUDED_OPEN
40,35,1,INCLUDED_LOWDATA
40,35,2,INCLUDED_LOWDATA
40,35,3,INCLUDED_LOWDATA
40,35,4,INCLUDED_LOWDATA
41,-31,-1,INCLUDED_LOWDATA
41,-30,-2,INCLUDED_OPEN
41,-30,-1,INCLUDED_OPEN
41,-30,0,INCLUDED_OPEN
41,-30,1,INCLUDED_LOWDATA
41,-30,2,INCLUDED_OPEN
41,-30,3,INCLUDED_OPEN
41,-30,4,INCLUDED_OPEN
41,-29,-2,INCLUDED_OPEN
41,-29,-1,INCLUDED_OPEN
41,-29,0,INCLUDED_OPEN
41,-29,2,INCLUDED_OPEN
41,-29,3,INCLUDED_OPEN
41,-29,4,INCLUDED_OPEN
41,-28,-2,INCLUDED_OPEN
41,-28,-1,INCLUDED_OPEN
41,-28,0,INCLUDED_OPEN
41,-28,2,INCLUDED_OPEN
41,-28,3,INCLUDED_OPEN
41,-28,4,INCLUDED_OPEN
41,-27,-2,INCLUDED_OPEN
41,-27,-1,ya
41,-27,0,INCLUDED_OPEN
41,-27,2,INCLUDED_OPEN
41,-27,3,INCLUDED_OPEN
41,-27,4,INCLUDED_OPEN
41,-26,-2,INCLUDED_OPEN
41,-26,-1,INCLUDED_OPEN
41,-26,0,INCLUDED_OPEN
41,-26,1,INCLUDED_OPEN
41,-26,2,INCLUDED_OPEN
41,-26,3,INCLUDED_OPEN
41,-26,4,INCLUDED_OPEN
41,-25,-2,INCLUDED_OPEN
41,-25,-1,INCLUDED_OPEN
41,-25,0,INCLUDED_OPEN
41,-25,1,INCLUDED_OPEN
41,-25,2,INCLUDED_OPEN
41,-25,3,INCLUDED_OPEN
41,-25,4,INCLUDED_OPEN
41,-24,-2,INCLUDED_OPEN
41,-24,-1,INCLUDED_OPEN
41,-24,0,INCLUDED_OPEN
41,-24,1,INCLUDED_OPEN
41,-24,2,INCLUDED_OPEN
41,-24,3,INCLUDED_OPEN
41,-24,4,INCLUDED_OPEN
41,-23,-2,INCLUDED_OPEN
41,-23,-1,INCLUDED_OPEN
41,-23,0,INCLUDED_OPEN
41,-23,1,INCLUDED_OPEN
41,-23,2,INCLUDED_OPEN
41,-23,3,INCLUDED_OPEN
41,-23,4,INCLUDED_OPEN
41,-22,-2,INCLUDED_OPEN
41,-22,-1,INCLUDED_OPEN
41,-22,0,INCLUDED_OPEN
41,-22,1,INCLUDED_OPEN
41,-22,2,INCLUDED_OPEN
41,-22,3,INCLUDED_OPEN
41,-22,4,INCLUDED_OPEN
41,-19,-2,INCLUDED_OPEN
41,-19,-1,INCLUDED_OPEN
41,-19,0,INCLUDED_OPEN
41,-19,1,INCLUDED_OPEN
41,-19,2,INCLUDED_OPEN
41,-18,-2,INCLUDED_OPEN
41,-18,-1,INCLUDED_OPEN
41,-18,0,INCLUDED_OPEN
41,-18,1,INCLUDED_OPEN
41,-18,2,INCLUDED_OPEN
41,-17,-2,INCLUDED_OPEN
41,-17,-1,INCLUDED_OPEN
41,-17,0,INCLUDED_OPEN
41,-17,1,INCLUDED_OPEN
41,-17,2,INCLUDED_OPEN
41,-16,-2,INCLUDED_OPEN
41,-16,-1,INCLUDED_OPEN
41,-16,0,INCLUDED_OPEN
41,-16,1,INCLUDED_OPEN
41,-16,2,INCLUDED_OPEN
41,-15,-13,EXCLUDED_WATER
41,-15,-12,EXCLUDED_WATER
41,-15,-11,EXCLUDED_WATER
41,-15,-10,EXCLUDED_WATER
41,-15,-9,EXCLUDED_WATER
41,-15,-8,EXCLUDED_WATER
41,-15,-7,EXCLUDED_WATER
41,-15,-6,INCLUDED_OPEN
41,-15,-5,INCLUDED_OPEN
41,-15,-4,INCLUDED_LOWDATA
41,-15,-2,INCLUDED_OPEN
41,-15,-1,INCLUDED_OPEN
41,-15,0,INCLUDED_OPEN
41,-15,1,INCLUDED_OPEN
41,-15,2,INCLUDED_OPEN
41,-14,-13,EXCLUDED_WATER
41,-14,-12,EXCLUDED_WATER
41,-14,-11,EXCLUDED_WATER
41,-14,-10,EXCLUDED_WATER
41,-14,-9,EXCLUDED_WATER
41,-14,-8,EXCLUDED_WATER
41,-14,-7,EXCLUDED_WATER
41,-14,-6,INCLUDED_OPEN
41,-14,-5,INCLUDED_OPEN
41,-14,-4,INCLUDED_LOWDATA
41,-14,-2,INCLUDED_OPEN
41,-14,-1,INCLUDED_OPEN
41,-14,0,INCLUDED_OPEN
41,-14,1,INCLUDED_OPEN
41,-14,2,INCLUDED_OPEN
41,-13,-13,EXCLUDED_WATER
41,-13,-12,EXCLUDED_WATER
41,-13,-11,EXCLUDED_WATER
41,-13,-10,EXCLUDED_WATER
41,-13,-9,EXCLUDED_WATER
41,-13,-8,EXCLUDED_WATER
41,-13,-7,EXCLUDED_WATER
41,-13,-6,INCLUDED_OPEN
41,-13,-5,INCLUDED_OPEN
41,-13,-4,INCLUDED_LOWDATA
41,-13,-2,INCLUDED_OPEN
41,-13,-1,INCLUDED_OPEN
41,-13,0,INCLUDED_OPEN
41,-13,1,INCLUDED_OPEN
41,-13,2,INCLUDED_OPEN
41,-12,-13,EXCLUDED_WATER
41,-12,-12,EXCLUDED_WATER
41,-12,-11,EXCLUDED_WATER
41,-12,-10,EXCLUDED_WATER
41,-12,-9,EXCLUDED_WATER
41,-12,-8,EXCLUDED_WATER
41,-12,-7,EXCLUDED_WATER
41,-12,-6,INCLUDED_OPEN
41,-12,-5,INCLUDED_OPEN
41,-12,-4,INCLUDED_LOWDATA
41,-12,-2,INCLUDED_OPEN
41,-12,-1,INCLUDED_OPEN
41,-12,0,INCLUDED_OPEN
41,-12,1,INCLUDED_OPEN
41,-12,2,INCLUDED_OPEN
41,-11,-13,EXCLUDED_WATER
41,-11,-12,EXCLUDED_WATER
41,-11,-11,EXCLUDED_WATER
41,-11,-10,EXCLUDED_WATER
41,-11,-9,EXCLUDED_WATER
41,-11,-8,EXCLUDED_WATER
41,-11,-7,EXCLUDED_WATER
41,-11,-6,INCLUDED_OPEN
41,-11,-5,INCLUDED_OPEN
41,-11,-4,INCLUDED_LOWDATA
41,-11,-2,INCLUDED_OPEN
41,-11,-1,INCLUDED_OPEN
41,-11,0,INCLUDED_OPEN
41,-11,1,INCLUDED_OPEN
41,-10,-13,EXCLUDED_WATER
41,-10,-12,EXCLUDED_WATER
41,-10,-11,EXCLUDED_WATER
41,-10,-10,EXCLUDED_WATER
41,-10,-9,EXCLUDED_WATER
41,-10,-8,EXCLUDED_WATER
41,-10,-7,EXCLUDED_WATER
41,-10,-6,INCLUDED_OPEN
41,-10,-5,INCLUDED_OPEN
41,-10,-4,INCLUDED_OPEN
41,-10,-2,INCLUDED_OPEN
41,-10,-1,INCLUDED_OPEN
41,-10,0,INCLUDED_OPEN
41,-10,1,INCLUDED_OPEN
41,-10,2,INCLUDED_OPEN
41,-9,-13,EXCLUDED_WATER
41,-9,-12,EXCLUDED_WATER
41,-9,-11,EXCLUDED_WATER
41,-9,-10,EXCLUDED_WATER
41,-9,-9,EXCLUDED_WATER
41,-9,-8,EXCLUDED_WATER
41,-9,-7,EXCLUDED_WATER
41,-9,-6,INCLUDED_OPEN
41,-9,-5,INCLUDED_OPEN
41,-9,-4,INCLUDED_LOWDATA
41,-9,-2,INCLUDED_OPEN
41,-9,-1,INCLUDED_OPEN
41,-9,0,INCLUDED_OPEN
41,-9,1,INCLUDED_OPEN
41,-9,2,INCLUDED_OPEN
41,-8,-13,EXCLUDED_WATER
41,-8,-12,EXCLUDED_WATER
41,-8,-11,EXCLUDED_WATER
41,-8,-10,EXCLUDED_WATER
41,-8,-9,EXCLUDED_WATER
41,-8,-8,EXCLUDED_WATER
41,-8,-7,EXCLUDED_WATER
41,-8,-6,INCLUDED_OPEN
41,-8,-5,INCLUDED_OPEN
41,-8,-4,INCLUDED_OPEN
41,-8,-2,INCLUDED_OPEN
41,-8,-1,INCLUDED_OPEN
41,-8,0,INCLUDED_OPEN
41,-8,1,INCLUDED_OPEN
41,-8,2,INCLUDED_OPEN
41,-7,-13,EXCLUDED_WATER
41,-7,-12,EXCLUDED_WATER
41,-7,-11,EXCLUDED_WATER
41,-7,-10,EXCLUDED_WATER
41,-7,-9,EXCLUDED_WATER
41,-7,-8,EXCLUDED_WATER
41,-7,-7,EXCLUDED_WATER
41,-7,-6,INCLUDED_OPEN
41,-7,-5,INCLUDED_OPEN
41,-7,-4,INCLUDED_OPEN
41,-7,-2,INCLUDED_OPEN
41,-7,-1,INCLUDED_OPEN
41,-7,0,INCLUDED_OPEN
41,-7,1,INCLUDED_OPEN
41,-7,2,INCLUDED_OPEN
41,-6,-13,EXCLUDED_WATER
41,-6,-12,EXCLUDED_WATER
41,-6,-11,EXCLUDED_WATER
41,-6,-10,EXCLUDED_WATER
41,-6,-9,EXCLUDED_WATER
41,-6,-8,EXCLUDED_WATER
41,-6,-7,EXCLUDED_WATER
41,-6,-6,INCLUDED_OPEN
41,-6,-5,INCLUDED_OPEN
41,-6,-4,INCLUDED_OPEN
41,-6,-2,INCLUDED_OPEN
41,-6,-1,INCLUDED_OPEN
41,-6,0,INCLUDED_OPEN
41,-6,1,INCLUDED_OPEN
41,-6,2,INCLUDED_OPEN
41,-5,-13,EXCLUDED_WATER
41,-5,-12,EXCLUDED_WATER
41,-5,-11,EXCLUDED_WATER
41,-5,-10,EXCLUDED_WATER
41,-5,-9,EXCLUDED_WATER
41,-5,-8,EXCLUDED_WATER
41,-5,-7,EXCLUDED_WATER
41,-5,-6,INCLUDED_OPEN
41,-5,-5,INCLUDED_OPEN
41,-5,-4,INCLUDED_OPEN
41,-5,-2,INCLUDED_OPEN
41,-5,-1,INCLUDED_OPEN
41,-5,0,INCLUDED_OPEN
41,-5,1,INCLUDED_OPEN
41,-5,2,INCLUDED_OPEN
41,-4,-13,EXCLUDED_WATER
41,-4,-12,EXCLUDED_WATER
41,-4,-11,EXCLUDED_WATER
41,-4,-10,EXCLUDED_WATER
41,-4,-9,EXCLUDED_WATER
41,-4,-8,EXCLUDED_WATER
41,-4,-7,EXCLUDED_WATER
41,-4,-6,INCLUDED_OPEN
41,-4,-5,INCLUDED_OPEN
41,-4,-4,INCLUDED_OPEN
41,-4,-2,INCLUDED_OPEN
41,-4,-1,INCLUDED_OPEN
41,-4,0,INCLUDED_OPEN
41,-4,1,INCLUDED_OPEN
41,-4,2,INCLUDED_OPEN
41,-3,-13,EXCLUDED_WATER
41,-3,-12,EXCLUDED_WATER
41,-3,-11,EXCLUDED_WATER
41,-3,-10,EXCLUDED_WATER
41,-3,-9,EXCLUDED_WATER
41,-3,-8,EXCLUDED_WATER
41,-3,-6,INCLUDED_OPEN
41,-3,-5,INCLUDED_OPEN
41,-3,-4,INCLUDED_OPEN
41,-3,-2,INCLUDED_OPEN
41,-3,-1,INCLUDED_OPEN
41,-3,0,INCLUDED_OPEN
41,-3,1,INCLUDED_OPEN
41,-2,-13,EXCLUDED_WATER
41,-2,-12,EXCLUDED_WATER
41,-2,-11,EXCLUDED_WATER
41,-2,-10,EXCLUDED_WATER
41,-2,-9,EXCLUDED_WATER
41,-2,-8,EXCLUDED_WATER
41,-2,-6,INCLUDED_OPEN
41,-2,-5,INCLUDED_OPEN
41,-2,-4,INCLUDED_OPEN
41,-2,-2,INCLUDED_OPEN
41,-2,-1,INCLUDED_OPEN
41,-2,0,INCLUDED_OPEN
41,-2,1,INCLUDED_OPEN
41,-2,2,INCLUDED_OPEN
41,-1,-13,EXCLUDED_WATER
41,-1,-12,EXCLUDED_WATER
41,-1,-11,EXCLUDED_WATER
41,-1,-10,EXCLUDED_WATER
41,-1,-9,EXCLUDED_WATER
41,-1,-8,EXCLUDED_WATER
41,-1,-6,INCLUDED_OPEN
41,-1,-5,INCLUDED_OPEN
41,-1,-4,INCLUDED_OPEN
41,-1,-2,INCLUDED_OPEN
41,-1,-1,INCLUDED_OPEN
41,-1,0,INCLUDED_OPEN
41,-1,1,INCLUDED_OPEN
41,-1,2,INCLUDED_OPEN
41,0,-13,EXCLUDED_WATER
41,0,-12,EXCLUDED_WATER
41,0,-11,EXCLUDED_WATER
41,0,-10,EXCLUDED_WATER
41,0,-9,EXCLUDED_WATER
41,0,-8,EXCLUDED_WATER
41,0,-6,INCLUDED_OPEN
41,0,-5,INCLUDED_OPEN
41,0,-4,INCLUDED_OPEN
41,0,-2,INCLUDED_OPEN
41,0,-1,INCLUDED_OPEN
41,0,0,INCLUDED_OPEN
41,0,1,INCLUDED_OPEN
41,0,2,INCLUDED_OPEN
41,1,-13,EXCLUDED_WATER
41,1,-12,EXCLUDED_WATER
41,1,-11,EXCLUDED_WATER
41,1,-10,EXCLUDED_WATER
41,1,-9,EXCLUDED_WATER
41,1,-8,EXCLUDED_WATER
41,1,-7,EXCLUDED_WATER
41,1,-6,INCLUDED_OPEN
41,1,-5,INCLUDED_OPEN
41,1,-4,INCLUDED_OPEN
41,1,-2,INCLUDED_OPEN
41,1,-1,INCLUDED_OPEN
41,1,0,INCLUDED_OPEN
41,1,1,INCLUDED_OPEN
41,1,2,INCLUDED_OPEN
41,2,-13,EXCLUDED_WATER
41,2,-12,EXCLUDED_WATER
41,2,-11,EXCLUDED_WATER
41,2,-10,EXCLUDED_WATER
41,2,-9,EXCLUDED_WATER
41,2,-8,EXCLUDED_WATER
41,2,-7,EXCLUDED_WATER
41,2,-6,INCLUDED_OPEN
41,2,-5,INCLUDED_OPEN
41,2,-4,INCLUDED_OPEN
41,2,-2,INCLUDED_OPEN
41,2,-1,INCLUDED_OPEN
41,2,0,INCLUDED_OPEN
41,2,1,INCLUDED_OPEN
41,2,2,INCLUDED_OPEN
41,3,-13,EXCLUDED_WATER
41,3,-12,EXCLUDED_WATER
41,3,-11,EXCLUDED_WATER
41,3,-10,EXCLUDED_WATER
41,3,-9,EXCLUDED_WATER
41,3,-8,EXCLUDED_WATER
41,3,-7,EXCLUDED_WATER
41,3,-6,INCLUDED_OPEN
41,3,-5,INCLUDED_OPEN
41,3,-4,INCLUDED_OPEN
41,3,-2,INCLUDED_OPEN
41,3,-1,INCLUDED_OPEN
41,3,0,INCLUDED_OPEN
41,3,1,INCLUDED_OPEN
41,3,2,INCLUDED_OPEN
41,4,-13,EXCLUDED_WATER
41,4,-12,EXCLUDED_WATER
41,4,-2,INCLUDED_OPEN
41,4,-1,INCLUDED_OPEN
41,4,0,INCLUDED_OPEN
41,4,1,INCLUDED_OPEN
41,4,2,INCLUDED_OPEN
41,5,-13,EXCLUDED_WATER
41,5,-12,EXCLUDED_WATER
41,5,-1,INCLUDED_OPEN
41,5,0,INCLUDED_OPEN
41,5,1,INCLUDED_OPEN
41,5,2,INCLUDED_OPEN
41,6,-13,EXCLUDED_WATER
41,6,-12,EXCLUDED_WATER
41,6,-1,INCLUDED_OPEN
41,6,0,INCLUDED_OPEN
41,6,1,INCLUDED_OPEN
41,6,2,INCLUDED_OPEN
41,7,-13,EXCLUDED_WATER
41,7,-12,EXCLUDED_WATER
41,7,-1,INCLUDED_LOWDATA
41,7,0,INCLUDED_OPEN
41,7,1,INCLUDED_OPEN
41,7,2,INCLUDED_OPEN
41,8,-13,EXCLUDED_WATER
41,8,-12,EXCLUDED_WATER
41,8,-1,INCLUDED_LOWDATA
41,8,0,INCLUDED_OPEN
41,8,1,INCLUDED_OPEN
41,8,2,INCLUDED_OPEN
41,9,-13,EXCLUDED_WATER
41,9,-12,EXCLUDED_WATER
41,9,-1,INCLUDED_LOWDATA
41,9,1,INCLUDED_OPEN
41,9,2,INCLUDED_OPEN
41,10,-13,EXCLUDED_WATER
41,10,-12,EXCLUDED_WATER
41,10,1,INCLUDED_OPEN
41,10,2,INCLUDED_OPEN
41,10,3,INCLUDED_OPEN
41,10,4,INCLUDED_OPEN
41,11,-13,EXCLUDED_WATER
41,11,-12,EXCLUDED_WATER
41,11,1,INCLUDED_OPEN
41,11,2,INCLUDED_OPEN
41,11,3,INCLUDED_OPEN
41,11,4,INCLUDED_OPEN
41,12,-13,EXCLUDED_WATER
41,12,-12,EXCLUDED_WATER
41,12,1,INCLUDED_OPEN
41,12,2,INCLUDED_OPEN
41,12,3,INCLUDED_OPEN
41,12,4,INCLUDED_OPEN
41,12,5,INCLUDED_LOWDATA
41,13,-13,EXCLUDED_WATER
41,13,-12,EXCLUDED_WATER
41,13,1,INCLUDED_OPEN
41,13,2,INCLUDED_OPEN
41,13,3,INCLUDED_OPEN
41,13,4,INCLUDED_OPEN
41,13,5,INCLUDED_LOWDATA
41,14,-13,EXCLUDED_WATER
41,14,-12,EXCLUDED_WATER
41,14,1,INCLUDED_OPEN
41,14,2,INCLUDED_OPEN
41,14,3,INCLUDED_OPEN
41,14,4,INCLUDED_OPEN
41,15,-13,EXCLUDED_WATER
41,15,-12,EXCLUDED_WATER
41,15,1,constrained-misc
41,15,2,INCLUDED_OPEN
41,15,3,INCLUDED_OPEN
41,15,4,INCLUDED_OPEN
41,16,-13,EXCLUDED_WATER
41,16,-12,EXCLUDED_WATER
41,16,1,INCLUDED_OPEN
41,16,2,constrained-misc
41,16,3,INCLUDED_OPEN
41,16,4,INCLUDED_OPEN
41,17,-13,EXCLUDED_WATER
41,17,-12,EXCLUDED_WATER
41,17,1,INCLUDED_OPEN
41,17,2,INCLUDED_OPEN
41,17,3,INCLUDED_OPEN
41,17,4,INCLUDED_OPEN
41,18,-13,EXCLUDED_WATER
41,18,-12,EXCLUDED_WATER
41,18,1,INCLUDED_OPEN
41,18,2,INCLUDED_OPEN
41,18,3,INCLUDED_OPEN
41,18,4,INCLUDED_OPEN
41,19,-13,EXCLUDED_WATER
41,19,-12,EXCLUDED_WATER
41,19,-11,EXCLUDED_WATER
41,19,1,window
41,19,2,INCLUDED_OPEN
41,19,3,INCLUDED_OPEN
41,19,4,INCLUDED_OPEN
41,20,-13,EXCLUDED_WATER
41,20,-12,EXCLUDED_WATER
41,20,-11,EXCLUDED_WATER
41,21,-13,EXCLUDED_WATER
41,21,-12,EXCLUDED_WATER
41,21,-11,EXCLUDED_WATER
41,21,-10,EXCLUDED_WATER
41,21,-9,INCLUDED_OPEN
41,21,-8,INCLUDED_OPEN
41,21,-7,INCLUDED_OPEN
41,21,-6,INCLUDED_OPEN
41,21,-5,INCLUDED_OPEN
41,21,-4,INCLUDED_OPEN
41,21,-3,INCLUDED_OPEN
41,21,-2,INCLUDED_OPEN
41,21,-1,INCLUDED_OPEN
41,21,0,INCLUDED_OPEN
41,21,1,INCLUDED_OPEN
41,21,2,INCLUDED_OPEN
41,21,3,INCLUDED_OPEN
41,21,4,INCLUDED_LOWDATA
41,22,-12,EXCLUDED_WATER
41,22,-11,EXCLUDED_WATER
41,22,-10,EXCLUDED_WATER
41,22,-9,INCLUDED_OPEN
41,22,-8,INCLUDED_OPEN
41,22,-7,INCLUDED_OPEN
41,22,-6,INCLUDED_OPEN
41,22,-5,INCLUDED_OPEN
41,22,-4,INCLUDED_OPEN
41,22,-3,INCLUDED_OPEN
41,22,-2,INCLUDED_OPEN
41,22,-1,INCLUDED_OPEN
41,22,0,INCLUDED_OPEN
41,22,1,INCLUDED_OPEN
41,22,2,INCLUDED_OPEN
41,22,3,INCLUDED_OPEN
41,22,4,INCLUDED_OPEN
41,23,-12,EXCLUDED_WATER
41,23,-11,EXCLUDED_WATER
41,23,-10,INCLUDED_OPEN
41,23,-9,INCLUDED_OPEN
41,23,-8,INCLUDED_OPEN
41,23,-7,INCLUDED_OPEN
41,23,-6,INCLUDED_OPEN
41,23,-5,INCLUDED_OPEN
41,23,-4,INCLUDED_OPEN
41,23,-3,INCLUDED_OPEN
41,23,-2,INCLUDED_OPEN
41,23,-1,INCLUDED_OPEN
41,23,0,INCLUDED_OPEN
41,23,1,INCLUDED_OPEN
41,23,2,INCLUDED_OPEN
41,23,3,INCLUDED_OPEN
41,23,4,INCLUDED_OPEN
41,24,-11,EXCLUDED_WATER
41,24,-10,EXCLUDED_WATER
41,24,-9,INCLUDED_OPEN
41,24,-8,INCLUDED_OPEN
41,24,-7,INCLUDED_OPEN
41,24,-6,INCLUDED_OPEN
41,24,-5,INCLUDED_OPEN
41,24,-4,INCLUDED_OPEN
41,24,-3,INCLUDED_OPEN
41,24,-2,INCLUDED_OPEN
41,24,-1,INCLUDED_OPEN
41,24,0,INCLUDED_OPEN
41,24,1,INCLUDED_OPEN
41,24,2,INCLUDED_OPEN
41,24,3,INCLUDED_OPEN
41,24,4,INCLUDED_LOWDATA
41,25,-11,EXCLUDED_WATER
41,25,-10,INCLUDED_OPEN
41,25,-9,INCLUDED_OPEN
41,25,-8,INCLUDED_OPEN
41,25,-7,INCLUDED_OPEN
41,25,-6,INCLUDED_OPEN
41,25,-5,INCLUDED_OPEN
41,25,-4,INCLUDED_OPEN
41,25,-3,INCLUDED_OPEN
41,25,-2,INCLUDED_OPEN
41,25,-1,INCLUDED_OPEN
41,25,0,INCLUDED_OPEN
41,25,1,INCLUDED_OPEN
41,25,2,INCLUDED_OPEN
41,25,3,INCLUDED_OPEN
41,25,4,INCLUDED_OPEN
41,26,-10,INCLUDED_OPEN
41,26,-9,INCLUDED_OPEN
41,26,-8,INCLUDED_OPEN
41,26,-7,INCLUDED_OPEN
41,26,-6,INCLUDED_OPEN
41,26,-5,INCLUDED_OPEN
41,26,-4,INCLUDED_OPEN
41,26,-3,INCLUDED_OPEN
41,26,-2,INCLUDED_OPEN
41,26,-1,INCLUDED_OPEN
41,26,0,INCLUDED_OPEN
41,26,1,INCLUDED_OPEN
41,26,2,INCLUDED_OPEN
41,26,3,INCLUDED_OPEN
41,26,4,INCLUDED_LOWDATA
41,27,-10,INCLUDED_OPEN
41,27,-9,INCLUDED_OPEN
41,27,-8,INCLUDED_OPEN
41,27,-7,INCLUDED_OPEN
41,27,-6,INCLUDED_OPEN
41,27,-5,INCLUDED_OPEN
41,27,-4,INCLUDED_OPEN
41,27,-3,INCLUDED_OPEN
41,27,-2,INCLUDED_OPEN
41,27,-1,INCLUDED_OPEN
41,27,0,INCLUDED_OPEN
41,27,1,INCLUDED_OPEN
41,27,2,INCLUDED_OPEN
41,27,3,INCLUDED_OPEN
41,27,4,INCLUDED_LOWDATA
41,28,-10,INCLUDED_OPEN
41,28,-9,INCLUDED_OPEN
41,28,-8,INCLUDED_OPEN
41,28,-7,INCLUDED_OPEN
41,28,-6,INCLUDED_OPEN
41,28,-5,INCLUDED_OPEN
41,28,-4,INCLUDED_OPEN
41,28,-3,INCLUDED_OPEN
41,28,-2,INCLUDED_OPEN
41,28,-1,INCLUDED_OPEN
41,28,0,INCLUDED_OPEN
41,28,1,INCLUDED_OPEN
41,28,2,INCLUDED_OPEN
41,28,3,INCLUDED_OPEN
41,28,4,INCLUDED_LOWDATA
41,29,-10,INCLUDED_OPEN
41,29,-9,INCLUDED_OPEN
41,29,-8,INCLUDED_OPEN
41,29,-7,INCLUDED_OPEN
41,29,-6,INCLUDED_OPEN
41,29,-5,INCLUDED_OPEN
41,29,-4,INCLUDED_OPEN
41,29,-3,INCLUDED_OPEN
41,29,-2,INCLUDED_OPEN
41,29,-1,INCLUDED_OPEN
41,29,0,INCLUDED_OPEN
41,29,1,INCLUDED_OPEN
41,29,2,INCLUDED_OPEN
41,29,3,INCLUDED_OPEN
41,29,4,INCLUDED_LOWDATA
41,30,-10,INCLUDED_OPEN
41,30,-9,INCLUDED_OPEN
41,30,-8,INCLUDED_OPEN
41,30,-7,INCLUDED_OPEN
41,30,-6,INCLUDED_OPEN
41,30,-5,INCLUDED_OPEN
41,30,-4,INCLUDED_OPEN
41,30,-3,INCLUDED_OPEN
41,30,-2,INCLUDED_OPEN
41,30,-1,INCLUDED_OPEN
41,30,0,INCLUDED_OPEN
41,30,1,INCLUDED_OPEN
41,30,2,INCLUDED_OPEN
41,30,3,INCLUDED_OPEN
41,30,4,INCLUDED_LOWDATA
41,31,-10,INCLUDED_OPEN
41,31,-9,INCLUDED_OPEN
41,31,-8,INCLUDED_OPEN
41,31,-7,INCLUDED_OPEN
41,31,-6,INCLUDED_OPEN
41,31,-5,INCLUDED_OPEN
41,31,-4,INCLUDED_OPEN
41,31,-3,INCLUDED_OPEN
41,31,-2,INCLUDED_OPEN
41,31,-1,INCLUDED_OPEN
41,31,0,INCLUDED_OPEN
41,31,1,INCLUDED_OPEN
41,31,2,INCLUDED_OPEN
41,31,3,INCLUDED_LOWDATA
41,31,4,INCLUDED_LOWDATA
41,32,-10,INCLUDED_OPEN
41,32,-9,INCLUDED_OPEN
41,32,-8,INCLUDED_OPEN
41,32,-7,INCLUDED_OPEN
41,32,-6,INCLUDED_OPEN
41,32,-5,INCLUDED_OPEN
41,32,-4,INCLUDED_OPEN
41,32,-3,INCLUDED_OPEN
41,32,-2,INCLUDED_OPEN
41,32,-1,INCLUDED_OPEN
41,32,0,INCLUDED_OPEN
41,32,1,INCLUDED_OPEN
41,32,2,INCLUDED_OPEN
41,32,3,INCLUDED_LOWDATA
41,32,4,INCLUDED_LOWDATA
41,33,-9,INCLUDED_OPEN
41,33,-8,INCLUDED_OPEN
41,33,-7,INCLUDED_OPEN
41,33,-6,INCLUDED_OPEN
41,33,-5,INCLUDED_OPEN
41,33,-4,INCLUDED_OPEN
41,33,-3,INCLUDED_OPEN
41,33,-2,INCLUDED_OPEN
41,33,-1,INCLUDED_OPEN
41,33,0,INCLUDED_OPEN
41,33,1,INCLUDED_LOWDATA
41,33,2,INCLUDED_OPEN
41,33,3,INCLUDED_LOWDATA
41,33,4,INCLUDED_LOWDATA
41,34,-9,INCLUDED_OPEN
41,34,-8,INCLUDED_OPEN
41,34,-7,INCLUDED_OPEN
41,34,-6,INCLUDED_OPEN
41,34,-5,INCLUDED_OPEN
41,34,-4,INCLUDED_OPEN
41,34,-3,INCLUDED_OPEN
41,34,-2,INCLUDED_OPEN
41,34,-1,INCLUDED_OPEN
41,34,0,INCLUDED_OPEN
41,34,1,INCLUDED_OPEN
41,34,2,INCLUDED_OPEN
41,34,3,INCLUDED_LOWDATA
41,34,4,INCLUDED_LOWDATA
41,35,-9,INCLUDED_OPEN
41,35,-8,INCLUDED_OPEN
41,35,-7,INCLUDED_OPEN
41,35,-6,INCLUDED_OPEN
41,35,-5,INCLUDED_OPEN
41,35,-4,INCLUDED_OPEN
41,35,-3,INCLUDED_OPEN
41,35,-2,INCLUDED_OPEN
41,35,-1,INCLUDED_LOWDATA
41,35,0,INCLUDED_OPEN
41,35,1,INCLUDED_LOWDATA
41,35,2,constrained-misc
41,35,3,INCLUDED_LOWDATA
41,35,4,INCLUDED_LOWDATA
42,-31,-1,INCLUDED_LOWDATA
42,-30,-2,INCLUDED_OPEN
42,-30,-1,INCLUDED_OPEN
42,-30,0,INCLUDED_OPEN
42,-30,1,INCLUDED_LOWDATA
42,-30,2,INCLUDED_OPEN
42,-30,3,INCLUDED_OPEN
42,-30,4,INCLUDED_OPEN
42,-29,-2,INCLUDED_OPEN
42,-29,-1,INCLUDED_OPEN
42,-29,0,INCLUDED_OPEN
42,-29,2,INCLUDED_OPEN
42,-29,3,INCLUDED_OPEN
42,-29,4,INCLUDED_OPEN
42,-28,-2,INCLUDED_OPEN
42,-28,-1,ya
42,-28,0,ya
42,-28,2,INCLUDED_OPEN
42,-28,3,INCLUDED_OPEN
42,-28,4,INCLUDED_OPEN
42,-27,-2,INCLUDED_OPEN
42,-27,-1,ya
42,-27,0,INCLUDED_OPEN
42,-27,2,INCLUDED_OPEN
42,-27,3,INCLUDED_OPEN
42,-27,4,INCLUDED_OPEN
42,-26,-2,INCLUDED_OPEN
42,-26,-1,INCLUDED_OPEN
42,-26,0,INCLUDED_OPEN
42,-26,1,INCLUDED_OPEN
42,-26,2,INCLUDED_OPEN
42,-26,3,INCLUDED_OPEN
42,-26,4,INCLUDED_OPEN
42,-25,-2,INCLUDED_OPEN
42,-25,-1,INCLUDED_OPEN
42,-25,0,INCLUDED_OPEN
42,-25,1,INCLUDED_OPEN
42,-25,2,INCLUDED_OPEN
42,-25,3,INCLUDED_OPEN
42,-25,4,INCLUDED_OPEN
42,-24,-2,INCLUDED_OPEN
42,-24,-1,INCLUDED_OPEN
42,-24,0,INCLUDED_OPEN
42,-24,1,INCLUDED_OPEN
42,-24,2,INCLUDED_OPEN
42,-24,3,INCLUDED_OPEN
42,-24,4,INCLUDED_OPEN
42,-23,-2,INCLUDED_OPEN
42,-23,-1,INCLUDED_OPEN
42,-23,0,INCLUDED_OPEN
42,-23,1,INCLUDED_OPEN
42,-23,2,INCLUDED_OPEN
42,-23,3,INCLUDED_OPEN
42,-23,4,INCLUDED_OPEN
42,-22,-2,INCLUDED_OPEN
42,-22,-1,INCLUDED_OPEN
42,-22,0,INCLUDED_OPEN
42,-22,1,INCLUDED_OPEN
42,-22,2,INCLUDED_OPEN
42,-22,3,INCLUDED_OPEN
42,-22,4,INCLUDED_OPEN
42,-21,-1,INCLUDED_LOWDATA
42,-18,-2,INCLUDED_OPEN
42,-18,-1,INCLUDED_OPEN
42,-18,0,INCLUDED_OPEN
42,-18,1,INCLUDED_OPEN
42,-18,2,INCLUDED_OPEN
42,-17,-2,INCLUDED_OPEN
42,-17,-1,INCLUDED_OPEN
42,-17,0,INCLUDED_OPEN
42,-17,1,INCLUDED_OPEN
42,-17,2,INCLUDED_OPEN
42,-16,-2,INCLUDED_OPEN
42,-16,-1,INCLUDED_OPEN
42,-16,0,INCLUDED_OPEN
42,-16,1,INCLUDED_OPEN
42,-16,2,INCLUDED_OPEN
42,-15,-13,EXCLUDED_WATER
42,-15,-12,EXCLUDED_WATER
42,-15,-11,EXCLUDED_WATER
42,-15,-10,EXCLUDED_WATER
42,-15,-9,EXCLUDED_WATER
42,-15,-8,EXCLUDED_WATER
42,-15,-7,EXCLUDED_WATER
42,-15,-6,INCLUDED_OPEN
42,-15,-5,INCLUDED_OPEN
42,-15,-4,INCLUDED_LOWDATA
42,-15,-2,INCLUDED_OPEN
42,-15,-1,INCLUDED_OPEN
42,-15,0,INCLUDED_OPEN
42,-15,1,INCLUDED_OPEN
42,-15,2,INCLUDED_OPEN
42,-14,-13,EXCLUDED_WATER
42,-14,-12,EXCLUDED_WATER
42,-14,-11,EXCLUDED_WATER
42,-14,-10,EXCLUDED_WATER
42,-14,-9,EXCLUDED_WATER
42,-14,-8,EXCLUDED_WATER
42,-14,-7,EXCLUDED_WATER
42,-14,-6,EXCLUDED_WATER
42,-14,-5,INCLUDED_LOWDATA
42,-14,-4,INCLUDED_LOWDATA
42,-14,-2,INCLUDED_OPEN
42,-14,-1,INCLUDED_OPEN
42,-14,0,INCLUDED_OPEN
42,-14,1,INCLUDED_OPEN
42,-14,2,INCLUDED_OPEN
42,-13,-13,EXCLUDED_WATER
42,-13,-12,EXCLUDED_WATER
42,-13,-11,EXCLUDED_WATER
42,-13,-10,EXCLUDED_WATER
42,-13,-9,EXCLUDED_WATER
42,-13,-8,EXCLUDED_WATER
42,-13,-7,EXCLUDED_WATER
42,-13,-6,EXCLUDED_WATER
42,-13,-5,INCLUDED_LOWDATA
42,-13,-4,INCLUDED_LOWDATA
42,-13,-2,INCLUDED_OPEN
42,-13,-1,INCLUDED_OPEN
42,-13,0,INCLUDED_OPEN
42,-13,1,INCLUDED_OPEN
42,-13,2,INCLUDED_OPEN
42,-12,-13,EXCLUDED_WATER
42,-12,-12,EXCLUDED_WATER
42,-12,-11,EXCLUDED_WATER
42,-12,-10,EXCLUDED_WATER
42,-12,-9,EXCLUDED_WATER
42,-12,-8,EXCLUDED_WATER
42,-12,-7,EXCLUDED_WATER
42,-12,-6,EXCLUDED_WATER
42,-12,-5,INCLUDED_OPEN
42,-12,-4,INCLUDED_LOWDATA
42,-12,-2,INCLUDED_OPEN
42,-12,-1,INCLUDED_OPEN
42,-12,0,INCLUDED_OPEN
42,-12,1,INCLUDED_OPEN
42,-12,2,INCLUDED_OPEN
42,-11,-13,EXCLUDED_WATER
42,-11,-12,EXCLUDED_WATER
42,-11,-11,EXCLUDED_WATER
42,-11,-10,EXCLUDED_WATER
42,-11,-9,EXCLUDED_WATER
42,-11,-8,EXCLUDED_WATER
42,-11,-7,EXCLUDED_WATER
42,-11,-6,EXCLUDED_WATER
42,-11,-2,INCLUDED_OPEN
42,-11,-1,INCLUDED_OPEN
42,-11,0,INCLUDED_OPEN
42,-11,1,INCLUDED_OPEN
42,-10,-2,INCLUDED_OPEN
42,-10,-1,INCLUDED_OPEN
42,-10,0,INCLUDED_OPEN
42,-10,1,INCLUDED_OPEN
42,-10,2,INCLUDED_OPEN
42,-9,-2,INCLUDED_OPEN
42,-9,-1,INCLUDED_OPEN
42,-9,0,INCLUDED_OPEN
42,-9,1,INCLUDED_OPEN
42,-9,2,INCLUDED_OPEN
42,-8,-13,EXCLUDED_WATER
42,-8,-12,EXCLUDED_WATER
42,-8,-11,EXCLUDED_WATER
42,-8,-10,EXCLUDED_WATER
42,-8,-9,EXCLUDED_WATER
42,-8,-8,EXCLUDED_WATER
42,-8,-7,EXCLUDED_WATER
42,-8,-6,INCLUDED_OPEN
42,-8,-5,INCLUDED_OPEN
42,-8,-4,INCLUDED_OPEN
42,-8,-2,INCLUDED_OPEN
42,-8,-1,INCLUDED_OPEN
42,-8,0,INCLUDED_OPEN
42,-8,1,INCLUDED_OPEN
42,-8,2,INCLUDED_OPEN
42,-7,-13,EXCLUDED_WATER
42,-7,-12,EXCLUDED_WATER
42,-7,-11,EXCLUDED_WATER
42,-7,-10,EXCLUDED_WATER
42,-7,-9,EXCLUDED_WATER
42,-7,-8,EXCLUDED_WATER
42,-7,-7,EXCLUDED_WATER
42,-7,-6,INCLUDED_OPEN
42,-7,-5,INCLUDED_OPEN
42,-7,-4,INCLUDED_OPEN
42,-7,-2,INCLUDED_OPEN
42,-7,-1,INCLUDED_OPEN
42,-7,0,INCLUDED_OPEN
42,-7,1,INCLUDED_OPEN
42,-7,2,INCLUDED_OPEN
42,-6,-13,EXCLUDED_WATER
42,-6,-12,EXCLUDED_WATER
42,-6,-11,EXCLUDED_WATER
42,-6,-10,EXCLUDED_WATER
42,-6,-9,EXCLUDED_WATER
42,-6,-8,EXCLUDED_WATER
42,-6,-7,EXCLUDED_WATER
42,-6,-6,INCLUDED_OPEN
42,-6,-5,INCLUDED_OPEN
42,-6,-4,INCLUDED_OPEN
42,-6,-2,INCLUDED_OPEN
42,-6,-1,INCLUDED_OPEN
42,-6,0,INCLUDED_OPEN
42,-6,1,INCLUDED_OPEN
42,-6,2,INCLUDED_OPEN
42,-5,-13,EXCLUDED_WATER
42,-5,-12,EXCLUDED_WATER
42,-5,-11,EXCLUDED_WATER
42,-5,-10,EXCLUDED_WATER
42,-5,-9,EXCLUDED_WATER
42,-5,-8,EXCLUDED_WATER
42,-5,-7,EXCLUDED_WATER
42,-5,-6,INCLUDED_OPEN
42,-5,-5,INCLUDED_OPEN
42,-5,-4,INCLUDED_OPEN
42,-5,-2,INCLUDED_OPEN
42,-5,-1,INCLUDED_OPEN
42,-5,0,INCLUDED_OPEN
42,-5,1,INCLUDED_OPEN
42,-5,2,INCLUDED_OPEN
42,-4,-13,EXCLUDED_WATER
42,-4,-12,EXCLUDED_WATER
42,-4,-11,EXCLUDED_WATER
42,-4,-10,EXCLUDED_WATER
42,-4,-9,EXCLUDED_WATER
42,-4,-8,EXCLUDED_WATER
42,-4,-7,EXCLUDED_WATER
42,-4,-6,INCLUDED_OPEN
42,-4,-5,INCLUDED_OPEN
42,-4,-4,INCLUDED_OPEN
42,-4,-2,INCLUDED_OPEN
42,-4,-1,INCLUDED_OPEN
42,-4,0,INCLUDED_OPEN
42,-4,1,INCLUDED_OPEN
42,-4,2,INCLUDED_OPEN
42,-3,-13,EXCLUDED_WATER
42,-3,-12,EXCLUDED_WATER
42,-3,-11,EXCLUDED_WATER
42,-3,-10,EXCLUDED_WATER
42,-3,-9,EXCLUDED_WATER
42,-3,-8,EXCLUDED_WATER
42,-3,-6,INCLUDED_OPEN
42,-3,-5,INCLUDED_OPEN
42,-3,-4,INCLUDED_OPEN
42,-3,-2,INCLUDED_OPEN
42,-3,-1,INCLUDED_OPEN
42,-3,0,INCLUDED_OPEN
42,-3,1,INCLUDED_OPEN
42,-2,-13,EXCLUDED_WATER
42,-2,-12,EXCLUDED_WATER
42,-2,-11,EXCLUDED_WATER
42,-2,-10,EXCLUDED_WATER
42,-2,-9,EXCLUDED_WATER
42,-2,-8,EXCLUDED_WATER
42,-2,-6,INCLUDED_OPEN
42,-2,-5,INCLUDED_OPEN
42,-2,-4,INCLUDED_OPEN
42,-2,-2,INCLUDED_OPEN
42,-2,-1,INCLUDED_OPEN
42,-2,0,INCLUDED_OPEN
42,-2,1,INCLUDED_OPEN
42,-2,2,INCLUDED_OPEN
42,-1,-13,EXCLUDED_WATER
42,-1,-12,EXCLUDED_WATER
42,-1,-11,EXCLUDED_WATER
42,-1,-10,EXCLUDED_WATER
42,-1,-9,EXCLUDED_WATER
42,-1,-8,EXCLUDED_WATER
42,-1,-6,INCLUDED_OPEN
42,-1,-5,INCLUDED_OPEN
42,-1,-4,INCLUDED_OPEN
42,-1,-2,INCLUDED_OPEN
42,-1,-1,INCLUDED_OPEN
42,-1,0,INCLUDED_OPEN
42,-1,1,INCLUDED_OPEN
42,-1,2,INCLUDED_OPEN
42,0,-13,EXCLUDED_WATER
42,0,-12,EXCLUDED_WATER
42,0,-11,EXCLUDED_WATER
42,0,-10,EXCLUDED_WATER
42,0,-9,EXCLUDED_WATER
42,0,-8,EXCLUDED_WATER
42,0,-6,INCLUDED_OPEN
42,0,-5,INCLUDED_OPEN
42,0,-4,INCLUDED_OPEN
42,0,-2,INCLUDED_OPEN
42,0,-1,INCLUDED_OPEN
42,0,0,INCLUDED_OPEN
42,0,1,INCLUDED_OPEN
42,0,2,INCLUDED_OPEN
42,1,-13,EXCLUDED_WATER
42,1,-12,EXCLUDED_WATER
42,1,-11,EXCLUDED_WATER
42,1,-10,EXCLUDED_WATER
42,1,-9,EXCLUDED_WATER
42,1,-8,EXCLUDED_WATER
42,1,-7,EXCLUDED_WATER
42,1,-6,INCLUDED_OPEN
42,1,-5,INCLUDED_OPEN
42,1,-4,INCLUDED_OPEN
42,1,-2,INCLUDED_OPEN
42,1,-1,INCLUDED_OPEN
42,1,0,INCLUDED_OPEN
42,1,1,INCLUDED_OPEN
42,1,2,INCLUDED_OPEN
42,2,-13,EXCLUDED_WATER
42,2,-12,EXCLUDED_WATER
42,2,-11,EXCLUDED_WATER
42,2,-10,EXCLUDED_WATER
42,2,-9,EXCLUDED_WATER
42,2,-8,EXCLUDED_WATER
42,2,-7,EXCLUDED_WATER
42,2,-6,INCLUDED_OPEN
42,2,-5,INCLUDED_OPEN
42,2,-4,INCLUDED_OPEN
42,2,-2,INCLUDED_OPEN
42,2,-1,INCLUDED_OPEN
42,2,0,INCLUDED_OPEN
42,2,1,INCLUDED_OPEN
42,2,2,INCLUDED_OPEN
42,3,-13,EXCLUDED_WATER
42,3,-12,EXCLUDED_WATER
42,3,-11,EXCLUDED_WATER
42,3,-10,EXCLUDED_WATER
42,3,-9,EXCLUDED_WATER
42,3,-8,EXCLUDED_WATER
42,3,-7,EXCLUDED_WATER
42,3,-6,INCLUDED_OPEN
42,3,-5,INCLUDED_OPEN
42,3,-4,INCLUDED_OPEN
42,3,-2,INCLUDED_OPEN
42,3,-1,INCLUDED_OPEN
42,3,0,INCLUDED_OPEN
42,3,1,INCLUDED_OPEN
42,3,2,INCLUDED_OPEN
42,4,-13,EXCLUDED_WATER
42,4,-12,EXCLUDED_WATER
42,4,-2,INCLUDED_OPEN
42,4,-1,INCLUDED_OPEN
42,4,0,INCLUDED_OPEN
42,4,1,INCLUDED_OPEN
42,4,2,INCLUDED_OPEN
42,5,-13,EXCLUDED_WATER
42,5,-12,EXCLUDED_WATER
42,5,-1,INCLUDED_OPEN
42,5,0,INCLUDED_OPEN
42,5,1,INCLUDED_OPEN
42,5,2,INCLUDED_OPEN
42,6,-13,EXCLUDED_WATER
42,6,-12,EXCLUDED_WATER
42,6,-1,INCLUDED_OPEN
42,6,0,INCLUDED_OPEN
42,6,1,INCLUDED_OPEN
42,6,2,INCLUDED_OPEN
42,7,-13,EXCLUDED_WATER
42,7,-12,EXCLUDED_WATER
42,7,0,INCLUDED_OPEN
42,7,1,INCLUDED_OPEN
42,7,2,INCLUDED_OPEN
42,7,3,INCLUDED_LOWDATA
42,8,-13,EXCLUDED_WATER
42,8,-12,EXCLUDED_WATER
42,8,0,INCLUDED_OPEN
42,8,1,INCLUDED_OPEN
42,8,2,INCLUDED_OPEN
42,8,3,INCLUDED_LOWDATA
42,9,-13,EXCLUDED_WATER
42,9,-12,EXCLUDED_WATER
42,9,1,INCLUDED_OPEN
42,9,2,INCLUDED_OPEN
42,10,-13,EXCLUDED_WATER
42,10,-12,EXCLUDED_WATER
42,10,1,INCLUDED_OPEN
42,10,2,INCLUDED_OPEN
42,10,3,INCLUDED_OPEN
42,10,4,INCLUDED_OPEN
42,11,-13,EXCLUDED_WATER
42,11,-12,EXCLUDED_WATER
42,11,1,INCLUDED_OPEN
42,11,2,INCLUDED_OPEN
42,11,3,INCLUDED_OPEN
42,11,4,INCLUDED_OPEN
42,11,5,INCLUDED_LOWDATA
42,12,-13,EXCLUDED_WATER
42,12,-12,EXCLUDED_WATER
42,12,-1,INCLUDED_LOWDATA
42,12,1,INCLUDED_OPEN
42,12,2,INCLUDED_OPEN
42,12,3,INCLUDED_OPEN
42,12,4,INCLUDED_OPEN
42,12,5,INCLUDED_LOWDATA
42,13,-13,EXCLUDED_WATER
42,13,-12,EXCLUDED_WATER
42,13,1,INCLUDED_OPEN
42,13,2,INCLUDED_OPEN
42,13,3,INCLUDED_OPEN
42,13,4,INCLUDED_OPEN
42,14,-13,EXCLUDED_WATER
42,14,-12,EXCLUDED_WATER
42,14,1,INCLUDED_OPEN
42,14,2,INCLUDED_OPEN
42,14,3,INCLUDED_OPEN
42,14,4,INCLUDED_OPEN
42,15,-13,EXCLUDED_WATER
42,15,-12,EXCLUDED_WATER
42,15,1,INCLUDED_OPEN
42,15,2,INCLUDED_OPEN
42,15,3,INCLUDED_OPEN
42,15,4,INCLUDED_OPEN
42,16,-13,EXCLUDED_WATER
42,16,-12,EXCLUDED_WATER
42,16,1,INCLUDED_OPEN
42,16,2,INCLUDED_OPEN
42,16,3,INCLUDED_OPEN
42,16,4,INCLUDED_OPEN
42,17,-13,EXCLUDED_WATER
42,17,-12,EXCLUDED_WATER
42,17,1,INCLUDED_OPEN
42,17,2,INCLUDED_OPEN
42,17,3,INCLUDED_OPEN
42,17,4,INCLUDED_OPEN
42,18,-13,EXCLUDED_WATER
42,18,-12,EXCLUDED_WATER
42,18,1,INCLUDED_OPEN
42,18,2,INCLUDED_OPEN
42,18,3,INCLUDED_OPEN
42,18,4,INCLUDED_OPEN
42,19,-13,EXCLUDED_WATER
42,19,-12,EXCLUDED_WATER
42,19,-11,EXCLUDED_WATER
42,19,1,window
42,19,2,INCLUDED_LOWDATA
42,19,3,INCLUDED_LOWDATA
42,20,-13,EXCLUDED_WATER
42,20,-12,EXCLUDED_WATER
42,20,-11,EXCLUDED_WATER
42,21,-13,EXCLUDED_WATER
42,21,-12,EXCLUDED_WATER
42,21,-11,EXCLUDED_WATER
42,21,-10,EXCLUDED_WATER
42,21,-9,INCLUDED_OPEN
42,21,-8,INCLUDED_OPEN
42,21,-7,INCLUDED_OPEN
42,21,-6,INCLUDED_OPEN
42,21,-5,INCLUDED_OPEN
42,21,-4,INCLUDED_OPEN
42,21,-3,INCLUDED_OPEN
42,21,-2,INCLUDED_OPEN
42,21,-1,INCLUDED_OPEN
42,21,0,INCLUDED_OPEN
42,21,1,INCLUDED_OPEN
42,21,2,INCLUDED_OPEN
42,21,3,INCLUDED_OPEN
42,21,4,INCLUDED_LOWDATA
42,22,-12,EXCLUDED_WATER
42,22,-11,EXCLUDED_WATER
42,22,-10,EXCLUDED_WATER
42,22,-9,INCLUDED_OPEN
42,22,-8,INCLUDED_OPEN
42,22,-7,INCLUDED_OPEN
42,22,-6,INCLUDED_OPEN
42,22,-5,INCLUDED_OPEN
42,22,-4,INCLUDED_OPEN
42,22,-3,INCLUDED_OPEN
42,22,-2,INCLUDED_OPEN
42,22,-1,INCLUDED_OPEN
42,22,0,INCLUDED_OPEN
42,22,1,INCLUDED_OPEN
42,22,2,INCLUDED_OPEN
42,22,3,INCLUDED_OPEN
42,22,4,INCLUDED_OPEN
42,23,-12,EXCLUDED_WATER
42,23,-11,EXCLUDED_WATER
42,23,-10,EXCLUDED_WATER
42,23,-9,INCLUDED_OPEN
42,23,-8,INCLUDED_OPEN
42,23,-7,INCLUDED_OPEN
42,23,-6,INCLUDED_OPEN
42,23,-5,INCLUDED_OPEN
42,23,-4,INCLUDED_OPEN
42,23,-3,INCLUDED_OPEN
42,23,-2,INCLUDED_OPEN
42,23,-1,INCLUDED_OPEN
42,23,0,INCLUDED_OPEN
42,23,1,INCLUDED_OPEN
42,23,2,INCLUDED_OPEN
42,23,3,INCLUDED_OPEN
42,23,4,INCLUDED_LOWDATA
42,24,-11,EXCLUDED_WATER
42,24,-10,EXCLUDED_WATER
42,24,-9,INCLUDED_OPEN
42,24,-8,INCLUDED_OPEN
42,24,-7,INCLUDED_OPEN
42,24,-6,INCLUDED_OPEN
42,24,-5,INCLUDED_OPEN
42,24,-4,INCLUDED_OPEN
42,24,-3,INCLUDED_OPEN
42,24,-2,INCLUDED_OPEN
42,24,-1,INCLUDED_OPEN
42,24,0,INCLUDED_OPEN
42,24,1,INCLUDED_OPEN
42,24,2,INCLUDED_OPEN
42,24,3,INCLUDED_OPEN
42,24,4,INCLUDED_LOWDATA
42,25,-11,EXCLUDED_WATER
42,25,-10,INCLUDED_OPEN
42,25,-9,INCLUDED_OPEN
42,25,-8,INCLUDED_OPEN
42,25,-7,INCLUDED_OPEN
42,25,-6,INCLUDED_OPEN
42,25,-5,INCLUDED_OPEN
42,25,-4,INCLUDED_OPEN
42,25,-3,INCLUDED_OPEN
42,25,-2,INCLUDED_OPEN
42,25,-1,INCLUDED_OPEN
42,25,0,INCLUDED_OPEN
42,25,1,INCLUDED_OPEN
42,25,2,INCLUDED_OPEN
42,25,3,INCLUDED_OPEN
42,25,4,INCLUDED_LOWDATA
42,26,-10,INCLUDED_OPEN
42,26,-9,INCLUDED_OPEN
42,26,-8,INCLUDED_OPEN
42,26,-7,INCLUDED_OPEN
42,26,-6,INCLUDED_OPEN
42,26,-5,INCLUDED_OPEN
42,26,-4,INCLUDED_OPEN
42,26,-3,INCLUDED_OPEN
42,26,-2,INCLUDED_OPEN
42,26,-1,INCLUDED_OPEN
42,26,0,INCLUDED_OPEN
42,26,1,INCLUDED_OPEN
42,26,2,INCLUDED_OPEN
42,26,3,INCLUDED_OPEN
42,26,4,INCLUDED_LOWDATA
42,27,-10,INCLUDED_OPEN
42,27,-9,INCLUDED_OPEN
42,27,-8,INCLUDED_OPEN
42,27,-7,INCLUDED_OPEN
42,27,-6,INCLUDED_OPEN
42,27,-5,INCLUDED_OPEN
42,27,-4,INCLUDED_OPEN
42,27,-3,INCLUDED_OPEN
42,27,-2,INCLUDED_OPEN
42,27,-1,INCLUDED_OPEN
42,27,0,INCLUDED_OPEN
42,27,1,INCLUDED_OPEN
42,27,2,INCLUDED_OPEN
42,27,3,INCLUDED_OPEN
42,27,4,INCLUDED_LOWDATA
42,28,-10,INCLUDED_OPEN
42,28,-9,INCLUDED_OPEN
42,28,-8,INCLUDED_OPEN
42,28,-7,INCLUDED_OPEN
42,28,-6,INCLUDED_OPEN
42,28,-5,INCLUDED_OPEN
42,28,-4,INCLUDED_OPEN
42,28,-3,INCLUDED_OPEN
42,28,-2,INCLUDED_OPEN
42,28,-1,INCLUDED_OPEN
42,28,0,INCLUDED_OPEN
42,28,1,INCLUDED_OPEN
42,28,2,INCLUDED_OPEN
42,28,3,INCLUDED_OPEN
42,28,4,INCLUDED_LOWDATA
42,29,-10,INCLUDED_OPEN
42,29,-9,INCLUDED_OPEN
42,29,-8,INCLUDED_OPEN
42,29,-7,INCLUDED_OPEN
42,29,-6,INCLUDED_OPEN
42,29,-5,INCLUDED_OPEN
42,29,-4,INCLUDED_OPEN
42,29,-3,INCLUDED_OPEN
42,29,-2,INCLUDED_OPEN
42,29,-1,INCLUDED_OPEN
42,29,0,INCLUDED_OPEN
42,29,1,INCLUDED_OPEN
42,29,2,INCLUDED_OPEN
42,29,3,INCLUDED_LOWDATA
42,29,4,INCLUDED_LOWDATA
42,30,-10,INCLUDED_OPEN
42,30,-9,INCLUDED_OPEN
42,30,-8,INCLUDED_OPEN
42,30,-7,INCLUDED_OPEN
42,30,-6,INCLUDED_OPEN
42,30,-5,INCLUDED_OPEN
42,30,-4,INCLUDED_OPEN
42,30,-3,INCLUDED_OPEN
42,30,-2,INCLUDED_OPEN
42,30,-1,INCLUDED_OPEN
42,30,0,INCLUDED_OPEN
42,30,1,INCLUDED_OPEN
42,30,2,INCLUDED_OPEN
42,30,3,INCLUDED_LOWDATA
42,30,4,INCLUDED_LOWDATA
42,31,-10,INCLUDED_OPEN
42,31,-9,INCLUDED_OPEN
42,31,-8,INCLUDED_OPEN
42,31,-7,INCLUDED_OPEN
42,31,-6,INCLUDED_OPEN
42,31,-5,INCLUDED_OPEN
42,31,-4,INCLUDED_OPEN
42,31,-3,INCLUDED_OPEN
42,31,-2,INCLUDED_OPEN
42,31,-1,INCLUDED_OPEN
42,31,0,INCLUDED_OPEN
42,31,1,INCLUDED_OPEN
42,31,2,INCLUDED_LOWDATA
42,31,3,INCLUDED_LOWDATA
42,31,4,INCLUDED_LOWDATA
42,32,-10,INCLUDED_OPEN
42,32,-9,INCLUDED_OPEN
42,32,-8,INCLUDED_OPEN
42,32,-7,INCLUDED_OPEN
42,32,-6,INCLUDED_OPEN
42,32,-5,INCLUDED_OPEN
42,32,-4,INCLUDED_OPEN
42,32,-3,INCLUDED_OPEN
42,32,-2,INCLUDED_OPEN
42,32,-1,INCLUDED_OPEN
42,32,0,INCLUDED_OPEN
42,32,1,INCLUDED_OPEN
42,32,2,INCLUDED_LOWDATA
42,32,3,INCLUDED_LOWDATA
42,32,4,INCLUDED_LOWDATA
42,33,-9,INCLUDED_OPEN
42,33,-8,INCLUDED_OPEN
42,33,-7,INCLUDED_OPEN
42,33,-6,INCLUDED_OPEN
42,33,-5,INCLUDED_OPEN
42,33,-4,INCLUDED_OPEN
42,33,-3,INCLUDED_OPEN
42,33,-2,INCLUDED_OPEN
42,33,-1,INCLUDED_OPEN
42,33,0,INCLUDED_OPEN
42,33,1,INCLUDED_LOWDATA
42,33,2,INCLUDED_LOWDATA
42,33,3,INCLUDED_LOWDATA
42,33,4,INCLUDED_LOWDATA
42,34,-9,INCLUDED_OPEN
42,34,-8,INCLUDED_OPEN
42,34,-7,INCLUDED_OPEN
42,34,-6,INCLUDED_OPEN
42,34,-5,INCLUDED_OPEN
42,34,-4,INCLUDED_OPEN
42,34,-3,INCLUDED_OPEN
42,34,-2,INCLUDED_OPEN
42,34,-1,INCLUDED_OPEN
42,34,0,INCLUDED_LOWDATA
42,34,1,INCLUDED_OPEN
42,34,2,INCLUDED_LOWDATA
42,34,3,INCLUDED_LOWDATA
42,34,4,INCLUDED_LOWDATA
42,35,-9,INCLUDED_OPEN
42,35,-8,INCLUDED_OPEN
42,35,-7,INCLUDED_OPEN
42,35,-6,INCLUDED_OPEN
42,35,-5,INCLUDED_OPEN
42,35,-4,INCLUDED_OPEN
42,35,-3,INCLUDED_OPEN
42,35,-2,INCLUDED_OPEN
42,35,-1,constrained-misc
42,35,0,INCLUDED_OPEN
42,35,1,INCLUDED_OPEN
42,35,2,constrained-misc
42,35,3,INCLUDED_LOWDATA
42,35,4,INCLUDED_LOWDATA
43,-31,-1,INCLUDED_LOWDATA
43,-30,-6,INCLUDED_LOWDATA
43,-30,-2,INCLUDED_OPEN
43,-30,-1,INCLUDED_OPEN
43,-30,0,INCLUDED_OPEN
43,-30,1,INCLUDED_LOWDATA
43,-30,2,INCLUDED_OPEN
43,-30,3,INCLUDED_OPEN
43,-30,4,INCLUDED_OPEN
43,-29,-6,INCLUDED_LOWDATA
43,-29,-2,INCLUDED_OPEN
43,-29,-1,INCLUDED_OPEN
43,-29,0,INCLUDED_OPEN
43,-29,2,INCLUDED_OPEN
43,-29,3,INCLUDED_OPEN
43,-29,4,INCLUDED_OPEN
43,-28,-1,INCLUDED_LOWDATA
43,-28,2,INCLUDED_OPEN
43,-28,3,INCLUDED_OPEN
43,-28,4,INCLUDED_OPEN
43,-27,-1,INCLUDED_LOWDATA
43,-27,2,INCLUDED_OPEN
43,-27,3,INCLUDED_OPEN
43,-27,4,INCLUDED_OPEN
43,-26,-2,INCLUDED_OPEN
43,-26,-1,INCLUDED_OPEN
43,-26,0,INCLUDED_OPEN
43,-26,1,INCLUDED_OPEN
43,-26,2,INCLUDED_OPEN
43,-26,3,INCLUDED_OPEN
43,-26,4,INCLUDED_OPEN
43,-25,-2,INCLUDED_OPEN
43,-25,-1,INCLUDED_OPEN
43,-25,0,INCLUDED_OPEN
43,-25,1,INCLUDED_OPEN
43,-25,2,INCLUDED_OPEN
43,-25,3,INCLUDED_OPEN
43,-25,4,INCLUDED_OPEN
43,-24,-2,INCLUDED_OPEN
43,-24,-1,INCLUDED_OPEN
43,-24,0,INCLUDED_OPEN
43,-24,1,INCLUDED_OPEN
43,-24,2,INCLUDED_OPEN
43,-24,3,INCLUDED_OPEN
43,-24,4,INCLUDED_OPEN
43,-23,-2,INCLUDED_OPEN
43,-23,-1,INCLUDED_OPEN
43,-23,0,INCLUDED_OPEN
43,-23,1,INCLUDED_OPEN
43,-23,2,INCLUDED_OPEN
43,-23,3,INCLUDED_OPEN
43,-23,4,INCLUDED_OPEN
43,-22,-2,INCLUDED_OPEN
43,-22,-1,INCLUDED_OPEN
43,-22,0,INCLUDED_OPEN
43,-22,1,INCLUDED_OPEN
43,-22,2,INCLUDED_OPEN
43,-22,3,INCLUDED_OPEN
43,-22,4,INCLUDED_OPEN
43,-21,-1,INCLUDED_LOWDATA
43,-21,2,INCLUDED_LOWDATA
43,-17,-2,INCLUDED_OPEN
43,-17,-1,INCLUDED_OPEN
43,-17,0,INCLUDED_OPEN
43,-17,1,INCLUDED_OPEN
43,-17,2,INCLUDED_OPEN
43,-16,-13,EXCLUDED_WATER
43,-16,-12,EXCLUDED_WATER
43,-16,-11,EXCLUDED_WATER
43,-16,-10,EXCLUDED_WATER
43,-16,-9,EXCLUDED_WATER
43,-16,-8,EXCLUDED_WATER
43,-16,-7,EXCLUDED_WATER
43,-16,-6,INCLUDED_OPEN
43,-16,-5,INCLUDED_OPEN
43,-16,-4,INCLUDED_LOWDATA
43,-16,-2,INCLUDED_OPEN
43,-16,-1,INCLUDED_OPEN
43,-16,0,INCLUDED_OPEN
43,-16,1,INCLUDED_OPEN
43,-16,2,INCLUDED_OPEN
43,-15,-13,EXCLUDED_WATER
43,-15,-12,EXCLUDED_WATER
43,-15,-11,EXCLUDED_WATER
43,-15,-10,EXCLUDED_WATER
43,-15,-9,EXCLUDED_WATER
43,-15,-8,EXCLUDED_WATER
43,-15,-7,EXCLUDED_WATER
43,-15,-6,INCLUDED_OPEN
43,-15,-5,INCLUDED_OPEN
43,-15,-4,INCLUDED_LOWDATA
43,-15,-2,INCLUDED_OPEN
43,-15,-1,INCLUDED_OPEN
43,-15,0,INCLUDED_OPEN
43,-15,1,INCLUDED_OPEN
43,-15,2,INCLUDED_OPEN
43,-14,-13,EXCLUDED_WATER
43,-14,-12,EXCLUDED_WATER
43,-14,-11,EXCLUDED_WATER
43,-14,-10,EXCLUDED_WATER
43,-14,-9,EXCLUDED_WATER
43,-14,-8,EXCLUDED_WATER
43,-14,-7,EXCLUDED_WATER
43,-14,-6,EXCLUDED_WATER
43,-14,-5,INCLUDED_OPEN
43,-14,-4,INCLUDED_LOWDATA
43,-14,-2,INCLUDED_OPEN
43,-14,-1,INCLUDED_OPEN
43,-14,0,INCLUDED_OPEN
43,-14,1,INCLUDED_OPEN
43,-14,2,INCLUDED_OPEN
43,-13,-13,EXCLUDED_WATER
43,-13,-12,EXCLUDED_WATER
43,-13,-11,EXCLUDED_WATER
43,-13,-10,EXCLUDED_WATER
43,-13,-9,EXCLUDED_WATER
43,-13,-8,EXCLUDED_WATER
43,-13,-7,EXCLUDED_WATER
43,-13,-6,EXCLUDED_WATER
43,-13,-5,INCLUDED_LOWDATA
43,-13,-4,INCLUDED_LOWDATA
43,-13,-2,INCLUDED_OPEN
43,-13,-1,INCLUDED_OPEN
43,-13,0,INCLUDED_OPEN
43,-13,1,INCLUDED_OPEN
43,-13,2,INCLUDED_OPEN
43,-12,-13,EXCLUDED_WATER
43,-12,-12,EXCLUDED_WATER
43,-12,-11,EXCLUDED_WATER
43,-12,-10,EXCLUDED_WATER
43,-12,-9,EXCLUDED_WATER
43,-12,-8,EXCLUDED_WATER
43,-12,-7,EXCLUDED_WATER
43,-12,-6,EXCLUDED_WATER
43,-12,-5,INCLUDED_LOWDATA
43,-12,-4,INCLUDED_LOWDATA
43,-12,-2,INCLUDED_OPEN
43,-12,-1,INCLUDED_OPEN
43,-12,0,INCLUDED_OPEN
43,-12,1,INCLUDED_OPEN
43,-12,2,INCLUDED_OPEN
43,-11,-13,EXCLUDED_WATER
43,-11,-12,EXCLUDED_WATER
43,-11,-11,EXCLUDED_WATER
43,-11,-10,EXCLUDED_WATER
43,-11,-9,EXCLUDED_WATER
43,-11,-8,EXCLUDED_WATER
43,-11,-7,EXCLUDED_WATER
43,-11,-6,EXCLUDED_WATER
43,-11,-5,INCLUDED_LOWDATA
43,-11,-4,INCLUDED_LOWDATA
43,-11,-2,INCLUDED_OPEN
43,-11,-1,INCLUDED_OPEN
43,-11,0,INCLUDED_OPEN
43,-11,1,INCLUDED_OPEN
43,-10,-2,INCLUDED_OPEN
43,-10,-1,INCLUDED_OPEN
43,-10,0,INCLUDED_OPEN
43,-10,1,INCLUDED_OPEN
43,-10,2,INCLUDED_OPEN
43,-9,-2,INCLUDED_OPEN
43,-9,-1,INCLUDED_OPEN
43,-9,0,INCLUDED_OPEN
43,-9,1,INCLUDED_OPEN
43,-9,2,INCLUDED_OPEN
43,-8,-13,EXCLUDED_WATER
43,-8,-12,EXCLUDED_WATER
43,-8,-11,EXCLUDED_WATER
43,-8,-10,EXCLUDED_WATER
43,-8,-9,EXCLUDED_WATER
43,-8,-8,EXCLUDED_WATER
43,-8,-7,EXCLUDED_WATER
43,-8,-6,INCLUDED_OPEN
43,-8,-5,INCLUDED_OPEN
43,-8,-4,INCLUDED_OPEN
43,-8,-2,INCLUDED_OPEN
43,-8,-1,INCLUDED_OPEN
43,-8,0,INCLUDED_OPEN
43,-8,1,INCLUDED_OPEN
43,-8,2,INCLUDED_OPEN
43,-7,-13,EXCLUDED_WATER
43,-7,-12,EXCLUDED_WATER
43,-7,-11,EXCLUDED_WATER
43,-7,-10,EXCLUDED_WATER
43,-7,-9,EXCLUDED_WATER
43,-7,-8,EXCLUDED_WATER
43,-7,-7,EXCLUDED_WATER
43,-7,-6,INCLUDED_OPEN
43,-7,-5,INCLUDED_OPEN
43,-7,-4,INCLUDED_OPEN
43,-7,-2,INCLUDED_OPEN
43,-7,-1,INCLUDED_OPEN
43,-7,0,INCLUDED_OPEN
43,-7,1,INCLUDED_OPEN
43,-7,2,INCLUDED_OPEN
43,-6,-13,EXCLUDED_WATER
43,-6,-12,EXCLUDED_WATER
43,-6,-11,EXCLUDED_WATER
43,-6,-10,EXCLUDED_WATER
43,-6,-9,EXCLUDED_WATER
43,-6,-8,EXCLUDED_WATER
43,-6,-7,EXCLUDED_WATER
43,-6,-6,INCLUDED_OPEN
43,-6,-5,INCLUDED_OPEN
43,-6,-4,INCLUDED_OPEN
43,-6,-2,INCLUDED_OPEN
43,-6,-1,INCLUDED_OPEN
43,-6,0,INCLUDED_OPEN
43,-6,1,INCLUDED_OPEN
43,-6,2,INCLUDED_OPEN
43,-5,-13,EXCLUDED_WATER
43,-5,-12,EXCLUDED_WATER
43,-5,-11,EXCLUDED_WATER
43,-5,-10,EXCLUDED_WATER
43,-5,-9,EXCLUDED_WATER
43,-5,-8,EXCLUDED_WATER
43,-5,-7,EXCLUDED_WATER
43,-5,-6,INCLUDED_OPEN
43,-5,-5,INCLUDED_OPEN
43,-5,-4,INCLUDED_OPEN
43,-5,-2,INCLUDED_OPEN
43,-5,-1,INCLUDED_OPEN
43,-5,0,INCLUDED_OPEN
43,-5,1,INCLUDED_OPEN
43,-5,2,INCLUDED_OPEN
43,-4,-13,EXCLUDED_WATER
43,-4,-12,EXCLUDED_WATER
43,-4,-11,EXCLUDED_WATER
43,-4,-10,EXCLUDED_WATER
43,-4,-9,EXCLUDED_WATER
43,-4,-8,EXCLUDED_WATER
43,-4,-7,EXCLUDED_WATER
43,-4,-6,INCLUDED_OPEN
43,-4,-5,INCLUDED_OPEN
43,-4,-4,INCLUDED_OPEN
43,-4,-2,INCLUDED_OPEN
43,-4,-1,INCLUDED_OPEN
43,-4,0,INCLUDED_OPEN
43,-4,1,INCLUDED_OPEN
43,-4,2,INCLUDED_OPEN
43,-3,-13,EXCLUDED_WATER
43,-3,-12,EXCLUDED_WATER
43,-3,-11,EXCLUDED_WATER
43,-3,-10,EXCLUDED_WATER
43,-3,-9,EXCLUDED_WATER
43,-3,-8,EXCLUDED_WATER
43,-3,-6,INCLUDED_OPEN
43,-3,-5,INCLUDED_OPEN
43,-3,-4,INCLUDED_OPEN
43,-3,-2,INCLUDED_OPEN
43,-3,-1,INCLUDED_OPEN
43,-3,0,INCLUDED_OPEN
43,-3,1,INCLUDED_OPEN
43,-2,-13,EXCLUDED_WATER
43,-2,-12,EXCLUDED_WATER
43,-2,-11,EXCLUDED_WATER
43,-2,-10,EXCLUDED_WATER
43,-2,-9,EXCLUDED_WATER
43,-2,-8,EXCLUDED_WATER
43,-2,-6,INCLUDED_OPEN
43,-2,-5,INCLUDED_OPEN
43,-2,-4,INCLUDED_OPEN
43,-2,-2,INCLUDED_OPEN
43,-2,-1,INCLUDED_OPEN
43,-2,0,INCLUDED_OPEN
43,-2,1,INCLUDED_OPEN
43,-2,2,INCLUDED_OPEN
43,-1,-13,EXCLUDED_WATER
43,-1,-12,EXCLUDED_WATER
43,-1,-11,EXCLUDED_WATER
43,-1,-10,EXCLUDED_WATER
43,-1,-9,EXCLUDED_WATER
43,-1,-8,EXCLUDED_WATER
43,-1,-6,INCLUDED_OPEN
43,-1,-5,INCLUDED_OPEN
43,-1,-4,INCLUDED_OPEN
43,-1,-2,INCLUDED_OPEN
43,-1,-1,INCLUDED_OPEN
43,-1,0,INCLUDED_OPEN
43,-1,1,INCLUDED_OPEN
43,-1,2,INCLUDED_OPEN
43,0,-13,EXCLUDED_WATER
43,0,-12,EXCLUDED_WATER
43,0,-11,EXCLUDED_WATER
43,0,-10,EXCLUDED_WATER
43,0,-9,EXCLUDED_WATER
43,0,-8,EXCLUDED_WATER
43,0,-6,INCLUDED_OPEN
43,0,-5,INCLUDED_OPEN
43,0,-4,INCLUDED_OPEN
43,0,-2,INCLUDED_OPEN
43,0,-1,INCLUDED_OPEN
43,0,0,INCLUDED_OPEN
43,0,1,INCLUDED_OPEN
43,0,2,INCLUDED_OPEN
43,1,-13,EXCLUDED_WATER
43,1,-12,EXCLUDED_WATER
43,1,-11,EXCLUDED_WATER
43,1,-10,EXCLUDED_WATER
43,1,-9,EXCLUDED_WATER
43,1,-8,EXCLUDED_WATER
43,1,-7,EXCLUDED_WATER
43,1,-6,INCLUDED_OPEN
43,1,-5,INCLUDED_OPEN
43,1,-4,INCLUDED_OPEN
43,1,-2,INCLUDED_OPEN
43,1,-1,INCLUDED_OPEN
43,1,0,INCLUDED_OPEN
43,1,1,INCLUDED_OPEN
43,1,2,INCLUDED_OPEN
43,2,-13,EXCLUDED_WATER
43,2,-12,EXCLUDED_WATER
43,2,-11,EXCLUDED_WATER
43,2,-10,EXCLUDED_WATER
43,2,-9,EXCLUDED_WATER
43,2,-8,EXCLUDED_WATER
43,2,-7,EXCLUDED_WATER
43,2,-6,INCLUDED_OPEN
43,2,-5,INCLUDED_OPEN
43,2,-4,INCLUDED_OPEN
43,2,-2,INCLUDED_OPEN
43,2,-1,INCLUDED_OPEN
43,2,0,INCLUDED_OPEN
43,2,1,INCLUDED_OPEN
43,2,2,INCLUDED_OPEN
43,3,-13,EXCLUDED_WATER
43,3,-12,EXCLUDED_WATER
43,3,-11,EXCLUDED_WATER
43,3,-10,EXCLUDED_WATER
43,3,-9,EXCLUDED_WATER
43,3,-8,EXCLUDED_WATER
43,3,-7,EXCLUDED_WATER
43,3,-6,INCLUDED_OPEN
43,3,-5,INCLUDED_OPEN
43,3,-4,INCLUDED_OPEN
43,3,-2,INCLUDED_OPEN
43,3,-1,INCLUDED_OPEN
43,3,0,INCLUDED_OPEN
43,3,1,INCLUDED_OPEN
43,3,2,INCLUDED_OPEN
43,4,-13,EXCLUDED_WATER
43,4,-12,EXCLUDED_WATER
43,4,-2,INCLUDED_OPEN
43,4,-1,INCLUDED_OPEN
43,4,0,INCLUDED_OPEN
43,4,1,INCLUDED_OPEN
43,4,2,INCLUDED_OPEN
43,5,-13,EXCLUDED_WATER
43,5,-12,EXCLUDED_WATER
43,5,-1,INCLUDED_OPEN
43,5,0,INCLUDED_OPEN
43,5,1,INCLUDED_OPEN
43,5,2,INCLUDED_OPEN
43,6,-13,EXCLUDED_WATER
43,6,-12,EXCLUDED_WATER
43,6,-1,INCLUDED_LOWDATA
43,6,0,INCLUDED_OPEN
43,6,1,INCLUDED_OPEN
43,6,2,INCLUDED_OPEN
43,7,-13,EXCLUDED_WATER
43,7,-12,EXCLUDED_WATER
43,7,0,INCLUDED_OPEN
43,7,1,INCLUDED_OPEN
43,7,2,INCLUDED_OPEN
43,8,-13,EXCLUDED_WATER
43,8,-12,EXCLUDED_WATER
43,8,0,INCLUDED_OPEN
43,8,1,INCLUDED_OPEN
43,8,2,INCLUDED_OPEN
43,8,3,INCLUDED_LOWDATA
43,9,-13,EXCLUDED_WATER
43,9,-12,EXCLUDED_WATER
43,9,1,INCLUDED_OPEN
43,9,2,INCLUDED_OPEN
43,9,3,INCLUDED_LOWDATA
43,10,-13,EXCLUDED_WATER
43,10,-12,EXCLUDED_WATER
43,10,1,INCLUDED_OPEN
43,10,2,INCLUDED_OPEN
43,10,3,INCLUDED_OPEN
43,10,4,INCLUDED_OPEN
43,11,-13,EXCLUDED_WATER
43,11,-12,EXCLUDED_WATER
43,11,1,INCLUDED_OPEN
43,11,2,INCLUDED_OPEN
43,11,3,INCLUDED_OPEN
43,11,4,INCLUDED_OPEN
43,12,-13,EXCLUDED_WATER
43,12,-12,EXCLUDED_WATER
43,12,-1,INCLUDED_LOWDATA
43,12,1,INCLUDED_OPEN
43,12,2,INCLUDED_OPEN
43,12,3,INCLUDED_OPEN
43,12,4,INCLUDED_OPEN
43,13,-13,EXCLUDED_WATER
43,13,-12,EXCLUDED_WATER
43,13,1,INCLUDED_OPEN
43,13,2,INCLUDED_OPEN
43,13,3,INCLUDED_OPEN
43,13,4,INCLUDED_OPEN
43,14,-13,EXCLUDED_WATER
43,14,-12,EXCLUDED_WATER
43,14,-1,INCLUDED_LOWDATA
43,14,1,INCLUDED_OPEN
43,14,2,INCLUDED_OPEN
43,14,3,INCLUDED_OPEN
43,14,4,INCLUDED_OPEN
43,15,-13,EXCLUDED_WATER
43,15,-12,EXCLUDED_WATER
43,15,1,INCLUDED_OPEN
43,15,2,INCLUDED_OPEN
43,15,3,INCLUDED_OPEN
43,15,4,INCLUDED_OPEN
43,16,-13,EXCLUDED_WATER
43,16,-12,EXCLUDED_WATER
43,16,1,INCLUDED_OPEN
43,16,2,INCLUDED_OPEN
43,16,3,INCLUDED_OPEN
43,16,4,INCLUDED_OPEN
43,17,-13,EXCLUDED_WATER
43,17,-12,EXCLUDED_WATER
43,17,1,INCLUDED_OPEN
43,17,2,INCLUDED_OPEN
43,17,3,INCLUDED_OPEN
43,17,4,INCLUDED_OPEN
43,18,-13,EXCLUDED_WATER
43,18,-12,EXCLUDED_WATER
43,18,1,window
43,18,2,INCLUDED_LOWDATA
43,18,3,INCLUDED_LOWDATA
43,19,-13,EXCLUDED_WATER
43,19,-12,EXCLUDED_WATER
43,19,-11,EXCLUDED_WATER
43,20,-13,EXCLUDED_WATER
43,20,-12,EXCLUDED_WATER
43,20,-11,EXCLUDED_WATER
43,21,-13,EXCLUDED_WATER
43,21,-12,EXCLUDED_WATER
43,21,-11,EXCLUDED_WATER
43,21,-10,INCLUDED_OPEN
43,21,-9,INCLUDED_OPEN
43,21,-8,INCLUDED_OPEN
43,21,-7,INCLUDED_OPEN
43,21,-6,INCLUDED_OPEN
43,21,-5,INCLUDED_OPEN
43,21,-4,INCLUDED_OPEN
43,21,-3,INCLUDED_OPEN
43,21,-2,INCLUDED_OPEN
43,21,-1,INCLUDED_OPEN
43,21,0,INCLUDED_OPEN
43,21,1,INCLUDED_OPEN
43,21,2,INCLUDED_OPEN
43,21,3,INCLUDED_OPEN
43,21,4,INCLUDED_LOWDATA
43,22,-12,EXCLUDED_WATER
43,22,-11,EXCLUDED_WATER
43,22,-10,INCLUDED_OPEN
43,22,-9,INCLUDED_OPEN
43,22,-8,INCLUDED_OPEN
43,22,-7,INCLUDED_OPEN
43,22,-6,INCLUDED_OPEN
43,22,-5,INCLUDED_OPEN
43,22,-4,INCLUDED_OPEN
43,22,-3,INCLUDED_OPEN
43,22,-2,INCLUDED_OPEN
43,22,-1,INCLUDED_OPEN
43,22,0,INCLUDED_OPEN
43,22,1,INCLUDED_OPEN
43,22,2,INCLUDED_OPEN
43,22,3,INCLUDED_OPEN
43,22,4,INCLUDED_LOWDATA
43,23,-12,EXCLUDED_WATER
43,23,-11,EXCLUDED_WATER
43,23,-10,INCLUDED_OPEN
43,23,-9,INCLUDED_OPEN
43,23,-8,INCLUDED_OPEN
43,23,-7,INCLUDED_OPEN
43,23,-6,INCLUDED_OPEN
43,23,-5,INCLUDED_OPEN
43,23,-4,INCLUDED_OPEN
43,23,-3,INCLUDED_OPEN
43,23,-2,INCLUDED_OPEN
43,23,-1,INCLUDED_OPEN
43,23,0,INCLUDED_OPEN
43,23,1,INCLUDED_OPEN
43,23,2,INCLUDED_OPEN
43,23,3,INCLUDED_OPEN
43,23,4,INCLUDED_LOWDATA
43,24,-11,EXCLUDED_WATER
43,24,-10,EXCLUDED_WATER
43,24,-9,INCLUDED_OPEN
43,24,-8,INCLUDED_OPEN
43,24,-7,INCLUDED_OPEN
43,24,-6,INCLUDED_OPEN
43,24,-5,INCLUDED_OPEN
43,24,-4,INCLUDED_OPEN
43,24,-3,INCLUDED_OPEN
43,24,-2,INCLUDED_OPEN
43,24,-1,INCLUDED_OPEN
43,24,0,INCLUDED_OPEN
43,24,1,INCLUDED_OPEN
43,24,2,INCLUDED_OPEN
43,24,3,INCLUDED_OPEN
43,24,4,INCLUDED_LOWDATA
43,25,-11,EXCLUDED_WATER
43,25,-10,INCLUDED_OPEN
43,25,-9,INCLUDED_OPEN
43,25,-8,INCLUDED_OPEN
43,25,-7,INCLUDED_OPEN
43,25,-6,INCLUDED_OPEN
43,25,-5,INCLUDED_OPEN
43,25,-4,INCLUDED_OPEN
43,25,-3,INCLUDED_OPEN
43,25,-2,INCLUDED_OPEN
43,25,-1,INCLUDED_OPEN
43,25,0,INCLUDED_OPEN
43,25,1,INCLUDED_OPEN
43,25,2,INCLUDED_OPEN
43,25,3,INCLUDED_OPEN
43,25,4,INCLUDED_LOWDATA
43,26,-10,INCLUDED_OPEN
43,26,-9,INCLUDED_OPEN
43,26,-8,INCLUDED_OPEN
43,26,-7,INCLUDED_OPEN
43,26,-6,INCLUDED_OPEN
43,26,-5,INCLUDED_OPEN
43,26,-4,INCLUDED_OPEN
43,26,-3,INCLUDED_OPEN
43,26,-2,INCLUDED_OPEN
43,26,-1,INCLUDED_OPEN
43,26,0,INCLUDED_OPEN
43,26,1,INCLUDED_OPEN
43,26,2,INCLUDED_OPEN
43,26,3,INCLUDED_OPEN
43,26,4,INCLUDED_LOWDATA
43,27,-10,INCLUDED_OPEN
43,27,-9,INCLUDED_OPEN
43,27,-8,INCLUDED_OPEN
43,27,-7,INCLUDED_OPEN
43,27,-6,INCLUDED_OPEN
43,27,-5,INCLUDED_OPEN
43,27,-4,INCLUDED_OPEN
43,27,-3,INCLUDED_OPEN
43,27,-2,INCLUDED_OPEN
43,27,-1,INCLUDED_OPEN
43,27,0,INCLUDED_OPEN
43,27,1,INCLUDED_OPEN
43,27,2,INCLUDED_OPEN
43,27,3,INCLUDED_OPEN
43,27,4,INCLUDED_LOWDATA
43,28,-10,INCLUDED_OPEN
43,28,-9,INCLUDED_OPEN
43,28,-8,INCLUDED_OPEN
43,28,-7,INCLUDED_OPEN
43,28,-6,INCLUDED_OPEN
43,28,-5,INCLUDED_OPEN
43,28,-4,INCLUDED_OPEN
43,28,-3,INCLUDED_OPEN
43,28,-2,INCLUDED_OPEN
43,28,-1,INCLUDED_OPEN
43,28,0,INCLUDED_OPEN
43,28,1,INCLUDED_OPEN
43,28,2,INCLUDED_OPEN
43,28,3,INCLUDED_OPEN
43,28,4,INCLUDED_LOWDATA
43,29,-10,INCLUDED_OPEN
43,29,-9,INCLUDED_OPEN
43,29,-8,INCLUDED_OPEN
43,29,-7,INCLUDED_OPEN
43,29,-6,INCLUDED_OPEN
43,29,-5,INCLUDED_OPEN
43,29,-4,INCLUDED_OPEN
43,29,-3,INCLUDED_OPEN
43,29,-2,INCLUDED_OPEN
43,29,-1,INCLUDED_OPEN
43,29,0,INCLUDED_OPEN
43,29,1,INCLUDED_OPEN
43,29,2,INCLUDED_OPEN
43,29,3,INCLUDED_OPEN
43,29,4,INCLUDED_LOWDATA
43,30,-10,INCLUDED_OPEN
43,30,-9,INCLUDED_OPEN
43,30,-8,INCLUDED_OPEN
43,30,-7,INCLUDED_OPEN
43,30,-6,INCLUDED_OPEN
43,30,-5,INCLUDED_OPEN
43,30,-4,INCLUDED_OPEN
43,30,-3,INCLUDED_OPEN
43,30,-2,INCLUDED_OPEN
43,30,-1,INCLUDED_OPEN
43,30,0,INCLUDED_OPEN
43,30,1,INCLUDED_OPEN
43,30,2,INCLUDED_OPEN
43,30,3,INCLUDED_LOWDATA
43,30,4,INCLUDED_LOWDATA
43,31,-10,INCLUDED_OPEN
43,31,-9,INCLUDED_OPEN
43,31,-8,INCLUDED_OPEN
43,31,-7,INCLUDED_OPEN
43,31,-6,INCLUDED_OPEN
43,31,-5,INCLUDED_OPEN
43,31,-4,INCLUDED_OPEN
43,31,-3,INCLUDED_OPEN
43,31,-2,INCLUDED_OPEN
43,31,-1,INCLUDED_OPEN
43,31,0,INCLUDED_OPEN
43,31,1,INCLUDED_OPEN
43,31,2,INCLUDED_LOWDATA
43,31,3,INCLUDED_LOWDATA
43,32,-10,INCLUDED_OPEN
43,32,-9,INCLUDED_OPEN
43,32,-8,INCLUDED_OPEN
43,32,-7,INCLUDED_OPEN
43,32,-6,INCLUDED_OPEN
43,32,-5,INCLUDED_OPEN
43,32,-4,INCLUDED_OPEN
43,32,-3,INCLUDED_OPEN
43,32,-2,INCLUDED_OPEN
43,32,-1,INCLUDED_OPEN
43,32,0,INCLUDED_OPEN
43,32,1,INCLUDED_OPEN
43,32,2,INCLUDED_LOWDATA
43,32,3,INCLUDED_LOWDATA
43,32,4,INCLUDED_LOWDATA
43,33,-9,INCLUDED_LOWDATA
43,33,-8,INCLUDED_OPEN
43,33,-7,INCLUDED_OPEN
43,33,-6,INCLUDED_OPEN
43,33,-5,INCLUDED_OPEN
43,33,-4,INCLUDED_OPEN
43,33,-3,INCLUDED_OPEN
43,33,-2,INCLUDED_OPEN
43,33,-1,INCLUDED_OPEN
43,33,0,INCLUDED_OPEN
43,33,1,INCLUDED_OPEN
43,33,2,INCLUDED_LOWDATA
43,33,3,INCLUDED_LOWDATA
43,33,4,INCLUDED_LOWDATA
43,34,-9,INCLUDED_OPEN
43,34,-8,INCLUDED_OPEN
43,34,-7,INCLUDED_OPEN
43,34,-6,INCLUDED_OPEN
43,34,-5,INCLUDED_OPEN
43,34,-4,INCLUDED_OPEN
43,34,-3,INCLUDED_OPEN
43,34,-2,INCLUDED_OPEN
43,34,-1,INCLUDED_OPEN
43,34,0,INCLUDED_OPEN
43,34,1,INCLUDED_LOWDATA
43,34,2,INCLUDED_LOWDATA
43,34,3,INCLUDED_LOWDATA
43,34,4,INCLUDED_LOWDATA
43,35,-9,INCLUDED_OPEN
43,35,-8,INCLUDED_OPEN
43,35,-7,INCLUDED_OPEN
43,35,-6,INCLUDED_OPEN
43,35,-5,INCLUDED_OPEN
43,35,-4,INCLUDED_OPEN
43,35,-3,INCLUDED_OPEN
43,35,-2,INCLUDED_OPEN
43,35,-1,constrained-misc
43,35,0,INCLUDED_OPEN
43,35,1,INCLUDED_OPEN
43,35,2,INCLUDED_LOWDATA
43,35,3,INCLUDED_LOWDATA
43,35,4,INCLUDED_LOWDATA
44,-31,-1,INCLUDED_LOWDATA
44,-30,-2,INCLUDED_OPEN
44,-30,-1,INCLUDED_OPEN
44,-30,0,INCLUDED_OPEN
44,-30,1,INCLUDED_LOWDATA
44,-30,2,INCLUDED_OPEN
44,-30,3,INCLUDED_OPEN
44,-30,4,INCLUDED_OPEN
44,-29,-6,INCLUDED_LOWDATA
44,-29,-2,INCLUDED_OPEN
44,-29,-1,INCLUDED_OPEN
44,-29,0,INCLUDED_OPEN
44,-29,1,INCLUDED_LOWDATA
44,-29,2,INCLUDED_OPEN
44,-29,3,INCLUDED_OPEN
44,-29,4,INCLUDED_OPEN
44,-28,-6,INCLUDED_LOWDATA
44,-28,-2,INCLUDED_OPEN
44,-28,-1,INCLUDED_OPEN
44,-28,0,INCLUDED_OPEN
44,-28,1,INCLUDED_LOWDATA
44,-28,2,INCLUDED_OPEN
44,-28,3,INCLUDED_OPEN
44,-28,4,INCLUDED_OPEN
44,-27,-2,INCLUDED_OPEN
44,-27,-1,INCLUDED_OPEN
44,-27,0,INCLUDED_OPEN
44,-27,1,INCLUDED_LOWDATA
44,-27,2,INCLUDED_OPEN
44,-27,3,INCLUDED_OPEN
44,-27,4,INCLUDED_OPEN
44,-26,-2,INCLUDED_OPEN
44,-26,-1,INCLUDED_OPEN
44,-26,0,INCLUDED_OPEN
44,-26,1,INCLUDED_OPEN
44,-26,2,INCLUDED_OPEN
44,-26,3,INCLUDED_OPEN
44,-26,4,INCLUDED_OPEN
44,-25,-2,INCLUDED_OPEN
44,-25,-1,INCLUDED_OPEN
44,-25,0,INCLUDED_OPEN
44,-25,1,INCLUDED_OPEN
44,-25,2,INCLUDED_OPEN
44,-25,3,INCLUDED_OPEN
44,-25,4,INCLUDED_OPEN
44,-24,-2,INCLUDED_OPEN
44,-24,-1,INCLUDED_OPEN
44,-24,0,INCLUDED_OPEN
44,-24,1,INCLUDED_OPEN
44,-24,2,INCLUDED_OPEN
44,-24,3,INCLUDED_OPEN
44,-24,4,INCLUDED_OPEN
44,-23,-2,INCLUDED_OPEN
44,-23,-1,INCLUDED_OPEN
44,-23,0,INCLUDED_OPEN
44,-23,1,INCLUDED_OPEN
44,-23,2,INCLUDED_OPEN
44,-23,3,INCLUDED_OPEN
44,-23,4,INCLUDED_OPEN
44,-22,-2,INCLUDED_OPEN
44,-22,-1,INCLUDED_OPEN
44,-22,0,INCLUDED_OPEN
44,-22,1,INCLUDED_OPEN
44,-22,2,INCLUDED_OPEN
44,-22,3,INCLUDED_OPEN
44,-22,4,INCLUDED_OPEN
44,-21,2,INCLUDED_LOWDATA
44,-16,-13,EXCLUDED_WATER
44,-16,-12,EXCLUDED_WATER
44,-16,-11,EXCLUDED_WATER
44,-16,-10,EXCLUDED_WATER
44,-16,-9,EXCLUDED_WATER
44,-16,-8,EXCLUDED_WATER
44,-16,-7,EXCLUDED_WATER
44,-16,-6,INCLUDED_OPEN
44,-16,-5,INCLUDED_OPEN
44,-16,-4,INCLUDED_LOWDATA
44,-16,-2,INCLUDED_OPEN
44,-16,-1,INCLUDED_OPEN
44,-16,0,INCLUDED_OPEN
44,-15,-13,EXCLUDED_WATER
44,-15,-12,EXCLUDED_WATER
44,-15,-11,EXCLUDED_WATER
44,-15,-10,EXCLUDED_WATER
44,-15,-9,EXCLUDED_WATER
44,-15,-8,EXCLUDED_WATER
44,-15,-7,EXCLUDED_WATER
44,-15,-6,INCLUDED_OPEN
44,-15,-5,INCLUDED_LOWDATA
44,-15,-4,INCLUDED_LOWDATA
44,-15,-2,INCLUDED_OPEN
44,-15,-1,INCLUDED_OPEN
44,-15,0,INCLUDED_OPEN
44,-15,1,INCLUDED_OPEN
44,-14,-13,EXCLUDED_WATER
44,-14,-12,EXCLUDED_WATER
44,-14,-11,EXCLUDED_WATER
44,-14,-10,EXCLUDED_WATER
44,-14,-9,EXCLUDED_WATER
44,-14,-8,EXCLUDED_WATER
44,-14,-7,EXCLUDED_WATER
44,-14,-6,EXCLUDED_WATER
44,-14,-5,INCLUDED_OPEN
44,-14,-4,INCLUDED_LOWDATA
44,-14,-2,INCLUDED_OPEN
44,-14,-1,INCLUDED_OPEN
44,-14,0,INCLUDED_OPEN
44,-14,1,INCLUDED_OPEN
44,-13,-13,EXCLUDED_WATER
44,-13,-12,EXCLUDED_WATER
44,-13,-11,EXCLUDED_WATER
44,-13,-10,EXCLUDED_WATER
44,-13,-9,EXCLUDED_WATER
44,-13,-8,EXCLUDED_WATER
44,-13,-7,EXCLUDED_WATER
44,-13,-6,INCLUDED_OPEN
44,-13,-5,INCLUDED_OPEN
44,-13,-4,INCLUDED_LOWDATA
44,-13,-2,INCLUDED_OPEN
44,-13,-1,INCLUDED_OPEN
44,-13,0,INCLUDED_OPEN
44,-13,1,INCLUDED_OPEN
44,-12,-13,EXCLUDED_WATER
44,-12,-12,EXCLUDED_WATER
44,-12,-11,EXCLUDED_WATER
44,-12,-10,EXCLUDED_WATER
44,-12,-9,EXCLUDED_WATER
44,-12,-8,EXCLUDED_WATER
44,-12,-7,EXCLUDED_WATER
44,-12,-6,EXCLUDED_WATER
44,-12,-5,INCLUDED_OPEN
44,-12,-4,INCLUDED_LOWDATA
44,-12,-2,INCLUDED_OPEN
44,-12,-1,INCLUDED_OPEN
44,-12,0,INCLUDED_OPEN
44,-12,1,INCLUDED_OPEN
44,-11,-13,EXCLUDED_WATER
44,-11,-12,EXCLUDED_WATER
44,-11,-11,EXCLUDED_WATER
44,-11,-10,EXCLUDED_WATER
44,-11,-9,EXCLUDED_WATER
44,-11,-8,EXCLUDED_WATER
44,-11,-7,EXCLUDED_WATER
44,-11,-6,EXCLUDED_WATER
44,-11,-5,INCLUDED_OPEN
44,-11,-4,INCLUDED_OPEN
44,-11,-2,INCLUDED_OPEN
44,-11,-1,INCLUDED_OPEN
44,-11,0,INCLUDED_OPEN
44,-11,1,INCLUDED_OPEN
44,-10,-13,EXCLUDED_WATER
44,-10,-12,EXCLUDED_WATER
44,-10,-11,EXCLUDED_WATER
44,-10,-10,EXCLUDED_WATER
44,-10,-9,EXCLUDED_WATER
44,-10,-8,EXCLUDED_WATER
44,-10,-7,EXCLUDED_WATER
44,-10,-6,INCLUDED_OPEN
44,-10,-5,INCLUDED_OPEN
44,-10,-4,INCLUDED_OPEN
44,-10,-2,INCLUDED_OPEN
44,-10,-1,INCLUDED_OPEN
44,-10,0,INCLUDED_OPEN
44,-10,1,INCLUDED_OPEN
44,-9,-13,EXCLUDED_WATER
44,-9,-12,EXCLUDED_WATER
44,-9,-11,EXCLUDED_WATER
44,-9,-10,EXCLUDED_WATER
44,-9,-9,EXCLUDED_WATER
44,-9,-8,EXCLUDED_WATER
44,-9,-7,EXCLUDED_WATER
44,-9,-6,INCLUDED_OPEN
44,-9,-5,INCLUDED_OPEN
44,-9,-4,INCLUDED_OPEN
44,-9,-2,INCLUDED_OPEN
44,-9,-1,INCLUDED_OPEN
44,-9,0,INCLUDED_OPEN
44,-9,1,INCLUDED_OPEN
44,-8,-13,EXCLUDED_WATER
44,-8,-12,EXCLUDED_WATER
44,-8,-11,EXCLUDED_WATER
44,-8,-10,EXCLUDED_WATER
44,-8,-9,EXCLUDED_WATER
44,-8,-8,EXCLUDED_WATER
44,-8,-7,EXCLUDED_WATER
44,-8,-6,INCLUDED_OPEN
44,-8,-5,INCLUDED_OPEN
44,-8,-4,INCLUDED_OPEN
44,-8,-2,INCLUDED_OPEN
44,-8,-1,INCLUDED_OPEN
44,-8,0,INCLUDED_OPEN
44,-8,1,INCLUDED_OPEN
44,-7,-13,EXCLUDED_WATER
44,-7,-12,EXCLUDED_WATER
44,-7,-11,EXCLUDED_WATER
44,-7,-10,EXCLUDED_WATER
44,-7,-9,EXCLUDED_WATER
44,-7,-8,EXCLUDED_WATER
44,-7,-7,EXCLUDED_WATER
44,-7,-6,INCLUDED_OPEN
44,-7,-5,INCLUDED_OPEN
44,-7,-4,INCLUDED_OPEN
44,-7,-2,INCLUDED_OPEN
44,-7,-1,INCLUDED_OPEN
44,-7,0,INCLUDED_OPEN
44,-7,1,INCLUDED_OPEN
44,-6,-13,EXCLUDED_WATER
44,-6,-12,EXCLUDED_WATER
44,-6,-11,EXCLUDED_WATER
44,-6,-10,EXCLUDED_WATER
44,-6,-9,EXCLUDED_WATER
44,-6,-8,EXCLUDED_WATER
44,-6,-7,EXCLUDED_WATER
44,-6,-6,INCLUDED_OPEN
44,-6,-5,INCLUDED_OPEN
44,-6,-4,INCLUDED_OPEN
44,-6,-2,INCLUDED_OPEN
44,-6,-1,INCLUDED_OPEN
44,-6,0,INCLUDED_OPEN
44,-6,1,INCLUDED_OPEN
44,-5,-13,EXCLUDED_WATER
44,-5,-12,EXCLUDED_WATER
44,-5,-11,EXCLUDED_WATER
44,-5,-10,EXCLUDED_WATER
44,-5,-9,EXCLUDED_WATER
44,-5,-8,EXCLUDED_WATER
44,-5,-7,EXCLUDED_WATER
44,-5,-6,INCLUDED_OPEN
44,-5,-5,INCLUDED_OPEN
44,-5,-4,INCLUDED_OPEN
44,-5,-2,INCLUDED_OPEN
44,-5,-1,INCLUDED_OPEN
44,-5,0,INCLUDED_OPEN
44,-5,1,INCLUDED_OPEN
44,-4,-13,EXCLUDED_WATER
44,-4,-12,EXCLUDED_WATER
44,-4,-11,EXCLUDED_WATER
44,-4,-10,EXCLUDED_WATER
44,-4,-9,EXCLUDED_WATER
44,-4,-8,EXCLUDED_WATER
44,-4,-7,EXCLUDED_WATER
44,-4,-6,INCLUDED_OPEN
44,-4,-5,INCLUDED_OPEN
44,-4,-4,INCLUDED_OPEN
44,-4,-2,INCLUDED_OPEN
44,-4,-1,INCLUDED_OPEN
44,-4,0,INCLUDED_OPEN
44,-4,1,INCLUDED_OPEN
44,-3,-13,EXCLUDED_WATER
44,-3,-12,EXCLUDED_WATER
44,-3,-11,EXCLUDED_WATER
44,-3,-10,EXCLUDED_WATER
44,-3,-9,EXCLUDED_WATER
44,-3,-8,EXCLUDED_WATER
44,-3,-6,INCLUDED_OPEN
44,-3,-5,INCLUDED_OPEN
44,-3,-4,INCLUDED_OPEN
44,-3,-2,INCLUDED_OPEN
44,-3,-1,INCLUDED_OPEN
44,-3,0,INCLUDED_OPEN
44,-3,1,INCLUDED_OPEN
44,-2,-13,EXCLUDED_WATER
44,-2,-12,EXCLUDED_WATER
44,-2,-11,EXCLUDED_WATER
44,-2,-10,EXCLUDED_WATER
44,-2,-9,EXCLUDED_WATER
44,-2,-8,EXCLUDED_WATER
44,-2,-6,INCLUDED_OPEN
44,-2,-5,INCLUDED_OPEN
44,-2,-4,INCLUDED_OPEN
44,-2,-2,INCLUDED_OPEN
44,-2,-1,INCLUDED_OPEN
44,-2,0,INCLUDED_OPEN
44,-2,1,INCLUDED_OPEN
44,-2,2,INCLUDED_OPEN
44,-1,-13,EXCLUDED_WATER
44,-1,-12,EXCLUDED_WATER
44,-1,-11,EXCLUDED_WATER
44,-1,-10,EXCLUDED_WATER
44,-1,-9,EXCLUDED_WATER
44,-1,-8,EXCLUDED_WATER
44,-1,-6,INCLUDED_OPEN
44,-1,-5,INCLUDED_OPEN
44,-1,-4,INCLUDED_OPEN
44,-1,-2,INCLUDED_OPEN
44,-1,-1,INCLUDED_OPEN
44,-1,0,INCLUDED_OPEN
44,-1,1,INCLUDED_OPEN
44,-1,2,INCLUDED_OPEN
44,0,-13,EXCLUDED_WATER
44,0,-12,EXCLUDED_WATER
44,0,-11,EXCLUDED_WATER
44,0,-10,EXCLUDED_WATER
44,0,-9,EXCLUDED_WATER
44,0,-8,EXCLUDED_WATER
44,0,-6,INCLUDED_OPEN
44,0,-5,INCLUDED_OPEN
44,0,-4,INCLUDED_OPEN
44,0,-2,INCLUDED_OPEN
44,0,-1,INCLUDED_OPEN
44,0,0,INCLUDED_OPEN
44,0,1,INCLUDED_OPEN
44,0,2,INCLUDED_OPEN
44,1,-13,EXCLUDED_WATER
44,1,-12,EXCLUDED_WATER
44,1,-11,EXCLUDED_WATER
44,1,-10,EXCLUDED_WATER
44,1,-9,EXCLUDED_WATER
44,1,-8,EXCLUDED_WATER
44,1,-7,EXCLUDED_WATER
44,1,-6,INCLUDED_OPEN
44,1,-5,INCLUDED_OPEN
44,1,-4,INCLUDED_OPEN
44,1,-2,INCLUDED_OPEN
44,1,-1,INCLUDED_OPEN
44,1,0,INCLUDED_OPEN
44,1,1,INCLUDED_OPEN
44,1,2,INCLUDED_OPEN
44,2,-13,EXCLUDED_WATER
44,2,-12,EXCLUDED_WATER
44,2,-11,EXCLUDED_WATER
44,2,-10,EXCLUDED_WATER
44,2,-9,EXCLUDED_WATER
44,2,-8,EXCLUDED_WATER
44,2,-7,EXCLUDED_WATER
44,2,-6,INCLUDED_OPEN
44,2,-5,INCLUDED_OPEN
44,2,-4,INCLUDED_OPEN
44,2,-2,INCLUDED_OPEN
44,2,-1,INCLUDED_OPEN
44,2,0,INCLUDED_OPEN
44,2,1,INCLUDED_OPEN
44,2,2,INCLUDED_OPEN
44,3,-13,EXCLUDED_WATER
44,3,-12,EXCLUDED_WATER
44,3,-11,EXCLUDED_WATER
44,3,-10,EXCLUDED_WATER
44,3,-9,EXCLUDED_WATER
44,3,-8,EXCLUDED_WATER
44,3,-7,EXCLUDED_WATER
44,3,-6,INCLUDED_OPEN
44,3,-5,INCLUDED_OPEN
44,3,-4,INCLUDED_OPEN
44,3,-2,INCLUDED_OPEN
44,3,-1,INCLUDED_OPEN
44,3,0,INCLUDED_OPEN
44,3,1,INCLUDED_OPEN
44,3,2,INCLUDED_OPEN
44,4,-13,EXCLUDED_WATER
44,4,-12,EXCLUDED_WATER
44,4,-2,INCLUDED_OPEN
44,4,-1,INCLUDED_OPEN
44,4,0,INCLUDED_OPEN
44,4,1,INCLUDED_OPEN
44,4,2,INCLUDED_OPEN
44,5,-13,EXCLUDED_WATER
44,5,-12,EXCLUDED_WATER
44,5,-1,INCLUDED_OPEN
44,5,0,INCLUDED_OPEN
44,5,1,INCLUDED_OPEN
44,5,2,INCLUDED_OPEN
44,6,-13,EXCLUDED_WATER
44,6,-12,EXCLUDED_WATER
44,6,-1,INCLUDED_OPEN
44,6,0,INCLUDED_OPEN
44,6,1,INCLUDED_OPEN
44,6,2,INCLUDED_OPEN
44,7,-13,EXCLUDED_WATER
44,7,-12,EXCLUDED_WATER
44,7,0,INCLUDED_OPEN
44,7,1,INCLUDED_OPEN
44,7,2,INCLUDED_OPEN
44,8,-13,EXCLUDED_WATER
44,8,-12,EXCLUDED_WATER
44,8,0,INCLUDED_OPEN
44,8,1,INCLUDED_OPEN
44,8,2,INCLUDED_OPEN
44,9,-13,EXCLUDED_WATER
44,9,-12,EXCLUDED_WATER
44,9,1,INCLUDED_OPEN
44,9,2,INCLUDED_OPEN
44,10,-13,EXCLUDED_WATER
44,10,-12,EXCLUDED_WATER
44,10,-6,INCLUDED_LOWDATA
44,10,-3,INCLUDED_LOWDATA
44,10,1,INCLUDED_OPEN
44,10,2,INCLUDED_OPEN
44,10,3,INCLUDED_OPEN
44,10,4,INCLUDED_OPEN
44,11,-13,EXCLUDED_WATER
44,11,-12,EXCLUDED_WATER
44,11,-4,INCLUDED_LOWDATA
44,11,1,INCLUDED_OPEN
44,11,2,INCLUDED_OPEN
44,11,3,INCLUDED_OPEN
44,11,4,INCLUDED_OPEN
44,12,-13,EXCLUDED_WATER
44,12,-12,EXCLUDED_WATER
44,12,-2,INCLUDED_LOWDATA
44,12,1,INCLUDED_OPEN
44,12,2,INCLUDED_OPEN
44,12,3,INCLUDED_OPEN
44,12,4,INCLUDED_OPEN
44,13,-13,EXCLUDED_WATER
44,13,-12,EXCLUDED_WATER
44,13,1,INCLUDED_OPEN
44,13,2,INCLUDED_OPEN
44,13,3,INCLUDED_OPEN
44,13,4,INCLUDED_OPEN
44,14,-13,EXCLUDED_WATER
44,14,-12,EXCLUDED_WATER
44,14,1,INCLUDED_OPEN
44,14,2,INCLUDED_OPEN
44,14,3,INCLUDED_OPEN
44,14,4,INCLUDED_OPEN
44,15,-13,EXCLUDED_WATER
44,15,-12,EXCLUDED_WATER
44,15,1,INCLUDED_OPEN
44,15,2,INCLUDED_OPEN
44,15,3,INCLUDED_OPEN
44,15,4,INCLUDED_OPEN
44,16,-13,EXCLUDED_WATER
44,16,-12,EXCLUDED_WATER
44,16,1,INCLUDED_OPEN
44,16,2,INCLUDED_OPEN
44,16,3,INCLUDED_OPEN
44,16,4,INCLUDED_OPEN
44,17,-13,EXCLUDED_WATER
44,17,-12,EXCLUDED_WATER
44,17,1,window
44,17,2,INCLUDED_LOWDATA
44,17,3,INCLUDED_LOWDATA
44,18,-13,EXCLUDED_WATER
44,18,-12,EXCLUDED_WATER
44,19,-13,EXCLUDED_WATER
44,19,-12,EXCLUDED_WATER
44,19,-11,EXCLUDED_WATER
44,20,-13,EXCLUDED_WATER
44,20,-12,EXCLUDED_WATER
44,20,-11,EXCLUDED_WATER
44,21,-13,EXCLUDED_WATER
44,21,-12,EXCLUDED_WATER
44,21,-11,EXCLUDED_WATER
44,21,-10,INCLUDED_OPEN
44,21,-9,INCLUDED_OPEN
44,21,-8,INCLUDED_OPEN
44,21,-7,INCLUDED_OPEN
44,21,-6,INCLUDED_OPEN
44,21,-5,INCLUDED_OPEN
44,21,-4,INCLUDED_OPEN
44,21,-3,INCLUDED_OPEN
44,21,-2,INCLUDED_OPEN
44,21,-1,INCLUDED_OPEN
44,21,0,INCLUDED_OPEN
44,21,1,INCLUDED_OPEN
44,21,2,INCLUDED_OPEN
44,21,3,INCLUDED_OPEN
44,21,4,INCLUDED_LOWDATA
44,22,-12,EXCLUDED_WATER
44,22,-11,EXCLUDED_WATER
44,22,-10,INCLUDED_OPEN
44,22,-9,INCLUDED_OPEN
44,22,-8,INCLUDED_OPEN
44,22,-7,INCLUDED_OPEN
44,22,-6,INCLUDED_OPEN
44,22,-5,INCLUDED_OPEN
44,22,-4,INCLUDED_OPEN
44,22,-3,INCLUDED_OPEN
44,22,-2,INCLUDED_OPEN
44,22,-1,INCLUDED_OPEN
44,22,0,INCLUDED_OPEN
44,22,1,INCLUDED_OPEN
44,22,2,INCLUDED_OPEN
44,22,3,INCLUDED_OPEN
44,22,4,INCLUDED_LOWDATA
44,23,-12,EXCLUDED_WATER
44,23,-11,EXCLUDED_WATER
44,23,-10,INCLUDED_OPEN
44,23,-9,INCLUDED_OPEN
44,23,-8,INCLUDED_OPEN
44,23,-7,INCLUDED_OPEN
44,23,-6,INCLUDED_OPEN
44,23,-5,INCLUDED_OPEN
44,23,-4,INCLUDED_OPEN
44,23,-3,INCLUDED_OPEN
44,23,-2,INCLUDED_OPEN
44,23,-1,INCLUDED_OPEN
44,23,0,INCLUDED_OPEN
44,23,1,INCLUDED_OPEN
44,23,2,INCLUDED_OPEN
44,23,3,INCLUDED_OPEN
44,23,4,INCLUDED_LOWDATA
44,24,-11,EXCLUDED_WATER
44,24,-10,INCLUDED_OPEN
44,24,-9,INCLUDED_OPEN
44,24,-8,INCLUDED_OPEN
44,24,-7,INCLUDED_OPEN
44,24,-6,INCLUDED_OPEN
44,24,-5,INCLUDED_OPEN
44,24,-4,INCLUDED_OPEN
44,24,-3,INCLUDED_OPEN
44,24,-2,INCLUDED_OPEN
44,24,-1,INCLUDED_OPEN
44,24,0,INCLUDED_OPEN
44,24,1,INCLUDED_OPEN
44,24,2,INCLUDED_OPEN
44,24,3,INCLUDED_OPEN
44,24,4,INCLUDED_LOWDATA
44,25,-10,INCLUDED_OPEN
44,25,-9,INCLUDED_OPEN
44,25,-8,INCLUDED_OPEN
44,25,-7,INCLUDED_OPEN
44,25,-6,INCLUDED_OPEN
44,25,-5,INCLUDED_OPEN
44,25,-4,INCLUDED_OPEN
44,25,-3,INCLUDED_OPEN
44,25,-2,INCLUDED_OPEN
44,25,-1,INCLUDED_OPEN
44,25,0,INCLUDED_OPEN
44,25,1,INCLUDED_OPEN
44,25,2,INCLUDED_OPEN
44,25,3,INCLUDED_OPEN
44,25,4,INCLUDED_LOWDATA
44,26,-10,INCLUDED_OPEN
44,26,-9,INCLUDED_OPEN
44,26,-8,INCLUDED_OPEN
44,26,-7,INCLUDED_OPEN
44,26,-6,INCLUDED_OPEN
44,26,-5,INCLUDED_OPEN
44,26,-4,INCLUDED_OPEN
44,26,-3,INCLUDED_OPEN
44,26,-2,INCLUDED_OPEN
44,26,-1,INCLUDED_OPEN
44,26,0,INCLUDED_OPEN
44,26,1,INCLUDED_OPEN
44,26,2,INCLUDED_OPEN
44,26,3,INCLUDED_OPEN
44,26,4,INCLUDED_LOWDATA
44,27,-10,INCLUDED_OPEN
44,27,-9,INCLUDED_OPEN
44,27,-8,INCLUDED_OPEN
44,27,-7,INCLUDED_OPEN
44,27,-6,INCLUDED_OPEN
44,27,-5,INCLUDED_OPEN
44,27,-4,INCLUDED_OPEN
44,27,-3,INCLUDED_OPEN
44,27,-2,INCLUDED_OPEN
44,27,-1,INCLUDED_OPEN
44,27,0,INCLUDED_OPEN
44,27,1,INCLUDED_OPEN
44,27,2,INCLUDED_OPEN
44,27,3,INCLUDED_OPEN
44,27,4,INCLUDED_LOWDATA
44,28,-10,INCLUDED_OPEN
44,28,-9,INCLUDED_OPEN
44,28,-8,INCLUDED_OPEN
44,28,-7,INCLUDED_OPEN
44,28,-6,INCLUDED_OPEN
44,28,-5,INCLUDED_OPEN
44,28,-4,INCLUDED_OPEN
44,28,-3,INCLUDED_OPEN
44,28,-2,INCLUDED_OPEN
44,28,-1,INCLUDED_OPEN
44,28,0,INCLUDED_OPEN
44,28,1,INCLUDED_OPEN
44,28,2,INCLUDED_OPEN
44,28,3,INCLUDED_OPEN
44,28,4,INCLUDED_LOWDATA
44,29,-10,INCLUDED_OPEN
44,29,-9,INCLUDED_OPEN
44,29,-8,INCLUDED_OPEN
44,29,-7,INCLUDED_OPEN
44,29,-6,INCLUDED_OPEN
44,29,-5,INCLUDED_OPEN
44,29,-4,INCLUDED_OPEN
44,29,-3,INCLUDED_OPEN
44,29,-2,INCLUDED_OPEN
44,29,-1,INCLUDED_OPEN
44,29,0,INCLUDED_OPEN
44,29,1,INCLUDED_OPEN
44,29,2,INCLUDED_OPEN
44,29,3,INCLUDED_OPEN
44,29,4,INCLUDED_LOWDATA
44,30,-10,INCLUDED_OPEN
44,30,-9,INCLUDED_OPEN
44,30,-8,INCLUDED_OPEN
44,30,-7,INCLUDED_OPEN
44,30,-6,INCLUDED_OPEN
44,30,-5,INCLUDED_OPEN
44,30,-4,INCLUDED_OPEN
44,30,-3,INCLUDED_OPEN
44,30,-2,INCLUDED_OPEN
44,30,-1,INCLUDED_OPEN
44,30,0,INCLUDED_OPEN
44,30,1,INCLUDED_OPEN
44,30,2,INCLUDED_LOWDATA
44,30,3,INCLUDED_LOWDATA
44,30,4,INCLUDED_LOWDATA
44,31,-10,INCLUDED_OPEN
44,31,-9,INCLUDED_OPEN
44,31,-8,INCLUDED_OPEN
44,31,-7,INCLUDED_OPEN
44,31,-6,INCLUDED_OPEN
44,31,-5,INCLUDED_OPEN
44,31,-4,INCLUDED_OPEN
44,31,-3,INCLUDED_OPEN
44,31,-2,INCLUDED_OPEN
44,31,-1,INCLUDED_OPEN
44,31,0,INCLUDED_OPEN
44,31,1,INCLUDED_OPEN
44,31,2,INCLUDED_LOWDATA
44,31,3,INCLUDED_LOWDATA
44,31,4,INCLUDED_LOWDATA
44,32,-10,INCLUDED_OPEN
44,32,-9,INCLUDED_OPEN
44,32,-8,INCLUDED_OPEN
44,32,-7,INCLUDED_OPEN
44,32,-6,INCLUDED_OPEN
44,32,-5,INCLUDED_OPEN
44,32,-4,INCLUDED_OPEN
44,32,-3,INCLUDED_OPEN
44,32,-2,INCLUDED_OPEN
44,32,-1,INCLUDED_OPEN
44,32,0,INCLUDED_OPEN
44,32,1,INCLUDED_LOWDATA
44,32,2,INCLUDED_LOWDATA
44,32,3,INCLUDED_LOWDATA
44,32,4,INCLUDED_LOWDATA
44,33,-9,INCLUDED_LOWDATA
44,33,-8,INCLUDED_OPEN
44,33,-7,INCLUDED_OPEN
44,33,-6,INCLUDED_OPEN
44,33,-5,INCLUDED_OPEN
44,33,-4,INCLUDED_OPEN
44,33,-3,INCLUDED_OPEN
44,33,-2,INCLUDED_OPEN
44,33,-1,INCLUDED_OPEN
44,33,0,INCLUDED_OPEN
44,33,1,INCLUDED_LOWDATA
44,33,2,INCLUDED_LOWDATA
44,33,3,INCLUDED_LOWDATA
44,33,4,INCLUDED_LOWDATA
44,34,-9,INCLUDED_OPEN
44,34,-8,INCLUDED_OPEN
44,34,-7,INCLUDED_OPEN
44,34,-6,INCLUDED_OPEN
44,34,-5,INCLUDED_OPEN
44,34,-4,INCLUDED_OPEN
44,34,-3,INCLUDED_OPEN
44,34,-2,INCLUDED_OPEN
44,34,-1,INCLUDED_OPEN
44,34,0,INCLUDED_OPEN
44,34,1,INCLUDED_LOWDATA
44,34,2,INCLUDED_LOWDATA
44,34,3,INCLUDED_LOWDATA
44,34,4,INCLUDED_LOWDATA
44,35,-9,INCLUDED_LOWDATA
44,35,-8,INCLUDED_OPEN
44,35,-7,INCLUDED_OPEN
44,35,-6,INCLUDED_OPEN
44,35,-5,INCLUDED_OPEN
44,35,-4,INCLUDED_OPEN
44,35,-3,INCLUDED_OPEN
44,35,-2,INCLUDED_OPEN
44,35,-1,INCLUDED_OPEN
44,35,0,INCLUDED_OPEN
44,35,1,INCLUDED_LOWDATA
44,35,2,INCLUDED_LOWDATA
44,35,3,INCLUDED_LOWDATA
44,35,4,INCLUDED_LOWDATA
45,-30,-2,INCLUDED_OPEN
45,-30,-1,INCLUDED_OPEN
45,-30,0,INCLUDED_OPEN
45,-30,1,INCLUDED_LOWDATA
45,-30,2,INCLUDED_OPEN
45,-30,3,INCLUDED_OPEN
45,-30,4,INCLUDED_OPEN
45,-29,-6,INCLUDED_LOWDATA
45,-29,-3,INCLUDED_LOWDATA
45,-29,-2,INCLUDED_OPEN
45,-29,-1,INCLUDED_OPEN
45,-29,0,INCLUDED_OPEN
45,-29,1,INCLUDED_LOWDATA
45,-29,2,INCLUDED_OPEN
45,-29,3,INCLUDED_OPEN
45,-29,4,INCLUDED_OPEN
45,-28,-6,INCLUDED_LOWDATA
45,-28,-3,INCLUDED_LOWDATA
45,-28,-2,INCLUDED_OPEN
45,-28,-1,INCLUDED_OPEN
45,-28,0,INCLUDED_OPEN
45,-28,1,INCLUDED_LOWDATA
45,-28,2,INCLUDED_OPEN
45,-28,3,INCLUDED_OPEN
45,-28,4,INCLUDED_OPEN
45,-27,-3,INCLUDED_LOWDATA
45,-27,-2,INCLUDED_OPEN
45,-27,-1,INCLUDED_OPEN
45,-27,0,INCLUDED_OPEN
45,-27,1,INCLUDED_LOWDATA
45,-27,2,INCLUDED_OPEN
45,-27,3,INCLUDED_OPEN
45,-27,4,INCLUDED_OPEN
45,-26,-3,INCLUDED_LOWDATA
45,-26,-2,INCLUDED_OPEN
45,-26,-1,INCLUDED_OPEN
45,-26,0,INCLUDED_OPEN
45,-26,1,INCLUDED_OPEN
45,-26,2,INCLUDED_OPEN
45,-26,3,INCLUDED_OPEN
45,-26,4,INCLUDED_OPEN
45,-25,-2,INCLUDED_OPEN
45,-25,-1,INCLUDED_OPEN
45,-25,0,INCLUDED_OPEN
45,-25,1,INCLUDED_OPEN
45,-25,2,INCLUDED_OPEN
45,-25,3,INCLUDED_OPEN
45,-25,4,INCLUDED_OPEN
45,-24,-2,INCLUDED_OPEN
45,-24,-1,INCLUDED_OPEN
45,-24,0,INCLUDED_OPEN
45,-24,1,INCLUDED_OPEN
45,-24,2,INCLUDED_OPEN
45,-24,3,INCLUDED_OPEN
45,-24,4,INCLUDED_OPEN
45,-23,-2,INCLUDED_OPEN
45,-23,-1,INCLUDED_OPEN
45,-23,0,INCLUDED_OPEN
45,-23,1,INCLUDED_OPEN
45,-23,2,INCLUDED_OPEN
45,-23,3,INCLUDED_OPEN
45,-23,4,INCLUDED_OPEN
45,-22,-2,INCLUDED_OPEN
45,-22,-1,INCLUDED_OPEN
45,-22,0,INCLUDED_OPEN
45,-22,1,INCLUDED_OPEN
45,-22,2,INCLUDED_OPEN
45,-22,3,INCLUDED_OPEN
45,-22,4,INCLUDED_OPEN
45,-21,2,INCLUDED_LOWDATA
45,-21,3,INCLUDED_LOWDATA
45,-16,-13,EXCLUDED_WATER
45,-16,-12,EXCLUDED_WATER
45,-16,-11,EXCLUDED_WATER
45,-16,-10,EXCLUDED_WATER
45,-16,-9,EXCLUDED_WATER
45,-16,-8,EXCLUDED_WATER
45,-16,-7,EXCLUDED_WATER
45,-16,-6,INCLUDED_OPEN
45,-16,-5,INCLUDED_OPEN
45,-16,-4,INCLUDED_LOWDATA
45,-16,-2,INCLUDED_OPEN
45,-16,-1,INCLUDED_OPEN
45,-16,0,INCLUDED_OPEN
45,-16,1,INCLUDED_OPEN
45,-16,2,INCLUDED_OPEN
45,-15,-13,EXCLUDED_WATER
45,-15,-12,EXCLUDED_WATER
45,-15,-11,EXCLUDED_WATER
45,-15,-10,EXCLUDED_WATER
45,-15,-9,EXCLUDED_WATER
45,-15,-8,EXCLUDED_WATER
45,-15,-7,EXCLUDED_WATER
45,-15,-6,EXCLUDED_WATER
45,-15,-5,INCLUDED_LOWDATA
45,-15,-4,INCLUDED_LOWDATA
45,-15,-2,INCLUDED_OPEN
45,-15,-1,INCLUDED_OPEN
45,-15,0,INCLUDED_OPEN
45,-15,1,INCLUDED_OPEN
45,-15,2,INCLUDED_OPEN
45,-14,-13,EXCLUDED_WATER
45,-14,-12,EXCLUDED_WATER
45,-14,-11,EXCLUDED_WATER
45,-14,-10,EXCLUDED_WATER
45,-14,-9,EXCLUDED_WATER
45,-14,-8,EXCLUDED_WATER
45,-14,-7,EXCLUDED_WATER
45,-14,-6,EXCLUDED_WATER
45,-14,-5,INCLUDED_LOWDATA
45,-14,-4,INCLUDED_LOWDATA
45,-14,-2,INCLUDED_OPEN
45,-14,-1,INCLUDED_OPEN
45,-14,0,INCLUDED_OPEN
45,-14,1,INCLUDED_OPEN
45,-14,2,INCLUDED_OPEN
45,-13,-13,EXCLUDED_WATER
45,-13,-12,EXCLUDED_WATER
45,-13,-11,EXCLUDED_WATER
45,-13,-10,EXCLUDED_WATER
45,-13,-9,EXCLUDED_WATER
45,-13,-8,EXCLUDED_WATER
45,-13,-7,EXCLUDED_WATER
45,-13,-6,EXCLUDED_WATER
45,-13,-5,INCLUDED_LOWDATA
45,-13,-4,INCLUDED_LOWDATA
45,-13,-2,INCLUDED_OPEN
45,-13,-1,INCLUDED_OPEN
45,-13,0,INCLUDED_OPEN
45,-13,1,INCLUDED_OPEN
45,-13,2,INCLUDED_OPEN
45,-12,-13,EXCLUDED_WATER
45,-12,-12,EXCLUDED_WATER
45,-12,-11,EXCLUDED_WATER
45,-12,-10,EXCLUDED_WATER
45,-12,-9,EXCLUDED_WATER
45,-12,-8,EXCLUDED_WATER
45,-12,-7,EXCLUDED_WATER
45,-12,-6,EXCLUDED_WATER
45,-12,-5,INCLUDED_OPEN
45,-12,-4,INCLUDED_LOWDATA
45,-12,-2,INCLUDED_OPEN
45,-12,-1,INCLUDED_OPEN
45,-12,0,INCLUDED_OPEN
45,-12,1,INCLUDED_OPEN
45,-12,2,INCLUDED_OPEN
45,-11,-13,EXCLUDED_WATER
45,-11,-12,EXCLUDED_WATER
45,-11,-11,EXCLUDED_WATER
45,-11,-10,EXCLUDED_WATER
45,-11,-9,EXCLUDED_WATER
45,-11,-8,EXCLUDED_WATER
45,-11,-7,EXCLUDED_WATER
45,-11,-6,INCLUDED_OPEN
45,-11,-5,INCLUDED_OPEN
45,-11,-4,INCLUDED_LOWDATA
45,-11,-2,INCLUDED_OPEN
45,-11,-1,INCLUDED_OPEN
45,-11,0,INCLUDED_OPEN
45,-11,1,INCLUDED_OPEN
45,-10,-13,EXCLUDED_WATER
45,-10,-12,EXCLUDED_WATER
45,-10,-11,EXCLUDED_WATER
45,-10,-10,EXCLUDED_WATER
45,-10,-9,EXCLUDED_WATER
45,-10,-8,EXCLUDED_WATER
45,-10,-7,EXCLUDED_WATER
45,-10,-6,EXCLUDED_WATER
45,-10,-5,INCLUDED_OPEN
45,-10,-4,INCLUDED_OPEN
45,-10,-2,INCLUDED_OPEN
45,-10,-1,INCLUDED_OPEN
45,-10,0,INCLUDED_OPEN
45,-10,1,INCLUDED_OPEN
45,-10,2,INCLUDED_OPEN
45,-10,3,INCLUDED_OPEN
45,-10,4,INCLUDED_OPEN
45,-9,-13,EXCLUDED_WATER
45,-9,-12,EXCLUDED_WATER
45,-9,-11,EXCLUDED_WATER
45,-9,-10,EXCLUDED_WATER
45,-9,-9,EXCLUDED_WATER
45,-9,-8,EXCLUDED_WATER
45,-9,-7,EXCLUDED_WATER
45,-9,-6,INCLUDED_OPEN
45,-9,-5,INCLUDED_OPEN
45,-9,-4,INCLUDED_OPEN
45,-9,-2,INCLUDED_OPEN
45,-9,-1,INCLUDED_OPEN
45,-9,0,INCLUDED_OPEN
45,-9,1,INCLUDED_OPEN
45,-9,2,INCLUDED_OPEN
45,-9,3,INCLUDED_OPEN
45,-9,4,INCLUDED_OPEN
45,-8,-13,EXCLUDED_WATER
45,-8,-12,EXCLUDED_WATER
45,-8,-11,EXCLUDED_WATER
45,-8,-10,EXCLUDED_WATER
45,-8,-9,EXCLUDED_WATER
45,-8,-8,EXCLUDED_WATER
45,-8,-7,EXCLUDED_WATER
45,-8,-6,INCLUDED_OPEN
45,-8,-5,INCLUDED_OPEN
45,-8,-4,INCLUDED_OPEN
45,-8,-2,INCLUDED_LOWDATA
45,-8,-1,INCLUDED_OPEN
45,-8,0,INCLUDED_OPEN
45,-8,1,INCLUDED_OPEN
45,-8,2,INCLUDED_OPEN
45,-8,3,INCLUDED_OPEN
45,-8,4,INCLUDED_OPEN
45,-7,-13,EXCLUDED_WATER
45,-7,-12,EXCLUDED_WATER
45,-7,-11,EXCLUDED_WATER
45,-7,-10,EXCLUDED_WATER
45,-7,-9,EXCLUDED_WATER
45,-7,-8,EXCLUDED_WATER
45,-7,-7,EXCLUDED_WATER
45,-7,-6,INCLUDED_OPEN
45,-7,-5,INCLUDED_OPEN
45,-7,-4,INCLUDED_OPEN
45,-7,-2,INCLUDED_LOWDATA
45,-7,-1,INCLUDED_OPEN
45,-7,0,INCLUDED_OPEN
45,-7,1,INCLUDED_OPEN
45,-7,2,INCLUDED_OPEN
45,-7,3,INCLUDED_OPEN
45,-7,4,INCLUDED_OPEN
45,-6,-13,EXCLUDED_WATER
45,-6,-12,EXCLUDED_WATER
45,-6,-11,EXCLUDED_WATER
45,-6,-10,EXCLUDED_WATER
45,-6,-9,EXCLUDED_WATER
45,-6,-8,EXCLUDED_WATER
45,-6,-7,EXCLUDED_WATER
45,-6,-6,INCLUDED_OPEN
45,-6,-5,INCLUDED_OPEN
45,-6,-4,INCLUDED_OPEN
45,-6,-2,INCLUDED_OPEN
45,-6,-1,INCLUDED_OPEN
45,-6,0,INCLUDED_OPEN
45,-6,1,INCLUDED_OPEN
45,-6,2,INCLUDED_OPEN
45,-6,3,INCLUDED_OPEN
45,-6,4,INCLUDED_OPEN
45,-5,-13,EXCLUDED_WATER
45,-5,-12,EXCLUDED_WATER
45,-5,-11,EXCLUDED_WATER
45,-5,-10,EXCLUDED_WATER
45,-5,-9,EXCLUDED_WATER
45,-5,-8,EXCLUDED_WATER
45,-5,-7,EXCLUDED_WATER
45,-5,-6,INCLUDED_OPEN
45,-5,-5,INCLUDED_OPEN
45,-5,-4,INCLUDED_OPEN
45,-5,-2,INCLUDED_OPEN
45,-5,-1,INCLUDED_OPEN
45,-5,0,INCLUDED_OPEN
45,-5,1,INCLUDED_OPEN
45,-5,2,INCLUDED_OPEN
45,-5,3,INCLUDED_OPEN
45,-5,4,INCLUDED_LOWDATA
45,-4,-13,EXCLUDED_WATER
45,-4,-12,EXCLUDED_WATER
45,-4,-11,EXCLUDED_WATER
45,-4,-10,EXCLUDED_WATER
45,-4,-9,EXCLUDED_WATER
45,-4,-8,EXCLUDED_WATER
45,-4,-7,EXCLUDED_WATER
45,-4,-6,INCLUDED_OPEN
45,-4,-5,INCLUDED_OPEN
45,-4,-4,INCLUDED_OPEN
45,-4,-2,INCLUDED_OPEN
45,-4,-1,INCLUDED_OPEN
45,-4,0,INCLUDED_OPEN
45,-4,1,INCLUDED_OPEN
45,-4,2,INCLUDED_OPEN
45,-4,3,INCLUDED_OPEN
45,-4,4,INCLUDED_OPEN
45,-3,-13,EXCLUDED_WATER
45,-3,-12,EXCLUDED_WATER
45,-3,-11,EXCLUDED_WATER
45,-3,-10,EXCLUDED_WATER
45,-3,-9,EXCLUDED_WATER
45,-3,-8,EXCLUDED_WATER
45,-3,-6,INCLUDED_OPEN
45,-3,-5,INCLUDED_OPEN
45,-3,-4,INCLUDED_OPEN
45,-3,-2,INCLUDED_OPEN
45,-3,-1,INCLUDED_OPEN
45,-3,0,INCLUDED_OPEN
45,-3,1,INCLUDED_OPEN
45,-2,-13,EXCLUDED_WATER
45,-2,-12,EXCLUDED_WATER
45,-2,-11,EXCLUDED_WATER
45,-2,-10,EXCLUDED_WATER
45,-2,-9,EXCLUDED_WATER
45,-2,-8,EXCLUDED_WATER
45,-2,-6,INCLUDED_OPEN
45,-2,-5,INCLUDED_OPEN
45,-2,-4,INCLUDED_OPEN
45,-2,-2,INCLUDED_OPEN
45,-2,-1,INCLUDED_OPEN
45,-2,0,INCLUDED_OPEN
45,-2,1,INCLUDED_OPEN
45,-2,2,INCLUDED_OPEN
45,-1,-13,EXCLUDED_WATER
45,-1,-12,EXCLUDED_WATER
45,-1,-11,EXCLUDED_WATER
45,-1,-10,EXCLUDED_WATER
45,-1,-9,EXCLUDED_WATER
45,-1,-8,EXCLUDED_WATER
45,-1,-7,EXCLUDED_WATER
45,-1,-6,INCLUDED_OPEN
45,-1,-5,INCLUDED_OPEN
45,-1,-4,INCLUDED_OPEN
45,-1,-2,INCLUDED_OPEN
45,-1,-1,INCLUDED_OPEN
45,-1,0,INCLUDED_OPEN
45,-1,1,INCLUDED_OPEN
45,-1,2,INCLUDED_OPEN
45,0,-13,EXCLUDED_WATER
45,0,-12,EXCLUDED_WATER
45,0,-11,EXCLUDED_WATER
45,0,-10,EXCLUDED_WATER
45,0,-9,EXCLUDED_WATER
45,0,-8,EXCLUDED_WATER
45,0,-7,EXCLUDED_WATER
45,0,-6,INCLUDED_OPEN
45,0,-5,INCLUDED_OPEN
45,0,-4,INCLUDED_OPEN
45,0,-2,INCLUDED_OPEN
45,0,-1,INCLUDED_OPEN
45,0,0,INCLUDED_OPEN
45,0,1,INCLUDED_OPEN
45,0,2,INCLUDED_OPEN
45,1,-13,EXCLUDED_WATER
45,1,-12,EXCLUDED_WATER
45,1,-11,EXCLUDED_WATER
45,1,-10,EXCLUDED_WATER
45,1,-9,EXCLUDED_WATER
45,1,-8,EXCLUDED_WATER
45,1,-7,EXCLUDED_WATER
45,1,-6,INCLUDED_OPEN
45,1,-5,INCLUDED_OPEN
45,1,-4,INCLUDED_OPEN
45,1,-2,INCLUDED_OPEN
45,1,-1,INCLUDED_OPEN
45,1,0,INCLUDED_OPEN
45,1,1,INCLUDED_OPEN
45,1,2,INCLUDED_OPEN
45,2,-13,EXCLUDED_WATER
45,2,-12,EXCLUDED_WATER
45,2,-11,EXCLUDED_WATER
45,2,-10,EXCLUDED_WATER
45,2,-9,EXCLUDED_WATER
45,2,-8,EXCLUDED_WATER
45,2,-7,EXCLUDED_WATER
45,2,-6,INCLUDED_OPEN
45,2,-5,INCLUDED_OPEN
45,2,-4,INCLUDED_OPEN
45,2,-2,INCLUDED_OPEN
45,2,-1,INCLUDED_OPEN
45,2,0,INCLUDED_OPEN
45,2,1,INCLUDED_OPEN
45,2,2,INCLUDED_OPEN
45,3,-13,EXCLUDED_WATER
45,3,-12,EXCLUDED_WATER
45,3,-11,EXCLUDED_WATER
45,3,-10,EXCLUDED_WATER
45,3,-9,EXCLUDED_WATER
45,3,-8,EXCLUDED_WATER
45,3,-7,EXCLUDED_WATER
45,3,-6,INCLUDED_OPEN
45,3,-5,INCLUDED_OPEN
45,3,-4,INCLUDED_OPEN
45,3,-2,constrained-misc
45,3,-1,INCLUDED_OPEN
45,3,0,INCLUDED_OPEN
45,3,1,constrained-misc
45,3,2,constrained-misc
45,6,0,INCLUDED_LOWDATA
45,7,0,INCLUDED_LOWDATA
45,11,0,INCLUDED_LOWDATA
45,12,-3,INCLUDED_LOWDATA
45,12,-2,INCLUDED_LOWDATA
45,13,-2,INCLUDED_LOWDATA
45,15,-1,INCLUDED_LOWDATA
45,21,-10,INCLUDED_OPEN
45,21,-9,INCLUDED_OPEN
45,21,-8,INCLUDED_OPEN
45,21,-7,INCLUDED_OPEN
45,21,-6,INCLUDED_OPEN
45,21,-5,INCLUDED_OPEN
45,21,-4,INCLUDED_OPEN
45,21,-3,INCLUDED_OPEN
45,21,-2,INCLUDED_OPEN
45,21,-1,INCLUDED_OPEN
45,21,0,INCLUDED_OPEN
45,21,1,INCLUDED_OPEN
45,21,2,INCLUDED_OPEN
45,21,3,INCLUDED_OPEN
45,21,4,INCLUDED_LOWDATA
45,22,-10,INCLUDED_OPEN
45,22,-9,INCLUDED_OPEN
45,22,-8,INCLUDED_OPEN
45,22,-7,INCLUDED_OPEN
45,22,-6,INCLUDED_OPEN
45,22,-5,INCLUDED_OPEN
45,22,-4,INCLUDED_OPEN
45,22,-3,INCLUDED_OPEN
45,22,-2,INCLUDED_OPEN
45,22,-1,INCLUDED_OPEN
45,22,0,INCLUDED_OPEN
45,22,1,INCLUDED_OPEN
45,22,2,INCLUDED_OPEN
45,22,3,INCLUDED_OPEN
45,22,4,INCLUDED_LOWDATA
45,23,-10,INCLUDED_OPEN
45,23,-9,INCLUDED_OPEN
45,23,-8,INCLUDED_OPEN
45,23,-7,INCLUDED_OPEN
45,23,-6,INCLUDED_OPEN
45,23,-5,INCLUDED_OPEN
45,23,-4,INCLUDED_OPEN
45,23,-3,INCLUDED_OPEN
45,23,-2,INCLUDED_OPEN
45,23,-1,INCLUDED_OPEN
45,23,0,INCLUDED_OPEN
45,23,1,INCLUDED_OPEN
45,23,2,INCLUDED_OPEN
45,23,3,INCLUDED_OPEN
45,23,4,INCLUDED_LOWDATA
45,24,-10,INCLUDED_OPEN
45,24,-9,INCLUDED_OPEN
45,24,-8,INCLUDED_OPEN
45,24,-7,INCLUDED_OPEN
45,24,-6,INCLUDED_OPEN
45,24,-5,INCLUDED_OPEN
45,24,-4,INCLUDED_OPEN
45,24,-3,INCLUDED_OPEN
45,24,-2,INCLUDED_OPEN
45,24,-1,INCLUDED_OPEN
45,24,0,INCLUDED_OPEN
45,24,1,INCLUDED_OPEN
45,24,2,INCLUDED_OPEN
45,24,3,INCLUDED_OPEN
45,24,4,INCLUDED_LOWDATA
45,25,-10,INCLUDED_OPEN
45,25,-9,INCLUDED_OPEN
45,25,-8,INCLUDED_OPEN
45,25,-7,INCLUDED_OPEN
45,25,-6,INCLUDED_OPEN
45,25,-5,INCLUDED_OPEN
45,25,-4,INCLUDED_OPEN
45,25,-3,INCLUDED_OPEN
45,25,-2,INCLUDED_OPEN
45,25,-1,INCLUDED_OPEN
45,25,0,INCLUDED_OPEN
45,25,1,INCLUDED_OPEN
45,25,2,INCLUDED_OPEN
45,25,3,INCLUDED_OPEN
45,25,4,INCLUDED_LOWDATA
45,26,-10,INCLUDED_OPEN
45,26,-9,INCLUDED_OPEN
45,26,-8,INCLUDED_OPEN
45,26,-7,INCLUDED_OPEN
45,26,-6,INCLUDED_OPEN
45,26,-5,INCLUDED_OPEN
45,26,-4,INCLUDED_OPEN
45,26,-3,INCLUDED_OPEN
45,26,-2,INCLUDED_OPEN
45,26,-1,INCLUDED_OPEN
45,26,0,INCLUDED_OPEN
45,26,1,INCLUDED_OPEN
45,26,2,INCLUDED_OPEN
45,26,3,INCLUDED_OPEN
45,26,4,INCLUDED_LOWDATA
45,27,-10,INCLUDED_OPEN
45,27,-9,INCLUDED_OPEN
45,27,-8,INCLUDED_OPEN
45,27,-7,INCLUDED_OPEN
45,27,-6,INCLUDED_OPEN
45,27,-5,INCLUDED_OPEN
45,27,-4,INCLUDED_OPEN
45,27,-3,INCLUDED_OPEN
45,27,-2,INCLUDED_OPEN
45,27,-1,INCLUDED_OPEN
45,27,0,INCLUDED_OPEN
45,27,1,INCLUDED_OPEN
45,27,2,INCLUDED_OPEN
45,27,3,INCLUDED_LOWDATA
45,27,4,INCLUDED_LOWDATA
45,28,-10,INCLUDED_OPEN
45,28,-9,INCLUDED_OPEN
45,28,-8,INCLUDED_OPEN
45,28,-7,INCLUDED_OPEN
45,28,-6,INCLUDED_OPEN
45,28,-5,INCLUDED_OPEN
45,28,-4,INCLUDED_OPEN
45,28,-3,INCLUDED_OPEN
45,28,-2,INCLUDED_OPEN
45,28,-1,INCLUDED_OPEN
45,28,0,INCLUDED_OPEN
45,28,1,INCLUDED_OPEN
45,28,2,INCLUDED_OPEN
45,28,3,INCLUDED_LOWDATA
45,28,4,INCLUDED_LOWDATA
45,29,-10,INCLUDED_OPEN
45,29,-9,INCLUDED_OPEN
45,29,-8,INCLUDED_OPEN
45,29,-7,INCLUDED_OPEN
45,29,-6,INCLUDED_OPEN
45,29,-5,INCLUDED_OPEN
45,29,-4,INCLUDED_OPEN
45,29,-3,INCLUDED_OPEN
45,29,-2,INCLUDED_OPEN
45,29,-1,INCLUDED_OPEN
45,29,0,INCLUDED_OPEN
45,29,1,INCLUDED_OPEN
45,29,2,INCLUDED_OPEN
45,29,3,INCLUDED_OPEN
45,29,4,INCLUDED_LOWDATA
45,30,-10,INCLUDED_OPEN
45,30,-9,INCLUDED_OPEN
45,30,-8,INCLUDED_OPEN
45,30,-7,INCLUDED_OPEN
45,30,-6,INCLUDED_OPEN
45,30,-5,INCLUDED_OPEN
45,30,-4,INCLUDED_OPEN
45,30,-3,INCLUDED_OPEN
45,30,-2,INCLUDED_OPEN
45,30,-1,INCLUDED_OPEN
45,30,0,INCLUDED_OPEN
45,30,1,INCLUDED_OPEN
45,30,2,INCLUDED_LOWDATA
45,30,3,INCLUDED_LOWDATA
45,30,4,INCLUDED_LOWDATA
45,31,-10,INCLUDED_OPEN
45,31,-9,INCLUDED_OPEN
45,31,-8,INCLUDED_OPEN
45,31,-7,INCLUDED_OPEN
45,31,-6,INCLUDED_OPEN
45,31,-5,INCLUDED_OPEN
45,31,-4,INCLUDED_OPEN
45,31,-3,INCLUDED_OPEN
45,31,-2,INCLUDED_OPEN
45,31,-1,INCLUDED_OPEN
45,31,0,INCLUDED_OPEN
45,31,1,INCLUDED_OPEN
45,31,2,INCLUDED_LOWDATA
45,31,3,INCLUDED_LOWDATA
45,31,4,INCLUDED_LOWDATA
45,32,-10,INCLUDED_OPEN
45,32,-9,INCLUDED_OPEN
45,32,-8,INCLUDED_OPEN
45,32,-7,INCLUDED_OPEN
45,32,-6,INCLUDED_OPEN
45,32,-5,INCLUDED_OPEN
45,32,-4,INCLUDED_OPEN
45,32,-3,INCLUDED_OPEN
45,32,-2,INCLUDED_OPEN
45,32,-1,INCLUDED_OPEN
45,32,0,INCLUDED_LOWDATA
45,32,1,INCLUDED_LOWDATA
45,32,2,INCLUDED_LOWDATA
45,32,3,INCLUDED_LOWDATA
45,32,4,INCLUDED_LOWDATA
45,33,-9,constrained-misc
45,33,-8,INCLUDED_OPEN
45,33,-7,INCLUDED_OPEN
45,33,-6,INCLUDED_OPEN
45,33,-5,INCLUDED_OPEN
45,33,-4,INCLUDED_OPEN
45,33,-3,INCLUDED_OPEN
45,33,-2,INCLUDED_OPEN
45,33,-1,INCLUDED_OPEN
45,33,0,INCLUDED_OPEN
45,33,1,INCLUDED_LOWDATA
45,33,2,INCLUDED_LOWDATA
45,33,3,INCLUDED_LOWDATA
45,33,4,INCLUDED_LOWDATA
45,34,-9,INCLUDED_OPEN
45,34,-8,INCLUDED_OPEN
45,34,-7,INCLUDED_OPEN
45,34,-6,INCLUDED_OPEN
45,34,-5,INCLUDED_OPEN
45,34,-4,INCLUDED_OPEN
45,34,-3,INCLUDED_OPEN
45,34,-2,INCLUDED_OPEN
45,34,-1,INCLUDED_OPEN
45,34,0,INCLUDED_OPEN
45,34,1,INCLUDED_OPEN
45,34,2,INCLUDED_LOWDATA
45,34,3,INCLUDED_LOWDATA
45,34,4,INCLUDED_LOWDATA
45,35,-9,constrained-misc
45,35,-8,INCLUDED_OPEN
45,35,-7,INCLUDED_OPEN
45,35,-6,INCLUDED_OPEN
45,35,-5,INCLUDED_OPEN
45,35,-4,INCLUDED_OPEN
45,35,-3,INCLUDED_OPEN
45,35,-2,INCLUDED_LOWDATA
45,35,-1,INCLUDED_LOWDATA
45,35,0,INCLUDED_LOWDATA
45,35,1,INCLUDED_LOWDATA
45,35,4,INCLUDED_LOWDATA
46,-30,-2,INCLUDED_OPEN
46,-30,-1,INCLUDED_OPEN
46,-30,0,INCLUDED_OPEN
46,-30,1,INCLUDED_LOWDATA
46,-30,2,INCLUDED_OPEN
46,-30,3,INCLUDED_OPEN
46,-30,4,INCLUDED_OPEN
46,-29,-6,INCLUDED_LOWDATA
46,-29,-3,INCLUDED_LOWDATA
46,-29,-2,INCLUDED_OPEN
46,-29,-1,INCLUDED_OPEN
46,-29,0,INCLUDED_OPEN
46,-29,1,INCLUDED_LOWDATA
46,-29,2,INCLUDED_OPEN
46,-29,3,INCLUDED_OPEN
46,-29,4,INCLUDED_OPEN
46,-28,-2,INCLUDED_OPEN
46,-28,-1,INCLUDED_OPEN
46,-28,0,INCLUDED_OPEN
46,-28,1,INCLUDED_LOWDATA
46,-28,2,INCLUDED_OPEN
46,-28,3,INCLUDED_OPEN
46,-28,4,INCLUDED_OPEN
46,-27,-2,INCLUDED_OPEN
46,-27,-1,INCLUDED_OPEN
46,-27,0,INCLUDED_OPEN
46,-27,2,INCLUDED_OPEN
46,-27,3,INCLUDED_OPEN
46,-27,4,INCLUDED_OPEN
46,-26,-3,INCLUDED_LOWDATA
46,-26,-2,INCLUDED_OPEN
46,-26,-1,INCLUDED_OPEN
46,-26,0,INCLUDED_OPEN
46,-26,1,INCLUDED_OPEN
46,-26,2,INCLUDED_OPEN
46,-26,3,INCLUDED_OPEN
46,-26,4,INCLUDED_OPEN
46,-25,-3,INCLUDED_LOWDATA
46,-25,-2,INCLUDED_OPEN
46,-25,-1,INCLUDED_OPEN
46,-25,0,INCLUDED_OPEN
46,-25,1,INCLUDED_OPEN
46,-25,2,INCLUDED_OPEN
46,-25,3,INCLUDED_OPEN
46,-25,4,INCLUDED_OPEN
46,-24,-2,INCLUDED_OPEN
46,-24,-1,INCLUDED_OPEN
46,-24,0,INCLUDED_OPEN
46,-24,1,INCLUDED_OPEN
46,-24,2,INCLUDED_OPEN
46,-24,3,INCLUDED_OPEN
46,-24,4,INCLUDED_OPEN
46,-23,-2,INCLUDED_OPEN
46,-23,-1,INCLUDED_OPEN
46,-23,0,INCLUDED_OPEN
46,-23,1,INCLUDED_OPEN
46,-23,2,INCLUDED_OPEN
46,-23,3,INCLUDED_OPEN
46,-23,4,INCLUDED_OPEN
46,-22,-2,INCLUDED_OPEN
46,-22,-1,INCLUDED_OPEN
46,-22,0,INCLUDED_OPEN
46,-22,1,INCLUDED_OPEN
46,-22,2,INCLUDED_OPEN
46,-22,3,INCLUDED_OPEN
46,-22,4,INCLUDED_OPEN
46,-21,-2,INCLUDED_OPEN
46,-21,-1,INCLUDED_OPEN
46,-21,0,INCLUDED_OPEN
46,-21,1,INCLUDED_OPEN
46,-21,2,INCLUDED_OPEN
46,-21,3,INCLUDED_OPEN
46,-21,4,INCLUDED_OPEN
46,-20,-2,INCLUDED_OPEN
46,-20,-1,INCLUDED_OPEN
46,-20,0,INCLUDED_OPEN
46,-20,1,INCLUDED_OPEN
46,-20,2,INCLUDED_OPEN
46,-20,3,INCLUDED_OPEN
46,-20,4,INCLUDED_OPEN
46,-19,-2,INCLUDED_OPEN
46,-19,-1,constrained-misc
46,-19,0,INCLUDED_OPEN
46,-19,1,INCLUDED_OPEN
46,-19,2,INCLUDED_OPEN
46,-19,3,INCLUDED_OPEN
46,-19,4,INCLUDED_OPEN
46,-16,-13,EXCLUDED_WATER
46,-16,-12,EXCLUDED_WATER
46,-16,-11,EXCLUDED_WATER
46,-16,-10,EXCLUDED_WATER
46,-16,-9,EXCLUDED_WATER
46,-16,-8,EXCLUDED_WATER
46,-16,-7,EXCLUDED_WATER
46,-16,-6,INCLUDED_OPEN
46,-16,-5,INCLUDED_OPEN
46,-16,-4,INCLUDED_LOWDATA
46,-16,-2,INCLUDED_OPEN
46,-16,-1,INCLUDED_OPEN
46,-16,0,INCLUDED_OPEN
46,-16,1,INCLUDED_OPEN
46,-16,2,INCLUDED_OPEN
46,-15,-13,EXCLUDED_WATER
46,-15,-12,EXCLUDED_WATER
46,-15,-11,EXCLUDED_WATER
46,-15,-10,EXCLUDED_WATER
46,-15,-9,EXCLUDED_WATER
46,-15,-8,EXCLUDED_WATER
46,-15,-7,EXCLUDED_WATER
46,-15,-6,EXCLUDED_WATER
46,-15,-5,INCLUDED_LOWDATA
46,-15,-4,INCLUDED_LOWDATA
46,-15,-2,INCLUDED_OPEN
46,-15,-1,INCLUDED_OPEN
46,-15,0,INCLUDED_OPEN
46,-15,1,INCLUDED_OPEN
46,-15,2,INCLUDED_OPEN
46,-14,-13,EXCLUDED_WATER
46,-14,-12,EXCLUDED_WATER
46,-14,-11,EXCLUDED_WATER
46,-14,-10,EXCLUDED_WATER
46,-14,-9,EXCLUDED_WATER
46,-14,-8,EXCLUDED_WATER
46,-14,-7,EXCLUDED_WATER
46,-14,-6,EXCLUDED_WATER
46,-14,-5,INCLUDED_LOWDATA
46,-14,-4,INCLUDED_LOWDATA
46,-14,-2,INCLUDED_OPEN
46,-14,-1,INCLUDED_OPEN
46,-14,0,INCLUDED_OPEN
46,-14,1,INCLUDED_OPEN
46,-14,2,INCLUDED_OPEN
46,-13,-13,EXCLUDED_WATER
46,-13,-12,EXCLUDED_WATER
46,-13,-11,EXCLUDED_WATER
46,-13,-10,EXCLUDED_WATER
46,-13,-9,EXCLUDED_WATER
46,-13,-8,EXCLUDED_WATER
46,-13,-7,EXCLUDED_WATER
46,-13,-6,INCLUDED_OPEN
46,-13,-5,INCLUDED_OPEN
46,-13,-4,INCLUDED_LOWDATA
46,-13,-2,INCLUDED_OPEN
46,-13,-1,INCLUDED_OPEN
46,-13,0,INCLUDED_OPEN
46,-13,1,INCLUDED_OPEN
46,-13,2,INCLUDED_OPEN
46,-12,-13,EXCLUDED_WATER
46,-12,-12,EXCLUDED_WATER
46,-12,-11,EXCLUDED_WATER
46,-12,-10,EXCLUDED_WATER
46,-12,-9,EXCLUDED_WATER
46,-12,-8,EXCLUDED_WATER
46,-12,-7,EXCLUDED_WATER
46,-12,-6,EXCLUDED_WATER
46,-12,-5,INCLUDED_OPEN
46,-12,-4,INCLUDED_OPEN
46,-12,-2,INCLUDED_OPEN
46,-12,-1,INCLUDED_OPEN
46,-12,0,INCLUDED_OPEN
46,-12,1,INCLUDED_OPEN
46,-12,2,INCLUDED_OPEN
46,-11,-13,EXCLUDED_WATER
46,-11,-12,EXCLUDED_WATER
46,-11,-11,EXCLUDED_WATER
46,-11,-10,EXCLUDED_WATER
46,-11,-9,EXCLUDED_WATER
46,-11,-8,EXCLUDED_WATER
46,-11,-7,EXCLUDED_WATER
46,-11,-6,INCLUDED_OPEN
46,-11,-5,INCLUDED_OPEN
46,-11,-4,INCLUDED_OPEN
46,-11,-3,INCLUDED_OPEN
46,-11,-2,INCLUDED_OPEN
46,-11,-1,INCLUDED_OPEN
46,-11,0,INCLUDED_OPEN
46,-11,1,INCLUDED_OPEN
46,-10,-13,EXCLUDED_WATER
46,-10,-12,EXCLUDED_WATER
46,-10,-11,EXCLUDED_WATER
46,-10,-10,EXCLUDED_WATER
46,-10,-9,EXCLUDED_WATER
46,-10,-8,EXCLUDED_WATER
46,-10,-7,EXCLUDED_WATER
46,-10,-6,INCLUDED_OPEN
46,-10,-5,INCLUDED_OPEN
46,-10,-4,INCLUDED_OPEN
46,-10,-3,INCLUDED_OPEN
46,-10,-2,INCLUDED_OPEN
46,-10,-1,INCLUDED_OPEN
46,-10,0,INCLUDED_OPEN
46,-10,1,INCLUDED_OPEN
46,-10,2,INCLUDED_OPEN
46,-10,3,INCLUDED_OPEN
46,-10,4,INCLUDED_LOWDATA
46,-9,-13,EXCLUDED_WATER
46,-9,-12,EXCLUDED_WATER
46,-9,-11,EXCLUDED_WATER
46,-9,-10,EXCLUDED_WATER
46,-9,-9,EXCLUDED_WATER
46,-9,-8,EXCLUDED_WATER
46,-9,-7,EXCLUDED_WATER
46,-9,-6,INCLUDED_OPEN
46,-9,-5,INCLUDED_OPEN
46,-9,-4,INCLUDED_OPEN
46,-9,-3,INCLUDED_OPEN
46,-9,-2,INCLUDED_OPEN
46,-9,-1,INCLUDED_OPEN
46,-9,0,INCLUDED_OPEN
46,-9,1,INCLUDED_OPEN
46,-9,2,INCLUDED_OPEN
46,-9,3,INCLUDED_LOWDATA
46,-9,4,INCLUDED_LOWDATA
46,-8,-13,EXCLUDED_WATER
46,-8,-12,EXCLUDED_WATER
46,-8,-11,EXCLUDED_WATER
46,-8,-10,EXCLUDED_WATER
46,-8,-9,EXCLUDED_WATER
46,-8,-8,EXCLUDED_WATER
46,-8,-7,EXCLUDED_WATER
46,-8,-6,INCLUDED_OPEN
46,-8,-5,INCLUDED_OPEN
46,-8,-4,INCLUDED_OPEN
46,-8,-3,INCLUDED_OPEN
46,-8,-2,INCLUDED_OPEN
46,-8,-1,INCLUDED_OPEN
46,-8,0,INCLUDED_OPEN
46,-8,1,INCLUDED_OPEN
46,-8,2,INCLUDED_OPEN
46,-8,3,INCLUDED_LOWDATA
46,-8,4,INCLUDED_LOWDATA
46,-7,-13,EXCLUDED_WATER
46,-7,-12,EXCLUDED_WATER
46,-7,-11,EXCLUDED_WATER
46,-7,-10,EXCLUDED_WATER
46,-7,-9,EXCLUDED_WATER
46,-7,-8,EXCLUDED_WATER
46,-7,-7,EXCLUDED_WATER
46,-7,-6,INCLUDED_OPEN
46,-7,-5,INCLUDED_OPEN
46,-7,-4,INCLUDED_OPEN
46,-7,-3,INCLUDED_OPEN
46,-7,-2,INCLUDED_OPEN
46,-7,-1,INCLUDED_OPEN
46,-7,0,INCLUDED_OPEN
46,-7,1,INCLUDED_OPEN
46,-7,2,INCLUDED_OPEN
46,-7,3,INCLUDED_OPEN
46,-7,4,constrained-misc
46,-6,-13,EXCLUDED_WATER
46,-6,-12,EXCLUDED_WATER
46,-6,-11,EXCLUDED_WATER
46,-6,-10,EXCLUDED_WATER
46,-6,-9,EXCLUDED_WATER
46,-6,-8,EXCLUDED_WATER
46,-6,-7,EXCLUDED_WATER
46,-6,-6,INCLUDED_OPEN
46,-6,-5,INCLUDED_OPEN
46,-6,-4,INCLUDED_OPEN
46,-6,-3,INCLUDED_OPEN
46,-6,-2,INCLUDED_OPEN
46,-6,-1,INCLUDED_OPEN
46,-6,0,INCLUDED_OPEN
46,-6,1,INCLUDED_OPEN
46,-6,2,INCLUDED_OPEN
46,-6,3,INCLUDED_OPEN
46,-6,4,INCLUDED_LOWDATA
46,-5,-13,EXCLUDED_WATER
46,-5,-12,EXCLUDED_WATER
46,-5,-11,EXCLUDED_WATER
46,-5,-10,EXCLUDED_WATER
46,-5,-9,EXCLUDED_WATER
46,-5,-8,EXCLUDED_WATER
46,-5,-7,EXCLUDED_WATER
46,-5,-6,INCLUDED_OPEN
46,-5,-5,INCLUDED_OPEN
46,-5,-4,INCLUDED_OPEN
46,-5,-3,INCLUDED_OPEN
46,-5,-2,INCLUDED_OPEN
46,-5,-1,INCLUDED_OPEN
46,-5,0,INCLUDED_OPEN
46,-5,1,INCLUDED_OPEN
46,-5,2,INCLUDED_OPEN
46,-5,3,INCLUDED_OPEN
46,-5,4,INCLUDED_OPEN
46,-4,-13,EXCLUDED_WATER
46,-4,-12,EXCLUDED_WATER
46,-4,-11,EXCLUDED_WATER
46,-4,-10,EXCLUDED_WATER
46,-4,-9,EXCLUDED_WATER
46,-4,-8,EXCLUDED_WATER
46,-4,-7,EXCLUDED_WATER
46,-4,-6,INCLUDED_OPEN
46,-4,-5,INCLUDED_OPEN
46,-4,-4,INCLUDED_OPEN
46,-4,-3,INCLUDED_OPEN
46,-4,-2,INCLUDED_OPEN
46,-4,-1,INCLUDED_OPEN
46,-4,0,INCLUDED_OPEN
46,-4,1,INCLUDED_OPEN
46,-4,2,INCLUDED_OPEN
46,-4,3,INCLUDED_OPEN
46,-4,4,constrained-misc
46,-3,-13,EXCLUDED_WATER
46,-3,-12,EXCLUDED_WATER
46,-3,-11,EXCLUDED_WATER
46,-3,-10,EXCLUDED_WATER
46,-3,-9,EXCLUDED_WATER
46,-3,-8,EXCLUDED_WATER
46,-3,-6,INCLUDED_OPEN
46,-3,-5,INCLUDED_OPEN
46,-3,-4,INCLUDED_OPEN
46,-3,-3,INCLUDED_OPEN
46,-3,-2,INCLUDED_OPEN
46,-3,-1,INCLUDED_OPEN
46,-3,0,INCLUDED_OPEN
46,-3,1,INCLUDED_OPEN
46,-2,-6,INCLUDED_OPEN
46,-2,-5,INCLUDED_OPEN
46,-2,-4,INCLUDED_OPEN
46,-2,-3,INCLUDED_OPEN
46,-2,-2,INCLUDED_OPEN
46,-2,-1,INCLUDED_OPEN
46,-2,0,INCLUDED_OPEN
46,-2,1,INCLUDED_OPEN
46,-2,2,INCLUDED_OPEN
46,-1,-6,INCLUDED_OPEN
46,-1,-5,INCLUDED_OPEN
46,-1,-4,INCLUDED_OPEN
46,-1,-3,INCLUDED_OPEN
46,-1,-2,INCLUDED_OPEN
46,-1,-1,INCLUDED_OPEN
46,-1,0,INCLUDED_OPEN
46,-1,1,INCLUDED_OPEN
46,-1,2,INCLUDED_OPEN
46,0,-13,EXCLUDED_WATER
46,0,-12,EXCLUDED_WATER
46,0,-11,EXCLUDED_WATER
46,0,-10,EXCLUDED_WATER
46,0,-9,EXCLUDED_WATER
46,0,-8,EXCLUDED_WATER
46,0,-6,INCLUDED_OPEN
46,0,-5,INCLUDED_OPEN
46,0,-4,INCLUDED_OPEN
46,0,-3,INCLUDED_OPEN
46,0,-2,INCLUDED_OPEN
46,0,-1,INCLUDED_OPEN
46,0,0,INCLUDED_OPEN
46,0,1,INCLUDED_OPEN
46,0,2,INCLUDED_OPEN
46,1,-13,EXCLUDED_WATER
46,1,-12,EXCLUDED_WATER
46,1,-11,EXCLUDED_WATER
46,1,-10,EXCLUDED_WATER
46,1,-9,EXCLUDED_WATER
46,1,-8,EXCLUDED_WATER
46,1,-7,EXCLUDED_WATER
46,1,-6,INCLUDED_OPEN
46,1,-5,INCLUDED_OPEN
46,1,-4,INCLUDED_OPEN
46,1,-3,INCLUDED_OPEN
46,1,-2,INCLUDED_OPEN
46,1,-1,INCLUDED_OPEN
46,1,0,INCLUDED_OPEN
46,1,1,INCLUDED_OPEN
46,1,2,INCLUDED_OPEN
46,2,-13,EXCLUDED_WATER
46,2,-12,EXCLUDED_WATER
46,2,-11,EXCLUDED_WATER
46,2,-10,EXCLUDED_WATER
46,2,-9,EXCLUDED_WATER
46,2,-8,EXCLUDED_WATER
46,2,-7,EXCLUDED_WATER
46,2,-6,INCLUDED_OPEN
46,2,-5,INCLUDED_OPEN
46,2,-4,INCLUDED_OPEN
46,2,-3,INCLUDED_OPEN
46,2,-2,INCLUDED_OPEN
46,2,-1,INCLUDED_OPEN
46,2,0,INCLUDED_OPEN
46,2,1,INCLUDED_OPEN
46,2,2,INCLUDED_OPEN
46,3,-13,EXCLUDED_WATER
46,3,-12,EXCLUDED_WATER
46,3,-11,EXCLUDED_WATER
46,3,-10,EXCLUDED_WATER
46,3,-9,EXCLUDED_WATER
46,3,-8,EXCLUDED_WATER
46,3,-7,EXCLUDED_WATER
46,3,-6,INCLUDED_OPEN
46,3,-5,INCLUDED_OPEN
46,3,-4,INCLUDED_OPEN
46,3,-3,INCLUDED_OPEN
46,3,-2,INCLUDED_OPEN
46,3,-1,INCLUDED_OPEN
46,3,0,INCLUDED_OPEN
46,3,1,INCLUDED_OPEN
46,3,2,INCLUDED_OPEN
46,4,-13,EXCLUDED_WATER
46,4,-12,EXCLUDED_WATER
46,4,-11,EXCLUDED_WATER
46,4,-10,EXCLUDED_WATER
46,4,-9,EXCLUDED_WATER
46,4,-8,EXCLUDED_WATER
46,4,-7,EXCLUDED_WATER
46,4,-6,INCLUDED_OPEN
46,4,-5,INCLUDED_OPEN
46,4,-4,INCLUDED_OPEN
46,4,-3,INCLUDED_OPEN
46,4,-2,INCLUDED_OPEN
46,4,-1,INCLUDED_OPEN
46,4,0,INCLUDED_OPEN
46,5,-13,EXCLUDED_WATER
46,5,-12,EXCLUDED_WATER
46,5,-11,EXCLUDED_WATER
46,5,-10,EXCLUDED_WATER
46,5,-9,EXCLUDED_WATER
46,5,-8,EXCLUDED_WATER
46,5,-7,EXCLUDED_WATER
46,5,-6,INCLUDED_OPEN
46,5,-5,INCLUDED_OPEN
46,5,-4,INCLUDED_OPEN
46,5,-3,INCLUDED_OPEN
46,5,-2,INCLUDED_OPEN
46,5,-1,INCLUDED_OPEN
46,5,0,INCLUDED_OPEN
46,5,1,INCLUDED_OPEN
46,5,2,constrained-misc
46,6,-13,EXCLUDED_WATER
46,6,-12,EXCLUDED_WATER
46,6,-11,EXCLUDED_WATER
46,6,-10,EXCLUDED_WATER
46,6,-9,EXCLUDED_WATER
46,6,-8,EXCLUDED_WATER
46,6,-7,EXCLUDED_WATER
46,6,-6,INCLUDED_OPEN
46,6,-5,INCLUDED_OPEN
46,6,-4,INCLUDED_OPEN
46,6,-3,INCLUDED_OPEN
46,6,-2,INCLUDED_OPEN
46,6,-1,INCLUDED_OPEN
46,6,0,INCLUDED_OPEN
46,6,1,INCLUDED_OPEN
46,6,2,INCLUDED_LOWDATA
46,7,-13,EXCLUDED_WATER
46,7,-12,EXCLUDED_WATER
46,7,-11,EXCLUDED_WATER
46,7,-10,EXCLUDED_WATER
46,7,-9,EXCLUDED_WATER
46,7,-8,EXCLUDED_WATER
46,7,-7,EXCLUDED_WATER
46,7,-6,INCLUDED_OPEN
46,7,-5,INCLUDED_OPEN
46,7,-4,INCLUDED_OPEN
46,7,-3,INCLUDED_OPEN
46,7,-2,INCLUDED_OPEN
46,7,-1,INCLUDED_OPEN
46,7,0,INCLUDED_OPEN
46,7,1,INCLUDED_OPEN
46,7,2,INCLUDED_OPEN
46,8,-13,EXCLUDED_WATER
46,8,-12,EXCLUDED_WATER
46,8,-11,EXCLUDED_WATER
46,8,-10,EXCLUDED_WATER
46,8,-9,EXCLUDED_WATER
46,8,-8,EXCLUDED_WATER
46,8,-7,EXCLUDED_WATER
46,8,-6,INCLUDED_OPEN
46,8,-5,INCLUDED_OPEN
46,8,-4,INCLUDED_OPEN
46,8,-3,INCLUDED_OPEN
46,8,-2,INCLUDED_OPEN
46,8,-1,INCLUDED_OPEN
46,8,0,INCLUDED_OPEN
46,8,1,constrained-misc
46,8,2,constrained-misc
46,9,-13,EXCLUDED_WATER
46,9,-12,EXCLUDED_WATER
46,9,-11,EXCLUDED_WATER
46,9,-10,EXCLUDED_WATER
46,9,-9,EXCLUDED_WATER
46,9,-8,EXCLUDED_WATER
46,9,-7,EXCLUDED_WATER
46,9,-6,INCLUDED_OPEN
46,9,-5,INCLUDED_OPEN
46,9,-4,INCLUDED_OPEN
46,9,-3,INCLUDED_OPEN
46,9,-2,INCLUDED_OPEN
46,9,-1,INCLUDED_OPEN
46,9,0,INCLUDED_LOWDATA
46,10,-13,EXCLUDED_WATER
46,10,-12,EXCLUDED_WATER
46,10,-11,EXCLUDED_WATER
46,10,-10,EXCLUDED_WATER
46,10,-9,EXCLUDED_WATER
46,10,-8,EXCLUDED_WATER
46,10,-7,EXCLUDED_WATER
46,10,-6,INCLUDED_OPEN
46,10,-5,INCLUDED_OPEN
46,10,-4,INCLUDED_OPEN
46,10,-3,INCLUDED_OPEN
46,10,-2,INCLUDED_OPEN
46,10,-1,INCLUDED_OPEN
46,10,0,INCLUDED_OPEN
46,10,1,INCLUDED_OPEN
46,10,2,constrained-misc
46,11,-13,EXCLUDED_WATER
46,11,-12,EXCLUDED_WATER
46,11,-11,EXCLUDED_WATER
46,11,-10,EXCLUDED_WATER
46,11,-9,EXCLUDED_WATER
46,11,-8,EXCLUDED_WATER
46,11,-7,EXCLUDED_WATER
46,11,-6,INCLUDED_OPEN
46,11,-5,INCLUDED_OPEN
46,11,-4,INCLUDED_OPEN
46,11,-3,INCLUDED_OPEN
46,11,-2,INCLUDED_OPEN
46,11,-1,INCLUDED_OPEN
46,11,0,INCLUDED_OPEN
46,11,1,INCLUDED_OPEN
46,11,2,constrained-misc
46,12,-4,INCLUDED_OPEN
46,12,-3,constrained-misc
46,12,-2,INCLUDED_OPEN
46,12,-1,INCLUDED_OPEN
46,12,0,INCLUDED_OPEN
46,12,1,INCLUDED_OPEN
46,12,2,constrained-misc
46,13,-4,INCLUDED_OPEN
46,13,-3,INCLUDED_OPEN
46,13,-2,INCLUDED_OPEN
46,13,-1,INCLUDED_OPEN
46,13,0,INCLUDED_OPEN
46,13,1,INCLUDED_OPEN
46,13,2,INCLUDED_OPEN
46,14,-8,INCLUDED_LOWDATA
46,14,-4,INCLUDED_OPEN
46,14,-3,INCLUDED_OPEN
46,14,-2,INCLUDED_OPEN
46,14,-1,INCLUDED_OPEN
46,14,0,INCLUDED_OPEN
46,14,1,INCLUDED_OPEN
46,14,2,INCLUDED_OPEN
46,15,-8,INCLUDED_LOWDATA
46,15,-4,INCLUDED_OPEN
46,15,-3,rl
46,15,-2,INCLUDED_OPEN
46,15,-1,INCLUDED_OPEN
46,15,0,INCLUDED_OPEN
46,15,1,INCLUDED_OPEN
46,15,2,constrained-misc
46,16,-8,INCLUDED_LOWDATA
46,16,-4,INCLUDED_OPEN
46,16,-3,rl
46,16,-2,INCLUDED_OPEN
46,16,-1,INCLUDED_OPEN
46,16,0,INCLUDED_OPEN
46,16,1,INCLUDED_OPEN
46,16,2,INCLUDED_OPEN
46,17,-4,INCLUDED_OPEN
46,17,-3,rl
46,17,-2,INCLUDED_OPEN
46,17,-1,INCLUDED_OPEN
46,17,0,INCLUDED_OPEN
46,17,1,INCLUDED_OPEN
46,17,2,constrained-misc
46,19,-10,constrained-misc
46,19,-9,INCLUDED_OPEN
46,19,-8,constrained-misc
46,19,-7,INCLUDED_OPEN
46,19,-6,INCLUDED_OPEN
46,19,-5,INCLUDED_OPEN
46,19,-4,INCLUDED_OPEN
46,19,-3,INCLUDED_OPEN
46,19,-2,INCLUDED_OPEN
46,19,-1,constrained-misc
46,19,0,INCLUDED_LOWDATA
46,19,1,constrained-misc
46,19,2,constrained-misc
46,19,3,INCLUDED_LOWDATA
46,19,4,INCLUDED_LOWDATA
46,20,-10,constrained-misc
46,20,-9,INCLUDED_OPEN
46,20,-8,INCLUDED_OPEN
46,20,-7,INCLUDED_OPEN
46,20,-6,INCLUDED_OPEN
46,20,-5,INCLUDED_OPEN
46,20,-4,INCLUDED_OPEN
46,20,-3,INCLUDED_LOWDATA
46,20,-2,INCLUDED_LOWDATA
46,20,-1,INCLUDED_LOWDATA
46,20,0,INCLUDED_LOWDATA
46,20,1,INCLUDED_LOWDATA
46,20,2,INCLUDED_LOWDATA
46,20,3,constrained-misc
46,20,4,INCLUDED_LOWDATA
46,21,-10,INCLUDED_OPEN
46,21,-9,INCLUDED_OPEN
46,21,-8,INCLUDED_OPEN
46,21,-7,INCLUDED_OPEN
46,21,-6,INCLUDED_OPEN
46,21,-5,INCLUDED_OPEN
46,21,-4,INCLUDED_OPEN
46,21,-3,INCLUDED_OPEN
46,21,-2,INCLUDED_OPEN
46,21,-1,INCLUDED_OPEN
46,21,0,INCLUDED_OPEN
46,21,1,INCLUDED_OPEN
46,21,2,INCLUDED_OPEN
46,21,3,INCLUDED_OPEN
46,21,4,INCLUDED_LOWDATA
46,22,-10,INCLUDED_OPEN
46,22,-9,INCLUDED_OPEN
46,22,-8,INCLUDED_OPEN
46,22,-7,INCLUDED_OPEN
46,22,-6,INCLUDED_OPEN
46,22,-5,INCLUDED_OPEN
46,22,-4,INCLUDED_OPEN
46,22,-3,INCLUDED_OPEN
46,22,-2,INCLUDED_OPEN
46,22,-1,INCLUDED_OPEN
46,22,0,INCLUDED_OPEN
46,22,1,INCLUDED_OPEN
46,22,2,INCLUDED_OPEN
46,22,3,INCLUDED_OPEN
46,22,4,INCLUDED_LOWDATA
46,23,-10,INCLUDED_OPEN
46,23,-9,INCLUDED_OPEN
46,23,-8,INCLUDED_OPEN
46,23,-7,INCLUDED_OPEN
46,23,-6,INCLUDED_OPEN
46,23,-5,INCLUDED_OPEN
46,23,-4,INCLUDED_OPEN
46,23,-3,INCLUDED_OPEN
46,23,-2,INCLUDED_OPEN
46,23,-1,INCLUDED_OPEN
46,23,0,INCLUDED_OPEN
46,23,1,INCLUDED_OPEN
46,23,2,INCLUDED_OPEN
46,23,3,INCLUDED_OPEN
46,24,-10,INCLUDED_OPEN
46,24,-9,INCLUDED_OPEN
46,24,-8,INCLUDED_OPEN
46,24,-7,INCLUDED_OPEN
46,24,-6,INCLUDED_OPEN
46,24,-5,INCLUDED_OPEN
46,24,-4,INCLUDED_OPEN
46,24,-3,INCLUDED_OPEN
46,24,-2,INCLUDED_OPEN
46,24,-1,INCLUDED_OPEN
46,24,0,INCLUDED_OPEN
46,24,1,INCLUDED_OPEN
46,24,2,INCLUDED_OPEN
46,24,3,INCLUDED_LOWDATA
46,24,4,INCLUDED_LOWDATA
46,25,-10,INCLUDED_OPEN
46,25,-9,INCLUDED_OPEN
46,25,-8,INCLUDED_OPEN
46,25,-7,INCLUDED_OPEN
46,25,-6,INCLUDED_OPEN
46,25,-5,INCLUDED_OPEN
46,25,-4,INCLUDED_OPEN
46,25,-3,INCLUDED_OPEN
46,25,-2,INCLUDED_OPEN
46,25,-1,INCLUDED_OPEN
46,25,0,INCLUDED_OPEN
46,25,1,INCLUDED_OPEN
46,25,2,INCLUDED_OPEN
46,25,3,INCLUDED_LOWDATA
46,25,4,INCLUDED_LOWDATA
46,26,-10,INCLUDED_OPEN
46,26,-9,INCLUDED_OPEN
46,26,-8,INCLUDED_OPEN
46,26,-7,INCLUDED_OPEN
46,26,-6,INCLUDED_OPEN
46,26,-5,INCLUDED_OPEN
46,26,-4,INCLUDED_OPEN
46,26,-3,INCLUDED_OPEN
46,26,-2,INCLUDED_OPEN
46,26,-1,INCLUDED_OPEN
46,26,0,INCLUDED_OPEN
46,26,1,INCLUDED_OPEN
46,26,2,INCLUDED_OPEN
46,26,3,INCLUDED_LOWDATA
46,26,4,INCLUDED_LOWDATA
46,27,-10,INCLUDED_OPEN
46,27,-9,INCLUDED_OPEN
46,27,-8,INCLUDED_OPEN
46,27,-7,INCLUDED_OPEN
46,27,-6,INCLUDED_OPEN
46,27,-5,INCLUDED_OPEN
46,27,-4,INCLUDED_OPEN
46,27,-3,INCLUDED_OPEN
46,27,-2,INCLUDED_OPEN
46,27,-1,INCLUDED_OPEN
46,27,0,INCLUDED_OPEN
46,27,1,INCLUDED_OPEN
46,27,2,INCLUDED_OPEN
46,27,3,INCLUDED_LOWDATA
46,27,4,INCLUDED_LOWDATA
46,28,-10,INCLUDED_OPEN
46,28,-9,INCLUDED_OPEN
46,28,-8,INCLUDED_OPEN
46,28,-7,INCLUDED_OPEN
46,28,-6,INCLUDED_OPEN
46,28,-5,INCLUDED_OPEN
46,28,-4,INCLUDED_OPEN
46,28,-3,INCLUDED_OPEN
46,28,-2,INCLUDED_OPEN
46,28,-1,INCLUDED_OPEN
46,28,0,INCLUDED_OPEN
46,28,1,INCLUDED_OPEN
46,28,2,INCLUDED_LOWDATA
46,28,3,INCLUDED_LOWDATA
46,28,4,INCLUDED_LOWDATA
46,29,-10,INCLUDED_OPEN
46,29,-9,INCLUDED_OPEN
46,29,-8,INCLUDED_OPEN
46,29,-7,INCLUDED_OPEN
46,29,-6,INCLUDED_OPEN
46,29,-5,INCLUDED_OPEN
46,29,-4,INCLUDED_OPEN
46,29,-3,INCLUDED_OPEN
46,29,-2,INCLUDED_OPEN
46,29,-1,INCLUDED_OPEN
46,29,0,INCLUDED_OPEN
46,29,1,INCLUDED_OPEN
46,29,2,INCLUDED_LOWDATA
46,29,3,INCLUDED_LOWDATA
46,29,4,INCLUDED_LOWDATA
46,30,-10,INCLUDED_OPEN
46,30,-9,INCLUDED_OPEN
46,30,-8,INCLUDED_OPEN
46,30,-7,INCLUDED_OPEN
46,30,-6,INCLUDED_OPEN
46,30,-5,INCLUDED_OPEN
46,30,-4,INCLUDED_OPEN
46,30,-3,INCLUDED_OPEN
46,30,-2,INCLUDED_OPEN
46,30,-1,INCLUDED_OPEN
46,30,0,INCLUDED_OPEN
46,30,1,INCLUDED_OPEN
46,30,2,INCLUDED_LOWDATA
46,30,3,INCLUDED_LOWDATA
46,30,4,INCLUDED_LOWDATA
46,31,-10,INCLUDED_OPEN
46,31,-9,INCLUDED_OPEN
46,31,-8,INCLUDED_OPEN
46,31,-7,INCLUDED_OPEN
46,31,-6,INCLUDED_OPEN
46,31,-5,INCLUDED_OPEN
46,31,-4,INCLUDED_OPEN
46,31,-3,INCLUDED_OPEN
46,31,-2,INCLUDED_OPEN
46,31,-1,INCLUDED_OPEN
46,31,0,INCLUDED_OPEN
46,31,1,INCLUDED_LOWDATA
46,31,2,INCLUDED_LOWDATA
46,31,3,INCLUDED_LOWDATA
46,31,4,INCLUDED_LOWDATA
46,32,-10,INCLUDED_OPEN
46,32,-9,INCLUDED_OPEN
46,32,-8,INCLUDED_OPEN
46,32,-7,INCLUDED_OPEN
46,32,-6,INCLUDED_OPEN
46,32,-5,INCLUDED_OPEN
46,32,-4,INCLUDED_OPEN
46,32,-3,INCLUDED_OPEN
46,32,-2,INCLUDED_OPEN
46,32,-1,INCLUDED_OPEN
46,32,0,INCLUDED_LOWDATA
46,32,1,INCLUDED_LOWDATA
46,32,2,INCLUDED_LOWDATA
46,32,3,INCLUDED_LOWDATA
46,32,4,INCLUDED_LOWDATA
46,33,-8,INCLUDED_OPEN
46,33,-7,INCLUDED_OPEN
46,33,-6,INCLUDED_OPEN
46,33,-5,INCLUDED_OPEN
46,33,-4,INCLUDED_OPEN
46,33,-3,INCLUDED_OPEN
46,33,-2,INCLUDED_OPEN
46,33,-1,INCLUDED_LOWDATA
46,33,0,INCLUDED_LOWDATA
46,33,1,INCLUDED_LOWDATA
46,33,2,INCLUDED_LOWDATA
46,33,3,INCLUDED_LOWDATA
46,33,4,INCLUDED_LOWDATA
46,34,-8,INCLUDED_OPEN
46,34,-7,INCLUDED_OPEN
46,34,-6,INCLUDED_OPEN
46,34,-5,INCLUDED_OPEN
46,34,-4,INCLUDED_OPEN
46,34,-3,INCLUDED_OPEN
46,34,-2,INCLUDED_OPEN
46,34,-1,INCLUDED_OPEN
46,34,0,INCLUDED_OPEN
46,34,1,INCLUDED_OPEN
46,34,2,INCLUDED_LOWDATA
46,34,3,INCLUDED_OPEN
46,34,4,INCLUDED_LOWDATA
47,-30,-2,INCLUDED_OPEN
47,-30,-1,INCLUDED_OPEN
47,-30,0,INCLUDED_OPEN
47,-30,2,INCLUDED_OPEN
47,-30,3,INCLUDED_OPEN
47,-30,4,INCLUDED_OPEN
47,-29,-2,INCLUDED_OPEN
47,-29,-1,INCLUDED_OPEN
47,-29,0,INCLUDED_OPEN
47,-29,2,INCLUDED_OPEN
47,-29,3,INCLUDED_OPEN
47,-29,4,INCLUDED_OPEN
47,-28,-2,INCLUDED_OPEN
47,-28,-1,INCLUDED_OPEN
47,-28,0,INCLUDED_OPEN
47,-28,2,INCLUDED_OPEN
47,-28,3,INCLUDED_OPEN
47,-28,4,INCLUDED_OPEN
47,-27,-2,INCLUDED_OPEN
47,-27,-1,INCLUDED_OPEN
47,-27,0,INCLUDED_OPEN
47,-27,2,INCLUDED_OPEN
47,-27,3,INCLUDED_OPEN
47,-27,4,INCLUDED_OPEN
47,-26,-2,INCLUDED_OPEN
47,-26,-1,INCLUDED_OPEN
47,-26,0,INCLUDED_OPEN
47,-26,1,INCLUDED_OPEN
47,-26,2,INCLUDED_OPEN
47,-26,3,INCLUDED_OPEN
47,-26,4,INCLUDED_OPEN
47,-25,-2,INCLUDED_OPEN
47,-25,-1,INCLUDED_OPEN
47,-25,0,INCLUDED_OPEN
47,-25,1,INCLUDED_OPEN
47,-25,2,INCLUDED_OPEN
47,-25,3,INCLUDED_OPEN
47,-25,4,INCLUDED_OPEN
47,-24,-2,INCLUDED_OPEN
47,-24,-1,INCLUDED_OPEN
47,-24,0,INCLUDED_OPEN
47,-24,1,INCLUDED_OPEN
47,-24,2,INCLUDED_OPEN
47,-24,3,INCLUDED_OPEN
47,-24,4,INCLUDED_OPEN
47,-23,-2,INCLUDED_OPEN
47,-23,-1,INCLUDED_OPEN
47,-23,0,INCLUDED_OPEN
47,-23,1,INCLUDED_OPEN
47,-23,2,INCLUDED_OPEN
47,-23,3,INCLUDED_OPEN
47,-23,4,INCLUDED_OPEN
47,-22,-2,INCLUDED_OPEN
47,-22,-1,INCLUDED_OPEN
47,-22,0,INCLUDED_OPEN
47,-22,1,INCLUDED_OPEN
47,-22,2,INCLUDED_OPEN
47,-22,3,INCLUDED_OPEN
47,-22,4,INCLUDED_OPEN
47,-21,-2,INCLUDED_OPEN
47,-21,-1,INCLUDED_OPEN
47,-21,0,INCLUDED_OPEN
47,-21,1,INCLUDED_OPEN
47,-21,2,INCLUDED_OPEN
47,-21,3,INCLUDED_OPEN
47,-21,4,INCLUDED_OPEN
47,-20,-2,INCLUDED_OPEN
47,-20,-1,INCLUDED_OPEN
47,-20,0,INCLUDED_OPEN
47,-20,1,INCLUDED_OPEN
47,-20,2,INCLUDED_OPEN
47,-20,3,INCLUDED_OPEN
47,-20,4,INCLUDED_LOWDATA
47,-19,-2,INCLUDED_OPEN
47,-19,-1,INCLUDED_OPEN
47,-19,0,INCLUDED_OPEN
47,-19,1,INCLUDED_OPEN
47,-19,2,INCLUDED_OPEN
47,-19,3,constrained-misc
47,-19,4,INCLUDED_OPEN
47,-16,-13,EXCLUDED_WATER
47,-16,-12,EXCLUDED_WATER
47,-16,-11,EXCLUDED_WATER
47,-16,-10,EXCLUDED_WATER
47,-16,-9,EXCLUDED_WATER
47,-16,-8,EXCLUDED_WATER
47,-16,-7,EXCLUDED_WATER
47,-16,-6,INCLUDED_OPEN
47,-16,-5,INCLUDED_OPEN
47,-16,-4,INCLUDED_LOWDATA
47,-16,-2,INCLUDED_OPEN
47,-16,-1,INCLUDED_OPEN
47,-16,0,INCLUDED_OPEN
47,-16,1,INCLUDED_OPEN
47,-16,2,INCLUDED_OPEN
47,-15,-13,EXCLUDED_WATER
47,-15,-12,EXCLUDED_WATER
47,-15,-11,EXCLUDED_WATER
47,-15,-10,EXCLUDED_WATER
47,-15,-9,EXCLUDED_WATER
47,-15,-8,EXCLUDED_WATER
47,-15,-7,EXCLUDED_WATER
47,-15,-6,EXCLUDED_WATER
47,-15,-5,INCLUDED_LOWDATA
47,-15,-4,INCLUDED_LOWDATA
47,-15,-2,INCLUDED_OPEN
47,-15,-1,INCLUDED_OPEN
47,-15,0,INCLUDED_OPEN
47,-15,1,INCLUDED_OPEN
47,-15,2,INCLUDED_OPEN
47,-14,-13,EXCLUDED_WATER
47,-14,-12,EXCLUDED_WATER
47,-14,-11,EXCLUDED_WATER
47,-14,-10,EXCLUDED_WATER
47,-14,-9,EXCLUDED_WATER
47,-14,-8,EXCLUDED_WATER
47,-14,-7,EXCLUDED_WATER
47,-14,-6,INCLUDED_OPEN
47,-14,-5,INCLUDED_OPEN
47,-14,-4,INCLUDED_LOWDATA
47,-14,-2,INCLUDED_OPEN
47,-14,-1,INCLUDED_OPEN
47,-14,0,INCLUDED_OPEN
47,-14,1,INCLUDED_OPEN
47,-14,2,INCLUDED_OPEN
47,-13,-13,EXCLUDED_WATER
47,-13,-12,EXCLUDED_WATER
47,-13,-11,EXCLUDED_WATER
47,-13,-10,EXCLUDED_WATER
47,-13,-9,EXCLUDED_WATER
47,-13,-8,EXCLUDED_WATER
47,-13,-7,EXCLUDED_WATER
47,-13,-6,INCLUDED_OPEN
47,-13,-5,INCLUDED_OPEN
47,-13,-4,INCLUDED_LOWDATA
47,-13,-2,INCLUDED_OPEN
47,-13,-1,INCLUDED_OPEN
47,-13,0,INCLUDED_OPEN
47,-13,1,INCLUDED_OPEN
47,-13,2,INCLUDED_OPEN
47,-12,-13,EXCLUDED_WATER
47,-12,-12,EXCLUDED_WATER
47,-12,-11,EXCLUDED_WATER
47,-12,-10,EXCLUDED_WATER
47,-12,-9,EXCLUDED_WATER
47,-12,-8,EXCLUDED_WATER
47,-12,-7,EXCLUDED_WATER
47,-12,-6,INCLUDED_OPEN
47,-12,-5,INCLUDED_OPEN
47,-12,-4,INCLUDED_OPEN
47,-12,-2,INCLUDED_OPEN
47,-12,-1,INCLUDED_OPEN
47,-12,0,INCLUDED_OPEN
47,-12,1,INCLUDED_OPEN
47,-12,2,INCLUDED_OPEN
47,-11,-13,EXCLUDED_WATER
47,-11,-12,EXCLUDED_WATER
47,-11,-11,EXCLUDED_WATER
47,-11,-10,EXCLUDED_WATER
47,-11,-9,EXCLUDED_WATER
47,-11,-8,EXCLUDED_WATER
47,-11,-7,EXCLUDED_WATER
47,-11,-6,INCLUDED_OPEN
47,-11,-5,INCLUDED_OPEN
47,-11,-4,INCLUDED_OPEN
47,-11,-3,INCLUDED_OPEN
47,-11,-2,INCLUDED_OPEN
47,-11,-1,INCLUDED_OPEN
47,-11,0,INCLUDED_OPEN
47,-11,1,INCLUDED_OPEN
47,-10,-13,EXCLUDED_WATER
47,-10,-12,EXCLUDED_WATER
47,-10,-11,EXCLUDED_WATER
47,-10,-10,EXCLUDED_WATER
47,-10,-9,EXCLUDED_WATER
47,-10,-8,EXCLUDED_WATER
47,-10,-7,EXCLUDED_WATER
47,-10,-6,INCLUDED_OPEN
47,-10,-5,INCLUDED_OPEN
47,-10,-4,INCLUDED_OPEN
47,-10,-3,INCLUDED_OPEN
47,-10,-2,INCLUDED_OPEN
47,-10,-1,INCLUDED_OPEN
47,-10,0,INCLUDED_OPEN
47,-10,1,INCLUDED_OPEN
47,-10,2,INCLUDED_OPEN
47,-10,3,INCLUDED_OPEN
47,-10,4,INCLUDED_LOWDATA
47,-9,-13,EXCLUDED_WATER
47,-9,-12,EXCLUDED_WATER
47,-9,-11,EXCLUDED_WATER
47,-9,-10,EXCLUDED_WATER
47,-9,-9,EXCLUDED_WATER
47,-9,-8,EXCLUDED_WATER
47,-9,-7,EXCLUDED_WATER
47,-9,-6,INCLUDED_OPEN
47,-9,-5,INCLUDED_OPEN
47,-9,-4,INCLUDED_OPEN
47,-9,-3,INCLUDED_OPEN
47,-9,-2,INCLUDED_OPEN
47,-9,-1,INCLUDED_OPEN
47,-9,0,INCLUDED_OPEN
47,-9,1,INCLUDED_OPEN
47,-9,2,INCLUDED_OPEN
47,-9,3,INCLUDED_LOWDATA
47,-9,4,INCLUDED_LOWDATA
47,-8,-13,EXCLUDED_WATER
47,-8,-12,EXCLUDED_WATER
47,-8,-11,EXCLUDED_WATER
47,-8,-10,EXCLUDED_WATER
47,-8,-9,EXCLUDED_WATER
47,-8,-8,EXCLUDED_WATER
47,-8,-7,EXCLUDED_WATER
47,-8,-6,INCLUDED_OPEN
47,-8,-5,INCLUDED_OPEN
47,-8,-4,INCLUDED_OPEN
47,-8,-3,INCLUDED_OPEN
47,-8,-2,INCLUDED_OPEN
47,-8,-1,INCLUDED_OPEN
47,-8,0,INCLUDED_OPEN
47,-8,1,INCLUDED_OPEN
47,-8,2,INCLUDED_OPEN
47,-8,3,INCLUDED_LOWDATA
47,-8,4,INCLUDED_LOWDATA
47,-7,-13,EXCLUDED_WATER
47,-7,-12,EXCLUDED_WATER
47,-7,-11,EXCLUDED_WATER
47,-7,-10,EXCLUDED_WATER
47,-7,-9,EXCLUDED_WATER
47,-7,-8,EXCLUDED_WATER
47,-7,-7,EXCLUDED_WATER
47,-7,-6,INCLUDED_OPEN
47,-7,-5,INCLUDED_OPEN
47,-7,-4,INCLUDED_OPEN
47,-7,-3,INCLUDED_OPEN
47,-7,-2,INCLUDED_OPEN
47,-7,-1,INCLUDED_OPEN
47,-7,0,INCLUDED_OPEN
47,-7,1,INCLUDED_OPEN
47,-7,2,INCLUDED_OPEN
47,-7,3,INCLUDED_LOWDATA
47,-7,4,INCLUDED_LOWDATA
47,-6,-13,EXCLUDED_WATER
47,-6,-12,EXCLUDED_WATER
47,-6,-11,EXCLUDED_WATER
47,-6,-10,EXCLUDED_WATER
47,-6,-9,EXCLUDED_WATER
47,-6,-8,EXCLUDED_WATER
47,-6,-7,EXCLUDED_WATER
47,-6,-6,INCLUDED_OPEN
47,-6,-5,INCLUDED_OPEN
47,-6,-4,INCLUDED_OPEN
47,-6,-3,INCLUDED_OPEN
47,-6,-2,INCLUDED_OPEN
47,-6,-1,INCLUDED_OPEN
47,-6,0,INCLUDED_OPEN
47,-6,1,INCLUDED_OPEN
47,-6,2,INCLUDED_OPEN
47,-6,3,INCLUDED_LOWDATA
47,-6,4,INCLUDED_LOWDATA
47,-5,-13,EXCLUDED_WATER
47,-5,-12,EXCLUDED_WATER
47,-5,-11,EXCLUDED_WATER
47,-5,-10,EXCLUDED_WATER
47,-5,-9,EXCLUDED_WATER
47,-5,-8,EXCLUDED_WATER
47,-5,-7,EXCLUDED_WATER
47,-5,-6,INCLUDED_OPEN
47,-5,-5,INCLUDED_OPEN
47,-5,-4,INCLUDED_OPEN
47,-5,-3,INCLUDED_OPEN
47,-5,-2,INCLUDED_OPEN
47,-5,-1,INCLUDED_OPEN
47,-5,0,INCLUDED_OPEN
47,-5,1,INCLUDED_OPEN
47,-5,2,INCLUDED_OPEN
47,-5,3,INCLUDED_OPEN
47,-5,4,INCLUDED_LOWDATA
47,-4,-13,EXCLUDED_WATER
47,-4,-12,EXCLUDED_WATER
47,-4,-11,EXCLUDED_WATER
47,-4,-10,EXCLUDED_WATER
47,-4,-9,EXCLUDED_WATER
47,-4,-8,EXCLUDED_WATER
47,-4,-7,EXCLUDED_WATER
47,-4,-6,INCLUDED_OPEN
47,-4,-5,INCLUDED_OPEN
47,-4,-4,INCLUDED_OPEN
47,-4,-3,INCLUDED_OPEN
47,-4,-2,INCLUDED_OPEN
47,-4,-1,INCLUDED_OPEN
47,-4,0,INCLUDED_OPEN
47,-4,1,INCLUDED_OPEN
47,-4,2,INCLUDED_OPEN
47,-4,3,INCLUDED_OPEN
47,-4,4,INCLUDED_OPEN
47,-3,-13,EXCLUDED_WATER
47,-3,-12,EXCLUDED_WATER
47,-3,-11,EXCLUDED_WATER
47,-3,-10,EXCLUDED_WATER
47,-3,-9,EXCLUDED_WATER
47,-3,-8,EXCLUDED_WATER
47,-3,-6,INCLUDED_OPEN
47,-3,-5,INCLUDED_OPEN
47,-3,-4,INCLUDED_OPEN
47,-3,-3,INCLUDED_OPEN
47,-3,-2,INCLUDED_OPEN
47,-3,-1,INCLUDED_OPEN
47,-3,0,INCLUDED_OPEN
47,-3,1,INCLUDED_OPEN
47,-2,-10,INCLUDED_LOWDATA
47,-2,-6,INCLUDED_OPEN
47,-2,-5,INCLUDED_OPEN
47,-2,-4,INCLUDED_OPEN
47,-2,-3,INCLUDED_OPEN
47,-2,-2,INCLUDED_OPEN
47,-2,-1,INCLUDED_OPEN
47,-2,0,INCLUDED_OPEN
47,-2,1,INCLUDED_OPEN
47,-2,2,INCLUDED_OPEN
47,-1,-10,INCLUDED_LOWDATA
47,-1,-9,INCLUDED_LOWDATA
47,-1,-6,INCLUDED_OPEN
47,-1,-5,INCLUDED_OPEN
47,-1,-4,INCLUDED_OPEN
47,-1,-3,INCLUDED_OPEN
47,-1,-2,INCLUDED_OPEN
47,-1,-1,INCLUDED_OPEN
47,-1,0,INCLUDED_OPEN
47,-1,1,INCLUDED_OPEN
47,-1,2,INCLUDED_OPEN
47,0,-13,EXCLUDED_WATER
47,0,-12,EXCLUDED_WATER
47,0,-11,EXCLUDED_WATER
47,0,-10,EXCLUDED_WATER
47,0,-9,EXCLUDED_WATER
47,0,-8,EXCLUDED_WATER
47,0,-6,INCLUDED_OPEN
47,0,-5,INCLUDED_OPEN
47,0,-4,INCLUDED_OPEN
47,0,-3,INCLUDED_OPEN
47,0,-2,INCLUDED_OPEN
47,0,-1,INCLUDED_OPEN
47,0,0,INCLUDED_OPEN
47,0,1,INCLUDED_OPEN
47,0,2,INCLUDED_OPEN
47,1,-13,EXCLUDED_WATER
47,1,-12,EXCLUDED_WATER
47,1,-11,EXCLUDED_WATER
47,1,-10,EXCLUDED_WATER
47,1,-9,EXCLUDED_WATER
47,1,-8,EXCLUDED_WATER
47,1,-7,EXCLUDED_WATER
47,1,-6,INCLUDED_OPEN
47,1,-5,INCLUDED_OPEN
47,1,-4,INCLUDED_OPEN
47,1,-3,INCLUDED_OPEN
47,1,-2,INCLUDED_OPEN
47,1,-1,INCLUDED_OPEN
47,1,0,INCLUDED_OPEN
47,1,1,INCLUDED_OPEN
47,1,2,INCLUDED_OPEN
47,2,-13,EXCLUDED_WATER
47,2,-12,EXCLUDED_WATER
47,2,-11,EXCLUDED_WATER
47,2,-10,EXCLUDED_WATER
47,2,-9,EXCLUDED_WATER
47,2,-8,EXCLUDED_WATER
47,2,-7,EXCLUDED_WATER
47,2,-6,INCLUDED_OPEN
47,2,-5,INCLUDED_OPEN
47,2,-4,INCLUDED_OPEN
47,2,-3,INCLUDED_OPEN
47,2,-2,INCLUDED_OPEN
47,2,-1,INCLUDED_OPEN
47,2,0,INCLUDED_OPEN
47,2,1,INCLUDED_OPEN
47,2,2,INCLUDED_OPEN
47,3,-13,EXCLUDED_WATER
47,3,-12,EXCLUDED_WATER
47,3,-11,EXCLUDED_WATER
47,3,-10,EXCLUDED_WATER
47,3,-9,EXCLUDED_WATER
47,3,-8,EXCLUDED_WATER
47,3,-7,EXCLUDED_WATER
47,3,-6,INCLUDED_OPEN
47,3,-5,INCLUDED_OPEN
47,3,-4,INCLUDED_OPEN
47,3,-3,INCLUDED_OPEN
47,3,-2,INCLUDED_OPEN
47,3,-1,INCLUDED_OPEN
47,3,0,INCLUDED_OPEN
47,3,1,INCLUDED_OPEN
47,3,2,INCLUDED_OPEN
47,4,-13,EXCLUDED_WATER
47,4,-12,EXCLUDED_WATER
47,4,-11,EXCLUDED_WATER
47,4,-10,EXCLUDED_WATER
47,4,-9,EXCLUDED_WATER
47,4,-8,EXCLUDED_WATER
47,4,-7,EXCLUDED_WATER
47,4,-6,INCLUDED_OPEN
47,4,-5,INCLUDED_OPEN
47,4,-4,INCLUDED_OPEN
47,4,-3,INCLUDED_OPEN
47,4,-2,INCLUDED_OPEN
47,4,-1,INCLUDED_OPEN
47,4,0,INCLUDED_OPEN
47,4,1,INCLUDED_OPEN
47,5,-13,EXCLUDED_WATER
47,5,-12,EXCLUDED_WATER
47,5,-11,EXCLUDED_WATER
47,5,-10,EXCLUDED_WATER
47,5,-9,EXCLUDED_WATER
47,5,-8,EXCLUDED_WATER
47,5,-7,EXCLUDED_WATER
47,5,-6,INCLUDED_OPEN
47,5,-5,INCLUDED_OPEN
47,5,-4,INCLUDED_OPEN
47,5,-3,INCLUDED_OPEN
47,5,-2,INCLUDED_OPEN
47,5,-1,INCLUDED_OPEN
47,5,0,INCLUDED_OPEN
47,5,1,INCLUDED_OPEN
47,5,2,INCLUDED_LOWDATA
47,6,-13,EXCLUDED_WATER
47,6,-12,EXCLUDED_WATER
47,6,-11,EXCLUDED_WATER
47,6,-10,EXCLUDED_WATER
47,6,-9,EXCLUDED_WATER
47,6,-8,EXCLUDED_WATER
47,6,-7,EXCLUDED_WATER
47,6,-6,INCLUDED_OPEN
47,6,-5,INCLUDED_OPEN
47,6,-4,INCLUDED_OPEN
47,6,-3,INCLUDED_OPEN
47,6,-2,INCLUDED_OPEN
47,6,-1,INCLUDED_OPEN
47,6,0,INCLUDED_OPEN
47,6,1,INCLUDED_OPEN
47,6,2,INCLUDED_LOWDATA
47,7,-13,EXCLUDED_WATER
47,7,-12,EXCLUDED_WATER
47,7,-11,EXCLUDED_WATER
47,7,-10,EXCLUDED_WATER
47,7,-9,EXCLUDED_WATER
47,7,-8,EXCLUDED_WATER
47,7,-7,EXCLUDED_WATER
47,7,-6,INCLUDED_OPEN
47,7,-5,INCLUDED_OPEN
47,7,-4,INCLUDED_OPEN
47,7,-3,INCLUDED_OPEN
47,7,-2,INCLUDED_OPEN
47,7,-1,INCLUDED_OPEN
47,7,0,INCLUDED_OPEN
47,7,1,INCLUDED_OPEN
47,7,2,INCLUDED_LOWDATA
47,8,-13,EXCLUDED_WATER
47,8,-12,EXCLUDED_WATER
47,8,-11,EXCLUDED_WATER
47,8,-10,EXCLUDED_WATER
47,8,-9,EXCLUDED_WATER
47,8,-8,EXCLUDED_WATER
47,8,-7,EXCLUDED_WATER
47,8,-6,INCLUDED_OPEN
47,8,-5,INCLUDED_OPEN
47,8,-4,INCLUDED_OPEN
47,8,-3,INCLUDED_OPEN
47,8,-2,INCLUDED_OPEN
47,8,-1,INCLUDED_OPEN
47,8,0,INCLUDED_OPEN
47,8,1,INCLUDED_LOWDATA
47,8,2,INCLUDED_LOWDATA
47,9,-13,EXCLUDED_WATER
47,9,-12,EXCLUDED_WATER
47,9,-11,EXCLUDED_WATER
47,9,-10,EXCLUDED_WATER
47,9,-9,EXCLUDED_WATER
47,9,-8,EXCLUDED_WATER
47,9,-7,EXCLUDED_WATER
47,9,-6,INCLUDED_OPEN
47,9,-5,INCLUDED_OPEN
47,9,-4,INCLUDED_OPEN
47,9,-3,INCLUDED_OPEN
47,9,-2,INCLUDED_OPEN
47,9,-1,INCLUDED_OPEN
47,9,0,INCLUDED_LOWDATA
47,9,1,INCLUDED_LOWDATA
47,10,-13,EXCLUDED_WATER
47,10,-12,EXCLUDED_WATER
47,10,-11,EXCLUDED_WATER
47,10,-10,EXCLUDED_WATER
47,10,-9,EXCLUDED_WATER
47,10,-8,EXCLUDED_WATER
47,10,-7,EXCLUDED_WATER
47,10,-6,INCLUDED_OPEN
47,10,-5,INCLUDED_OPEN
47,10,-4,INCLUDED_OPEN
47,10,-3,INCLUDED_OPEN
47,10,-2,INCLUDED_OPEN
47,10,-1,INCLUDED_OPEN
47,10,0,INCLUDED_OPEN
47,10,1,INCLUDED_OPEN
47,10,2,INCLUDED_LOWDATA
47,11,-13,EXCLUDED_WATER
47,11,-12,EXCLUDED_WATER
47,11,-11,EXCLUDED_WATER
47,11,-10,EXCLUDED_WATER
47,11,-9,EXCLUDED_WATER
47,11,-8,EXCLUDED_WATER
47,11,-7,EXCLUDED_WATER
47,11,-6,INCLUDED_OPEN
47,11,-5,INCLUDED_OPEN
47,11,-4,INCLUDED_OPEN
47,11,-3,INCLUDED_OPEN
47,11,-2,INCLUDED_OPEN
47,11,-1,INCLUDED_OPEN
47,11,0,INCLUDED_OPEN
47,11,1,INCLUDED_OPEN
47,11,2,INCLUDED_LOWDATA
47,12,-4,INCLUDED_OPEN
47,12,-3,INCLUDED_OPEN
47,12,-2,INCLUDED_OPEN
47,12,-1,INCLUDED_OPEN
47,12,0,INCLUDED_OPEN
47,12,1,INCLUDED_OPEN
47,12,2,INCLUDED_OPEN
47,13,-12,INCLUDED_LOWDATA
47,13,-8,INCLUDED_LOWDATA
47,13,-6,INCLUDED_LOWDATA
47,13,-4,INCLUDED_OPEN
47,13,-3,INCLUDED_OPEN
47,13,-2,INCLUDED_OPEN
47,13,-1,INCLUDED_OPEN
47,13,0,INCLUDED_OPEN
47,13,1,INCLUDED_OPEN
47,13,2,INCLUDED_OPEN
47,14,-8,INCLUDED_LOWDATA
47,14,-4,INCLUDED_OPEN
47,14,-3,INCLUDED_OPEN
47,14,-2,INCLUDED_OPEN
47,14,-1,INCLUDED_OPEN
47,14,0,INCLUDED_OPEN
47,14,1,INCLUDED_OPEN
47,14,2,INCLUDED_OPEN
47,15,-4,INCLUDED_OPEN
47,15,-3,INCLUDED_OPEN
47,15,-2,INCLUDED_OPEN
47,15,-1,INCLUDED_OPEN
47,15,0,INCLUDED_OPEN
47,15,1,INCLUDED_OPEN
47,15,2,INCLUDED_OPEN
47,16,-4,INCLUDED_OPEN
47,16,-3,rl
47,16,-2,INCLUDED_OPEN
47,16,-1,INCLUDED_OPEN
47,16,0,INCLUDED_OPEN
47,16,1,INCLUDED_OPEN
47,16,2,INCLUDED_OPEN
47,17,-4,INCLUDED_OPEN
47,17,-3,rl
47,17,-2,INCLUDED_OPEN
47,17,-1,INCLUDED_OPEN
47,17,0,INCLUDED_OPEN
47,17,1,INCLUDED_OPEN
47,17,2,INCLUDED_OPEN
47,19,-10,INCLUDED_OPEN
47,19,-9,INCLUDED_OPEN
47,19,-8,INCLUDED_OPEN
47,19,-7,INCLUDED_OPEN
47,19,-6,INCLUDED_OPEN
47,19,-5,INCLUDED_OPEN
47,19,-4,INCLUDED_OPEN
47,19,-3,INCLUDED_LOWDATA
47,19,-2,INCLUDED_OPEN
47,19,-1,INCLUDED_LOWDATA
47,19,0,INCLUDED_LOWDATA
47,19,1,INCLUDED_LOWDATA
47,19,2,INCLUDED_LOWDATA
47,19,3,INCLUDED_LOWDATA
47,19,4,constrained-misc
47,20,-10,INCLUDED_OPEN
47,20,-9,INCLUDED_OPEN
47,20,-8,INCLUDED_OPEN
47,20,-7,INCLUDED_OPEN
47,20,-6,INCLUDED_OPEN
47,20,-5,INCLUDED_OPEN
47,20,-4,INCLUDED_OPEN
47,20,-3,INCLUDED_LOWDATA
47,20,-2,INCLUDED_LOWDATA
47,20,-1,INCLUDED_LOWDATA
47,20,0,INCLUDED_LOWDATA
47,20,1,INCLUDED_LOWDATA
47,20,2,INCLUDED_LOWDATA
47,20,3,INCLUDED_LOWDATA
47,20,4,INCLUDED_LOWDATA
47,21,-10,INCLUDED_OPEN
47,21,-9,INCLUDED_OPEN
47,21,-8,INCLUDED_OPEN
47,21,-7,INCLUDED_OPEN
47,21,-6,INCLUDED_OPEN
47,21,-5,INCLUDED_OPEN
47,21,-4,INCLUDED_OPEN
47,21,-3,INCLUDED_OPEN
47,21,-2,INCLUDED_OPEN
47,21,-1,INCLUDED_OPEN
47,21,0,INCLUDED_OPEN
47,21,1,INCLUDED_OPEN
47,21,2,INCLUDED_OPEN
47,21,3,INCLUDED_OPEN
47,21,4,INCLUDED_LOWDATA
47,22,-10,INCLUDED_OPEN
47,22,-9,INCLUDED_OPEN
47,22,-8,INCLUDED_OPEN
47,22,-7,INCLUDED_OPEN
47,22,-6,INCLUDED_OPEN
47,22,-5,INCLUDED_OPEN
47,22,-4,INCLUDED_OPEN
47,22,-3,INCLUDED_OPEN
47,22,-2,INCLUDED_OPEN
47,22,-1,INCLUDED_OPEN
47,22,0,INCLUDED_OPEN
47,22,1,INCLUDED_OPEN
47,22,2,INCLUDED_OPEN
47,22,3,INCLUDED_OPEN
47,22,4,INCLUDED_LOWDATA
47,23,-10,INCLUDED_OPEN
47,23,-9,INCLUDED_OPEN
47,23,-8,INCLUDED_OPEN
47,23,-7,INCLUDED_OPEN
47,23,-6,INCLUDED_OPEN
47,23,-5,INCLUDED_OPEN
47,23,-4,INCLUDED_OPEN
47,23,-3,INCLUDED_OPEN
47,23,-2,INCLUDED_OPEN
47,23,-1,INCLUDED_OPEN
47,23,0,INCLUDED_OPEN
47,23,1,INCLUDED_OPEN
47,23,2,INCLUDED_OPEN
47,23,3,INCLUDED_OPEN
47,23,4,INCLUDED_LOWDATA
47,24,-10,INCLUDED_OPEN
47,24,-9,INCLUDED_OPEN
47,24,-8,INCLUDED_OPEN
47,24,-7,INCLUDED_OPEN
47,24,-6,INCLUDED_OPEN
47,24,-5,INCLUDED_OPEN
47,24,-4,INCLUDED_OPEN
47,24,-3,INCLUDED_OPEN
47,24,-2,INCLUDED_OPEN
47,24,-1,INCLUDED_OPEN
47,24,0,INCLUDED_OPEN
47,24,1,INCLUDED_OPEN
47,24,2,INCLUDED_OPEN
47,24,3,INCLUDED_LOWDATA
47,24,4,INCLUDED_LOWDATA
47,25,-10,INCLUDED_OPEN
47,25,-9,INCLUDED_OPEN
47,25,-8,INCLUDED_OPEN
47,25,-7,INCLUDED_OPEN
47,25,-6,INCLUDED_OPEN
47,25,-5,INCLUDED_OPEN
47,25,-4,INCLUDED_OPEN
47,25,-3,INCLUDED_OPEN
47,25,-2,INCLUDED_OPEN
47,25,-1,INCLUDED_OPEN
47,25,0,INCLUDED_OPEN
47,25,1,INCLUDED_OPEN
47,25,2,INCLUDED_OPEN
47,25,3,INCLUDED_LOWDATA
47,25,4,INCLUDED_LOWDATA
47,26,-10,INCLUDED_OPEN
47,26,-9,INCLUDED_OPEN
47,26,-8,INCLUDED_OPEN
47,26,-7,INCLUDED_OPEN
47,26,-6,INCLUDED_OPEN
47,26,-5,INCLUDED_OPEN
47,26,-4,INCLUDED_OPEN
47,26,-3,INCLUDED_OPEN
47,26,-2,INCLUDED_OPEN
47,26,-1,INCLUDED_OPEN
47,26,0,INCLUDED_OPEN
47,26,1,INCLUDED_OPEN
47,26,2,INCLUDED_OPEN
47,26,3,INCLUDED_LOWDATA
47,26,4,INCLUDED_LOWDATA
47,27,-10,INCLUDED_OPEN
47,27,-9,INCLUDED_OPEN
47,27,-8,INCLUDED_OPEN
47,27,-7,INCLUDED_OPEN
47,27,-6,INCLUDED_OPEN
47,27,-5,INCLUDED_OPEN
47,27,-4,INCLUDED_OPEN
47,27,-3,INCLUDED_OPEN
47,27,-2,INCLUDED_OPEN
47,27,-1,INCLUDED_OPEN
47,27,0,INCLUDED_OPEN
47,27,1,INCLUDED_OPEN
47,27,2,INCLUDED_LOWDATA
47,27,3,INCLUDED_LOWDATA
47,27,4,INCLUDED_LOWDATA
47,28,-10,INCLUDED_OPEN
47,28,-9,INCLUDED_OPEN
47,28,-8,INCLUDED_OPEN
47,28,-7,INCLUDED_OPEN
47,28,-6,INCLUDED_OPEN
47,28,-5,INCLUDED_OPEN
47,28,-4,INCLUDED_OPEN
47,28,-3,INCLUDED_OPEN
47,28,-2,INCLUDED_OPEN
47,28,-1,INCLUDED_OPEN
47,28,0,INCLUDED_OPEN
47,28,1,INCLUDED_OPEN
47,28,2,INCLUDED_LOWDATA
47,28,3,INCLUDED_LOWDATA
47,28,4,INCLUDED_LOWDATA
47,29,-10,INCLUDED_OPEN
47,29,-9,INCLUDED_OPEN
47,29,-8,INCLUDED_OPEN
47,29,-7,INCLUDED_OPEN
47,29,-6,INCLUDED_OPEN
47,29,-5,INCLUDED_OPEN
47,29,-4,INCLUDED_OPEN
47,29,-3,INCLUDED_OPEN
47,29,-2,INCLUDED_OPEN
47,29,-1,INCLUDED_OPEN
47,29,0,INCLUDED_OPEN
47,29,1,INCLUDED_OPEN
47,29,2,INCLUDED_LOWDATA
47,29,3,INCLUDED_LOWDATA
47,29,4,INCLUDED_LOWDATA
47,30,-10,INCLUDED_OPEN
47,30,-9,INCLUDED_OPEN
47,30,-8,INCLUDED_OPEN
47,30,-7,INCLUDED_OPEN
47,30,-6,INCLUDED_OPEN
47,30,-5,INCLUDED_OPEN
47,30,-4,INCLUDED_OPEN
47,30,-3,INCLUDED_OPEN
47,30,-2,INCLUDED_OPEN
47,30,-1,INCLUDED_OPEN
47,30,0,INCLUDED_OPEN
47,30,1,INCLUDED_OPEN
47,30,2,INCLUDED_LOWDATA
47,30,3,INCLUDED_LOWDATA
47,30,4,INCLUDED_LOWDATA
47,31,-10,INCLUDED_OPEN
47,31,-9,INCLUDED_OPEN
47,31,-8,INCLUDED_OPEN
47,31,-7,INCLUDED_OPEN
47,31,-6,INCLUDED_OPEN
47,31,-5,INCLUDED_OPEN
47,31,-4,INCLUDED_OPEN
47,31,-3,INCLUDED_OPEN
47,31,-2,INCLUDED_OPEN
47,31,-1,INCLUDED_OPEN
47,31,0,INCLUDED_OPEN
47,31,1,INCLUDED_LOWDATA
47,31,2,INCLUDED_LOWDATA
47,31,3,INCLUDED_LOWDATA
47,31,4,INCLUDED_LOWDATA
47,32,-10,INCLUDED_OPEN
47,32,-9,INCLUDED_OPEN
47,32,-8,INCLUDED_OPEN
47,32,-7,INCLUDED_OPEN
47,32,-6,INCLUDED_OPEN
47,32,-5,INCLUDED_OPEN
47,32,-4,INCLUDED_OPEN
47,32,-3,INCLUDED_OPEN
47,32,-2,INCLUDED_OPEN
47,32,-1,INCLUDED_OPEN
47,32,0,INCLUDED_LOWDATA
47,32,1,INCLUDED_LOWDATA
47,32,2,INCLUDED_LOWDATA
47,32,3,INCLUDED_LOWDATA
47,33,-8,INCLUDED_OPEN
47,33,-7,INCLUDED_OPEN
47,33,-6,INCLUDED_OPEN
47,33,-5,INCLUDED_OPEN
47,33,-4,INCLUDED_OPEN
47,33,-3,INCLUDED_OPEN
47,33,-2,INCLUDED_LOWDATA
47,33,-1,INCLUDED_LOWDATA
47,33,0,INCLUDED_LOWDATA
47,33,1,INCLUDED_LOWDATA
47,33,2,INCLUDED_LOWDATA
47,33,4,INCLUDED_LOWDATA
47,34,-8,INCLUDED_OPEN
47,34,-7,INCLUDED_OPEN
47,34,-6,INCLUDED_OPEN
47,34,-5,INCLUDED_OPEN
47,34,-4,INCLUDED_OPEN
47,34,-3,INCLUDED_OPEN
47,34,-2,INCLUDED_OPEN
47,34,-1,INCLUDED_OPEN
47,34,0,INCLUDED_OPEN
47,34,1,INCLUDED_OPEN
47,34,2,INCLUDED_LOWDATA
47,34,3,INCLUDED_LOWDATA
48,-30,-2,INCLUDED_OPEN
48,-30,-1,constrained-misc
48,-30,0,INCLUDED_OPEN
48,-30,2,INCLUDED_OPEN
48,-30,3,INCLUDED_OPEN
48,-29,-2,INCLUDED_OPEN
48,-29,-1,INCLUDED_OPEN
48,-29,0,INCLUDED_OPEN
48,-29,2,INCLUDED_OPEN
48,-29,3,INCLUDED_OPEN
48,-29,4,INCLUDED_LOWDATA
48,-28,-2,INCLUDED_OPEN
48,-28,-1,INCLUDED_OPEN
48,-28,0,INCLUDED_OPEN
48,-28,2,INCLUDED_OPEN
48,-28,3,INCLUDED_OPEN
48,-28,4,INCLUDED_LOWDATA
48,-27,2,constrained-misc
48,-27,3,INCLUDED_OPEN
48,-27,4,INCLUDED_LOWDATA
48,-26,-2,INCLUDED_OPEN
48,-26,-1,INCLUDED_OPEN
48,-26,0,INCLUDED_OPEN
48,-26,1,INCLUDED_OPEN
48,-26,2,INCLUDED_OPEN
48,-26,3,INCLUDED_OPEN
48,-26,4,INCLUDED_LOWDATA
48,-25,-2,INCLUDED_OPEN
48,-25,-1,INCLUDED_OPEN
48,-25,0,INCLUDED_OPEN
48,-25,1,INCLUDED_OPEN
48,-25,2,INCLUDED_OPEN
48,-25,3,INCLUDED_OPEN
48,-25,4,INCLUDED_LOWDATA
48,-24,-2,INCLUDED_OPEN
48,-24,-1,INCLUDED_OPEN
48,-24,0,INCLUDED_OPEN
48,-24,1,INCLUDED_OPEN
48,-24,2,INCLUDED_OPEN
48,-24,3,INCLUDED_OPEN
48,-24,4,INCLUDED_LOWDATA
48,-23,-2,INCLUDED_OPEN
48,-23,-1,INCLUDED_OPEN
48,-23,0,INCLUDED_OPEN
48,-23,1,INCLUDED_OPEN
48,-23,2,INCLUDED_OPEN
48,-23,3,INCLUDED_OPEN
48,-23,4,INCLUDED_LOWDATA
48,-22,-2,INCLUDED_OPEN
48,-22,-1,INCLUDED_OPEN
48,-22,0,INCLUDED_OPEN
48,-22,1,INCLUDED_OPEN
48,-22,2,INCLUDED_OPEN
48,-22,3,INCLUDED_OPEN
48,-22,4,INCLUDED_LOWDATA
48,-21,-2,INCLUDED_OPEN
48,-21,-1,INCLUDED_OPEN
48,-21,0,INCLUDED_OPEN
48,-21,1,INCLUDED_OPEN
48,-21,2,INCLUDED_OPEN
48,-21,3,INCLUDED_OPEN
48,-21,4,INCLUDED_LOWDATA
48,-20,-2,INCLUDED_OPEN
48,-20,-1,INCLUDED_OPEN
48,-20,0,INCLUDED_OPEN
48,-20,1,INCLUDED_OPEN
48,-20,2,INCLUDED_OPEN
48,-20,3,INCLUDED_OPEN
48,-20,4,INCLUDED_LOWDATA
48,-19,-2,INCLUDED_OPEN
48,-19,-1,INCLUDED_OPEN
48,-19,0,INCLUDED_OPEN
48,-19,1,INCLUDED_OPEN
48,-19,2,INCLUDED_OPEN
48,-19,3,INCLUDED_OPEN
48,-16,-13,EXCLUDED_WATER
48,-16,-12,EXCLUDED_WATER
48,-16,-11,EXCLUDED_WATER
48,-16,-10,EXCLUDED_WATER
48,-16,-9,EXCLUDED_WATER
48,-16,-8,EXCLUDED_WATER
48,-16,-7,EXCLUDED_WATER
48,-16,-6,INCLUDED_OPEN
48,-16,-5,INCLUDED_OPEN
48,-16,-4,INCLUDED_LOWDATA
48,-16,-2,INCLUDED_OPEN
48,-16,-1,INCLUDED_OPEN
48,-16,0,INCLUDED_OPEN
48,-16,1,INCLUDED_OPEN
48,-16,2,INCLUDED_OPEN
48,-15,-13,EXCLUDED_WATER
48,-15,-12,EXCLUDED_WATER
48,-15,-11,EXCLUDED_WATER
48,-15,-10,EXCLUDED_WATER
48,-15,-9,EXCLUDED_WATER
48,-15,-8,EXCLUDED_WATER
48,-15,-7,EXCLUDED_WATER
48,-15,-6,INCLUDED_OPEN
48,-15,-5,INCLUDED_LOWDATA
48,-15,-2,INCLUDED_OPEN
48,-15,-1,INCLUDED_OPEN
48,-15,0,INCLUDED_OPEN
48,-15,1,INCLUDED_OPEN
48,-15,2,INCLUDED_OPEN
48,-14,-13,EXCLUDED_WATER
48,-14,-12,EXCLUDED_WATER
48,-14,-11,EXCLUDED_WATER
48,-14,-10,EXCLUDED_WATER
48,-14,-9,EXCLUDED_WATER
48,-14,-8,EXCLUDED_WATER
48,-14,-7,EXCLUDED_WATER
48,-14,-6,INCLUDED_OPEN
48,-14,-5,INCLUDED_LOWDATA
48,-14,-4,INCLUDED_LOWDATA
48,-14,-2,INCLUDED_OPEN
48,-14,-1,INCLUDED_OPEN
48,-14,0,INCLUDED_OPEN
48,-14,1,INCLUDED_OPEN
48,-14,2,INCLUDED_OPEN
48,-13,-13,EXCLUDED_WATER
48,-13,-12,EXCLUDED_WATER
48,-13,-11,EXCLUDED_WATER
48,-13,-10,EXCLUDED_WATER
48,-13,-9,EXCLUDED_WATER
48,-13,-8,EXCLUDED_WATER
48,-13,-7,EXCLUDED_WATER
48,-13,-6,INCLUDED_OPEN
48,-13,-5,INCLUDED_LOWDATA
48,-13,-4,INCLUDED_LOWDATA
48,-13,-2,INCLUDED_OPEN
48,-13,-1,INCLUDED_OPEN
48,-13,0,INCLUDED_OPEN
48,-13,1,INCLUDED_OPEN
48,-13,2,INCLUDED_OPEN
48,-12,-13,EXCLUDED_WATER
48,-12,-12,EXCLUDED_WATER
48,-12,-11,EXCLUDED_WATER
48,-12,-10,EXCLUDED_WATER
48,-12,-9,EXCLUDED_WATER
48,-12,-8,EXCLUDED_WATER
48,-12,-7,EXCLUDED_WATER
48,-12,-6,INCLUDED_OPEN
48,-12,-5,INCLUDED_OPEN
48,-12,-4,INCLUDED_OPEN
48,-12,-2,INCLUDED_OPEN
48,-12,-1,INCLUDED_OPEN
48,-12,0,INCLUDED_OPEN
48,-12,1,INCLUDED_OPEN
48,-12,2,INCLUDED_OPEN
48,-11,-13,EXCLUDED_WATER
48,-11,-12,EXCLUDED_WATER
48,-11,-11,EXCLUDED_WATER
48,-11,-10,EXCLUDED_WATER
48,-11,-9,EXCLUDED_WATER
48,-11,-8,EXCLUDED_WATER
48,-11,-7,EXCLUDED_WATER
48,-11,-6,INCLUDED_OPEN
48,-11,-5,INCLUDED_OPEN
48,-11,-4,INCLUDED_OPEN
48,-11,-3,INCLUDED_OPEN
48,-11,-2,INCLUDED_OPEN
48,-11,-1,INCLUDED_OPEN
48,-11,0,INCLUDED_OPEN
48,-11,1,INCLUDED_OPEN
48,-10,-13,EXCLUDED_WATER
48,-10,-12,EXCLUDED_WATER
48,-10,-11,EXCLUDED_WATER
48,-10,-10,EXCLUDED_WATER
48,-10,-9,EXCLUDED_WATER
48,-10,-8,EXCLUDED_WATER
48,-10,-7,EXCLUDED_WATER
48,-10,-6,INCLUDED_OPEN
48,-10,-5,INCLUDED_OPEN
48,-10,-4,INCLUDED_OPEN
48,-10,-3,INCLUDED_OPEN
48,-10,-2,INCLUDED_OPEN
48,-10,-1,INCLUDED_OPEN
48,-10,0,INCLUDED_OPEN
48,-10,1,INCLUDED_OPEN
48,-10,2,INCLUDED_OPEN
48,-10,3,INCLUDED_OPEN
48,-10,4,INCLUDED_OPEN
48,-9,-13,EXCLUDED_WATER
48,-9,-12,EXCLUDED_WATER
48,-9,-11,EXCLUDED_WATER
48,-9,-10,EXCLUDED_WATER
48,-9,-9,EXCLUDED_WATER
48,-9,-8,EXCLUDED_WATER
48,-9,-7,EXCLUDED_WATER
48,-9,-6,INCLUDED_OPEN
48,-9,-5,INCLUDED_OPEN
48,-9,-4,INCLUDED_OPEN
48,-9,-3,INCLUDED_OPEN
48,-9,-2,INCLUDED_OPEN
48,-9,-1,INCLUDED_OPEN
48,-9,0,INCLUDED_OPEN
48,-9,1,INCLUDED_OPEN
48,-9,2,INCLUDED_OPEN
48,-9,3,INCLUDED_LOWDATA
48,-9,4,INCLUDED_LOWDATA
48,-8,-13,EXCLUDED_WATER
48,-8,-12,EXCLUDED_WATER
48,-8,-11,EXCLUDED_WATER
48,-8,-10,EXCLUDED_WATER
48,-8,-9,EXCLUDED_WATER
48,-8,-8,EXCLUDED_WATER
48,-8,-7,EXCLUDED_WATER
48,-8,-6,INCLUDED_OPEN
48,-8,-5,INCLUDED_OPEN
48,-8,-4,INCLUDED_OPEN
48,-8,-3,INCLUDED_OPEN
48,-8,-2,INCLUDED_OPEN
48,-8,-1,INCLUDED_OPEN
48,-8,0,INCLUDED_OPEN
48,-8,1,INCLUDED_OPEN
48,-8,2,INCLUDED_OPEN
48,-8,3,INCLUDED_OPEN
48,-8,4,INCLUDED_LOWDATA
48,-7,-13,EXCLUDED_WATER
48,-7,-12,EXCLUDED_WATER
48,-7,-11,EXCLUDED_WATER
48,-7,-10,EXCLUDED_WATER
48,-7,-9,EXCLUDED_WATER
48,-7,-8,EXCLUDED_WATER
48,-7,-7,EXCLUDED_WATER
48,-7,-6,INCLUDED_OPEN
48,-7,-5,INCLUDED_OPEN
48,-7,-4,INCLUDED_OPEN
48,-7,-3,INCLUDED_OPEN
48,-7,-2,INCLUDED_OPEN
48,-7,-1,INCLUDED_OPEN
48,-7,0,INCLUDED_OPEN
48,-7,1,INCLUDED_OPEN
48,-7,2,INCLUDED_OPEN
48,-7,3,INCLUDED_LOWDATA
48,-7,4,INCLUDED_LOWDATA
48,-6,-13,EXCLUDED_WATER
48,-6,-12,EXCLUDED_WATER
48,-6,-11,EXCLUDED_WATER
48,-6,-10,EXCLUDED_WATER
48,-6,-9,EXCLUDED_WATER
48,-6,-8,EXCLUDED_WATER
48,-6,-7,EXCLUDED_WATER
48,-6,-6,INCLUDED_OPEN
48,-6,-5,INCLUDED_OPEN
48,-6,-4,INCLUDED_OPEN
48,-6,-3,INCLUDED_OPEN
48,-6,-2,INCLUDED_OPEN
48,-6,-1,INCLUDED_OPEN
48,-6,0,INCLUDED_OPEN
48,-6,1,INCLUDED_OPEN
48,-6,2,INCLUDED_OPEN
48,-6,3,INCLUDED_LOWDATA
48,-6,4,INCLUDED_LOWDATA
48,-5,-13,EXCLUDED_WATER
48,-5,-12,EXCLUDED_WATER
48,-5,-11,EXCLUDED_WATER
48,-5,-10,EXCLUDED_WATER
48,-5,-9,EXCLUDED_WATER
48,-5,-8,EXCLUDED_WATER
48,-5,-7,EXCLUDED_WATER
48,-5,-6,INCLUDED_OPEN
48,-5,-5,INCLUDED_OPEN
48,-5,-4,INCLUDED_OPEN
48,-5,-3,INCLUDED_OPEN
48,-5,-2,INCLUDED_OPEN
48,-5,-1,INCLUDED_OPEN
48,-5,0,INCLUDED_OPEN
48,-5,1,INCLUDED_OPEN
48,-5,2,INCLUDED_OPEN
48,-5,3,INCLUDED_OPEN
48,-5,4,INCLUDED_LOWDATA
48,-4,-13,EXCLUDED_WATER
48,-4,-12,EXCLUDED_WATER
48,-4,-11,EXCLUDED_WATER
48,-4,-10,EXCLUDED_WATER
48,-4,-9,EXCLUDED_WATER
48,-4,-8,EXCLUDED_WATER
48,-4,-7,EXCLUDED_WATER
48,-4,-6,INCLUDED_OPEN
48,-4,-5,INCLUDED_OPEN
48,-4,-4,INCLUDED_OPEN
48,-4,-3,INCLUDED_OPEN
48,-4,-2,INCLUDED_OPEN
48,-4,-1,INCLUDED_OPEN
48,-4,0,INCLUDED_OPEN
48,-4,1,INCLUDED_OPEN
48,-4,2,INCLUDED_OPEN
48,-4,3,INCLUDED_OPEN
48,-4,4,INCLUDED_OPEN
48,-3,-13,EXCLUDED_WATER
48,-3,-12,EXCLUDED_WATER
48,-3,-11,EXCLUDED_WATER
48,-3,-10,EXCLUDED_WATER
48,-3,-9,EXCLUDED_WATER
48,-3,-8,EXCLUDED_WATER
48,-3,-6,INCLUDED_OPEN
48,-3,-5,INCLUDED_OPEN
48,-3,-4,INCLUDED_OPEN
48,-3,-3,INCLUDED_OPEN
48,-3,-2,INCLUDED_OPEN
48,-3,-1,INCLUDED_OPEN
48,-3,0,INCLUDED_OPEN
48,-3,1,INCLUDED_OPEN
48,-2,-13,EXCLUDED_WATER
48,-2,-12,EXCLUDED_WATER
48,-2,-11,EXCLUDED_WATER
48,-2,-10,EXCLUDED_WATER
48,-2,-9,EXCLUDED_WATER
48,-2,-8,EXCLUDED_WATER
48,-2,-6,INCLUDED_OPEN
48,-2,-5,INCLUDED_OPEN
48,-2,-4,INCLUDED_OPEN
48,-2,-3,INCLUDED_OPEN
48,-2,-2,INCLUDED_OPEN
48,-2,-1,INCLUDED_OPEN
48,-2,0,INCLUDED_OPEN
48,-2,1,INCLUDED_OPEN
48,-2,2,INCLUDED_OPEN
48,-1,-13,EXCLUDED_WATER
48,-1,-12,EXCLUDED_WATER
48,-1,-11,EXCLUDED_WATER
48,-1,-10,EXCLUDED_WATER
48,-1,-9,EXCLUDED_WATER
48,-1,-8,EXCLUDED_WATER
48,-1,-6,INCLUDED_OPEN
48,-1,-5,INCLUDED_OPEN
48,-1,-4,INCLUDED_OPEN
48,-1,-3,INCLUDED_OPEN
48,-1,-2,INCLUDED_OPEN
48,-1,-1,INCLUDED_OPEN
48,-1,0,INCLUDED_OPEN
48,-1,1,INCLUDED_OPEN
48,-1,2,INCLUDED_OPEN
48,0,-13,EXCLUDED_WATER
48,0,-12,EXCLUDED_WATER
48,0,-11,EXCLUDED_WATER
48,0,-10,EXCLUDED_WATER
48,0,-9,EXCLUDED_WATER
48,0,-8,EXCLUDED_WATER
48,0,-6,INCLUDED_OPEN
48,0,-5,INCLUDED_OPEN
48,0,-4,INCLUDED_OPEN
48,0,-3,INCLUDED_OPEN
48,0,-2,INCLUDED_OPEN
48,0,-1,INCLUDED_OPEN
48,0,0,INCLUDED_OPEN
48,0,1,INCLUDED_OPEN
48,0,2,INCLUDED_OPEN
48,1,-13,EXCLUDED_WATER
48,1,-12,EXCLUDED_WATER
48,1,-11,EXCLUDED_WATER
48,1,-10,EXCLUDED_WATER
48,1,-9,EXCLUDED_WATER
48,1,-8,EXCLUDED_WATER
48,1,-7,EXCLUDED_WATER
48,1,-6,INCLUDED_OPEN
48,1,-5,INCLUDED_OPEN
48,1,-4,INCLUDED_OPEN
48,1,-3,INCLUDED_OPEN
48,1,-2,INCLUDED_OPEN
48,1,-1,INCLUDED_OPEN
48,1,0,INCLUDED_OPEN
48,1,1,INCLUDED_OPEN
48,1,2,INCLUDED_OPEN
48,2,-13,EXCLUDED_WATER
48,2,-12,EXCLUDED_WATER
48,2,-11,EXCLUDED_WATER
48,2,-10,EXCLUDED_WATER
48,2,-9,EXCLUDED_WATER
48,2,-8,EXCLUDED_WATER
48,2,-7,EXCLUDED_WATER
48,2,-6,INCLUDED_OPEN
48,2,-5,INCLUDED_OPEN
48,2,-4,INCLUDED_OPEN
48,2,-3,INCLUDED_OPEN
48,2,-2,INCLUDED_OPEN
48,2,-1,INCLUDED_OPEN
48,2,0,INCLUDED_OPEN
48,2,1,INCLUDED_OPEN
48,2,2,INCLUDED_OPEN
48,3,-13,EXCLUDED_WATER
48,3,-12,EXCLUDED_WATER
48,3,-11,EXCLUDED_WATER
48,3,-10,EXCLUDED_WATER
48,3,-9,EXCLUDED_WATER
48,3,-8,EXCLUDED_WATER
48,3,-7,EXCLUDED_WATER
48,3,-6,INCLUDED_OPEN
48,3,-5,INCLUDED_OPEN
48,3,-4,INCLUDED_OPEN
48,3,-3,INCLUDED_OPEN
48,3,-2,INCLUDED_OPEN
48,3,-1,INCLUDED_OPEN
48,3,0,INCLUDED_OPEN
48,3,1,INCLUDED_OPEN
48,3,2,INCLUDED_OPEN
48,4,-13,EXCLUDED_WATER
48,4,-12,EXCLUDED_WATER
48,4,-11,EXCLUDED_WATER
48,4,-10,EXCLUDED_WATER
48,4,-9,EXCLUDED_WATER
48,4,-8,EXCLUDED_WATER
48,4,-7,EXCLUDED_WATER
48,4,-6,INCLUDED_OPEN
48,4,-5,INCLUDED_OPEN
48,4,-4,INCLUDED_OPEN
48,4,-3,INCLUDED_OPEN
48,4,-2,INCLUDED_OPEN
48,4,-1,INCLUDED_OPEN
48,4,0,INCLUDED_OPEN
48,4,1,INCLUDED_OPEN
48,5,-13,EXCLUDED_WATER
48,5,-12,EXCLUDED_WATER
48,5,-11,EXCLUDED_WATER
48,5,-10,EXCLUDED_WATER
48,5,-9,EXCLUDED_WATER
48,5,-8,EXCLUDED_WATER
48,5,-7,EXCLUDED_WATER
48,5,-6,INCLUDED_OPEN
48,5,-5,INCLUDED_OPEN
48,5,-4,INCLUDED_OPEN
48,5,-3,INCLUDED_OPEN
48,5,-2,INCLUDED_OPEN
48,5,-1,INCLUDED_OPEN
48,5,0,INCLUDED_OPEN
48,5,1,INCLUDED_OPEN
48,5,2,INCLUDED_LOWDATA
48,6,-13,EXCLUDED_WATER
48,6,-12,EXCLUDED_WATER
48,6,-11,EXCLUDED_WATER
48,6,-10,EXCLUDED_WATER
48,6,-9,EXCLUDED_WATER
48,6,-8,EXCLUDED_WATER
48,6,-7,EXCLUDED_WATER
48,6,-6,INCLUDED_OPEN
48,6,-5,INCLUDED_OPEN
48,6,-4,INCLUDED_OPEN
48,6,-3,INCLUDED_OPEN
48,6,-2,INCLUDED_OPEN
48,6,-1,INCLUDED_OPEN
48,6,0,INCLUDED_OPEN
48,6,1,INCLUDED_OPEN
48,6,2,INCLUDED_LOWDATA
48,7,-13,EXCLUDED_WATER
48,7,-12,EXCLUDED_WATER
48,7,-11,EXCLUDED_WATER
48,7,-10,EXCLUDED_WATER
48,7,-9,EXCLUDED_WATER
48,7,-8,EXCLUDED_WATER
48,7,-7,EXCLUDED_WATER
48,7,-6,INCLUDED_OPEN
48,7,-5,INCLUDED_OPEN
48,7,-4,INCLUDED_OPEN
48,7,-3,INCLUDED_OPEN
48,7,-2,INCLUDED_OPEN
48,7,-1,INCLUDED_OPEN
48,7,0,INCLUDED_OPEN
48,7,1,INCLUDED_OPEN
48,7,2,INCLUDED_LOWDATA
48,8,-13,EXCLUDED_WATER
48,8,-12,EXCLUDED_WATER
48,8,-11,EXCLUDED_WATER
48,8,-10,EXCLUDED_WATER
48,8,-9,EXCLUDED_WATER
48,8,-8,EXCLUDED_WATER
48,8,-7,EXCLUDED_WATER
48,8,-6,INCLUDED_OPEN
48,8,-5,INCLUDED_OPEN
48,8,-4,INCLUDED_OPEN
48,8,-3,INCLUDED_OPEN
48,8,-2,INCLUDED_OPEN
48,8,-1,INCLUDED_OPEN
48,8,0,INCLUDED_OPEN
48,8,1,INCLUDED_OPEN
48,8,2,INCLUDED_LOWDATA
48,9,-13,EXCLUDED_WATER
48,9,-12,EXCLUDED_WATER
48,9,-11,EXCLUDED_WATER
48,9,-10,EXCLUDED_WATER
48,9,-9,EXCLUDED_WATER
48,9,-8,EXCLUDED_WATER
48,9,-7,EXCLUDED_WATER
48,9,-6,INCLUDED_OPEN
48,9,-5,INCLUDED_OPEN
48,9,-4,INCLUDED_OPEN
48,9,-3,INCLUDED_OPEN
48,9,-2,INCLUDED_OPEN
48,9,-1,INCLUDED_OPEN
48,9,0,INCLUDED_OPEN
48,9,1,INCLUDED_LOWDATA
48,10,-13,EXCLUDED_WATER
48,10,-12,EXCLUDED_WATER
48,10,-11,EXCLUDED_WATER
48,10,-10,EXCLUDED_WATER
48,10,-9,EXCLUDED_WATER
48,10,-8,EXCLUDED_WATER
48,10,-7,EXCLUDED_WATER
48,10,-6,INCLUDED_OPEN
48,10,-5,INCLUDED_OPEN
48,10,-4,INCLUDED_OPEN
48,10,-3,INCLUDED_OPEN
48,10,-2,INCLUDED_OPEN
48,10,-1,INCLUDED_OPEN
48,10,0,INCLUDED_OPEN
48,10,1,INCLUDED_OPEN
48,10,2,INCLUDED_LOWDATA
48,11,-13,EXCLUDED_WATER
48,11,-12,EXCLUDED_WATER
48,11,-11,EXCLUDED_WATER
48,11,-10,EXCLUDED_WATER
48,11,-9,EXCLUDED_WATER
48,11,-8,EXCLUDED_WATER
48,11,-7,EXCLUDED_WATER
48,11,-6,INCLUDED_OPEN
48,11,-5,INCLUDED_OPEN
48,11,-4,INCLUDED_OPEN
48,11,-3,INCLUDED_OPEN
48,11,-2,INCLUDED_OPEN
48,11,-1,INCLUDED_OPEN
48,11,0,INCLUDED_OPEN
48,11,1,rl-2
48,11,2,INCLUDED_LOWDATA
48,12,-4,INCLUDED_OPEN
48,12,-3,INCLUDED_OPEN
48,12,-2,INCLUDED_OPEN
48,12,-1,INCLUDED_OPEN
48,12,0,INCLUDED_OPEN
48,12,1,INCLUDED_OPEN
48,12,2,INCLUDED_OPEN
48,13,-12,INCLUDED_LOWDATA
48,13,-8,INCLUDED_LOWDATA
48,13,-6,INCLUDED_LOWDATA
48,13,-4,INCLUDED_OPEN
48,13,-3,INCLUDED_OPEN
48,13,-2,INCLUDED_OPEN
48,13,-1,INCLUDED_OPEN
48,13,0,INCLUDED_OPEN
48,13,1,INCLUDED_OPEN
48,13,2,rl-2
48,14,-4,INCLUDED_OPEN
48,14,-3,INCLUDED_OPEN
48,14,-2,INCLUDED_OPEN
48,14,-1,INCLUDED_OPEN
48,14,0,INCLUDED_OPEN
48,14,1,INCLUDED_OPEN
48,14,2,INCLUDED_OPEN
48,15,-4,INCLUDED_OPEN
48,15,-3,INCLUDED_OPEN
48,15,-2,INCLUDED_OPEN
48,15,-1,INCLUDED_OPEN
48,15,0,INCLUDED_OPEN
48,15,1,INCLUDED_OPEN
48,15,2,INCLUDED_OPEN
48,16,-4,INCLUDED_OPEN
48,16,-3,INCLUDED_OPEN
48,16,-2,INCLUDED_OPEN
48,16,-1,INCLUDED_OPEN
48,16,0,INCLUDED_OPEN
48,16,1,INCLUDED_OPEN
48,16,2,INCLUDED_OPEN
48,17,-4,INCLUDED_OPEN
48,17,-3,INCLUDED_OPEN
48,17,-2,INCLUDED_OPEN
48,17,-1,INCLUDED_OPEN
48,17,0,INCLUDED_OPEN
48,17,1,INCLUDED_OPEN
48,17,2,INCLUDED_OPEN
48,19,-10,INCLUDED_OPEN
48,19,-9,INCLUDED_OPEN
48,19,-8,INCLUDED_OPEN
48,19,-7,INCLUDED_OPEN
48,19,-6,INCLUDED_OPEN
48,19,-5,INCLUDED_OPEN
48,19,-4,INCLUDED_OPEN
48,19,-3,INCLUDED_OPEN
48,19,-2,INCLUDED_OPEN
48,19,-1,INCLUDED_LOWDATA
48,19,1,INCLUDED_LOWDATA
48,20,-10,INCLUDED_OPEN
48,20,-9,INCLUDED_OPEN
48,20,-8,INCLUDED_OPEN
48,20,-7,INCLUDED_OPEN
48,20,-6,INCLUDED_OPEN
48,20,-5,INCLUDED_OPEN
48,20,-4,INCLUDED_LOWDATA
48,20,-3,INCLUDED_OPEN
48,20,-2,INCLUDED_LOWDATA
48,20,-1,INCLUDED_LOWDATA
48,20,0,INCLUDED_LOWDATA
48,20,1,INCLUDED_LOWDATA
48,20,2,INCLUDED_LOWDATA
48,20,4,INCLUDED_LOWDATA
48,21,-10,INCLUDED_OPEN
48,21,-9,INCLUDED_OPEN
48,21,-8,INCLUDED_OPEN
48,21,-7,INCLUDED_OPEN
48,21,-6,INCLUDED_OPEN
48,21,-5,INCLUDED_OPEN
48,21,-4,INCLUDED_OPEN
48,21,-3,INCLUDED_OPEN
48,21,-2,INCLUDED_OPEN
48,21,-1,INCLUDED_LOWDATA
48,21,0,INCLUDED_OPEN
48,21,1,INCLUDED_OPEN
48,21,2,INCLUDED_OPEN
48,21,3,INCLUDED_LOWDATA
48,21,4,INCLUDED_LOWDATA
48,22,-10,INCLUDED_OPEN
48,22,-9,INCLUDED_OPEN
48,22,-8,INCLUDED_OPEN
48,22,-7,INCLUDED_OPEN
48,22,-6,INCLUDED_OPEN
48,22,-5,INCLUDED_OPEN
48,22,-4,INCLUDED_OPEN
48,22,-3,INCLUDED_OPEN
48,22,-2,INCLUDED_OPEN
48,22,-1,INCLUDED_LOWDATA
48,22,0,INCLUDED_OPEN
48,22,1,INCLUDED_OPEN
48,22,2,INCLUDED_OPEN
48,22,3,INCLUDED_OPEN
48,22,4,INCLUDED_LOWDATA
48,23,-10,INCLUDED_OPEN
48,23,-9,INCLUDED_OPEN
48,23,-8,INCLUDED_OPEN
48,23,-7,INCLUDED_OPEN
48,23,-6,INCLUDED_OPEN
48,23,-5,INCLUDED_OPEN
48,23,-4,INCLUDED_OPEN
48,23,-3,INCLUDED_OPEN
48,23,-2,INCLUDED_OPEN
48,23,-1,INCLUDED_OPEN
48,23,0,INCLUDED_OPEN
48,23,1,INCLUDED_OPEN
48,23,2,INCLUDED_OPEN
48,23,3,INCLUDED_LOWDATA
48,23,4,INCLUDED_LOWDATA
48,24,-10,INCLUDED_OPEN
48,24,-9,INCLUDED_OPEN
48,24,-8,INCLUDED_OPEN
48,24,-7,INCLUDED_OPEN
48,24,-6,INCLUDED_OPEN
48,24,-5,INCLUDED_OPEN
48,24,-4,INCLUDED_OPEN
48,24,-3,INCLUDED_OPEN
48,24,-2,INCLUDED_OPEN
48,24,-1,INCLUDED_OPEN
48,24,0,INCLUDED_OPEN
48,24,1,INCLUDED_OPEN
48,24,2,INCLUDED_OPEN
48,24,3,INCLUDED_LOWDATA
48,24,4,INCLUDED_LOWDATA
48,25,-10,INCLUDED_OPEN
48,25,-9,INCLUDED_OPEN
48,25,-8,INCLUDED_OPEN
48,25,-7,INCLUDED_OPEN
48,25,-6,INCLUDED_OPEN
48,25,-5,INCLUDED_OPEN
48,25,-4,INCLUDED_OPEN
48,25,-3,INCLUDED_OPEN
48,25,-2,INCLUDED_OPEN
48,25,-1,INCLUDED_OPEN
48,25,0,INCLUDED_OPEN
48,25,1,INCLUDED_OPEN
48,25,2,INCLUDED_LOWDATA
48,25,3,INCLUDED_LOWDATA
48,25,4,INCLUDED_LOWDATA
48,26,-10,INCLUDED_OPEN
48,26,-9,INCLUDED_OPEN
48,26,-8,INCLUDED_OPEN
48,26,-7,INCLUDED_OPEN
48,26,-6,INCLUDED_OPEN
48,26,-5,INCLUDED_OPEN
48,26,-4,INCLUDED_OPEN
48,26,-3,INCLUDED_OPEN
48,26,-2,INCLUDED_OPEN
48,26,-1,INCLUDED_OPEN
48,26,0,INCLUDED_OPEN
48,26,1,INCLUDED_OPEN
48,26,2,INCLUDED_LOWDATA
48,26,3,INCLUDED_LOWDATA
48,26,4,INCLUDED_LOWDATA
48,27,-10,INCLUDED_OPEN
48,27,-9,INCLUDED_OPEN
48,27,-8,INCLUDED_OPEN
48,27,-7,INCLUDED_OPEN
48,27,-6,INCLUDED_OPEN
48,27,-5,INCLUDED_OPEN
48,27,-4,INCLUDED_OPEN
48,27,-3,INCLUDED_OPEN
48,27,-2,INCLUDED_OPEN
48,27,-1,INCLUDED_OPEN
48,27,0,INCLUDED_OPEN
48,27,1,INCLUDED_OPEN
48,27,2,INCLUDED_LOWDATA
48,27,3,INCLUDED_LOWDATA
48,27,4,INCLUDED_LOWDATA
48,28,-10,INCLUDED_OPEN
48,28,-9,INCLUDED_OPEN
48,28,-8,INCLUDED_OPEN
48,28,-7,INCLUDED_OPEN
48,28,-6,INCLUDED_OPEN
48,28,-5,INCLUDED_OPEN
48,28,-4,INCLUDED_OPEN
48,28,-3,INCLUDED_OPEN
48,28,-2,INCLUDED_OPEN
48,28,-1,INCLUDED_OPEN
48,28,0,INCLUDED_OPEN
48,28,1,INCLUDED_LOWDATA
48,28,2,INCLUDED_LOWDATA
48,28,3,INCLUDED_LOWDATA
48,28,4,INCLUDED_LOWDATA
48,29,-10,INCLUDED_OPEN
48,29,-9,INCLUDED_OPEN
48,29,-8,INCLUDED_OPEN
48,29,-7,INCLUDED_OPEN
48,29,-6,INCLUDED_OPEN
48,29,-5,INCLUDED_OPEN
48,29,-4,INCLUDED_OPEN
48,29,-3,INCLUDED_OPEN
48,29,-2,INCLUDED_OPEN
48,29,-1,INCLUDED_OPEN
48,29,0,INCLUDED_OPEN
48,29,1,INCLUDED_LOWDATA
48,29,2,INCLUDED_LOWDATA
48,29,3,INCLUDED_LOWDATA
48,30,-10,INCLUDED_OPEN
48,30,-9,INCLUDED_OPEN
48,30,-8,INCLUDED_OPEN
48,30,-7,INCLUDED_OPEN
48,30,-6,INCLUDED_OPEN
48,30,-5,INCLUDED_OPEN
48,30,-4,INCLUDED_OPEN
48,30,-3,INCLUDED_OPEN
48,30,-2,INCLUDED_OPEN
48,30,-1,INCLUDED_OPEN
48,30,0,INCLUDED_OPEN
48,30,1,INCLUDED_LOWDATA
48,30,2,INCLUDED_LOWDATA
48,30,3,INCLUDED_LOWDATA
48,31,-10,INCLUDED_OPEN
48,31,-9,INCLUDED_OPEN
48,31,-8,INCLUDED_OPEN
48,31,-7,INCLUDED_OPEN
48,31,-6,INCLUDED_OPEN
48,31,-5,INCLUDED_OPEN
48,31,-4,INCLUDED_OPEN
48,31,-3,INCLUDED_OPEN
48,31,-2,INCLUDED_OPEN
48,31,-1,INCLUDED_OPEN
48,31,0,INCLUDED_LOWDATA
48,31,1,INCLUDED_LOWDATA
48,31,2,INCLUDED_LOWDATA
48,31,3,INCLUDED_LOWDATA
48,31,4,INCLUDED_LOWDATA
48,32,-10,INCLUDED_OPEN
48,32,-9,INCLUDED_OPEN
48,32,-8,INCLUDED_OPEN
48,32,-7,INCLUDED_OPEN
48,32,-6,INCLUDED_OPEN
48,32,-5,INCLUDED_OPEN
48,32,-4,INCLUDED_OPEN
48,32,-3,INCLUDED_OPEN
48,32,-2,INCLUDED_OPEN
48,32,-1,INCLUDED_OPEN
48,32,0,INCLUDED_LOWDATA
48,32,1,INCLUDED_LOWDATA
48,32,2,INCLUDED_LOWDATA
48,32,3,INCLUDED_LOWDATA
48,32,4,INCLUDED_LOWDATA
48,33,-8,INCLUDED_OPEN
48,33,-7,INCLUDED_OPEN
48,33,-6,INCLUDED_OPEN
48,33,-5,INCLUDED_OPEN
48,33,-4,INCLUDED_OPEN
48,33,-3,INCLUDED_OPEN
48,33,-2,INCLUDED_LOWDATA
48,33,-1,INCLUDED_LOWDATA
48,33,0,INCLUDED_LOWDATA
48,33,1,INCLUDED_OPEN
48,33,2,INCLUDED_LOWDATA
48,33,3,INCLUDED_LOWDATA
48,33,4,INCLUDED_LOWDATA
48,34,-8,INCLUDED_OPEN
48,34,-7,INCLUDED_OPEN
48,34,-6,INCLUDED_OPEN
48,34,-5,INCLUDED_OPEN
48,34,-4,INCLUDED_OPEN
48,34,-3,INCLUDED_OPEN
48,34,-2,INCLUDED_OPEN
48,34,-1,INCLUDED_OPEN
48,34,0,INCLUDED_OPEN
48,34,1,INCLUDED_OPEN
48,34,2,INCLUDED_LOWDATA
48,34,3,INCLUDED_LOWDATA
48,34,4,INCLUDED_LOWDATA
49,-30,1,INCLUDED_OPEN
49,-30,2,INCLUDED_OPEN
49,-30,3,INCLUDED_OPEN
49,-30,4,INCLUDED_OPEN
49,-29,1,INCLUDED_OPEN
49,-29,2,INCLUDED_OPEN
49,-29,3,INCLUDED_OPEN
49,-29,4,INCLUDED_OPEN
49,-28,-2,INCLUDED_LOWDATA
49,-28,1,INCLUDED_OPEN
49,-28,2,INCLUDED_OPEN
49,-28,3,INCLUDED_OPEN
49,-28,4,INCLUDED_OPEN
49,-27,1,INCLUDED_OPEN
49,-27,2,INCLUDED_OPEN
49,-27,3,INCLUDED_OPEN
49,-27,4,INCLUDED_OPEN
49,-26,-2,INCLUDED_OPEN
49,-26,-1,INCLUDED_OPEN
49,-26,0,INCLUDED_OPEN
49,-26,1,INCLUDED_OPEN
49,-26,2,INCLUDED_OPEN
49,-26,3,INCLUDED_OPEN
49,-26,4,INCLUDED_OPEN
49,-25,-2,INCLUDED_OPEN
49,-25,-1,INCLUDED_OPEN
49,-25,0,INCLUDED_OPEN
49,-25,1,INCLUDED_OPEN
49,-25,2,INCLUDED_OPEN
49,-25,3,INCLUDED_OPEN
49,-25,4,INCLUDED_OPEN
49,-24,-2,INCLUDED_OPEN
49,-24,-1,INCLUDED_OPEN
49,-24,0,INCLUDED_OPEN
49,-24,1,INCLUDED_OPEN
49,-24,2,INCLUDED_OPEN
49,-24,3,INCLUDED_OPEN
49,-24,4,INCLUDED_OPEN
49,-23,-2,INCLUDED_OPEN
49,-23,-1,INCLUDED_OPEN
49,-23,0,INCLUDED_OPEN
49,-23,1,INCLUDED_OPEN
49,-23,2,INCLUDED_OPEN
49,-23,3,INCLUDED_OPEN
49,-23,4,INCLUDED_OPEN
49,-22,-2,INCLUDED_OPEN
49,-22,-1,INCLUDED_OPEN
49,-22,0,INCLUDED_OPEN
49,-22,1,INCLUDED_OPEN
49,-22,2,INCLUDED_OPEN
49,-22,3,INCLUDED_OPEN
49,-22,4,INCLUDED_OPEN
49,-21,-2,INCLUDED_OPEN
49,-21,-1,INCLUDED_OPEN
49,-21,0,INCLUDED_OPEN
49,-21,1,INCLUDED_OPEN
49,-21,2,INCLUDED_OPEN
49,-21,3,INCLUDED_OPEN
49,-21,4,INCLUDED_OPEN
49,-20,-2,INCLUDED_OPEN
49,-20,-1,INCLUDED_OPEN
49,-20,0,INCLUDED_OPEN
49,-20,1,INCLUDED_OPEN
49,-20,2,INCLUDED_OPEN
49,-20,3,INCLUDED_OPEN
49,-20,4,INCLUDED_OPEN
49,-19,-2,INCLUDED_OPEN
49,-19,-1,INCLUDED_OPEN
49,-19,0,INCLUDED_OPEN
49,-19,1,INCLUDED_OPEN
49,-19,2,INCLUDED_OPEN
49,-19,3,INCLUDED_OPEN
49,-19,4,INCLUDED_OPEN
49,-16,-13,EXCLUDED_WATER
49,-16,-12,EXCLUDED_WATER
49,-16,-11,EXCLUDED_WATER
49,-16,-10,EXCLUDED_WATER
49,-16,-9,EXCLUDED_WATER
49,-16,-8,EXCLUDED_WATER
49,-16,-7,EXCLUDED_WATER
49,-16,-6,INCLUDED_OPEN
49,-16,-5,INCLUDED_OPEN
49,-16,-4,INCLUDED_LOWDATA
49,-16,-2,INCLUDED_OPEN
49,-16,-1,INCLUDED_OPEN
49,-16,0,INCLUDED_OPEN
49,-16,1,INCLUDED_OPEN
49,-16,2,INCLUDED_OPEN
49,-15,-13,EXCLUDED_WATER
49,-15,-12,EXCLUDED_WATER
49,-15,-11,EXCLUDED_WATER
49,-15,-10,EXCLUDED_WATER
49,-15,-9,EXCLUDED_WATER
49,-15,-8,EXCLUDED_WATER
49,-15,-7,EXCLUDED_WATER
49,-15,-6,INCLUDED_OPEN
49,-15,-5,INCLUDED_LOWDATA
49,-15,-4,INCLUDED_LOWDATA
49,-15,-2,INCLUDED_OPEN
49,-15,-1,INCLUDED_OPEN
49,-15,0,INCLUDED_OPEN
49,-15,1,INCLUDED_OPEN
49,-15,2,INCLUDED_OPEN
49,-14,-13,EXCLUDED_WATER
49,-14,-12,EXCLUDED_WATER
49,-14,-11,EXCLUDED_WATER
49,-14,-10,EXCLUDED_WATER
49,-14,-9,EXCLUDED_WATER
49,-14,-8,EXCLUDED_WATER
49,-14,-7,EXCLUDED_WATER
49,-14,-6,EXCLUDED_WATER
49,-14,-5,INCLUDED_LOWDATA
49,-14,-2,INCLUDED_OPEN
49,-14,-1,INCLUDED_OPEN
49,-14,0,INCLUDED_OPEN
49,-14,1,INCLUDED_OPEN
49,-14,2,INCLUDED_OPEN
49,-13,-13,EXCLUDED_WATER
49,-13,-12,EXCLUDED_WATER
49,-13,-11,EXCLUDED_WATER
49,-13,-10,EXCLUDED_WATER
49,-13,-9,EXCLUDED_WATER
49,-13,-8,EXCLUDED_WATER
49,-13,-7,EXCLUDED_WATER
49,-13,-6,EXCLUDED_WATER
49,-13,-5,INCLUDED_OPEN
49,-13,-4,INCLUDED_LOWDATA
49,-13,-2,INCLUDED_OPEN
49,-13,-1,INCLUDED_OPEN
49,-13,0,INCLUDED_OPEN
49,-13,1,INCLUDED_OPEN
49,-13,2,INCLUDED_OPEN
49,-12,-13,EXCLUDED_WATER
49,-12,-12,EXCLUDED_WATER
49,-12,-11,EXCLUDED_WATER
49,-12,-10,EXCLUDED_WATER
49,-12,-9,EXCLUDED_WATER
49,-12,-8,EXCLUDED_WATER
49,-12,-7,EXCLUDED_WATER
49,-12,-6,INCLUDED_OPEN
49,-12,-5,INCLUDED_OPEN
49,-12,-4,INCLUDED_OPEN
49,-12,-2,INCLUDED_OPEN
49,-12,-1,INCLUDED_OPEN
49,-12,0,INCLUDED_OPEN
49,-12,1,INCLUDED_OPEN
49,-12,2,INCLUDED_OPEN
49,-11,-13,EXCLUDED_WATER
49,-11,-12,EXCLUDED_WATER
49,-11,-11,EXCLUDED_WATER
49,-11,-10,EXCLUDED_WATER
49,-11,-9,EXCLUDED_WATER
49,-11,-8,EXCLUDED_WATER
49,-11,-7,EXCLUDED_WATER
49,-11,-6,INCLUDED_OPEN
49,-11,-5,INCLUDED_OPEN
49,-11,-4,INCLUDED_OPEN
49,-11,-3,INCLUDED_OPEN
49,-11,-2,INCLUDED_OPEN
49,-11,-1,INCLUDED_OPEN
49,-11,0,INCLUDED_OPEN
49,-11,1,INCLUDED_OPEN
49,-10,-13,EXCLUDED_WATER
49,-10,-12,EXCLUDED_WATER
49,-10,-11,EXCLUDED_WATER
49,-10,-10,EXCLUDED_WATER
49,-10,-9,EXCLUDED_WATER
49,-10,-8,EXCLUDED_WATER
49,-10,-7,EXCLUDED_WATER
49,-10,-6,INCLUDED_OPEN
49,-10,-5,INCLUDED_OPEN
49,-10,-4,INCLUDED_OPEN
49,-10,-3,INCLUDED_OPEN
49,-10,-2,INCLUDED_OPEN
49,-10,-1,INCLUDED_OPEN
49,-10,0,INCLUDED_OPEN
49,-10,1,INCLUDED_OPEN
49,-10,2,INCLUDED_OPEN
49,-10,3,constrained-misc
49,-10,4,INCLUDED_OPEN
49,-9,-13,EXCLUDED_WATER
49,-9,-12,EXCLUDED_WATER
49,-9,-11,EXCLUDED_WATER
49,-9,-10,EXCLUDED_WATER
49,-9,-9,EXCLUDED_WATER
49,-9,-8,EXCLUDED_WATER
49,-9,-7,EXCLUDED_WATER
49,-9,-6,INCLUDED_OPEN
49,-9,-5,INCLUDED_OPEN
49,-9,-4,INCLUDED_OPEN
49,-9,-3,INCLUDED_OPEN
49,-9,-2,INCLUDED_OPEN
49,-9,-1,INCLUDED_OPEN
49,-9,0,INCLUDED_OPEN
49,-9,1,INCLUDED_OPEN
49,-9,2,INCLUDED_OPEN
49,-9,3,INCLUDED_OPEN
49,-9,4,INCLUDED_OPEN
49,-8,-13,EXCLUDED_WATER
49,-8,-12,EXCLUDED_WATER
49,-8,-11,EXCLUDED_WATER
49,-8,-10,EXCLUDED_WATER
49,-8,-9,EXCLUDED_WATER
49,-8,-8,EXCLUDED_WATER
49,-8,-7,EXCLUDED_WATER
49,-8,-6,INCLUDED_OPEN
49,-8,-5,INCLUDED_OPEN
49,-8,-4,INCLUDED_OPEN
49,-8,-3,INCLUDED_OPEN
49,-8,-2,INCLUDED_OPEN
49,-8,-1,INCLUDED_OPEN
49,-8,0,INCLUDED_OPEN
49,-8,1,INCLUDED_OPEN
49,-8,2,INCLUDED_OPEN
49,-8,3,INCLUDED_LOWDATA
49,-8,4,INCLUDED_LOWDATA
49,-7,-13,EXCLUDED_WATER
49,-7,-12,EXCLUDED_WATER
49,-7,-11,EXCLUDED_WATER
49,-7,-10,EXCLUDED_WATER
49,-7,-9,EXCLUDED_WATER
49,-7,-8,EXCLUDED_WATER
49,-7,-7,EXCLUDED_WATER
49,-7,-6,INCLUDED_OPEN
49,-7,-5,INCLUDED_OPEN
49,-7,-4,INCLUDED_OPEN
49,-7,-3,INCLUDED_OPEN
49,-7,-2,INCLUDED_OPEN
49,-7,-1,INCLUDED_OPEN
49,-7,0,INCLUDED_OPEN
49,-7,1,INCLUDED_OPEN
49,-7,2,INCLUDED_OPEN
49,-7,3,INCLUDED_OPEN
49,-7,4,INCLUDED_LOWDATA
49,-6,-13,EXCLUDED_WATER
49,-6,-12,EXCLUDED_WATER
49,-6,-11,EXCLUDED_WATER
49,-6,-10,EXCLUDED_WATER
49,-6,-9,EXCLUDED_WATER
49,-6,-8,EXCLUDED_WATER
49,-6,-7,EXCLUDED_WATER
49,-6,-6,INCLUDED_OPEN
49,-6,-5,INCLUDED_OPEN
49,-6,-4,INCLUDED_OPEN
49,-6,-3,INCLUDED_OPEN
49,-6,-2,INCLUDED_OPEN
49,-6,-1,INCLUDED_OPEN
49,-6,0,INCLUDED_OPEN
49,-6,1,INCLUDED_OPEN
49,-6,2,INCLUDED_OPEN
49,-6,3,INCLUDED_OPEN
49,-6,4,INCLUDED_LOWDATA
49,-5,-13,EXCLUDED_WATER
49,-5,-12,EXCLUDED_WATER
49,-5,-11,EXCLUDED_WATER
49,-5,-10,EXCLUDED_WATER
49,-5,-9,EXCLUDED_WATER
49,-5,-8,EXCLUDED_WATER
49,-5,-7,EXCLUDED_WATER
49,-5,-6,INCLUDED_OPEN
49,-5,-5,INCLUDED_OPEN
49,-5,-4,INCLUDED_OPEN
49,-5,-3,INCLUDED_OPEN
49,-5,-2,INCLUDED_OPEN
49,-5,-1,INCLUDED_OPEN
49,-5,0,INCLUDED_OPEN
49,-5,1,INCLUDED_OPEN
49,-5,2,INCLUDED_OPEN
49,-5,3,INCLUDED_OPEN
49,-5,4,INCLUDED_OPEN
49,-4,-13,EXCLUDED_WATER
49,-4,-12,EXCLUDED_WATER
49,-4,-11,EXCLUDED_WATER
49,-4,-10,EXCLUDED_WATER
49,-4,-9,EXCLUDED_WATER
49,-4,-8,EXCLUDED_WATER
49,-4,-7,EXCLUDED_WATER
49,-4,-6,INCLUDED_OPEN
49,-4,-5,INCLUDED_OPEN
49,-4,-4,INCLUDED_OPEN
49,-4,-3,INCLUDED_OPEN
49,-4,-2,INCLUDED_OPEN
49,-4,-1,INCLUDED_OPEN
49,-4,0,INCLUDED_OPEN
49,-4,1,INCLUDED_OPEN
49,-4,2,INCLUDED_OPEN
49,-4,3,INCLUDED_OPEN
49,-4,4,INCLUDED_OPEN
49,-3,-13,EXCLUDED_WATER
49,-3,-12,EXCLUDED_WATER
49,-3,-11,EXCLUDED_WATER
49,-3,-10,EXCLUDED_WATER
49,-3,-9,EXCLUDED_WATER
49,-3,-8,EXCLUDED_WATER
49,-3,-6,INCLUDED_OPEN
49,-3,-5,INCLUDED_OPEN
49,-3,-4,INCLUDED_OPEN
49,-3,-3,INCLUDED_OPEN
49,-3,-2,INCLUDED_OPEN
49,-3,-1,INCLUDED_OPEN
49,-3,0,INCLUDED_OPEN
49,-3,1,INCLUDED_OPEN
49,-2,-13,EXCLUDED_WATER
49,-2,-12,EXCLUDED_WATER
49,-2,-11,EXCLUDED_WATER
49,-2,-10,EXCLUDED_WATER
49,-2,-9,EXCLUDED_WATER
49,-2,-8,EXCLUDED_WATER
49,-2,-6,INCLUDED_OPEN
49,-2,-5,INCLUDED_OPEN
49,-2,-4,INCLUDED_OPEN
49,-2,-3,INCLUDED_OPEN
49,-2,-2,INCLUDED_OPEN
49,-2,-1,INCLUDED_OPEN
49,-2,0,INCLUDED_OPEN
49,-2,1,INCLUDED_OPEN
49,-2,2,INCLUDED_OPEN
49,-1,-13,EXCLUDED_WATER
49,-1,-12,EXCLUDED_WATER
49,-1,-11,EXCLUDED_WATER
49,-1,-10,EXCLUDED_WATER
49,-1,-9,EXCLUDED_WATER
49,-1,-8,EXCLUDED_WATER
49,-1,-6,INCLUDED_OPEN
49,-1,-5,INCLUDED_OPEN
49,-1,-4,INCLUDED_OPEN
49,-1,-3,INCLUDED_OPEN
49,-1,-2,INCLUDED_OPEN
49,-1,-1,INCLUDED_OPEN
49,-1,0,INCLUDED_OPEN
49,-1,1,INCLUDED_OPEN
49,-1,2,INCLUDED_OPEN
49,0,-13,EXCLUDED_WATER
49,0,-12,EXCLUDED_WATER
49,0,-11,EXCLUDED_WATER
49,0,-10,EXCLUDED_WATER
49,0,-9,EXCLUDED_WATER
49,0,-8,EXCLUDED_WATER
49,0,-6,INCLUDED_OPEN
49,0,-5,INCLUDED_OPEN
49,0,-4,INCLUDED_OPEN
49,0,-3,INCLUDED_OPEN
49,0,-2,INCLUDED_OPEN
49,0,-1,INCLUDED_OPEN
49,0,0,INCLUDED_OPEN
49,0,1,INCLUDED_OPEN
49,0,2,INCLUDED_OPEN
49,1,-13,EXCLUDED_WATER
49,1,-12,EXCLUDED_WATER
49,1,-11,EXCLUDED_WATER
49,1,-10,EXCLUDED_WATER
49,1,-9,EXCLUDED_WATER
49,1,-8,EXCLUDED_WATER
49,1,-7,EXCLUDED_WATER
49,1,-6,INCLUDED_OPEN
49,1,-5,INCLUDED_OPEN
49,1,-4,INCLUDED_OPEN
49,1,-3,INCLUDED_OPEN
49,1,-2,INCLUDED_OPEN
49,1,-1,INCLUDED_OPEN
49,1,0,INCLUDED_OPEN
49,1,1,INCLUDED_OPEN
49,1,2,INCLUDED_OPEN
49,2,-13,EXCLUDED_WATER
49,2,-12,EXCLUDED_WATER
49,2,-11,EXCLUDED_WATER
49,2,-10,EXCLUDED_WATER
49,2,-9,EXCLUDED_WATER
49,2,-8,EXCLUDED_WATER
49,2,-7,EXCLUDED_WATER
49,2,-6,INCLUDED_OPEN
49,2,-5,INCLUDED_OPEN
49,2,-4,INCLUDED_OPEN
49,2,-3,INCLUDED_OPEN
49,2,-2,INCLUDED_OPEN
49,2,-1,INCLUDED_OPEN
49,2,0,INCLUDED_OPEN
49,2,1,INCLUDED_OPEN
49,2,2,INCLUDED_OPEN
49,3,-13,EXCLUDED_WATER
49,3,-12,EXCLUDED_WATER
49,3,-11,EXCLUDED_WATER
49,3,-10,EXCLUDED_WATER
49,3,-9,EXCLUDED_WATER
49,3,-8,EXCLUDED_WATER
49,3,-7,EXCLUDED_WATER
49,3,-6,EXCLUDED_WATER
49,3,-5,INCLUDED_OPEN
49,3,-4,INCLUDED_OPEN
49,3,-3,INCLUDED_OPEN
49,3,-2,INCLUDED_OPEN
49,3,-1,INCLUDED_OPEN
49,3,0,INCLUDED_OPEN
49,3,1,INCLUDED_OPEN
49,3,2,INCLUDED_OPEN
49,4,-13,EXCLUDED_WATER
49,4,-12,EXCLUDED_WATER
49,4,-11,EXCLUDED_WATER
49,4,-10,EXCLUDED_WATER
49,4,-9,EXCLUDED_WATER
49,4,-8,EXCLUDED_WATER
49,4,-7,EXCLUDED_WATER
49,4,-6,INCLUDED_OPEN
49,4,-5,INCLUDED_OPEN
49,4,-4,INCLUDED_OPEN
49,4,-3,INCLUDED_OPEN
49,4,-2,INCLUDED_OPEN
49,4,-1,INCLUDED_OPEN
49,4,0,INCLUDED_OPEN
49,4,1,INCLUDED_OPEN
49,5,-13,EXCLUDED_WATER
49,5,-12,EXCLUDED_WATER
49,5,-11,EXCLUDED_WATER
49,5,-10,EXCLUDED_WATER
49,5,-9,EXCLUDED_WATER
49,5,-8,EXCLUDED_WATER
49,5,-7,EXCLUDED_WATER
49,5,-6,INCLUDED_OPEN
49,5,-5,INCLUDED_OPEN
49,5,-4,INCLUDED_OPEN
49,5,-3,INCLUDED_OPEN
49,5,-2,INCLUDED_OPEN
49,5,-1,INCLUDED_OPEN
49,5,0,INCLUDED_OPEN
49,5,1,INCLUDED_OPEN
49,5,2,INCLUDED_LOWDATA
49,6,-13,EXCLUDED_WATER
49,6,-12,EXCLUDED_WATER
49,6,-11,EXCLUDED_WATER
49,6,-10,EXCLUDED_WATER
49,6,-9,EXCLUDED_WATER
49,6,-8,EXCLUDED_WATER
49,6,-7,EXCLUDED_WATER
49,6,-6,INCLUDED_OPEN
49,6,-5,INCLUDED_OPEN
49,6,-4,INCLUDED_OPEN
49,6,-3,INCLUDED_OPEN
49,6,-2,INCLUDED_OPEN
49,6,-1,INCLUDED_OPEN
49,6,0,INCLUDED_OPEN
49,6,1,INCLUDED_OPEN
49,7,-13,EXCLUDED_WATER
49,7,-12,EXCLUDED_WATER
49,7,-11,EXCLUDED_WATER
49,7,-10,EXCLUDED_WATER
49,7,-9,EXCLUDED_WATER
49,7,-8,EXCLUDED_WATER
49,7,-7,EXCLUDED_WATER
49,7,-6,INCLUDED_OPEN
49,7,-5,INCLUDED_OPEN
49,7,-4,INCLUDED_OPEN
49,7,-3,INCLUDED_OPEN
49,7,-2,INCLUDED_OPEN
49,7,-1,INCLUDED_OPEN
49,7,0,INCLUDED_OPEN
49,7,1,INCLUDED_OPEN
49,7,2,INCLUDED_LOWDATA
49,8,-13,EXCLUDED_WATER
49,8,-12,EXCLUDED_WATER
49,8,-11,EXCLUDED_WATER
49,8,-10,EXCLUDED_WATER
49,8,-9,EXCLUDED_WATER
49,8,-8,EXCLUDED_WATER
49,8,-7,EXCLUDED_WATER
49,8,-6,INCLUDED_OPEN
49,8,-5,INCLUDED_OPEN
49,8,-4,INCLUDED_OPEN
49,8,-3,INCLUDED_OPEN
49,8,-2,INCLUDED_OPEN
49,8,-1,INCLUDED_OPEN
49,8,0,INCLUDED_OPEN
49,8,1,INCLUDED_OPEN
49,8,2,constrained-misc
49,9,-13,EXCLUDED_WATER
49,9,-12,EXCLUDED_WATER
49,9,-11,EXCLUDED_WATER
49,9,-10,EXCLUDED_WATER
49,9,-9,EXCLUDED_WATER
49,9,-8,EXCLUDED_WATER
49,9,-7,EXCLUDED_WATER
49,9,-6,INCLUDED_OPEN
49,9,-5,INCLUDED_OPEN
49,9,-4,INCLUDED_OPEN
49,9,-3,INCLUDED_OPEN
49,9,-2,INCLUDED_OPEN
49,9,-1,INCLUDED_OPEN
49,9,0,INCLUDED_OPEN
49,9,1,INCLUDED_LOWDATA
49,10,-13,EXCLUDED_WATER
49,10,-12,EXCLUDED_WATER
49,10,-11,EXCLUDED_WATER
49,10,-10,EXCLUDED_WATER
49,10,-9,EXCLUDED_WATER
49,10,-8,EXCLUDED_WATER
49,10,-7,EXCLUDED_WATER
49,10,-6,INCLUDED_OPEN
49,10,-5,INCLUDED_OPEN
49,10,-4,INCLUDED_OPEN
49,10,-3,INCLUDED_OPEN
49,10,-2,INCLUDED_OPEN
49,10,-1,INCLUDED_OPEN
49,10,0,INCLUDED_OPEN
49,10,1,INCLUDED_OPEN
49,10,2,INCLUDED_LOWDATA
49,11,-13,EXCLUDED_WATER
49,11,-12,EXCLUDED_WATER
49,11,-10,EXCLUDED_WATER
49,11,-9,EXCLUDED_WATER
49,11,-8,EXCLUDED_WATER
49,11,-7,EXCLUDED_WATER
49,11,-6,INCLUDED_OPEN
49,11,-5,INCLUDED_OPEN
49,11,-4,INCLUDED_OPEN
49,11,-3,INCLUDED_OPEN
49,11,-2,INCLUDED_OPEN
49,11,-1,INCLUDED_OPEN
49,11,0,rl-2
49,11,1,rl-2
49,11,2,INCLUDED_LOWDATA
49,12,-4,INCLUDED_OPEN
49,12,-3,INCLUDED_OPEN
49,12,-2,INCLUDED_OPEN
49,12,-1,INCLUDED_OPEN
49,12,0,INCLUDED_OPEN
49,12,1,INCLUDED_OPEN
49,12,2,rl-2
49,13,-12,INCLUDED_LOWDATA
49,13,-8,INCLUDED_LOWDATA
49,13,-6,INCLUDED_LOWDATA
49,13,-4,INCLUDED_OPEN
49,13,-3,INCLUDED_OPEN
49,13,-2,INCLUDED_OPEN
49,13,-1,INCLUDED_OPEN
49,13,0,INCLUDED_OPEN
49,13,1,INCLUDED_OPEN
49,13,2,rl-2
49,14,-4,INCLUDED_OPEN
49,14,-3,INCLUDED_OPEN
49,14,-2,INCLUDED_OPEN
49,14,-1,INCLUDED_OPEN
49,14,0,INCLUDED_OPEN
49,14,1,INCLUDED_OPEN
49,14,2,rl-2
49,15,-4,INCLUDED_OPEN
49,15,-3,INCLUDED_OPEN
49,15,-2,INCLUDED_OPEN
49,15,-1,INCLUDED_OPEN
49,15,0,INCLUDED_OPEN
49,15,1,INCLUDED_OPEN
49,15,2,rl-2
49,16,-4,INCLUDED_OPEN
49,16,-3,INCLUDED_OPEN
49,16,-2,INCLUDED_OPEN
49,16,-1,INCLUDED_OPEN
49,16,0,INCLUDED_OPEN
49,16,1,INCLUDED_OPEN
49,16,2,rl-2
49,17,-4,INCLUDED_OPEN
49,17,-3,INCLUDED_OPEN
49,17,-2,INCLUDED_OPEN
49,17,-1,INCLUDED_OPEN
49,17,0,INCLUDED_OPEN
49,17,1,INCLUDED_OPEN
49,17,2,rl-2
49,19,-10,INCLUDED_OPEN
49,19,-9,INCLUDED_OPEN
49,19,-8,INCLUDED_OPEN
49,19,-7,INCLUDED_OPEN
49,19,-6,INCLUDED_OPEN
49,19,-5,INCLUDED_OPEN
49,19,-4,INCLUDED_OPEN
49,19,-3,INCLUDED_OPEN
49,19,-2,INCLUDED_LOWDATA
49,19,-1,INCLUDED_LOWDATA
49,19,0,INCLUDED_LOWDATA
49,19,1,INCLUDED_LOWDATA
49,19,4,INCLUDED_LOWDATA
49,20,-10,INCLUDED_OPEN
49,20,-9,INCLUDED_OPEN
49,20,-8,INCLUDED_OPEN
49,20,-7,INCLUDED_OPEN
49,20,-6,INCLUDED_OPEN
49,20,-5,INCLUDED_OPEN
49,20,-4,INCLUDED_OPEN
49,20,-3,INCLUDED_OPEN
49,20,-2,INCLUDED_LOWDATA
49,20,-1,INCLUDED_LOWDATA
49,20,0,INCLUDED_LOWDATA
49,20,1,INCLUDED_OPEN
49,20,2,INCLUDED_LOWDATA
49,20,3,INCLUDED_LOWDATA
49,20,4,INCLUDED_LOWDATA
49,21,-10,INCLUDED_OPEN
49,21,-9,INCLUDED_OPEN
49,21,-8,INCLUDED_OPEN
49,21,-7,INCLUDED_OPEN
49,21,-6,INCLUDED_OPEN
49,21,-5,INCLUDED_OPEN
49,21,-4,INCLUDED_OPEN
49,21,-3,INCLUDED_OPEN
49,21,-2,INCLUDED_OPEN
49,21,-1,INCLUDED_OPEN
49,21,0,INCLUDED_OPEN
49,21,1,INCLUDED_OPEN
49,21,2,INCLUDED_OPEN
49,21,3,INCLUDED_LOWDATA
49,21,4,INCLUDED_LOWDATA
49,22,-10,INCLUDED_OPEN
49,22,-9,INCLUDED_OPEN
49,22,-8,INCLUDED_OPEN
49,22,-7,INCLUDED_OPEN
49,22,-6,INCLUDED_OPEN
49,22,-5,INCLUDED_OPEN
49,22,-4,INCLUDED_OPEN
49,22,-3,INCLUDED_OPEN
49,22,-2,INCLUDED_OPEN
49,22,-1,INCLUDED_OPEN
49,22,0,INCLUDED_OPEN
49,22,1,INCLUDED_OPEN
49,22,2,INCLUDED_OPEN
49,22,3,INCLUDED_LOWDATA
49,22,4,INCLUDED_LOWDATA
49,23,-10,INCLUDED_OPEN
49,23,-9,INCLUDED_OPEN
49,23,-8,INCLUDED_OPEN
49,23,-7,INCLUDED_OPEN
49,23,-6,INCLUDED_OPEN
49,23,-5,INCLUDED_OPEN
49,23,-4,INCLUDED_OPEN
49,23,-3,INCLUDED_OPEN
49,23,-2,INCLUDED_OPEN
49,23,-1,INCLUDED_OPEN
49,23,0,INCLUDED_OPEN
49,23,1,INCLUDED_OPEN
49,23,2,INCLUDED_LOWDATA
49,23,3,INCLUDED_LOWDATA
49,23,4,INCLUDED_LOWDATA
49,24,-10,INCLUDED_OPEN
49,24,-9,INCLUDED_OPEN
49,24,-8,INCLUDED_OPEN
49,24,-7,INCLUDED_OPEN
49,24,-6,INCLUDED_OPEN
49,24,-5,INCLUDED_OPEN
49,24,-4,INCLUDED_OPEN
49,24,-3,INCLUDED_OPEN
49,24,-2,INCLUDED_OPEN
49,24,-1,INCLUDED_OPEN
49,24,0,INCLUDED_OPEN
49,24,1,INCLUDED_OPEN
49,24,2,INCLUDED_LOWDATA
49,24,3,INCLUDED_LOWDATA
49,25,-10,INCLUDED_OPEN
49,25,-9,INCLUDED_OPEN
49,25,-8,INCLUDED_OPEN
49,25,-7,INCLUDED_OPEN
49,25,-6,INCLUDED_OPEN
49,25,-5,INCLUDED_OPEN
49,25,-4,INCLUDED_OPEN
49,25,-3,INCLUDED_OPEN
49,25,-2,INCLUDED_OPEN
49,25,-1,INCLUDED_LOWDATA
49,25,0,INCLUDED_OPEN
49,25,1,INCLUDED_LOWDATA
49,25,2,INCLUDED_LOWDATA
49,25,3,INCLUDED_LOWDATA
49,25,4,INCLUDED_LOWDATA
49,26,-10,INCLUDED_OPEN
49,26,-9,INCLUDED_OPEN
49,26,-8,INCLUDED_OPEN
49,26,-7,INCLUDED_OPEN
49,26,-6,INCLUDED_OPEN
49,26,-5,INCLUDED_OPEN
49,26,-4,INCLUDED_OPEN
49,26,-3,INCLUDED_OPEN
49,26,-2,INCLUDED_OPEN
49,26,-1,INCLUDED_OPEN
49,26,0,INCLUDED_LOWDATA
49,26,1,INCLUDED_OPEN
49,26,2,INCLUDED_LOWDATA
49,26,3,INCLUDED_LOWDATA
49,26,4,INCLUDED_LOWDATA
49,27,-10,INCLUDED_OPEN
49,27,-9,INCLUDED_OPEN
49,27,-8,INCLUDED_OPEN
49,27,-7,INCLUDED_OPEN
49,27,-6,INCLUDED_OPEN
49,27,-5,INCLUDED_OPEN
49,27,-4,INCLUDED_OPEN
49,27,-3,INCLUDED_OPEN
49,27,-2,INCLUDED_OPEN
49,27,-1,INCLUDED_OPEN
49,27,0,INCLUDED_OPEN
49,27,1,INCLUDED_LOWDATA
49,27,2,INCLUDED_LOWDATA
49,27,3,INCLUDED_LOWDATA
49,27,4,INCLUDED_LOWDATA
49,28,-10,INCLUDED_OPEN
49,28,-9,INCLUDED_OPEN
49,28,-8,INCLUDED_OPEN
49,28,-7,INCLUDED_OPEN
49,28,-6,INCLUDED_OPEN
49,28,-5,INCLUDED_OPEN
49,28,-4,INCLUDED_OPEN
49,28,-3,INCLUDED_LOWDATA
49,28,-2,INCLUDED_OPEN
49,28,-1,INCLUDED_OPEN
49,28,0,INCLUDED_LOWDATA
49,28,1,INCLUDED_LOWDATA
49,28,2,INCLUDED_LOWDATA
49,28,3,INCLUDED_LOWDATA
49,28,4,INCLUDED_LOWDATA
49,29,-10,INCLUDED_OPEN
49,29,-9,INCLUDED_OPEN
49,29,-8,INCLUDED_OPEN
49,29,-7,INCLUDED_OPEN
49,29,-6,INCLUDED_OPEN
49,29,-5,INCLUDED_OPEN
49,29,-4,INCLUDED_OPEN
49,29,-3,INCLUDED_OPEN
49,29,-2,INCLUDED_OPEN
49,29,-1,INCLUDED_OPEN
49,29,0,INCLUDED_OPEN
49,29,1,INCLUDED_LOWDATA
49,29,3,INCLUDED_LOWDATA
49,29,4,INCLUDED_LOWDATA
49,30,-10,INCLUDED_OPEN
49,30,-9,INCLUDED_OPEN
49,30,-8,INCLUDED_OPEN
49,30,-7,INCLUDED_OPEN
49,30,-6,INCLUDED_OPEN
49,30,-5,INCLUDED_OPEN
49,30,-4,INCLUDED_OPEN
49,30,-3,INCLUDED_OPEN
49,30,-2,INCLUDED_OPEN
49,30,-1,INCLUDED_OPEN
49,30,0,INCLUDED_LOWDATA
49,30,1,INCLUDED_LOWDATA
49,30,2,INCLUDED_LOWDATA
49,30,3,INCLUDED_LOWDATA
49,30,4,INCLUDED_LOWDATA
49,31,-10,INCLUDED_OPEN
49,31,-9,INCLUDED_OPEN
49,31,-8,INCLUDED_OPEN
49,31,-7,INCLUDED_OPEN
49,31,-6,INCLUDED_OPEN
49,31,-5,INCLUDED_OPEN
49,31,-4,INCLUDED_OPEN
49,31,-3,INCLUDED_OPEN
49,31,-2,INCLUDED_OPEN
49,31,-1,INCLUDED_OPEN
49,31,0,INCLUDED_LOWDATA
49,31,1,INCLUDED_LOWDATA
49,31,2,INCLUDED_LOWDATA
49,31,4,INCLUDED_LOWDATA
49,32,-10,INCLUDED_OPEN
49,32,-9,INCLUDED_OPEN
49,32,-8,INCLUDED_OPEN
49,32,-7,INCLUDED_OPEN
49,32,-6,INCLUDED_OPEN
49,32,-5,INCLUDED_OPEN
49,32,-4,INCLUDED_OPEN
49,32,-3,INCLUDED_OPEN
49,32,-2,INCLUDED_OPEN
49,32,-1,INCLUDED_LOWDATA
49,32,0,INCLUDED_LOWDATA
49,32,1,INCLUDED_LOWDATA
49,32,2,INCLUDED_LOWDATA
49,32,3,INCLUDED_LOWDATA
49,32,4,INCLUDED_LOWDATA
49,33,-8,INCLUDED_OPEN
49,33,-7,INCLUDED_OPEN
49,33,-6,INCLUDED_OPEN
49,33,-5,INCLUDED_OPEN
49,33,-4,INCLUDED_OPEN
49,33,-3,INCLUDED_OPEN
49,33,-2,INCLUDED_OPEN
49,33,-1,INCLUDED_OPEN
49,33,0,INCLUDED_OPEN
49,33,1,INCLUDED_LOWDATA
49,33,2,INCLUDED_LOWDATA
49,33,3,INCLUDED_LOWDATA
49,33,4,INCLUDED_LOWDATA
49,34,-8,INCLUDED_LOWDATA
49,34,-7,INCLUDED_OPEN
49,34,-6,INCLUDED_OPEN
49,34,-5,INCLUDED_OPEN
49,34,-4,INCLUDED_LOWDATA
49,34,-3,INCLUDED_LOWDATA
49,34,-2,INCLUDED_LOWDATA
49,34,-1,INCLUDED_LOWDATA
49,34,0,INCLUDED_LOWDATA
49,34,1,INCLUDED_LOWDATA
49,34,2,INCLUDED_LOWDATA
50,-30,0,INCLUDED_LOWDATA
50,-30,1,INCLUDED_OPEN
50,-30,2,INCLUDED_OPEN
50,-30,3,INCLUDED_OPEN
50,-30,4,INCLUDED_OPEN
50,-29,1,INCLUDED_OPEN
50,-29,2,INCLUDED_OPEN
50,-29,3,INCLUDED_OPEN
50,-29,4,INCLUDED_OPEN
50,-28,-2,INCLUDED_LOWDATA
50,-28,-1,INCLUDED_LOWDATA
50,-28,1,INCLUDED_OPEN
50,-28,2,INCLUDED_OPEN
50,-28,3,INCLUDED_OPEN
50,-28,4,INCLUDED_OPEN
50,-27,-2,INCLUDED_LOWDATA
50,-27,1,ssg-ya
50,-27,2,INCLUDED_OPEN
50,-27,3,INCLUDED_OPEN
50,-27,4,INCLUDED_OPEN
50,-26,-2,INCLUDED_OPEN
50,-26,-1,INCLUDED_OPEN
50,-26,0,INCLUDED_OPEN
50,-26,1,INCLUDED_OPEN
50,-26,2,INCLUDED_OPEN
50,-26,3,INCLUDED_OPEN
50,-26,4,INCLUDED_OPEN
50,-25,-2,INCLUDED_OPEN
50,-25,-1,INCLUDED_OPEN
50,-25,0,INCLUDED_OPEN
50,-25,1,INCLUDED_OPEN
50,-25,2,INCLUDED_OPEN
50,-25,3,INCLUDED_OPEN
50,-25,4,INCLUDED_OPEN
50,-24,-2,INCLUDED_OPEN
50,-24,-1,INCLUDED_OPEN
50,-24,0,INCLUDED_OPEN
50,-24,1,INCLUDED_OPEN
50,-24,2,INCLUDED_OPEN
50,-24,3,INCLUDED_OPEN
50,-24,4,INCLUDED_OPEN
50,-23,-2,INCLUDED_OPEN
50,-23,-1,INCLUDED_OPEN
50,-23,0,INCLUDED_OPEN
50,-23,1,INCLUDED_OPEN
50,-23,2,INCLUDED_OPEN
50,-23,3,INCLUDED_OPEN
50,-23,4,INCLUDED_OPEN
50,-22,-2,INCLUDED_OPEN
50,-22,-1,INCLUDED_OPEN
50,-22,0,INCLUDED_OPEN
50,-22,1,INCLUDED_OPEN
50,-22,2,INCLUDED_OPEN
50,-22,3,INCLUDED_OPEN
50,-22,4,INCLUDED_OPEN
50,-21,-2,INCLUDED_OPEN
50,-21,-1,INCLUDED_OPEN
50,-21,0,INCLUDED_OPEN
50,-21,1,INCLUDED_OPEN
50,-21,2,INCLUDED_OPEN
50,-21,3,INCLUDED_OPEN
50,-21,4,INCLUDED_OPEN
50,-20,-2,INCLUDED_OPEN
50,-20,-1,INCLUDED_OPEN
50,-20,0,INCLUDED_OPEN
50,-20,1,INCLUDED_OPEN
50,-20,2,INCLUDED_OPEN
50,-20,3,INCLUDED_OPEN
50,-20,4,INCLUDED_OPEN
50,-19,-2,INCLUDED_OPEN
50,-19,-1,INCLUDED_OPEN
50,-19,0,INCLUDED_OPEN
50,-19,1,INCLUDED_OPEN
50,-19,2,INCLUDED_OPEN
50,-19,3,INCLUDED_OPEN
50,-19,4,INCLUDED_OPEN
50,-16,-13,EXCLUDED_WATER
50,-16,-12,EXCLUDED_WATER
50,-16,-11,EXCLUDED_WATER
50,-16,-10,EXCLUDED_WATER
50,-16,-9,EXCLUDED_WATER
50,-16,-8,EXCLUDED_WATER
50,-16,-7,EXCLUDED_WATER
50,-16,-6,INCLUDED_OPEN
50,-16,-5,INCLUDED_OPEN
50,-16,-4,INCLUDED_LOWDATA
50,-16,-2,INCLUDED_OPEN
50,-16,-1,INCLUDED_OPEN
50,-16,0,INCLUDED_OPEN
50,-16,1,INCLUDED_OPEN
50,-16,2,INCLUDED_OPEN
50,-15,-13,EXCLUDED_WATER
50,-15,-12,EXCLUDED_WATER
50,-15,-11,EXCLUDED_WATER
50,-15,-10,EXCLUDED_WATER
50,-15,-9,EXCLUDED_WATER
50,-15,-8,EXCLUDED_WATER
50,-15,-7,EXCLUDED_WATER
50,-15,-6,EXCLUDED_WATER
50,-15,-5,INCLUDED_LOWDATA
50,-15,-4,INCLUDED_LOWDATA
50,-15,-2,INCLUDED_OPEN
50,-15,-1,INCLUDED_OPEN
50,-15,0,INCLUDED_OPEN
50,-15,1,INCLUDED_OPEN
50,-15,2,INCLUDED_OPEN
50,-14,-13,EXCLUDED_WATER
50,-14,-12,EXCLUDED_WATER
50,-14,-11,EXCLUDED_WATER
50,-14,-10,EXCLUDED_WATER
50,-14,-9,EXCLUDED_WATER
50,-14,-8,EXCLUDED_WATER
50,-14,-7,EXCLUDED_WATER
50,-14,-6,INCLUDED_OPEN
50,-14,-5,INCLUDED_LOWDATA
50,-14,-4,INCLUDED_LOWDATA
50,-14,-2,INCLUDED_OPEN
50,-14,-1,INCLUDED_OPEN
50,-14,0,INCLUDED_OPEN
50,-14,1,INCLUDED_OPEN
50,-14,2,INCLUDED_OPEN
50,-13,-13,EXCLUDED_WATER
50,-13,-12,EXCLUDED_WATER
50,-13,-11,EXCLUDED_WATER
50,-13,-10,EXCLUDED_WATER
50,-13,-9,EXCLUDED_WATER
50,-13,-8,EXCLUDED_WATER
50,-13,-7,EXCLUDED_WATER
50,-13,-6,INCLUDED_OPEN
50,-13,-5,INCLUDED_OPEN
50,-13,-4,INCLUDED_LOWDATA
50,-13,-2,INCLUDED_OPEN
50,-13,-1,INCLUDED_OPEN
50,-13,0,INCLUDED_OPEN
50,-13,1,INCLUDED_OPEN
50,-13,2,INCLUDED_OPEN
50,-12,-13,EXCLUDED_WATER
50,-12,-12,EXCLUDED_WATER
50,-12,-11,EXCLUDED_WATER
50,-12,-10,EXCLUDED_WATER
50,-12,-9,EXCLUDED_WATER
50,-12,-8,EXCLUDED_WATER
50,-12,-7,EXCLUDED_WATER
50,-12,-6,INCLUDED_OPEN
50,-12,-5,INCLUDED_OPEN
50,-12,-4,INCLUDED_OPEN
50,-12,-2,INCLUDED_OPEN
50,-12,-1,INCLUDED_OPEN
50,-12,0,INCLUDED_OPEN
50,-12,1,INCLUDED_OPEN
50,-12,2,INCLUDED_OPEN
50,-11,-13,EXCLUDED_WATER
50,-11,-12,EXCLUDED_WATER
50,-11,-11,EXCLUDED_WATER
50,-11,-10,EXCLUDED_WATER
50,-11,-9,EXCLUDED_WATER
50,-11,-8,EXCLUDED_WATER
50,-11,-7,EXCLUDED_WATER
50,-11,-6,INCLUDED_OPEN
50,-11,-5,INCLUDED_OPEN
50,-11,-4,INCLUDED_OPEN
50,-11,-3,INCLUDED_OPEN
50,-11,-2,INCLUDED_OPEN
50,-11,-1,INCLUDED_OPEN
50,-11,0,INCLUDED_OPEN
50,-11,1,INCLUDED_OPEN
50,-10,-13,EXCLUDED_WATER
50,-10,-12,EXCLUDED_WATER
50,-10,-11,EXCLUDED_WATER
50,-10,-10,EXCLUDED_WATER
50,-10,-9,EXCLUDED_WATER
50,-10,-8,EXCLUDED_WATER
50,-10,-7,EXCLUDED_WATER
50,-10,-6,INCLUDED_OPEN
50,-10,-5,INCLUDED_OPEN
50,-10,-4,INCLUDED_OPEN
50,-10,-3,INCLUDED_OPEN
50,-10,-2,INCLUDED_OPEN
50,-10,-1,INCLUDED_OPEN
50,-10,0,INCLUDED_OPEN
50,-10,1,INCLUDED_OPEN
50,-10,2,INCLUDED_OPEN
50,-10,3,INCLUDED_OPEN
50,-10,4,INCLUDED_LOWDATA
50,-9,-13,EXCLUDED_WATER
50,-9,-12,EXCLUDED_WATER
50,-9,-11,EXCLUDED_WATER
50,-9,-10,EXCLUDED_WATER
50,-9,-9,EXCLUDED_WATER
50,-9,-8,EXCLUDED_WATER
50,-9,-7,EXCLUDED_WATER
50,-9,-6,INCLUDED_OPEN
50,-9,-5,INCLUDED_OPEN
50,-9,-4,INCLUDED_OPEN
50,-9,-3,INCLUDED_OPEN
50,-9,-2,INCLUDED_OPEN
50,-9,-1,INCLUDED_OPEN
50,-9,0,INCLUDED_OPEN
50,-9,1,INCLUDED_OPEN
50,-9,2,INCLUDED_OPEN
50,-9,3,INCLUDED_OPEN
50,-9,4,INCLUDED_LOWDATA
50,-8,-13,EXCLUDED_WATER
50,-8,-12,EXCLUDED_WATER
50,-8,-11,EXCLUDED_WATER
50,-8,-10,EXCLUDED_WATER
50,-8,-9,EXCLUDED_WATER
50,-8,-8,EXCLUDED_WATER
50,-8,-7,EXCLUDED_WATER
50,-8,-6,INCLUDED_OPEN
50,-8,-5,INCLUDED_OPEN
50,-8,-4,INCLUDED_OPEN
50,-8,-3,INCLUDED_OPEN
50,-8,-2,INCLUDED_OPEN
50,-8,-1,INCLUDED_OPEN
50,-8,0,INCLUDED_OPEN
50,-8,1,INCLUDED_OPEN
50,-8,2,INCLUDED_OPEN
50,-8,3,INCLUDED_OPEN
50,-8,4,INCLUDED_OPEN
50,-7,-13,EXCLUDED_WATER
50,-7,-12,EXCLUDED_WATER
50,-7,-11,EXCLUDED_WATER
50,-7,-10,EXCLUDED_WATER
50,-7,-9,EXCLUDED_WATER
50,-7,-8,EXCLUDED_WATER
50,-7,-7,EXCLUDED_WATER
50,-7,-6,INCLUDED_OPEN
50,-7,-5,INCLUDED_OPEN
50,-7,-4,INCLUDED_OPEN
50,-7,-3,INCLUDED_OPEN
50,-7,-2,INCLUDED_OPEN
50,-7,-1,INCLUDED_OPEN
50,-7,0,INCLUDED_OPEN
50,-7,1,INCLUDED_OPEN
50,-7,2,INCLUDED_OPEN
50,-7,3,INCLUDED_OPEN
50,-7,4,INCLUDED_LOWDATA
50,-6,-13,EXCLUDED_WATER
50,-6,-12,EXCLUDED_WATER
50,-6,-11,EXCLUDED_WATER
50,-6,-10,EXCLUDED_WATER
50,-6,-9,EXCLUDED_WATER
50,-6,-8,EXCLUDED_WATER
50,-6,-7,EXCLUDED_WATER
50,-6,-6,INCLUDED_OPEN
50,-6,-5,INCLUDED_OPEN
50,-6,-4,INCLUDED_OPEN
50,-6,-3,INCLUDED_OPEN
50,-6,-2,INCLUDED_OPEN
50,-6,-1,INCLUDED_OPEN
50,-6,0,INCLUDED_OPEN
50,-6,1,INCLUDED_OPEN
50,-6,2,INCLUDED_OPEN
50,-6,3,INCLUDED_OPEN
50,-6,4,INCLUDED_LOWDATA
50,-5,-13,EXCLUDED_WATER
50,-5,-12,EXCLUDED_WATER
50,-5,-11,EXCLUDED_WATER
50,-5,-10,EXCLUDED_WATER
50,-5,-9,EXCLUDED_WATER
50,-5,-8,EXCLUDED_WATER
50,-5,-7,EXCLUDED_WATER
50,-5,-6,INCLUDED_OPEN
50,-5,-5,INCLUDED_OPEN
50,-5,-4,INCLUDED_OPEN
50,-5,-3,INCLUDED_OPEN
50,-5,-2,INCLUDED_OPEN
50,-5,-1,INCLUDED_OPEN
50,-5,0,INCLUDED_OPEN
50,-5,1,INCLUDED_OPEN
50,-5,2,INCLUDED_OPEN
50,-5,3,INCLUDED_OPEN
50,-5,4,INCLUDED_LOWDATA
50,-4,-13,EXCLUDED_WATER
50,-4,-12,EXCLUDED_WATER
50,-4,-11,EXCLUDED_WATER
50,-4,-10,EXCLUDED_WATER
50,-4,-9,EXCLUDED_WATER
50,-4,-8,EXCLUDED_WATER
50,-4,-7,EXCLUDED_WATER
50,-4,-6,INCLUDED_OPEN
50,-4,-5,INCLUDED_OPEN
50,-4,-4,INCLUDED_OPEN
50,-4,-3,INCLUDED_OPEN
50,-4,-2,INCLUDED_OPEN
50,-4,-1,INCLUDED_OPEN
50,-4,0,INCLUDED_OPEN
50,-4,1,INCLUDED_OPEN
50,-4,2,INCLUDED_OPEN
50,-4,3,INCLUDED_OPEN
50,-4,4,INCLUDED_OPEN
50,-3,-13,EXCLUDED_WATER
50,-3,-12,EXCLUDED_WATER
50,-3,-11,EXCLUDED_WATER
50,-3,-10,EXCLUDED_WATER
50,-3,-9,EXCLUDED_WATER
50,-3,-8,EXCLUDED_WATER
50,-3,-6,INCLUDED_OPEN
50,-3,-5,INCLUDED_OPEN
50,-3,-4,INCLUDED_OPEN
50,-3,-3,INCLUDED_OPEN
50,-3,-2,INCLUDED_OPEN
50,-3,-1,INCLUDED_OPEN
50,-3,0,INCLUDED_OPEN
50,-3,1,INCLUDED_OPEN
50,-2,-13,EXCLUDED_WATER
50,-2,-12,EXCLUDED_WATER
50,-2,-11,EXCLUDED_WATER
50,-2,-10,EXCLUDED_WATER
50,-2,-9,EXCLUDED_WATER
50,-2,-8,EXCLUDED_WATER
50,-2,-6,INCLUDED_OPEN
50,-2,-5,INCLUDED_OPEN
50,-2,-4,INCLUDED_OPEN
50,-2,-3,INCLUDED_OPEN
50,-2,-2,INCLUDED_OPEN
50,-2,-1,INCLUDED_OPEN
50,-2,0,INCLUDED_OPEN
50,-2,1,INCLUDED_OPEN
50,-2,2,INCLUDED_OPEN
50,-1,-13,EXCLUDED_WATER
50,-1,-12,EXCLUDED_WATER
50,-1,-11,EXCLUDED_WATER
50,-1,-10,EXCLUDED_WATER
50,-1,-9,EXCLUDED_WATER
50,-1,-8,EXCLUDED_WATER
50,-1,-6,INCLUDED_OPEN
50,-1,-5,INCLUDED_OPEN
50,-1,-4,INCLUDED_OPEN
50,-1,-3,INCLUDED_OPEN
50,-1,-2,INCLUDED_OPEN
50,-1,-1,INCLUDED_OPEN
50,-1,0,INCLUDED_OPEN
50,-1,1,INCLUDED_OPEN
50,-1,2,INCLUDED_OPEN
50,0,-13,EXCLUDED_WATER
50,0,-12,EXCLUDED_WATER
50,0,-11,EXCLUDED_WATER
50,0,-10,EXCLUDED_WATER
50,0,-9,EXCLUDED_WATER
50,0,-8,EXCLUDED_WATER
50,0,-6,INCLUDED_OPEN
50,0,-5,INCLUDED_OPEN
50,0,-4,INCLUDED_OPEN
50,0,-3,INCLUDED_OPEN
50,0,-2,INCLUDED_OPEN
50,0,-1,INCLUDED_OPEN
50,0,0,INCLUDED_OPEN
50,0,1,INCLUDED_OPEN
50,0,2,INCLUDED_OPEN
50,1,-13,EXCLUDED_WATER
50,1,-12,EXCLUDED_WATER
50,1,-11,EXCLUDED_WATER
50,1,-10,EXCLUDED_WATER
50,1,-9,EXCLUDED_WATER
50,1,-8,EXCLUDED_WATER
50,1,-7,EXCLUDED_WATER
50,1,-6,INCLUDED_OPEN
50,1,-5,INCLUDED_OPEN
50,1,-4,INCLUDED_OPEN
50,1,-3,INCLUDED_OPEN
50,1,-2,INCLUDED_OPEN
50,1,-1,INCLUDED_OPEN
50,1,0,INCLUDED_OPEN
50,1,1,INCLUDED_OPEN
50,1,2,INCLUDED_OPEN
50,2,-13,EXCLUDED_WATER
50,2,-12,EXCLUDED_WATER
50,2,-11,EXCLUDED_WATER
50,2,-10,EXCLUDED_WATER
50,2,-9,EXCLUDED_WATER
50,2,-8,EXCLUDED_WATER
50,2,-7,EXCLUDED_WATER
50,2,-6,INCLUDED_OPEN
50,2,-5,INCLUDED_OPEN
50,2,-4,INCLUDED_OPEN
50,2,-3,INCLUDED_OPEN
50,2,-2,INCLUDED_OPEN
50,2,-1,INCLUDED_OPEN
50,2,0,INCLUDED_OPEN
50,2,1,INCLUDED_OPEN
50,2,2,INCLUDED_OPEN
50,3,-13,EXCLUDED_WATER
50,3,-12,EXCLUDED_WATER
50,3,-11,EXCLUDED_WATER
50,3,-10,EXCLUDED_WATER
50,3,-9,EXCLUDED_WATER
50,3,-8,EXCLUDED_WATER
50,3,-7,EXCLUDED_WATER
50,3,-6,INCLUDED_OPEN
50,3,-5,INCLUDED_OPEN
50,3,-4,INCLUDED_OPEN
50,3,-3,INCLUDED_OPEN
50,3,-2,INCLUDED_OPEN
50,3,-1,INCLUDED_OPEN
50,3,0,INCLUDED_OPEN
50,3,1,INCLUDED_OPEN
50,3,2,INCLUDED_OPEN
50,4,-13,EXCLUDED_WATER
50,4,-12,EXCLUDED_WATER
50,4,-11,EXCLUDED_WATER
50,4,-10,EXCLUDED_WATER
50,4,-9,EXCLUDED_WATER
50,4,-8,EXCLUDED_WATER
50,4,-7,EXCLUDED_WATER
50,4,-6,INCLUDED_OPEN
50,4,-5,INCLUDED_OPEN
50,4,-4,INCLUDED_OPEN
50,4,-3,INCLUDED_OPEN
50,4,-2,INCLUDED_OPEN
50,4,-1,INCLUDED_OPEN
50,4,0,INCLUDED_OPEN
50,4,1,INCLUDED_OPEN
50,5,-13,EXCLUDED_WATER
50,5,-12,EXCLUDED_WATER
50,5,-11,EXCLUDED_WATER
50,5,-10,EXCLUDED_WATER
50,5,-9,EXCLUDED_WATER
50,5,-8,EXCLUDED_WATER
50,5,-7,EXCLUDED_WATER
50,5,-6,INCLUDED_OPEN
50,5,-5,INCLUDED_OPEN
50,5,-4,INCLUDED_OPEN
50,5,-3,INCLUDED_OPEN
50,5,-2,INCLUDED_OPEN
50,5,-1,INCLUDED_OPEN
50,5,0,INCLUDED_OPEN
50,5,1,INCLUDED_OPEN
50,6,-13,EXCLUDED_WATER
50,6,-12,EXCLUDED_WATER
50,6,-11,EXCLUDED_WATER
50,6,-10,EXCLUDED_WATER
50,6,-9,EXCLUDED_WATER
50,6,-8,EXCLUDED_WATER
50,6,-7,EXCLUDED_WATER
50,6,-6,INCLUDED_OPEN
50,6,-5,INCLUDED_OPEN
50,6,-4,INCLUDED_OPEN
50,6,-3,INCLUDED_OPEN
50,6,-2,INCLUDED_OPEN
50,6,-1,INCLUDED_OPEN
50,6,0,INCLUDED_OPEN
50,6,1,INCLUDED_OPEN
50,6,2,INCLUDED_LOWDATA
50,7,-13,EXCLUDED_WATER
50,7,-12,EXCLUDED_WATER
50,7,-11,EXCLUDED_WATER
50,7,-10,EXCLUDED_WATER
50,7,-9,EXCLUDED_WATER
50,7,-8,EXCLUDED_WATER
50,7,-7,EXCLUDED_WATER
50,7,-6,INCLUDED_OPEN
50,7,-5,INCLUDED_OPEN
50,7,-4,INCLUDED_OPEN
50,7,-3,INCLUDED_OPEN
50,7,-2,INCLUDED_OPEN
50,7,-1,INCLUDED_OPEN
50,7,0,INCLUDED_OPEN
50,7,1,INCLUDED_OPEN
50,7,2,INCLUDED_LOWDATA
50,8,-13,EXCLUDED_WATER
50,8,-12,EXCLUDED_WATER
50,8,-11,EXCLUDED_WATER
50,8,-10,EXCLUDED_WATER
50,8,-9,EXCLUDED_WATER
50,8,-8,EXCLUDED_WATER
50,8,-7,EXCLUDED_WATER
50,8,-6,INCLUDED_OPEN
50,8,-5,INCLUDED_OPEN
50,8,-4,INCLUDED_OPEN
50,8,-3,INCLUDED_OPEN
50,8,-2,INCLUDED_OPEN
50,8,-1,INCLUDED_OPEN
50,8,0,INCLUDED_OPEN
50,8,1,INCLUDED_OPEN
50,8,2,INCLUDED_LOWDATA
50,9,-13,EXCLUDED_WATER
50,9,-12,EXCLUDED_WATER
50,9,-11,EXCLUDED_WATER
50,9,-10,EXCLUDED_WATER
50,9,-9,EXCLUDED_WATER
50,9,-8,EXCLUDED_WATER
50,9,-7,EXCLUDED_WATER
50,9,-6,INCLUDED_OPEN
50,9,-5,INCLUDED_OPEN
50,9,-4,INCLUDED_OPEN
50,9,-3,INCLUDED_OPEN
50,9,-2,INCLUDED_OPEN
50,9,-1,INCLUDED_OPEN
50,9,0,INCLUDED_OPEN
50,9,1,INCLUDED_OPEN
50,10,-13,EXCLUDED_WATER
50,10,-12,EXCLUDED_WATER
50,10,-11,EXCLUDED_WATER
50,10,-10,EXCLUDED_WATER
50,10,-9,EXCLUDED_WATER
50,10,-8,EXCLUDED_WATER
50,10,-7,EXCLUDED_WATER
50,10,-6,INCLUDED_OPEN
50,10,-5,INCLUDED_OPEN
50,10,-4,INCLUDED_OPEN
50,10,-3,INCLUDED_OPEN
50,10,-2,INCLUDED_OPEN
50,10,-1,INCLUDED_OPEN
50,10,0,INCLUDED_OPEN
50,10,1,INCLUDED_OPEN
50,10,2,INCLUDED_OPEN
50,11,-13,EXCLUDED_WATER
50,11,-12,EXCLUDED_WATER
50,11,-11,EXCLUDED_WATER
50,11,-10,EXCLUDED_WATER
50,11,-9,EXCLUDED_WATER
50,11,-8,EXCLUDED_WATER
50,11,-7,EXCLUDED_WATER
50,11,-6,INCLUDED_OPEN
50,11,-5,constrained-misc
50,11,-4,INCLUDED_OPEN
50,11,-3,INCLUDED_OPEN
50,11,-2,INCLUDED_OPEN
50,11,-1,INCLUDED_OPEN
50,11,0,INCLUDED_OPEN
50,11,1,rl-2
50,12,-4,INCLUDED_OPEN
50,12,-3,INCLUDED_OPEN
50,12,-2,INCLUDED_OPEN
50,12,-1,INCLUDED_OPEN
50,12,0,INCLUDED_OPEN
50,13,-12,INCLUDED_LOWDATA
50,13,-8,INCLUDED_LOWDATA
50,13,-6,INCLUDED_LOWDATA
50,13,-4,INCLUDED_OPEN
50,13,-3,INCLUDED_OPEN
50,13,-2,INCLUDED_OPEN
50,13,-1,INCLUDED_OPEN
50,13,0,INCLUDED_OPEN
50,13,1,INCLUDED_OPEN
50,14,-4,INCLUDED_OPEN
50,14,-3,INCLUDED_OPEN
50,14,-2,INCLUDED_OPEN
50,14,-1,INCLUDED_OPEN
50,14,0,INCLUDED_OPEN
50,14,1,INCLUDED_OPEN
50,15,-4,INCLUDED_OPEN
50,15,-3,INCLUDED_OPEN
50,15,-2,INCLUDED_OPEN
50,15,-1,INCLUDED_OPEN
50,15,0,INCLUDED_OPEN
50,15,1,INCLUDED_OPEN
50,16,-4,INCLUDED_OPEN
50,16,-3,INCLUDED_OPEN
50,16,-2,INCLUDED_OPEN
50,16,-1,INCLUDED_OPEN
50,16,0,INCLUDED_OPEN
50,16,1,INCLUDED_OPEN
50,17,-4,INCLUDED_OPEN
50,17,-3,INCLUDED_OPEN
50,17,-2,INCLUDED_OPEN
50,17,-1,INCLUDED_OPEN
50,17,0,INCLUDED_OPEN
50,19,-10,INCLUDED_OPEN
50,19,-9,INCLUDED_OPEN
50,19,-8,INCLUDED_OPEN
50,19,-7,INCLUDED_OPEN
50,19,-6,INCLUDED_OPEN
50,19,-5,INCLUDED_OPEN
50,19,-4,INCLUDED_OPEN
50,19,-3,INCLUDED_OPEN
50,19,-2,INCLUDED_OPEN
50,19,-1,INCLUDED_LOWDATA
50,19,0,INCLUDED_LOWDATA
50,19,1,INCLUDED_LOWDATA
50,19,4,INCLUDED_LOWDATA
50,20,-10,INCLUDED_OPEN
50,20,-9,INCLUDED_OPEN
50,20,-8,INCLUDED_OPEN
50,20,-7,INCLUDED_OPEN
50,20,-6,INCLUDED_OPEN
50,20,-5,INCLUDED_OPEN
50,20,-4,INCLUDED_OPEN
50,20,-3,INCLUDED_OPEN
50,20,-2,INCLUDED_LOWDATA
50,20,-1,INCLUDED_LOWDATA
50,20,0,INCLUDED_OPEN
50,20,1,INCLUDED_LOWDATA
50,20,2,INCLUDED_LOWDATA
50,20,3,INCLUDED_LOWDATA
50,20,4,INCLUDED_LOWDATA
50,21,-10,INCLUDED_OPEN
50,21,-9,INCLUDED_OPEN
50,21,-8,INCLUDED_OPEN
50,21,-7,INCLUDED_OPEN
50,21,-6,INCLUDED_OPEN
50,21,-5,INCLUDED_OPEN
50,21,-4,INCLUDED_OPEN
50,21,-3,INCLUDED_OPEN
50,21,-2,INCLUDED_OPEN
50,21,-1,INCLUDED_OPEN
50,21,0,INCLUDED_OPEN
50,21,1,INCLUDED_OPEN
50,21,2,INCLUDED_LOWDATA
50,21,3,INCLUDED_LOWDATA
50,21,4,INCLUDED_LOWDATA
50,22,-10,INCLUDED_OPEN
50,22,-9,INCLUDED_OPEN
50,22,-8,INCLUDED_OPEN
50,22,-7,INCLUDED_OPEN
50,22,-6,INCLUDED_OPEN
50,22,-5,INCLUDED_OPEN
50,22,-4,INCLUDED_OPEN
50,22,-3,INCLUDED_OPEN
50,22,-2,INCLUDED_OPEN
50,22,-1,INCLUDED_OPEN
50,22,0,INCLUDED_OPEN
50,22,1,INCLUDED_OPEN
50,22,2,INCLUDED_LOWDATA
50,22,3,INCLUDED_LOWDATA
50,22,4,INCLUDED_LOWDATA
50,23,-10,INCLUDED_OPEN
50,23,-9,INCLUDED_OPEN
50,23,-8,INCLUDED_OPEN
50,23,-7,INCLUDED_OPEN
50,23,-6,INCLUDED_OPEN
50,23,-5,INCLUDED_OPEN
50,23,-4,INCLUDED_OPEN
50,23,-3,INCLUDED_OPEN
50,23,-2,INCLUDED_OPEN
50,23,-1,INCLUDED_OPEN
50,23,0,INCLUDED_OPEN
50,23,1,INCLUDED_OPEN
50,23,2,INCLUDED_LOWDATA
50,23,3,INCLUDED_LOWDATA
50,23,4,INCLUDED_LOWDATA
50,24,-10,INCLUDED_OPEN
50,24,-9,INCLUDED_OPEN
50,24,-8,INCLUDED_OPEN
50,24,-7,INCLUDED_OPEN
50,24,-6,INCLUDED_OPEN
50,24,-5,INCLUDED_OPEN
50,24,-4,INCLUDED_OPEN
50,24,-3,INCLUDED_OPEN
50,24,-2,INCLUDED_OPEN
50,24,-1,INCLUDED_OPEN
50,24,0,INCLUDED_OPEN
50,24,1,INCLUDED_LOWDATA
50,24,2,INCLUDED_LOWDATA
50,24,3,INCLUDED_LOWDATA
50,25,-10,INCLUDED_OPEN
50,25,-9,INCLUDED_OPEN
50,25,-8,INCLUDED_OPEN
50,25,-7,INCLUDED_OPEN
50,25,-6,INCLUDED_OPEN
50,25,-5,INCLUDED_OPEN
50,25,-4,INCLUDED_OPEN
50,25,-3,INCLUDED_OPEN
50,25,-2,INCLUDED_OPEN
50,25,-1,INCLUDED_LOWDATA
50,25,0,INCLUDED_LOWDATA
50,25,1,INCLUDED_LOWDATA
50,25,2,INCLUDED_LOWDATA
50,25,3,INCLUDED_LOWDATA
50,25,4,INCLUDED_LOWDATA
50,26,-10,INCLUDED_OPEN
50,26,-9,INCLUDED_OPEN
50,26,-8,INCLUDED_OPEN
50,26,-7,INCLUDED_OPEN
50,26,-6,INCLUDED_OPEN
50,26,-5,INCLUDED_OPEN
50,26,-4,INCLUDED_OPEN
50,26,-3,INCLUDED_OPEN
50,26,-2,INCLUDED_OPEN
50,26,-1,INCLUDED_OPEN
50,26,0,INCLUDED_LOWDATA
50,26,1,INCLUDED_LOWDATA
50,26,3,INCLUDED_LOWDATA
50,26,4,INCLUDED_LOWDATA
50,27,-10,INCLUDED_OPEN
50,27,-9,INCLUDED_OPEN
50,27,-8,INCLUDED_OPEN
50,27,-7,INCLUDED_OPEN
50,27,-6,INCLUDED_OPEN
50,27,-5,INCLUDED_OPEN
50,27,-4,INCLUDED_OPEN
50,27,-3,INCLUDED_OPEN
50,27,-2,INCLUDED_LOWDATA
50,27,-1,INCLUDED_LOWDATA
50,27,0,INCLUDED_LOWDATA
50,27,1,INCLUDED_LOWDATA
50,27,2,INCLUDED_LOWDATA
50,27,3,INCLUDED_LOWDATA
50,28,-10,INCLUDED_OPEN
50,28,-9,INCLUDED_OPEN
50,28,-8,INCLUDED_OPEN
50,28,-7,INCLUDED_OPEN
50,28,-6,INCLUDED_OPEN
50,28,-5,INCLUDED_OPEN
50,28,-4,INCLUDED_OPEN
50,28,-3,INCLUDED_OPEN
50,28,-2,INCLUDED_OPEN
50,28,-1,INCLUDED_OPEN
50,28,0,INCLUDED_LOWDATA
50,28,1,INCLUDED_LOWDATA
50,28,2,INCLUDED_LOWDATA
50,28,3,INCLUDED_LOWDATA
50,28,4,INCLUDED_LOWDATA
50,29,-10,INCLUDED_OPEN
50,29,-9,INCLUDED_OPEN
50,29,-8,INCLUDED_OPEN
50,29,-7,INCLUDED_OPEN
50,29,-6,INCLUDED_OPEN
50,29,-5,INCLUDED_OPEN
50,29,-4,INCLUDED_OPEN
50,29,-3,INCLUDED_OPEN
50,29,-2,INCLUDED_OPEN
50,29,-1,INCLUDED_LOWDATA
50,29,0,INCLUDED_LOWDATA
50,29,1,INCLUDED_LOWDATA
50,29,2,INCLUDED_LOWDATA
50,29,3,INCLUDED_LOWDATA
50,29,4,INCLUDED_LOWDATA
50,30,-10,INCLUDED_OPEN
50,30,-9,INCLUDED_OPEN
50,30,-8,INCLUDED_OPEN
50,30,-7,INCLUDED_OPEN
50,30,-6,INCLUDED_OPEN
50,30,-5,INCLUDED_OPEN
50,30,-4,INCLUDED_OPEN
50,30,-3,INCLUDED_OPEN
50,30,-2,INCLUDED_OPEN
50,30,-1,INCLUDED_LOWDATA
50,30,0,INCLUDED_LOWDATA
50,30,1,INCLUDED_LOWDATA
50,30,2,INCLUDED_LOWDATA
50,30,3,INCLUDED_LOWDATA
50,30,4,INCLUDED_LOWDATA
50,31,-10,INCLUDED_OPEN
50,31,-9,INCLUDED_OPEN
50,31,-8,INCLUDED_OPEN
50,31,-7,INCLUDED_OPEN
50,31,-6,INCLUDED_OPEN
50,31,-5,INCLUDED_OPEN
50,31,-4,INCLUDED_OPEN
50,31,-3,INCLUDED_OPEN
50,31,-2,INCLUDED_OPEN
50,31,-1,INCLUDED_OPEN
50,31,0,INCLUDED_LOWDATA
50,31,1,INCLUDED_LOWDATA
50,31,2,INCLUDED_LOWDATA
50,31,3,INCLUDED_LOWDATA
50,31,4,INCLUDED_LOWDATA
50,32,-10,INCLUDED_OPEN
50,32,-9,INCLUDED_OPEN
50,32,-8,INCLUDED_OPEN
50,32,-7,INCLUDED_OPEN
50,32,-6,INCLUDED_OPEN
50,32,-5,INCLUDED_OPEN
50,32,-4,INCLUDED_OPEN
50,32,-3,INCLUDED_OPEN
50,32,-2,INCLUDED_LOWDATA
50,32,-1,INCLUDED_LOWDATA
50,32,0,INCLUDED_LOWDATA
50,32,1,INCLUDED_LOWDATA
50,32,2,INCLUDED_LOWDATA
50,32,3,INCLUDED_LOWDATA
50,32,4,INCLUDED_LOWDATA
50,33,-8,INCLUDED_OPEN
50,33,-7,INCLUDED_OPEN
50,33,-6,INCLUDED_OPEN
50,33,-5,INCLUDED_OPEN
50,33,-4,INCLUDED_OPEN
50,33,-3,INCLUDED_OPEN
50,33,-2,INCLUDED_OPEN
50,33,-1,INCLUDED_OPEN
50,33,0,INCLUDED_LOWDATA
50,33,1,INCLUDED_LOWDATA
50,33,2,INCLUDED_LOWDATA
50,33,3,INCLUDED_LOWDATA
50,33,4,INCLUDED_LOWDATA
51,-30,0,INCLUDED_OPEN
51,-30,1,INCLUDED_OPEN
51,-30,2,INCLUDED_OPEN
51,-30,3,INCLUDED_OPEN
51,-30,4,INCLUDED_OPEN
51,-29,0,INCLUDED_OPEN
51,-29,1,INCLUDED_OPEN
51,-29,2,INCLUDED_OPEN
51,-29,3,INCLUDED_OPEN
51,-29,4,INCLUDED_OPEN
51,-28,0,ssg-ya
51,-28,1,INCLUDED_OPEN
51,-28,2,INCLUDED_OPEN
51,-28,3,INCLUDED_OPEN
51,-28,4,INCLUDED_OPEN
51,-27,-2,INCLUDED_LOWDATA
51,-27,0,INCLUDED_OPEN
51,-27,1,ssg-ya
51,-27,2,INCLUDED_OPEN
51,-27,3,INCLUDED_OPEN
51,-27,4,INCLUDED_OPEN
51,-26,-2,INCLUDED_OPEN
51,-26,-1,INCLUDED_OPEN
51,-26,0,INCLUDED_OPEN
51,-26,1,INCLUDED_OPEN
51,-26,2,INCLUDED_OPEN
51,-26,3,INCLUDED_OPEN
51,-26,4,INCLUDED_OPEN
51,-25,-2,INCLUDED_OPEN
51,-25,-1,INCLUDED_OPEN
51,-25,0,INCLUDED_OPEN
51,-25,1,INCLUDED_OPEN
51,-25,2,INCLUDED_OPEN
51,-25,3,INCLUDED_OPEN
51,-25,4,INCLUDED_OPEN
51,-24,-2,INCLUDED_OPEN
51,-24,-1,INCLUDED_OPEN
51,-24,0,INCLUDED_OPEN
51,-24,1,INCLUDED_OPEN
51,-24,2,INCLUDED_OPEN
51,-24,3,INCLUDED_OPEN
51,-24,4,INCLUDED_OPEN
51,-23,-2,INCLUDED_OPEN
51,-23,-1,INCLUDED_OPEN
51,-23,0,INCLUDED_OPEN
51,-23,1,INCLUDED_OPEN
51,-23,2,INCLUDED_OPEN
51,-23,3,INCLUDED_OPEN
51,-23,4,INCLUDED_OPEN
51,-22,-2,INCLUDED_OPEN
51,-22,-1,INCLUDED_OPEN
51,-22,0,INCLUDED_OPEN
51,-22,1,INCLUDED_OPEN
51,-22,2,INCLUDED_OPEN
51,-22,3,INCLUDED_OPEN
51,-22,4,INCLUDED_OPEN
51,-21,-2,INCLUDED_OPEN
51,-21,-1,INCLUDED_OPEN
51,-21,0,INCLUDED_OPEN
51,-21,1,INCLUDED_OPEN
51,-21,2,INCLUDED_OPEN
51,-21,3,INCLUDED_OPEN
51,-21,4,INCLUDED_OPEN
51,-20,-2,INCLUDED_OPEN
51,-20,-1,INCLUDED_OPEN
51,-20,0,INCLUDED_OPEN
51,-20,1,INCLUDED_OPEN
51,-20,2,INCLUDED_OPEN
51,-20,3,INCLUDED_OPEN
51,-20,4,INCLUDED_OPEN
51,-19,-2,INCLUDED_OPEN
51,-19,-1,INCLUDED_OPEN
51,-19,0,INCLUDED_OPEN
51,-19,1,INCLUDED_OPEN
51,-19,2,INCLUDED_OPEN
51,-19,3,INCLUDED_OPEN
51,-19,4,INCLUDED_OPEN
51,-16,-13,EXCLUDED_WATER
51,-16,-12,EXCLUDED_WATER
51,-16,-11,EXCLUDED_WATER
51,-16,-10,EXCLUDED_WATER
51,-16,-9,EXCLUDED_WATER
51,-16,-8,EXCLUDED_WATER
51,-16,-7,EXCLUDED_WATER
51,-16,-6,INCLUDED_OPEN
51,-16,-5,INCLUDED_OPEN
51,-16,-4,INCLUDED_LOWDATA
51,-16,-2,INCLUDED_OPEN
51,-16,-1,INCLUDED_OPEN
51,-16,0,INCLUDED_OPEN
51,-16,1,INCLUDED_OPEN
51,-16,2,INCLUDED_OPEN
51,-15,-13,EXCLUDED_WATER
51,-15,-12,EXCLUDED_WATER
51,-15,-11,EXCLUDED_WATER
51,-15,-10,EXCLUDED_WATER
51,-15,-9,EXCLUDED_WATER
51,-15,-8,EXCLUDED_WATER
51,-15,-7,EXCLUDED_WATER
51,-15,-6,EXCLUDED_WATER
51,-15,-5,INCLUDED_LOWDATA
51,-15,-4,INCLUDED_LOWDATA
51,-15,-2,INCLUDED_OPEN
51,-15,-1,INCLUDED_OPEN
51,-15,0,INCLUDED_OPEN
51,-15,1,INCLUDED_OPEN
51,-15,2,INCLUDED_OPEN
51,-14,-13,EXCLUDED_WATER
51,-14,-12,EXCLUDED_WATER
51,-14,-11,EXCLUDED_WATER
51,-14,-10,EXCLUDED_WATER
51,-14,-9,EXCLUDED_WATER
51,-14,-8,EXCLUDED_WATER
51,-14,-7,EXCLUDED_WATER
51,-14,-6,INCLUDED_OPEN
51,-14,-5,INCLUDED_LOWDATA
51,-14,-4,INCLUDED_LOWDATA
51,-14,-2,INCLUDED_OPEN
51,-14,-1,INCLUDED_OPEN
51,-14,0,INCLUDED_OPEN
51,-14,1,INCLUDED_OPEN
51,-14,2,INCLUDED_OPEN
51,-13,-13,EXCLUDED_WATER
51,-13,-12,EXCLUDED_WATER
51,-13,-11,EXCLUDED_WATER
51,-13,-10,EXCLUDED_WATER
51,-13,-9,EXCLUDED_WATER
51,-13,-8,EXCLUDED_WATER
51,-13,-7,EXCLUDED_WATER
51,-13,-6,INCLUDED_OPEN
51,-13,-5,INCLUDED_OPEN
51,-13,-4,INCLUDED_LOWDATA
51,-13,-2,INCLUDED_OPEN
51,-13,-1,INCLUDED_OPEN
51,-13,0,INCLUDED_OPEN
51,-13,1,INCLUDED_OPEN
51,-13,2,INCLUDED_OPEN
51,-12,-13,EXCLUDED_WATER
51,-12,-12,EXCLUDED_WATER
51,-12,-11,EXCLUDED_WATER
51,-12,-10,EXCLUDED_WATER
51,-12,-9,EXCLUDED_WATER
51,-12,-8,EXCLUDED_WATER
51,-12,-7,EXCLUDED_WATER
51,-12,-6,INCLUDED_OPEN
51,-12,-5,INCLUDED_OPEN
51,-12,-4,INCLUDED_OPEN
51,-12,-2,INCLUDED_OPEN
51,-12,-1,INCLUDED_OPEN
51,-12,0,INCLUDED_OPEN
51,-12,1,INCLUDED_OPEN
51,-12,2,INCLUDED_OPEN
51,-11,-13,EXCLUDED_WATER
51,-11,-12,EXCLUDED_WATER
51,-11,-11,EXCLUDED_WATER
51,-11,-10,EXCLUDED_WATER
51,-11,-9,EXCLUDED_WATER
51,-11,-8,EXCLUDED_WATER
51,-11,-7,EXCLUDED_WATER
51,-11,-6,INCLUDED_OPEN
51,-11,-5,INCLUDED_OPEN
51,-11,-4,INCLUDED_OPEN
51,-11,-3,INCLUDED_OPEN
51,-11,-2,INCLUDED_OPEN
51,-11,-1,INCLUDED_OPEN
51,-11,0,INCLUDED_OPEN
51,-11,1,INCLUDED_OPEN
51,-10,-13,EXCLUDED_WATER
51,-10,-12,EXCLUDED_WATER
51,-10,-11,EXCLUDED_WATER
51,-10,-10,EXCLUDED_WATER
51,-10,-9,EXCLUDED_WATER
51,-10,-8,EXCLUDED_WATER
51,-10,-7,EXCLUDED_WATER
51,-10,-6,INCLUDED_OPEN
51,-10,-5,INCLUDED_OPEN
51,-10,-4,INCLUDED_OPEN
51,-10,-3,INCLUDED_OPEN
51,-10,-2,INCLUDED_OPEN
51,-10,-1,INCLUDED_OPEN
51,-10,0,INCLUDED_OPEN
51,-10,1,INCLUDED_OPEN
51,-10,2,INCLUDED_OPEN
51,-10,3,INCLUDED_OPEN
51,-10,4,INCLUDED_OPEN
51,-9,-13,EXCLUDED_WATER
51,-9,-12,EXCLUDED_WATER
51,-9,-11,EXCLUDED_WATER
51,-9,-10,EXCLUDED_WATER
51,-9,-9,EXCLUDED_WATER
51,-9,-8,EXCLUDED_WATER
51,-9,-7,EXCLUDED_WATER
51,-9,-6,INCLUDED_OPEN
51,-9,-5,INCLUDED_OPEN
51,-9,-4,INCLUDED_OPEN
51,-9,-3,INCLUDED_OPEN
51,-9,-2,INCLUDED_OPEN
51,-9,-1,INCLUDED_OPEN
51,-9,0,INCLUDED_OPEN
51,-9,1,INCLUDED_OPEN
51,-9,2,INCLUDED_OPEN
51,-9,3,INCLUDED_OPEN
51,-9,4,constrained-misc
51,-8,-13,EXCLUDED_WATER
51,-8,-12,EXCLUDED_WATER
51,-8,-11,EXCLUDED_WATER
51,-8,-10,EXCLUDED_WATER
51,-8,-9,EXCLUDED_WATER
51,-8,-8,EXCLUDED_WATER
51,-8,-7,EXCLUDED_WATER
51,-8,-6,INCLUDED_OPEN
51,-8,-5,INCLUDED_OPEN
51,-8,-4,INCLUDED_OPEN
51,-8,-3,INCLUDED_OPEN
51,-8,-2,INCLUDED_OPEN
51,-8,-1,INCLUDED_OPEN
51,-8,0,INCLUDED_OPEN
51,-8,1,INCLUDED_OPEN
51,-8,2,INCLUDED_OPEN
51,-8,3,INCLUDED_OPEN
51,-8,4,constrained-misc
51,-7,-13,EXCLUDED_WATER
51,-7,-12,EXCLUDED_WATER
51,-7,-11,EXCLUDED_WATER
51,-7,-10,EXCLUDED_WATER
51,-7,-9,EXCLUDED_WATER
51,-7,-8,EXCLUDED_WATER
51,-7,-7,EXCLUDED_WATER
51,-7,-6,INCLUDED_OPEN
51,-7,-5,INCLUDED_OPEN
51,-7,-4,INCLUDED_OPEN
51,-7,-3,INCLUDED_OPEN
51,-7,-2,INCLUDED_OPEN
51,-7,-1,INCLUDED_OPEN
51,-7,0,INCLUDED_OPEN
51,-7,1,INCLUDED_OPEN
51,-7,2,INCLUDED_OPEN
51,-7,3,INCLUDED_OPEN
51,-7,4,INCLUDED_LOWDATA
51,-6,-13,EXCLUDED_WATER
51,-6,-12,EXCLUDED_WATER
51,-6,-11,EXCLUDED_WATER
51,-6,-10,EXCLUDED_WATER
51,-6,-9,EXCLUDED_WATER
51,-6,-8,EXCLUDED_WATER
51,-6,-7,EXCLUDED_WATER
51,-6,-6,INCLUDED_OPEN
51,-6,-5,INCLUDED_OPEN
51,-6,-4,INCLUDED_OPEN
51,-6,-3,INCLUDED_OPEN
51,-6,-2,INCLUDED_OPEN
51,-6,-1,INCLUDED_OPEN
51,-6,0,INCLUDED_OPEN
51,-6,1,INCLUDED_OPEN
51,-6,2,INCLUDED_OPEN
51,-6,3,INCLUDED_OPEN
51,-6,4,INCLUDED_LOWDATA
51,-5,-13,EXCLUDED_WATER
51,-5,-12,EXCLUDED_WATER
51,-5,-11,EXCLUDED_WATER
51,-5,-10,EXCLUDED_WATER
51,-5,-9,EXCLUDED_WATER
51,-5,-8,EXCLUDED_WATER
51,-5,-7,EXCLUDED_WATER
51,-5,-6,INCLUDED_OPEN
51,-5,-5,INCLUDED_OPEN
51,-5,-4,INCLUDED_OPEN
51,-5,-3,INCLUDED_OPEN
51,-5,-2,INCLUDED_OPEN
51,-5,-1,INCLUDED_OPEN
51,-5,0,INCLUDED_OPEN
51,-5,1,INCLUDED_OPEN
51,-5,2,INCLUDED_OPEN
51,-5,3,INCLUDED_OPEN
51,-5,4,INCLUDED_OPEN
51,-4,-13,EXCLUDED_WATER
51,-4,-12,EXCLUDED_WATER
51,-4,-11,EXCLUDED_WATER
51,-4,-10,EXCLUDED_WATER
51,-4,-9,EXCLUDED_WATER
51,-4,-8,EXCLUDED_WATER
51,-4,-7,EXCLUDED_WATER
51,-4,-6,INCLUDED_OPEN
51,-4,-5,INCLUDED_OPEN
51,-4,-4,INCLUDED_OPEN
51,-4,-3,INCLUDED_OPEN
51,-4,-2,INCLUDED_OPEN
51,-4,-1,INCLUDED_OPEN
51,-4,0,INCLUDED_OPEN
51,-4,1,INCLUDED_OPEN
51,-4,2,INCLUDED_OPEN
51,-4,3,INCLUDED_OPEN
51,-4,4,constrained-misc
51,-3,-13,EXCLUDED_WATER
51,-3,-12,EXCLUDED_WATER
51,-3,-11,EXCLUDED_WATER
51,-3,-10,EXCLUDED_WATER
51,-3,-9,EXCLUDED_WATER
51,-3,-8,EXCLUDED_WATER
51,-3,-6,INCLUDED_OPEN
51,-3,-5,INCLUDED_OPEN
51,-3,-4,INCLUDED_OPEN
51,-3,-3,INCLUDED_OPEN
51,-3,-2,INCLUDED_OPEN
51,-3,-1,INCLUDED_OPEN
51,-3,0,INCLUDED_OPEN
51,-3,1,INCLUDED_OPEN
51,-2,-13,EXCLUDED_WATER
51,-2,-12,EXCLUDED_WATER
51,-2,-11,EXCLUDED_WATER
51,-2,-10,EXCLUDED_WATER
51,-2,-9,EXCLUDED_WATER
51,-2,-8,EXCLUDED_WATER
51,-2,-7,EXCLUDED_WATER
51,-2,-6,INCLUDED_OPEN
51,-2,-5,INCLUDED_OPEN
51,-2,-4,INCLUDED_OPEN
51,-2,-3,INCLUDED_OPEN
51,-2,-2,INCLUDED_OPEN
51,-2,-1,INCLUDED_OPEN
51,-2,0,INCLUDED_OPEN
51,-2,1,INCLUDED_OPEN
51,-2,2,INCLUDED_OPEN
51,-1,-13,EXCLUDED_WATER
51,-1,-12,EXCLUDED_WATER
51,-1,-11,EXCLUDED_WATER
51,-1,-10,EXCLUDED_WATER
51,-1,-9,EXCLUDED_WATER
51,-1,-8,EXCLUDED_WATER
51,-1,-6,INCLUDED_OPEN
51,-1,-5,INCLUDED_OPEN
51,-1,-4,INCLUDED_OPEN
51,-1,-3,INCLUDED_OPEN
51,-1,-2,INCLUDED_OPEN
51,-1,-1,INCLUDED_OPEN
51,-1,0,INCLUDED_OPEN
51,-1,1,INCLUDED_OPEN
51,-1,2,INCLUDED_OPEN
51,0,-13,EXCLUDED_WATER
51,0,-12,EXCLUDED_WATER
51,0,-11,EXCLUDED_WATER
51,0,-10,EXCLUDED_WATER
51,0,-9,EXCLUDED_WATER
51,0,-8,EXCLUDED_WATER
51,0,-7,EXCLUDED_WATER
51,0,-6,INCLUDED_OPEN
51,0,-5,INCLUDED_OPEN
51,0,-4,INCLUDED_OPEN
51,0,-3,INCLUDED_OPEN
51,0,-2,INCLUDED_OPEN
51,0,-1,INCLUDED_OPEN
51,0,0,INCLUDED_OPEN
51,0,1,INCLUDED_OPEN
51,0,2,INCLUDED_OPEN
51,1,-13,EXCLUDED_WATER
51,1,-12,EXCLUDED_WATER
51,1,-11,EXCLUDED_WATER
51,1,-10,EXCLUDED_WATER
51,1,-9,EXCLUDED_WATER
51,1,-8,EXCLUDED_WATER
51,1,-7,EXCLUDED_WATER
51,1,-6,INCLUDED_OPEN
51,1,-5,INCLUDED_OPEN
51,1,-4,INCLUDED_OPEN
51,1,-3,INCLUDED_OPEN
51,1,-2,INCLUDED_OPEN
51,1,-1,INCLUDED_OPEN
51,1,0,INCLUDED_OPEN
51,1,1,INCLUDED_OPEN
51,1,2,INCLUDED_OPEN
51,2,-13,EXCLUDED_WATER
51,2,-12,EXCLUDED_WATER
51,2,-11,EXCLUDED_WATER
51,2,-10,EXCLUDED_WATER
51,2,-9,EXCLUDED_WATER
51,2,-8,EXCLUDED_WATER
51,2,-7,EXCLUDED_WATER
51,2,-6,INCLUDED_OPEN
51,2,-5,INCLUDED_OPEN
51,2,-4,INCLUDED_OPEN
51,2,-3,INCLUDED_OPEN
51,2,-2,INCLUDED_OPEN
51,2,-1,INCLUDED_OPEN
51,2,0,INCLUDED_OPEN
51,2,1,INCLUDED_OPEN
51,2,2,INCLUDED_OPEN
51,3,-13,EXCLUDED_WATER
51,3,-12,EXCLUDED_WATER
51,3,-11,EXCLUDED_WATER
51,3,-10,EXCLUDED_WATER
51,3,-9,EXCLUDED_WATER
51,3,-8,EXCLUDED_WATER
51,3,-7,EXCLUDED_WATER
51,3,-6,INCLUDED_OPEN
51,3,-5,INCLUDED_OPEN
51,3,-4,INCLUDED_OPEN
51,3,-3,INCLUDED_OPEN
51,3,-2,INCLUDED_OPEN
51,3,-1,INCLUDED_OPEN
51,3,0,INCLUDED_OPEN
51,3,1,INCLUDED_OPEN
51,3,2,INCLUDED_OPEN
51,4,-13,EXCLUDED_WATER
51,4,-12,EXCLUDED_WATER
51,4,-11,EXCLUDED_WATER
51,4,-10,EXCLUDED_WATER
51,4,-9,EXCLUDED_WATER
51,4,-8,EXCLUDED_WATER
51,4,-7,EXCLUDED_WATER
51,4,-6,INCLUDED_OPEN
51,4,-5,INCLUDED_OPEN
51,4,-4,INCLUDED_OPEN
51,4,-3,INCLUDED_OPEN
51,4,-2,INCLUDED_OPEN
51,4,-1,INCLUDED_OPEN
51,4,0,INCLUDED_OPEN
51,4,1,INCLUDED_OPEN
51,5,-13,EXCLUDED_WATER
51,5,-12,EXCLUDED_WATER
51,5,-11,EXCLUDED_WATER
51,5,-10,EXCLUDED_WATER
51,5,-9,EXCLUDED_WATER
51,5,-8,EXCLUDED_WATER
51,5,-7,EXCLUDED_WATER
51,5,-6,INCLUDED_OPEN
51,5,-5,INCLUDED_OPEN
51,5,-4,INCLUDED_OPEN
51,5,-3,INCLUDED_OPEN
51,5,-2,INCLUDED_OPEN
51,5,-1,INCLUDED_OPEN
51,5,0,INCLUDED_OPEN
51,5,1,INCLUDED_OPEN
51,5,2,INCLUDED_LOWDATA
51,6,-13,EXCLUDED_WATER
51,6,-12,EXCLUDED_WATER
51,6,-11,EXCLUDED_WATER
51,6,-10,EXCLUDED_WATER
51,6,-9,EXCLUDED_WATER
51,6,-8,EXCLUDED_WATER
51,6,-7,EXCLUDED_WATER
51,6,-6,INCLUDED_OPEN
51,6,-5,INCLUDED_OPEN
51,6,-4,INCLUDED_OPEN
51,6,-3,INCLUDED_OPEN
51,6,-2,INCLUDED_OPEN
51,6,-1,INCLUDED_OPEN
51,6,0,INCLUDED_OPEN
51,6,1,INCLUDED_OPEN
51,6,2,INCLUDED_LOWDATA
51,7,-13,EXCLUDED_WATER
51,7,-12,EXCLUDED_WATER
51,7,-11,EXCLUDED_WATER
51,7,-10,EXCLUDED_WATER
51,7,-9,EXCLUDED_WATER
51,7,-8,EXCLUDED_WATER
51,7,-7,EXCLUDED_WATER
51,7,-6,INCLUDED_OPEN
51,7,-5,INCLUDED_OPEN
51,7,-4,INCLUDED_OPEN
51,7,-3,INCLUDED_OPEN
51,7,-2,INCLUDED_OPEN
51,7,-1,INCLUDED_OPEN
51,7,0,INCLUDED_OPEN
51,7,1,INCLUDED_OPEN
51,8,-13,EXCLUDED_WATER
51,8,-12,EXCLUDED_WATER
51,8,-11,EXCLUDED_WATER
51,8,-10,EXCLUDED_WATER
51,8,-9,EXCLUDED_WATER
51,8,-8,EXCLUDED_WATER
51,8,-7,EXCLUDED_WATER
51,8,-6,INCLUDED_OPEN
51,8,-5,INCLUDED_OPEN
51,8,-4,INCLUDED_OPEN
51,8,-3,INCLUDED_OPEN
51,8,-2,INCLUDED_OPEN
51,8,-1,INCLUDED_OPEN
51,8,0,INCLUDED_OPEN
51,8,1,INCLUDED_OPEN
51,9,-13,EXCLUDED_WATER
51,9,-12,EXCLUDED_WATER
51,9,-11,EXCLUDED_WATER
51,9,-10,EXCLUDED_WATER
51,9,-9,EXCLUDED_WATER
51,9,-8,EXCLUDED_WATER
51,9,-7,EXCLUDED_WATER
51,9,-6,INCLUDED_OPEN
51,9,-5,INCLUDED_OPEN
51,9,-4,INCLUDED_OPEN
51,9,-3,INCLUDED_OPEN
51,9,-2,INCLUDED_OPEN
51,9,-1,INCLUDED_OPEN
51,9,0,INCLUDED_OPEN
51,9,1,INCLUDED_LOWDATA
51,10,-13,EXCLUDED_WATER
51,10,-12,EXCLUDED_WATER
51,10,-11,EXCLUDED_WATER
51,10,-10,EXCLUDED_WATER
51,10,-9,EXCLUDED_WATER
51,10,-8,EXCLUDED_WATER
51,10,-7,EXCLUDED_WATER
51,10,-6,INCLUDED_OPEN
51,10,-5,INCLUDED_OPEN
51,10,-4,INCLUDED_OPEN
51,10,-3,INCLUDED_OPEN
51,10,-2,INCLUDED_OPEN
51,10,-1,INCLUDED_OPEN
51,10,0,INCLUDED_OPEN
51,10,1,INCLUDED_OPEN
51,10,2,INCLUDED_OPEN
51,11,-13,EXCLUDED_WATER
51,11,-12,EXCLUDED_WATER
51,11,-11,EXCLUDED_WATER
51,11,-10,EXCLUDED_WATER
51,11,-9,EXCLUDED_WATER
51,11,-8,EXCLUDED_WATER
51,11,-7,EXCLUDED_WATER
51,11,-6,INCLUDED_OPEN
51,11,-5,INCLUDED_OPEN
51,11,-4,INCLUDED_OPEN
51,11,-3,INCLUDED_OPEN
51,11,-2,INCLUDED_OPEN
51,11,-1,INCLUDED_OPEN
51,11,0,INCLUDED_OPEN
51,11,1,INCLUDED_OPEN
51,11,2,INCLUDED_LOWDATA
51,12,-4,INCLUDED_OPEN
51,12,-3,INCLUDED_OPEN
51,12,-2,INCLUDED_OPEN
51,12,-1,INCLUDED_OPEN
51,12,0,INCLUDED_OPEN
51,12,1,INCLUDED_OPEN
51,12,2,rl-2
51,13,-6,INCLUDED_LOWDATA
51,13,-4,INCLUDED_OPEN
51,13,-3,INCLUDED_OPEN
51,13,-2,INCLUDED_OPEN
51,13,-1,INCLUDED_OPEN
51,13,0,INCLUDED_OPEN
51,13,1,INCLUDED_OPEN
51,13,2,INCLUDED_OPEN
51,14,-4,INCLUDED_OPEN
51,14,-3,INCLUDED_OPEN
51,14,-2,INCLUDED_OPEN
51,14,-1,INCLUDED_OPEN
51,14,0,INCLUDED_OPEN
51,14,1,INCLUDED_OPEN
51,14,2,INCLUDED_OPEN
51,15,-4,INCLUDED_OPEN
51,15,-3,INCLUDED_OPEN
51,15,-2,INCLUDED_OPEN
51,15,-1,INCLUDED_OPEN
51,15,0,INCLUDED_OPEN
51,15,1,INCLUDED_OPEN
51,15,2,INCLUDED_OPEN
51,16,-4,INCLUDED_OPEN
51,16,-3,INCLUDED_OPEN
51,16,-2,INCLUDED_OPEN
51,16,-1,INCLUDED_OPEN
51,16,0,INCLUDED_OPEN
51,16,1,INCLUDED_OPEN
51,16,2,INCLUDED_OPEN
51,17,-4,INCLUDED_OPEN
51,17,-3,INCLUDED_OPEN
51,17,-2,INCLUDED_OPEN
51,17,-1,INCLUDED_OPEN
51,17,0,INCLUDED_OPEN
51,17,1,INCLUDED_OPEN
51,17,2,INCLUDED_OPEN
51,19,-10,INCLUDED_OPEN
51,19,-9,INCLUDED_OPEN
51,19,-8,INCLUDED_OPEN
51,19,-7,INCLUDED_OPEN
51,19,-6,INCLUDED_OPEN
51,19,-5,INCLUDED_OPEN
51,19,-4,INCLUDED_OPEN
51,19,-3,INCLUDED_OPEN
51,19,-2,INCLUDED_OPEN
51,19,-1,INCLUDED_OPEN
51,19,0,INCLUDED_LOWDATA
51,19,1,INCLUDED_LOWDATA
51,19,2,INCLUDED_LOWDATA
51,19,3,INCLUDED_LOWDATA
51,19,4,INCLUDED_LOWDATA
51,20,-10,INCLUDED_OPEN
51,20,-9,INCLUDED_OPEN
51,20,-8,INCLUDED_OPEN
51,20,-7,INCLUDED_OPEN
51,20,-6,INCLUDED_OPEN
51,20,-5,INCLUDED_OPEN
51,20,-4,INCLUDED_OPEN
51,20,-3,INCLUDED_OPEN
51,20,-2,INCLUDED_OPEN
51,20,-1,INCLUDED_OPEN
51,20,0,INCLUDED_OPEN
51,20,1,INCLUDED_LOWDATA
51,20,2,INCLUDED_LOWDATA
51,20,3,INCLUDED_LOWDATA
51,20,4,INCLUDED_LOWDATA
51,21,-10,INCLUDED_OPEN
51,21,-9,INCLUDED_OPEN
51,21,-8,INCLUDED_OPEN
51,21,-7,INCLUDED_OPEN
51,21,-6,INCLUDED_OPEN
51,21,-5,INCLUDED_OPEN
51,21,-4,INCLUDED_OPEN
51,21,-3,INCLUDED_OPEN
51,21,-2,INCLUDED_OPEN
51,21,-1,INCLUDED_OPEN
51,21,0,INCLUDED_OPEN
51,21,1,INCLUDED_OPEN
51,21,2,INCLUDED_LOWDATA
51,21,3,INCLUDED_LOWDATA
51,21,4,INCLUDED_LOWDATA
51,22,-10,INCLUDED_OPEN
51,22,-9,INCLUDED_OPEN
51,22,-8,INCLUDED_OPEN
51,22,-7,INCLUDED_OPEN
51,22,-6,INCLUDED_OPEN
51,22,-5,INCLUDED_OPEN
51,22,-4,INCLUDED_OPEN
51,22,-3,INCLUDED_OPEN
51,22,-2,INCLUDED_OPEN
51,22,-1,INCLUDED_OPEN
51,22,0,INCLUDED_OPEN
51,22,1,INCLUDED_LOWDATA
51,22,2,INCLUDED_LOWDATA
51,22,3,INCLUDED_LOWDATA
51,22,4,INCLUDED_LOWDATA
51,23,-10,INCLUDED_OPEN
51,23,-9,INCLUDED_OPEN
51,23,-8,INCLUDED_OPEN
51,23,-7,INCLUDED_OPEN
51,23,-6,INCLUDED_OPEN
51,23,-5,INCLUDED_OPEN
51,23,-4,INCLUDED_OPEN
51,23,-3,INCLUDED_OPEN
51,23,-2,INCLUDED_OPEN
51,23,-1,INCLUDED_OPEN
51,23,0,INCLUDED_OPEN
51,23,1,INCLUDED_LOWDATA
51,23,2,INCLUDED_LOWDATA
51,23,3,INCLUDED_LOWDATA
51,24,-10,INCLUDED_OPEN
51,24,-9,INCLUDED_OPEN
51,24,-8,INCLUDED_OPEN
51,24,-7,INCLUDED_OPEN
51,24,-6,INCLUDED_OPEN
51,24,-5,INCLUDED_OPEN
51,24,-4,INCLUDED_OPEN
51,24,-3,INCLUDED_OPEN
51,24,-2,INCLUDED_OPEN
51,24,-1,INCLUDED_OPEN
51,24,0,INCLUDED_LOWDATA
51,24,1,INCLUDED_LOWDATA
51,24,2,INCLUDED_LOWDATA
51,24,4,INCLUDED_LOWDATA
51,25,-10,INCLUDED_OPEN
51,25,-9,INCLUDED_OPEN
51,25,-8,INCLUDED_OPEN
51,25,-7,INCLUDED_OPEN
51,25,-6,INCLUDED_OPEN
51,25,-5,INCLUDED_OPEN
51,25,-4,INCLUDED_OPEN
51,25,-3,INCLUDED_OPEN
51,25,-2,INCLUDED_OPEN
51,25,-1,INCLUDED_OPEN
51,25,0,INCLUDED_LOWDATA
51,25,1,INCLUDED_LOWDATA
51,25,2,INCLUDED_LOWDATA
51,25,3,INCLUDED_LOWDATA
51,26,-10,INCLUDED_OPEN
51,26,-9,INCLUDED_OPEN
51,26,-8,INCLUDED_OPEN
51,26,-7,INCLUDED_OPEN
51,26,-6,INCLUDED_OPEN
51,26,-5,INCLUDED_OPEN
51,26,-4,INCLUDED_OPEN
51,26,-3,INCLUDED_OPEN
51,26,-2,INCLUDED_OPEN
51,26,-1,INCLUDED_LOWDATA
51,26,0,INCLUDED_LOWDATA
51,26,1,INCLUDED_LOWDATA
51,26,2,INCLUDED_LOWDATA
51,26,3,INCLUDED_LOWDATA
51,26,4,INCLUDED_LOWDATA
51,27,-10,INCLUDED_OPEN
51,27,-9,INCLUDED_OPEN
51,27,-8,INCLUDED_OPEN
51,27,-7,INCLUDED_OPEN
51,27,-6,INCLUDED_OPEN
51,27,-5,INCLUDED_OPEN
51,27,-4,INCLUDED_OPEN
51,27,-3,INCLUDED_LOWDATA
51,27,-2,INCLUDED_LOWDATA
51,27,-1,INCLUDED_LOWDATA
51,27,0,INCLUDED_LOWDATA
51,27,1,INCLUDED_LOWDATA
51,27,2,INCLUDED_LOWDATA
51,27,3,INCLUDED_LOWDATA
51,27,4,INCLUDED_LOWDATA
51,28,-10,INCLUDED_OPEN
51,28,-9,INCLUDED_OPEN
51,28,-8,INCLUDED_OPEN
51,28,-7,INCLUDED_OPEN
51,28,-6,INCLUDED_OPEN
51,28,-5,INCLUDED_OPEN
51,28,-4,INCLUDED_OPEN
51,28,-3,INCLUDED_OPEN
51,28,-2,INCLUDED_OPEN
51,28,-1,INCLUDED_LOWDATA
51,28,0,INCLUDED_LOWDATA
51,28,1,INCLUDED_LOWDATA
51,28,2,INCLUDED_LOWDATA
51,28,3,INCLUDED_LOWDATA
51,28,4,INCLUDED_LOWDATA
51,29,-10,INCLUDED_OPEN
51,29,-9,INCLUDED_OPEN
51,29,-8,INCLUDED_OPEN
51,29,-7,INCLUDED_OPEN
51,29,-6,INCLUDED_OPEN
51,29,-5,INCLUDED_OPEN
51,29,-4,INCLUDED_OPEN
51,29,-3,INCLUDED_OPEN
51,29,-2,INCLUDED_OPEN
51,29,-1,INCLUDED_LOWDATA
51,29,0,INCLUDED_LOWDATA
51,29,1,INCLUDED_LOWDATA
51,29,2,INCLUDED_LOWDATA
51,29,3,INCLUDED_LOWDATA
51,29,4,INCLUDED_LOWDATA
51,30,-10,INCLUDED_OPEN
51,30,-9,INCLUDED_OPEN
51,30,-8,INCLUDED_OPEN
51,30,-7,INCLUDED_OPEN
51,30,-6,INCLUDED_OPEN
51,30,-5,INCLUDED_OPEN
51,30,-4,INCLUDED_OPEN
51,30,-3,INCLUDED_OPEN
51,30,-2,INCLUDED_OPEN
51,30,-1,INCLUDED_LOWDATA
51,30,0,INCLUDED_LOWDATA
51,30,2,INCLUDED_LOWDATA
51,30,3,INCLUDED_LOWDATA
51,30,4,INCLUDED_LOWDATA
51,31,-10,INCLUDED_OPEN
51,31,-9,INCLUDED_OPEN
51,31,-8,INCLUDED_OPEN
51,31,-7,INCLUDED_OPEN
51,31,-6,INCLUDED_OPEN
51,31,-5,INCLUDED_OPEN
51,31,-4,INCLUDED_OPEN
51,31,-3,INCLUDED_OPEN
51,31,-2,INCLUDED_LOWDATA
51,31,-1,INCLUDED_LOWDATA
51,31,0,INCLUDED_LOWDATA
51,31,1,INCLUDED_LOWDATA
51,31,2,INCLUDED_LOWDATA
51,31,4,INCLUDED_LOWDATA
51,32,-8,INCLUDED_LOWDATA
51,32,-7,INCLUDED_OPEN
51,32,-6,INCLUDED_OPEN
51,32,-5,INCLUDED_OPEN
51,32,-4,INCLUDED_OPEN
51,32,-3,INCLUDED_OPEN
51,32,-2,INCLUDED_LOWDATA
51,32,-1,INCLUDED_LOWDATA
51,32,0,INCLUDED_LOWDATA
51,32,1,INCLUDED_LOWDATA
51,32,2,INCLUDED_LOWDATA
51,32,3,INCLUDED_LOWDATA
51,33,-8,INCLUDED_OPEN
51,33,-7,INCLUDED_OPEN
51,33,-6,INCLUDED_OPEN
51,33,-5,INCLUDED_OPEN
51,33,-4,INCLUDED_OPEN
51,33,-3,INCLUDED_OPEN
51,33,-2,INCLUDED_OPEN
51,33,-1,INCLUDED_OPEN
51,33,0,INCLUDED_LOWDATA
51,33,1,INCLUDED_LOWDATA
51,33,2,INCLUDED_LOWDATA
51,33,3,INCLUDED_LOWDATA
51,33,4,INCLUDED_LOWDATA
52,-30,0,INCLUDED_OPEN
52,-30,1,INCLUDED_OPEN
52,-30,2,INCLUDED_OPEN
52,-30,3,INCLUDED_OPEN
52,-30,4,constrained-misc
52,-29,-1,INCLUDED_LOWDATA
52,-29,0,INCLUDED_OPEN
52,-29,1,INCLUDED_OPEN
52,-29,2,INCLUDED_OPEN
52,-29,3,INCLUDED_OPEN
52,-29,4,constrained-misc
52,-28,0,INCLUDED_OPEN
52,-28,1,INCLUDED_OPEN
52,-28,2,INCLUDED_OPEN
52,-28,3,INCLUDED_OPEN
52,-28,4,INCLUDED_OPEN
52,-27,-2,INCLUDED_LOWDATA
52,-27,0,ssg-ya
52,-27,1,INCLUDED_OPEN
52,-27,2,INCLUDED_OPEN
52,-27,3,INCLUDED_OPEN
52,-27,4,INCLUDED_OPEN
52,-26,-2,INCLUDED_OPEN
52,-26,-1,INCLUDED_OPEN
52,-26,0,INCLUDED_OPEN
52,-26,1,INCLUDED_OPEN
52,-26,2,INCLUDED_OPEN
52,-26,3,INCLUDED_OPEN
52,-26,4,INCLUDED_OPEN
52,-25,-2,INCLUDED_OPEN
52,-25,-1,INCLUDED_OPEN
52,-25,0,INCLUDED_OPEN
52,-25,1,INCLUDED_OPEN
52,-25,2,INCLUDED_OPEN
52,-25,3,INCLUDED_OPEN
52,-25,4,constrained-misc
52,-24,-2,INCLUDED_OPEN
52,-24,-1,INCLUDED_OPEN
52,-24,0,INCLUDED_OPEN
52,-24,1,INCLUDED_OPEN
52,-24,2,INCLUDED_OPEN
52,-24,3,INCLUDED_OPEN
52,-24,4,INCLUDED_OPEN
52,-23,-2,INCLUDED_OPEN
52,-23,-1,INCLUDED_OPEN
52,-23,0,INCLUDED_OPEN
52,-23,1,INCLUDED_OPEN
52,-23,2,INCLUDED_OPEN
52,-23,3,INCLUDED_OPEN
52,-23,4,INCLUDED_OPEN
52,-22,-2,INCLUDED_OPEN
52,-22,-1,INCLUDED_OPEN
52,-22,0,INCLUDED_OPEN
52,-22,1,INCLUDED_OPEN
52,-22,2,INCLUDED_OPEN
52,-22,3,INCLUDED_OPEN
52,-22,4,INCLUDED_OPEN
52,-21,-2,INCLUDED_OPEN
52,-21,-1,INCLUDED_OPEN
52,-21,0,INCLUDED_OPEN
52,-21,1,INCLUDED_OPEN
52,-21,2,INCLUDED_OPEN
52,-21,3,INCLUDED_OPEN
52,-21,4,INCLUDED_OPEN
52,-20,-2,INCLUDED_OPEN
52,-20,-1,INCLUDED_OPEN
52,-20,0,INCLUDED_OPEN
52,-20,1,INCLUDED_OPEN
52,-20,2,INCLUDED_OPEN
52,-20,3,INCLUDED_OPEN
52,-20,4,INCLUDED_OPEN
52,-19,-2,INCLUDED_OPEN
52,-19,-1,INCLUDED_OPEN
52,-19,0,INCLUDED_OPEN
52,-19,1,INCLUDED_OPEN
52,-19,2,INCLUDED_OPEN
52,-19,3,INCLUDED_OPEN
52,-19,4,INCLUDED_OPEN
52,-18,-2,INCLUDED_LOWDATA
52,-16,-13,EXCLUDED_WATER
52,-16,-12,EXCLUDED_WATER
52,-16,-11,EXCLUDED_WATER
52,-16,-10,EXCLUDED_WATER
52,-16,-9,EXCLUDED_WATER
52,-16,-8,EXCLUDED_WATER
52,-16,-7,EXCLUDED_WATER
52,-16,-6,EXCLUDED_WATER
52,-16,-5,INCLUDED_LOWDATA
52,-16,-4,INCLUDED_LOWDATA
52,-16,-2,INCLUDED_OPEN
52,-16,-1,INCLUDED_OPEN
52,-16,0,INCLUDED_OPEN
52,-15,-13,EXCLUDED_WATER
52,-15,-12,EXCLUDED_WATER
52,-15,-11,EXCLUDED_WATER
52,-15,-10,EXCLUDED_WATER
52,-15,-9,EXCLUDED_WATER
52,-15,-8,EXCLUDED_WATER
52,-15,-7,EXCLUDED_WATER
52,-15,-6,EXCLUDED_WATER
52,-15,-5,INCLUDED_LOWDATA
52,-15,-2,INCLUDED_OPEN
52,-15,-1,INCLUDED_OPEN
52,-15,0,INCLUDED_OPEN
52,-15,1,INCLUDED_OPEN
52,-14,-2,INCLUDED_OPEN
52,-14,-1,INCLUDED_OPEN
52,-14,0,INCLUDED_OPEN
52,-14,1,INCLUDED_OPEN
52,-13,-2,INCLUDED_OPEN
52,-13,-1,INCLUDED_OPEN
52,-13,0,INCLUDED_OPEN
52,-13,1,INCLUDED_OPEN
52,-12,-13,EXCLUDED_WATER
52,-12,-12,EXCLUDED_WATER
52,-12,-11,EXCLUDED_WATER
52,-12,-10,EXCLUDED_WATER
52,-12,-9,EXCLUDED_WATER
52,-12,-8,EXCLUDED_WATER
52,-12,-7,EXCLUDED_WATER
52,-12,-6,INCLUDED_OPEN
52,-12,-5,INCLUDED_OPEN
52,-12,-4,INCLUDED_OPEN
52,-12,-2,INCLUDED_OPEN
52,-12,-1,INCLUDED_OPEN
52,-12,0,INCLUDED_OPEN
52,-12,1,INCLUDED_OPEN
52,-11,-13,EXCLUDED_WATER
52,-11,-12,EXCLUDED_WATER
52,-11,-11,EXCLUDED_WATER
52,-11,-10,EXCLUDED_WATER
52,-11,-9,EXCLUDED_WATER
52,-11,-8,EXCLUDED_WATER
52,-11,-7,EXCLUDED_WATER
52,-11,-6,INCLUDED_OPEN
52,-11,-5,INCLUDED_OPEN
52,-11,-4,INCLUDED_OPEN
52,-11,-3,INCLUDED_OPEN
52,-11,-2,INCLUDED_OPEN
52,-11,-1,INCLUDED_OPEN
52,-11,0,INCLUDED_OPEN
52,-11,1,INCLUDED_OPEN
52,-10,-13,EXCLUDED_WATER
52,-10,-12,EXCLUDED_WATER
52,-10,-11,EXCLUDED_WATER
52,-10,-10,EXCLUDED_WATER
52,-10,-9,EXCLUDED_WATER
52,-10,-8,EXCLUDED_WATER
52,-10,-7,EXCLUDED_WATER
52,-10,-6,INCLUDED_OPEN
52,-10,-5,INCLUDED_OPEN
52,-10,-4,INCLUDED_OPEN
52,-10,-3,INCLUDED_OPEN
52,-10,-2,INCLUDED_OPEN
52,-10,-1,INCLUDED_OPEN
52,-10,0,INCLUDED_OPEN
52,-10,1,INCLUDED_OPEN
52,-9,-13,EXCLUDED_WATER
52,-9,-12,EXCLUDED_WATER
52,-9,-11,EXCLUDED_WATER
52,-9,-10,EXCLUDED_WATER
52,-9,-9,EXCLUDED_WATER
52,-9,-8,EXCLUDED_WATER
52,-9,-7,EXCLUDED_WATER
52,-9,-6,INCLUDED_OPEN
52,-9,-5,INCLUDED_OPEN
52,-9,-4,INCLUDED_OPEN
52,-9,-3,INCLUDED_OPEN
52,-9,-2,INCLUDED_OPEN
52,-9,-1,INCLUDED_OPEN
52,-9,0,INCLUDED_OPEN
52,-9,1,INCLUDED_OPEN
52,-8,-13,EXCLUDED_WATER
52,-8,-12,EXCLUDED_WATER
52,-8,-11,EXCLUDED_WATER
52,-8,-10,EXCLUDED_WATER
52,-8,-9,EXCLUDED_WATER
52,-8,-8,EXCLUDED_WATER
52,-8,-7,EXCLUDED_WATER
52,-8,-6,INCLUDED_OPEN
52,-8,-5,INCLUDED_OPEN
52,-8,-4,INCLUDED_OPEN
52,-8,-3,INCLUDED_OPEN
52,-8,-2,INCLUDED_OPEN
52,-8,-1,INCLUDED_OPEN
52,-8,0,INCLUDED_OPEN
52,-8,1,INCLUDED_OPEN
52,-7,-13,EXCLUDED_WATER
52,-7,-12,EXCLUDED_WATER
52,-7,-11,EXCLUDED_WATER
52,-7,-10,EXCLUDED_WATER
52,-7,-9,EXCLUDED_WATER
52,-7,-8,EXCLUDED_WATER
52,-7,-7,EXCLUDED_WATER
52,-7,-6,INCLUDED_OPEN
52,-7,-5,INCLUDED_OPEN
52,-7,-4,INCLUDED_OPEN
52,-7,-3,INCLUDED_OPEN
52,-7,-2,INCLUDED_OPEN
52,-7,-1,INCLUDED_OPEN
52,-7,0,INCLUDED_OPEN
52,-7,1,INCLUDED_OPEN
52,-6,-13,EXCLUDED_WATER
52,-6,-12,EXCLUDED_WATER
52,-6,-11,EXCLUDED_WATER
52,-6,-10,EXCLUDED_WATER
52,-6,-9,EXCLUDED_WATER
52,-6,-8,EXCLUDED_WATER
52,-6,-7,EXCLUDED_WATER
52,-6,-6,INCLUDED_OPEN
52,-6,-5,INCLUDED_OPEN
52,-6,-4,INCLUDED_OPEN
52,-6,-3,INCLUDED_OPEN
52,-6,-2,INCLUDED_OPEN
52,-6,-1,INCLUDED_OPEN
52,-6,0,INCLUDED_OPEN
52,-6,1,INCLUDED_OPEN
52,-5,-13,EXCLUDED_WATER
52,-5,-12,EXCLUDED_WATER
52,-5,-11,EXCLUDED_WATER
52,-5,-10,EXCLUDED_WATER
52,-5,-9,EXCLUDED_WATER
52,-5,-8,EXCLUDED_WATER
52,-5,-7,EXCLUDED_WATER
52,-5,-6,INCLUDED_OPEN
52,-5,-5,INCLUDED_OPEN
52,-5,-4,INCLUDED_OPEN
52,-5,-3,INCLUDED_OPEN
52,-5,-2,INCLUDED_OPEN
52,-5,-1,INCLUDED_OPEN
52,-5,0,INCLUDED_OPEN
52,-5,1,INCLUDED_OPEN
52,-4,-13,EXCLUDED_WATER
52,-4,-12,EXCLUDED_WATER
52,-4,-11,EXCLUDED_WATER
52,-4,-10,EXCLUDED_WATER
52,-4,-9,EXCLUDED_WATER
52,-4,-8,EXCLUDED_WATER
52,-4,-7,EXCLUDED_WATER
52,-4,-6,INCLUDED_OPEN
52,-4,-5,INCLUDED_OPEN
52,-4,-4,INCLUDED_OPEN
52,-4,-3,INCLUDED_OPEN
52,-4,-2,INCLUDED_OPEN
52,-4,-1,INCLUDED_OPEN
52,-4,0,INCLUDED_OPEN
52,-4,1,INCLUDED_OPEN
52,-3,-13,EXCLUDED_WATER
52,-3,-12,EXCLUDED_WATER
52,-3,-11,EXCLUDED_WATER
52,-3,-10,EXCLUDED_WATER
52,-3,-9,EXCLUDED_WATER
52,-3,-8,EXCLUDED_WATER
52,-3,-6,INCLUDED_OPEN
52,-3,-5,INCLUDED_OPEN
52,-3,-4,INCLUDED_OPEN
52,-3,-3,INCLUDED_OPEN
52,-3,-2,INCLUDED_OPEN
52,-3,-1,INCLUDED_OPEN
52,-3,0,INCLUDED_OPEN
52,-3,1,INCLUDED_OPEN
52,-2,-13,EXCLUDED_WATER
52,-2,-12,EXCLUDED_WATER
52,-2,-11,EXCLUDED_WATER
52,-2,-10,EXCLUDED_WATER
52,-2,-9,EXCLUDED_WATER
52,-2,-8,EXCLUDED_WATER
52,-2,-7,EXCLUDED_WATER
52,-2,-6,INCLUDED_OPEN
52,-2,-5,INCLUDED_OPEN
52,-2,-4,INCLUDED_OPEN
52,-2,-3,INCLUDED_OPEN
52,-2,-2,INCLUDED_OPEN
52,-2,-1,INCLUDED_OPEN
52,-2,0,INCLUDED_OPEN
52,-2,1,INCLUDED_OPEN
52,-1,-13,EXCLUDED_WATER
52,-1,-12,EXCLUDED_WATER
52,-1,-11,EXCLUDED_WATER
52,-1,-10,EXCLUDED_WATER
52,-1,-9,EXCLUDED_WATER
52,-1,-8,EXCLUDED_WATER
52,-1,-7,EXCLUDED_WATER
52,-1,-6,INCLUDED_OPEN
52,-1,-5,INCLUDED_OPEN
52,-1,-4,INCLUDED_OPEN
52,-1,-3,INCLUDED_OPEN
52,-1,-2,INCLUDED_OPEN
52,-1,-1,INCLUDED_OPEN
52,-1,0,INCLUDED_OPEN
52,-1,1,INCLUDED_OPEN
52,0,-13,EXCLUDED_WATER
52,0,-12,EXCLUDED_WATER
52,0,-11,EXCLUDED_WATER
52,0,-10,EXCLUDED_WATER
52,0,-9,EXCLUDED_WATER
52,0,-8,EXCLUDED_WATER
52,0,-7,EXCLUDED_WATER
52,0,-6,INCLUDED_OPEN
52,0,-5,INCLUDED_OPEN
52,0,-4,INCLUDED_OPEN
52,0,-3,INCLUDED_OPEN
52,0,-2,INCLUDED_OPEN
52,0,-1,INCLUDED_OPEN
52,0,0,INCLUDED_OPEN
52,0,1,INCLUDED_OPEN
52,1,-13,EXCLUDED_WATER
52,1,-12,EXCLUDED_WATER
52,1,-11,EXCLUDED_WATER
52,1,-10,EXCLUDED_WATER
52,1,-9,EXCLUDED_WATER
52,1,-8,EXCLUDED_WATER
52,1,-7,EXCLUDED_WATER
52,1,-6,INCLUDED_OPEN
52,1,-5,INCLUDED_OPEN
52,1,-4,INCLUDED_OPEN
52,1,-3,INCLUDED_OPEN
52,1,-2,INCLUDED_OPEN
52,1,-1,INCLUDED_OPEN
52,1,0,INCLUDED_OPEN
52,1,1,INCLUDED_OPEN
52,2,-13,EXCLUDED_WATER
52,2,-12,EXCLUDED_WATER
52,2,-11,EXCLUDED_WATER
52,2,-10,EXCLUDED_WATER
52,2,-9,EXCLUDED_WATER
52,2,-8,EXCLUDED_WATER
52,2,-7,EXCLUDED_WATER
52,2,-6,INCLUDED_OPEN
52,2,-5,INCLUDED_OPEN
52,2,-4,INCLUDED_OPEN
52,2,-3,INCLUDED_OPEN
52,2,-2,INCLUDED_OPEN
52,2,-1,INCLUDED_OPEN
52,2,0,INCLUDED_OPEN
52,2,1,INCLUDED_OPEN
52,3,-13,EXCLUDED_WATER
52,3,-12,EXCLUDED_WATER
52,3,-11,EXCLUDED_WATER
52,3,-10,EXCLUDED_WATER
52,3,-9,EXCLUDED_WATER
52,3,-8,EXCLUDED_WATER
52,3,-7,EXCLUDED_WATER
52,3,-6,INCLUDED_OPEN
52,3,-5,INCLUDED_OPEN
52,3,-4,INCLUDED_OPEN
52,3,-3,INCLUDED_OPEN
52,3,-2,INCLUDED_OPEN
52,3,-1,INCLUDED_OPEN
52,3,0,INCLUDED_OPEN
52,3,1,INCLUDED_OPEN
52,4,-13,EXCLUDED_WATER
52,4,-12,EXCLUDED_WATER
52,4,-11,EXCLUDED_WATER
52,4,-10,EXCLUDED_WATER
52,4,-9,EXCLUDED_WATER
52,4,-8,EXCLUDED_WATER
52,4,-7,EXCLUDED_WATER
52,4,-6,INCLUDED_OPEN
52,4,-5,INCLUDED_OPEN
52,4,-4,INCLUDED_OPEN
52,4,-3,INCLUDED_OPEN
52,4,-2,INCLUDED_OPEN
52,4,-1,INCLUDED_OPEN
52,4,0,INCLUDED_OPEN
52,4,1,INCLUDED_OPEN
52,5,-13,EXCLUDED_WATER
52,5,-12,EXCLUDED_WATER
52,5,-11,EXCLUDED_WATER
52,5,-10,EXCLUDED_WATER
52,5,-9,EXCLUDED_WATER
52,5,-8,EXCLUDED_WATER
52,5,-7,EXCLUDED_WATER
52,5,-6,INCLUDED_OPEN
52,5,-5,INCLUDED_OPEN
52,5,-4,INCLUDED_OPEN
52,5,-3,INCLUDED_OPEN
52,5,-2,INCLUDED_OPEN
52,5,-1,INCLUDED_OPEN
52,5,0,INCLUDED_OPEN
52,5,1,INCLUDED_OPEN
52,6,-13,EXCLUDED_WATER
52,6,-12,EXCLUDED_WATER
52,6,-11,EXCLUDED_WATER
52,6,-10,EXCLUDED_WATER
52,6,-9,EXCLUDED_WATER
52,6,-8,EXCLUDED_WATER
52,6,-7,EXCLUDED_WATER
52,6,-6,INCLUDED_OPEN
52,6,-5,INCLUDED_OPEN
52,6,-4,INCLUDED_OPEN
52,6,-3,INCLUDED_OPEN
52,6,-2,INCLUDED_OPEN
52,6,-1,INCLUDED_OPEN
52,6,0,INCLUDED_OPEN
52,6,1,INCLUDED_OPEN
52,7,-13,EXCLUDED_WATER
52,7,-12,EXCLUDED_WATER
52,7,-11,EXCLUDED_WATER
52,7,-10,EXCLUDED_WATER
52,7,-9,EXCLUDED_WATER
52,7,-8,EXCLUDED_WATER
52,7,-7,EXCLUDED_WATER
52,7,-6,INCLUDED_OPEN
52,7,-5,INCLUDED_OPEN
52,7,-4,INCLUDED_OPEN
52,7,-3,INCLUDED_OPEN
52,7,-2,INCLUDED_OPEN
52,7,-1,INCLUDED_OPEN
52,7,0,INCLUDED_OPEN
52,7,1,INCLUDED_OPEN
52,8,-13,EXCLUDED_WATER
52,8,-12,EXCLUDED_WATER
52,8,-11,EXCLUDED_WATER
52,8,-10,EXCLUDED_WATER
52,8,-9,EXCLUDED_WATER
52,8,-8,EXCLUDED_WATER
52,8,-7,EXCLUDED_WATER
52,8,-6,INCLUDED_OPEN
52,8,-5,INCLUDED_OPEN
52,8,-4,INCLUDED_OPEN
52,8,-3,INCLUDED_OPEN
52,8,-2,INCLUDED_OPEN
52,8,-1,INCLUDED_OPEN
52,8,0,INCLUDED_OPEN
52,8,1,INCLUDED_OPEN
52,9,-13,EXCLUDED_WATER
52,9,-12,EXCLUDED_WATER
52,9,-11,EXCLUDED_WATER
52,9,-10,EXCLUDED_WATER
52,9,-9,EXCLUDED_WATER
52,9,-8,EXCLUDED_WATER
52,9,-7,EXCLUDED_WATER
52,9,-6,INCLUDED_OPEN
52,9,-5,INCLUDED_OPEN
52,9,-4,INCLUDED_OPEN
52,9,-3,INCLUDED_OPEN
52,9,-2,INCLUDED_OPEN
52,9,-1,INCLUDED_OPEN
52,9,0,INCLUDED_OPEN
52,9,1,INCLUDED_LOWDATA
52,10,-13,EXCLUDED_WATER
52,10,-12,EXCLUDED_WATER
52,10,-11,EXCLUDED_WATER
52,10,-10,EXCLUDED_WATER
52,10,-9,EXCLUDED_WATER
52,10,-8,EXCLUDED_WATER
52,10,-7,EXCLUDED_WATER
52,10,-6,INCLUDED_OPEN
52,10,-5,INCLUDED_OPEN
52,10,-4,INCLUDED_OPEN
52,10,-3,INCLUDED_OPEN
52,10,-2,INCLUDED_OPEN
52,10,-1,INCLUDED_OPEN
52,10,0,INCLUDED_OPEN
52,10,1,INCLUDED_OPEN
52,10,2,INCLUDED_LOWDATA
52,11,-13,EXCLUDED_WATER
52,11,-12,EXCLUDED_WATER
52,11,-11,EXCLUDED_WATER
52,11,-10,EXCLUDED_WATER
52,11,-9,EXCLUDED_WATER
52,11,-8,EXCLUDED_WATER
52,11,-7,EXCLUDED_WATER
52,11,-6,INCLUDED_OPEN
52,11,-5,constrained-misc
52,11,-4,INCLUDED_OPEN
52,11,-3,INCLUDED_OPEN
52,11,-2,INCLUDED_OPEN
52,11,-1,INCLUDED_OPEN
52,11,0,INCLUDED_OPEN
52,11,1,INCLUDED_OPEN
52,11,2,INCLUDED_LOWDATA
52,12,-4,INCLUDED_OPEN
52,12,-3,INCLUDED_OPEN
52,12,-2,INCLUDED_OPEN
52,12,-1,INCLUDED_OPEN
52,12,0,INCLUDED_OPEN
52,12,1,INCLUDED_OPEN
52,12,2,rl-2
52,13,-6,INCLUDED_LOWDATA
52,13,-4,INCLUDED_OPEN
52,13,-3,INCLUDED_OPEN
52,13,-2,INCLUDED_OPEN
52,13,-1,INCLUDED_OPEN
52,13,0,INCLUDED_OPEN
52,13,1,INCLUDED_OPEN
52,13,2,INCLUDED_OPEN
52,14,-4,INCLUDED_OPEN
52,14,-3,INCLUDED_OPEN
52,14,-2,INCLUDED_OPEN
52,14,-1,INCLUDED_OPEN
52,14,0,INCLUDED_OPEN
52,14,1,INCLUDED_OPEN
52,14,2,INCLUDED_OPEN
52,15,-4,INCLUDED_OPEN
52,15,-3,INCLUDED_OPEN
52,15,-2,INCLUDED_OPEN
52,15,-1,INCLUDED_OPEN
52,15,0,INCLUDED_OPEN
52,15,1,INCLUDED_OPEN
52,15,2,INCLUDED_OPEN
52,16,-4,INCLUDED_OPEN
52,16,-3,INCLUDED_OPEN
52,16,-2,INCLUDED_OPEN
52,16,-1,INCLUDED_OPEN
52,16,0,INCLUDED_OPEN
52,16,1,INCLUDED_OPEN
52,16,2,INCLUDED_OPEN
52,17,-4,INCLUDED_OPEN
52,17,-3,INCLUDED_OPEN
52,17,-2,INCLUDED_OPEN
52,17,-1,INCLUDED_OPEN
52,17,0,INCLUDED_OPEN
52,17,1,INCLUDED_OPEN
52,17,2,INCLUDED_OPEN
52,19,-10,INCLUDED_OPEN
52,19,-9,INCLUDED_OPEN
52,19,-8,INCLUDED_OPEN
52,19,-7,INCLUDED_OPEN
52,19,-6,INCLUDED_OPEN
52,19,-5,INCLUDED_OPEN
52,19,-4,INCLUDED_OPEN
52,19,-3,INCLUDED_OPEN
52,19,-2,INCLUDED_OPEN
52,19,-1,INCLUDED_OPEN
52,19,0,INCLUDED_LOWDATA
52,19,1,INCLUDED_LOWDATA
52,19,2,INCLUDED_LOWDATA
52,19,3,INCLUDED_LOWDATA
52,19,4,INCLUDED_LOWDATA
52,20,-10,INCLUDED_OPEN
52,20,-9,INCLUDED_OPEN
52,20,-8,INCLUDED_OPEN
52,20,-7,INCLUDED_OPEN
52,20,-6,INCLUDED_OPEN
52,20,-5,INCLUDED_OPEN
52,20,-4,INCLUDED_OPEN
52,20,-3,INCLUDED_OPEN
52,20,-2,INCLUDED_OPEN
52,20,-1,INCLUDED_OPEN
52,20,0,INCLUDED_LOWDATA
52,20,1,INCLUDED_LOWDATA
52,20,2,INCLUDED_LOWDATA
52,21,-10,INCLUDED_OPEN
52,21,-9,INCLUDED_OPEN
52,21,-8,INCLUDED_OPEN
52,21,-7,INCLUDED_OPEN
52,21,-6,INCLUDED_OPEN
52,21,-5,INCLUDED_OPEN
52,21,-4,INCLUDED_OPEN
52,21,-3,INCLUDED_OPEN
52,21,-2,INCLUDED_OPEN
52,21,-1,INCLUDED_OPEN
52,21,0,INCLUDED_OPEN
52,21,1,INCLUDED_OPEN
52,21,2,INCLUDED_LOWDATA
52,21,3,INCLUDED_LOWDATA
52,22,-10,INCLUDED_OPEN
52,22,-9,INCLUDED_OPEN
52,22,-8,INCLUDED_OPEN
52,22,-7,INCLUDED_OPEN
52,22,-6,INCLUDED_OPEN
52,22,-5,INCLUDED_OPEN
52,22,-4,INCLUDED_OPEN
52,22,-3,INCLUDED_OPEN
52,22,-2,INCLUDED_OPEN
52,22,-1,INCLUDED_OPEN
52,22,0,INCLUDED_LOWDATA
52,22,1,INCLUDED_LOWDATA
52,22,3,INCLUDED_LOWDATA
52,23,-10,INCLUDED_OPEN
52,23,-9,INCLUDED_OPEN
52,23,-8,INCLUDED_OPEN
52,23,-7,INCLUDED_OPEN
52,23,-6,INCLUDED_OPEN
52,23,-5,INCLUDED_OPEN
52,23,-4,INCLUDED_OPEN
52,23,-3,INCLUDED_OPEN
52,23,-2,INCLUDED_OPEN
52,23,-1,INCLUDED_OPEN
52,23,0,INCLUDED_LOWDATA
52,23,1,INCLUDED_LOWDATA
52,23,2,INCLUDED_LOWDATA
52,23,3,INCLUDED_LOWDATA
52,24,-10,INCLUDED_OPEN
52,24,-9,INCLUDED_OPEN
52,24,-8,INCLUDED_OPEN
52,24,-7,INCLUDED_OPEN
52,24,-6,INCLUDED_OPEN
52,24,-5,INCLUDED_OPEN
52,24,-4,INCLUDED_OPEN
52,24,-3,INCLUDED_OPEN
52,24,-2,INCLUDED_OPEN
52,24,-1,INCLUDED_LOWDATA
52,24,0,INCLUDED_LOWDATA
52,24,1,INCLUDED_LOWDATA
52,24,2,INCLUDED_LOWDATA
52,24,3,INCLUDED_LOWDATA
52,25,-10,INCLUDED_OPEN
52,25,-9,INCLUDED_OPEN
52,25,-8,INCLUDED_OPEN
52,25,-7,INCLUDED_OPEN
52,25,-6,INCLUDED_OPEN
52,25,-5,INCLUDED_OPEN
52,25,-4,INCLUDED_OPEN
52,25,-3,INCLUDED_OPEN
52,25,-2,INCLUDED_OPEN
52,25,-1,INCLUDED_LOWDATA
52,25,0,INCLUDED_LOWDATA
52,25,1,INCLUDED_LOWDATA
52,25,2,INCLUDED_LOWDATA
52,25,3,INCLUDED_LOWDATA
52,25,4,INCLUDED_LOWDATA
52,26,-10,INCLUDED_OPEN
52,26,-9,INCLUDED_OPEN
52,26,-8,INCLUDED_OPEN
52,26,-7,INCLUDED_OPEN
52,26,-6,INCLUDED_OPEN
52,26,-5,INCLUDED_OPEN
52,26,-4,INCLUDED_OPEN
52,26,-3,INCLUDED_OPEN
52,26,-2,INCLUDED_LOWDATA
52,26,-1,INCLUDED_LOWDATA
52,26,0,INCLUDED_LOWDATA
52,26,1,INCLUDED_LOWDATA
52,26,2,INCLUDED_LOWDATA
52,26,4,INCLUDED_LOWDATA
52,27,-10,INCLUDED_OPEN
52,27,-9,INCLUDED_OPEN
52,27,-8,INCLUDED_OPEN
52,27,-7,INCLUDED_OPEN
52,27,-6,INCLUDED_OPEN
52,27,-5,INCLUDED_OPEN
52,27,-4,INCLUDED_OPEN
52,27,-3,INCLUDED_LOWDATA
52,27,-2,INCLUDED_LOWDATA
52,27,-1,INCLUDED_LOWDATA
52,27,0,INCLUDED_LOWDATA
52,27,1,INCLUDED_LOWDATA
52,27,2,INCLUDED_LOWDATA
52,27,3,INCLUDED_LOWDATA
52,27,4,INCLUDED_LOWDATA
52,28,-10,INCLUDED_OPEN
52,28,-9,INCLUDED_OPEN
52,28,-8,INCLUDED_OPEN
52,28,-7,INCLUDED_OPEN
52,28,-6,INCLUDED_OPEN
52,28,-5,INCLUDED_OPEN
52,28,-4,INCLUDED_OPEN
52,28,-3,INCLUDED_OPEN
52,28,-2,INCLUDED_OPEN
52,28,-1,INCLUDED_OPEN
52,28,0,INCLUDED_LOWDATA
52,28,1,INCLUDED_LOWDATA
52,28,2,INCLUDED_LOWDATA
52,28,3,INCLUDED_LOWDATA
52,28,4,INCLUDED_LOWDATA
52,29,-10,INCLUDED_OPEN
52,29,-9,INCLUDED_OPEN
52,29,-8,INCLUDED_OPEN
52,29,-7,INCLUDED_OPEN
52,29,-6,INCLUDED_OPEN
52,29,-5,INCLUDED_OPEN
52,29,-4,INCLUDED_OPEN
52,29,-3,INCLUDED_OPEN
52,29,-2,INCLUDED_LOWDATA
52,29,-1,INCLUDED_LOWDATA
52,29,0,INCLUDED_LOWDATA
52,29,1,INCLUDED_LOWDATA
52,29,2,INCLUDED_LOWDATA
52,29,3,INCLUDED_LOWDATA
52,29,4,INCLUDED_LOWDATA
52,30,-10,INCLUDED_OPEN
52,30,-9,INCLUDED_OPEN
52,30,-8,INCLUDED_OPEN
52,30,-7,INCLUDED_OPEN
52,30,-6,INCLUDED_OPEN
52,30,-5,INCLUDED_OPEN
52,30,-4,INCLUDED_OPEN
52,30,-3,INCLUDED_OPEN
52,30,-2,INCLUDED_LOWDATA
52,30,-1,INCLUDED_LOWDATA
52,30,0,INCLUDED_OPEN
52,30,1,INCLUDED_LOWDATA
52,30,2,INCLUDED_LOWDATA
52,30,3,INCLUDED_LOWDATA
52,30,4,INCLUDED_LOWDATA
52,31,-10,INCLUDED_OPEN
52,31,-9,INCLUDED_OPEN
52,31,-8,INCLUDED_OPEN
52,31,-7,INCLUDED_OPEN
52,31,-6,INCLUDED_OPEN
52,31,-5,INCLUDED_OPEN
52,31,-4,INCLUDED_OPEN
52,31,-3,INCLUDED_OPEN
52,31,-2,INCLUDED_OPEN
52,31,-1,INCLUDED_LOWDATA
52,31,0,INCLUDED_LOWDATA
52,31,1,INCLUDED_LOWDATA
52,31,2,INCLUDED_LOWDATA
52,31,3,INCLUDED_LOWDATA
52,31,4,INCLUDED_LOWDATA
52,32,-8,INCLUDED_LOWDATA
52,32,-7,INCLUDED_OPEN
52,32,-6,INCLUDED_OPEN
52,32,-5,INCLUDED_OPEN
52,32,-4,INCLUDED_OPEN
52,32,-3,INCLUDED_OPEN
52,32,-2,INCLUDED_LOWDATA
52,32,-1,INCLUDED_OPEN
52,32,0,INCLUDED_LOWDATA
52,32,1,INCLUDED_LOWDATA
52,32,2,INCLUDED_LOWDATA
52,32,3,INCLUDED_LOWDATA
52,32,4,INCLUDED_LOWDATA
52,33,-8,INCLUDED_OPEN
52,33,-7,INCLUDED_OPEN
52,33,-6,INCLUDED_OPEN
52,33,-5,INCLUDED_OPEN
52,33,-4,INCLUDED_OPEN
52,33,-3,INCLUDED_OPEN
52,33,-2,INCLUDED_OPEN
52,33,-1,INCLUDED_LOWDATA
52,33,0,INCLUDED_LOWDATA
52,33,1,INCLUDED_LOWDATA
52,33,2,INCLUDED_LOWDATA
52,33,3,INCLUDED_LOWDATA
52,33,4,INCLUDED_LOWDATA
53,-30,-1,INCLUDED_OPEN
53,-30,0,INCLUDED_OPEN
53,-30,1,INCLUDED_OPEN
53,-30,2,INCLUDED_OPEN
53,-30,3,INCLUDED_OPEN
53,-29,-1,INCLUDED_OPEN
53,-29,0,INCLUDED_OPEN
53,-29,1,INCLUDED_OPEN
53,-29,2,INCLUDED_OPEN
53,-29,3,INCLUDED_OPEN
53,-29,4,INCLUDED_LOWDATA
53,-28,-1,INCLUDED_OPEN
53,-28,0,INCLUDED_OPEN
53,-28,1,INCLUDED_OPEN
53,-28,2,INCLUDED_OPEN
53,-28,3,INCLUDED_OPEN
53,-28,4,INCLUDED_LOWDATA
53,-27,-1,INCLUDED_OPEN
53,-27,0,INCLUDED_OPEN
53,-27,1,INCLUDED_OPEN
53,-27,2,INCLUDED_OPEN
53,-27,3,INCLUDED_OPEN
53,-27,4,INCLUDED_LOWDATA
53,-26,-2,INCLUDED_OPEN
53,-26,-1,INCLUDED_OPEN
53,-26,0,INCLUDED_OPEN
53,-26,1,INCLUDED_OPEN
53,-26,2,INCLUDED_OPEN
53,-26,3,INCLUDED_OPEN
53,-26,4,INCLUDED_LOWDATA
53,-25,-2,INCLUDED_OPEN
53,-25,-1,INCLUDED_OPEN
53,-25,0,INCLUDED_OPEN
53,-25,1,INCLUDED_OPEN
53,-25,2,INCLUDED_OPEN
53,-25,3,INCLUDED_OPEN
53,-24,-2,INCLUDED_OPEN
53,-24,-1,INCLUDED_OPEN
53,-24,0,INCLUDED_OPEN
53,-24,1,INCLUDED_OPEN
53,-24,2,INCLUDED_OPEN
53,-24,3,INCLUDED_OPEN
53,-24,4,INCLUDED_LOWDATA
53,-23,-2,INCLUDED_OPEN
53,-23,-1,INCLUDED_OPEN
53,-23,0,INCLUDED_OPEN
53,-23,1,INCLUDED_OPEN
53,-23,2,INCLUDED_OPEN
53,-23,3,INCLUDED_OPEN
53,-23,4,INCLUDED_LOWDATA
53,-22,-2,INCLUDED_OPEN
53,-22,-1,INCLUDED_OPEN
53,-22,0,INCLUDED_OPEN
53,-22,1,INCLUDED_OPEN
53,-22,2,INCLUDED_OPEN
53,-22,3,INCLUDED_OPEN
53,-22,4,INCLUDED_LOWDATA
53,-21,-2,INCLUDED_OPEN
53,-21,-1,INCLUDED_OPEN
53,-21,0,INCLUDED_OPEN
53,-21,1,INCLUDED_OPEN
53,-21,2,INCLUDED_OPEN
53,-21,3,INCLUDED_OPEN
53,-21,4,INCLUDED_LOWDATA
53,-20,-2,INCLUDED_OPEN
53,-20,-1,INCLUDED_OPEN
53,-20,0,INCLUDED_OPEN
53,-20,1,INCLUDED_OPEN
53,-20,2,INCLUDED_OPEN
53,-20,3,INCLUDED_OPEN
53,-20,4,INCLUDED_LOWDATA
53,-19,-2,INCLUDED_OPEN
53,-19,-1,INCLUDED_OPEN
53,-19,0,INCLUDED_OPEN
53,-19,1,INCLUDED_OPEN
53,-19,2,INCLUDED_OPEN
53,-19,3,INCLUDED_OPEN
53,-18,-3,INCLUDED_LOWDATA
53,-18,-2,INCLUDED_LOWDATA
53,-16,-13,EXCLUDED_WATER
53,-16,-12,EXCLUDED_WATER
53,-16,-11,EXCLUDED_WATER
53,-16,-10,EXCLUDED_WATER
53,-16,-9,EXCLUDED_WATER
53,-16,-8,EXCLUDED_WATER
53,-16,-7,EXCLUDED_WATER
53,-16,-6,constrained-misc
53,-16,-5,INCLUDED_LOWDATA
53,-16,-4,INCLUDED_LOWDATA
53,-16,-2,INCLUDED_OPEN
53,-16,-1,INCLUDED_OPEN
53,-16,0,INCLUDED_OPEN
53,-16,1,INCLUDED_OPEN
53,-16,2,INCLUDED_OPEN
53,-15,-13,EXCLUDED_WATER
53,-15,-12,EXCLUDED_WATER
53,-15,-11,EXCLUDED_WATER
53,-15,-10,EXCLUDED_WATER
53,-15,-9,EXCLUDED_WATER
53,-15,-8,EXCLUDED_WATER
53,-15,-7,EXCLUDED_WATER
53,-15,-6,EXCLUDED_WATER
53,-15,-5,INCLUDED_LOWDATA
53,-15,-2,INCLUDED_OPEN
53,-15,-1,INCLUDED_OPEN
53,-15,0,INCLUDED_OPEN
53,-15,1,INCLUDED_OPEN
53,-15,2,INCLUDED_OPEN
53,-14,-2,INCLUDED_OPEN
53,-14,-1,INCLUDED_OPEN
53,-14,0,INCLUDED_OPEN
53,-14,1,INCLUDED_OPEN
53,-14,2,INCLUDED_OPEN
53,-13,-2,INCLUDED_OPEN
53,-13,-1,INCLUDED_OPEN
53,-13,0,INCLUDED_OPEN
53,-13,1,INCLUDED_OPEN
53,-13,2,INCLUDED_OPEN
53,-12,-13,EXCLUDED_WATER
53,-12,-12,EXCLUDED_WATER
53,-12,-11,EXCLUDED_WATER
53,-12,-10,EXCLUDED_WATER
53,-12,-9,EXCLUDED_WATER
53,-12,-8,EXCLUDED_WATER
53,-12,-7,EXCLUDED_WATER
53,-12,-6,INCLUDED_OPEN
53,-12,-5,INCLUDED_OPEN
53,-12,-4,INCLUDED_OPEN
53,-12,-2,INCLUDED_OPEN
53,-12,-1,INCLUDED_OPEN
53,-12,0,INCLUDED_OPEN
53,-12,1,INCLUDED_OPEN
53,-12,2,INCLUDED_OPEN
53,-11,-13,EXCLUDED_WATER
53,-11,-12,EXCLUDED_WATER
53,-11,-11,EXCLUDED_WATER
53,-11,-10,EXCLUDED_WATER
53,-11,-9,EXCLUDED_WATER
53,-11,-8,EXCLUDED_WATER
53,-11,-7,EXCLUDED_WATER
53,-11,-6,INCLUDED_OPEN
53,-11,-5,INCLUDED_OPEN
53,-11,-4,INCLUDED_OPEN
53,-11,-3,INCLUDED_OPEN
53,-11,-2,INCLUDED_OPEN
53,-11,-1,INCLUDED_OPEN
53,-11,0,INCLUDED_OPEN
53,-11,1,INCLUDED_OPEN
53,-10,-13,EXCLUDED_WATER
53,-10,-12,EXCLUDED_WATER
53,-10,-11,EXCLUDED_WATER
53,-10,-10,EXCLUDED_WATER
53,-10,-9,EXCLUDED_WATER
53,-10,-8,EXCLUDED_WATER
53,-10,-7,EXCLUDED_WATER
53,-10,-6,INCLUDED_OPEN
53,-10,-5,INCLUDED_OPEN
53,-10,-4,INCLUDED_OPEN
53,-10,-3,INCLUDED_OPEN
53,-10,-2,INCLUDED_OPEN
53,-10,-1,INCLUDED_OPEN
53,-10,0,INCLUDED_OPEN
53,-10,1,INCLUDED_OPEN
53,-10,2,INCLUDED_OPEN
53,-9,-13,EXCLUDED_WATER
53,-9,-12,EXCLUDED_WATER
53,-9,-11,EXCLUDED_WATER
53,-9,-10,EXCLUDED_WATER
53,-9,-9,EXCLUDED_WATER
53,-9,-8,EXCLUDED_WATER
53,-9,-7,EXCLUDED_WATER
53,-9,-6,INCLUDED_OPEN
53,-9,-5,INCLUDED_OPEN
53,-9,-4,INCLUDED_OPEN
53,-9,-3,INCLUDED_OPEN
53,-9,-2,INCLUDED_OPEN
53,-9,-1,INCLUDED_OPEN
53,-9,0,INCLUDED_OPEN
53,-9,1,INCLUDED_OPEN
53,-8,-13,EXCLUDED_WATER
53,-8,-12,EXCLUDED_WATER
53,-8,-11,EXCLUDED_WATER
53,-8,-10,EXCLUDED_WATER
53,-8,-9,EXCLUDED_WATER
53,-8,-8,EXCLUDED_WATER
53,-8,-7,EXCLUDED_WATER
53,-8,-6,INCLUDED_OPEN
53,-8,-5,INCLUDED_OPEN
53,-8,-4,INCLUDED_OPEN
53,-8,-3,INCLUDED_OPEN
53,-8,-2,INCLUDED_OPEN
53,-8,-1,INCLUDED_OPEN
53,-8,0,INCLUDED_OPEN
53,-8,1,INCLUDED_OPEN
53,-8,2,constrained-misc
53,-7,-13,EXCLUDED_WATER
53,-7,-12,EXCLUDED_WATER
53,-7,-11,EXCLUDED_WATER
53,-7,-10,EXCLUDED_WATER
53,-7,-9,EXCLUDED_WATER
53,-7,-8,EXCLUDED_WATER
53,-7,-7,EXCLUDED_WATER
53,-7,-6,INCLUDED_OPEN
53,-7,-5,INCLUDED_OPEN
53,-7,-4,INCLUDED_OPEN
53,-7,-3,INCLUDED_OPEN
53,-7,-2,INCLUDED_OPEN
53,-7,-1,INCLUDED_OPEN
53,-7,0,INCLUDED_OPEN
53,-7,1,INCLUDED_OPEN
53,-6,-13,EXCLUDED_WATER
53,-6,-12,EXCLUDED_WATER
53,-6,-11,EXCLUDED_WATER
53,-6,-10,EXCLUDED_WATER
53,-6,-9,EXCLUDED_WATER
53,-6,-8,EXCLUDED_WATER
53,-6,-7,EXCLUDED_WATER
53,-6,-6,INCLUDED_OPEN
53,-6,-5,INCLUDED_OPEN
53,-6,-4,INCLUDED_OPEN
53,-6,-3,INCLUDED_OPEN
53,-6,-2,INCLUDED_OPEN
53,-6,-1,INCLUDED_OPEN
53,-6,0,INCLUDED_OPEN
53,-6,1,INCLUDED_OPEN
53,-6,2,ssg-ya-3
53,-5,-13,EXCLUDED_WATER
53,-5,-12,EXCLUDED_WATER
53,-5,-11,EXCLUDED_WATER
53,-5,-10,EXCLUDED_WATER
53,-5,-9,EXCLUDED_WATER
53,-5,-8,EXCLUDED_WATER
53,-5,-7,EXCLUDED_WATER
53,-5,-6,INCLUDED_OPEN
53,-5,-5,INCLUDED_OPEN
53,-5,-4,INCLUDED_OPEN
53,-5,-3,INCLUDED_OPEN
53,-5,-2,INCLUDED_OPEN
53,-5,-1,INCLUDED_OPEN
53,-5,0,INCLUDED_OPEN
53,-5,1,INCLUDED_OPEN
53,-5,2,INCLUDED_OPEN
53,-4,-13,EXCLUDED_WATER
53,-4,-12,EXCLUDED_WATER
53,-4,-11,EXCLUDED_WATER
53,-4,-10,EXCLUDED_WATER
53,-4,-9,EXCLUDED_WATER
53,-4,-8,EXCLUDED_WATER
53,-4,-7,EXCLUDED_WATER
53,-4,-6,INCLUDED_OPEN
53,-4,-5,INCLUDED_OPEN
53,-4,-4,INCLUDED_OPEN
53,-4,-3,INCLUDED_OPEN
53,-4,-2,INCLUDED_OPEN
53,-4,-1,INCLUDED_OPEN
53,-4,0,INCLUDED_OPEN
53,-4,1,INCLUDED_OPEN
53,-4,2,INCLUDED_LOWDATA
53,-3,-13,EXCLUDED_WATER
53,-3,-12,EXCLUDED_WATER
53,-3,-11,EXCLUDED_WATER
53,-3,-10,EXCLUDED_WATER
53,-3,-9,EXCLUDED_WATER
53,-3,-8,EXCLUDED_WATER
53,-3,-6,INCLUDED_OPEN
53,-3,-5,INCLUDED_OPEN
53,-3,-4,INCLUDED_OPEN
53,-3,-3,INCLUDED_OPEN
53,-3,-2,INCLUDED_OPEN
53,-3,-1,INCLUDED_OPEN
53,-3,0,INCLUDED_OPEN
53,-3,1,INCLUDED_OPEN
53,-2,-13,EXCLUDED_WATER
53,-2,-12,EXCLUDED_WATER
53,-2,-11,EXCLUDED_WATER
53,-2,-10,EXCLUDED_WATER
53,-2,-9,EXCLUDED_WATER
53,-2,-8,EXCLUDED_WATER
53,-2,-7,EXCLUDED_WATER
53,-2,-6,INCLUDED_OPEN
53,-2,-5,INCLUDED_OPEN
53,-2,-4,INCLUDED_OPEN
53,-2,-3,INCLUDED_OPEN
53,-2,-2,INCLUDED_OPEN
53,-2,-1,INCLUDED_OPEN
53,-2,0,INCLUDED_OPEN
53,-2,1,INCLUDED_OPEN
53,-2,2,INCLUDED_OPEN
53,-1,-13,EXCLUDED_WATER
53,-1,-12,EXCLUDED_WATER
53,-1,-11,EXCLUDED_WATER
53,-1,-10,EXCLUDED_WATER
53,-1,-9,EXCLUDED_WATER
53,-1,-8,EXCLUDED_WATER
53,-1,-7,EXCLUDED_WATER
53,-1,-6,INCLUDED_OPEN
53,-1,-5,INCLUDED_OPEN
53,-1,-4,INCLUDED_OPEN
53,-1,-3,INCLUDED_OPEN
53,-1,-2,INCLUDED_OPEN
53,-1,-1,INCLUDED_OPEN
53,-1,0,INCLUDED_OPEN
53,-1,1,INCLUDED_OPEN
53,-1,2,INCLUDED_OPEN
53,0,-13,EXCLUDED_WATER
53,0,-12,EXCLUDED_WATER
53,0,-11,EXCLUDED_WATER
53,0,-10,EXCLUDED_WATER
53,0,-9,EXCLUDED_WATER
53,0,-8,EXCLUDED_WATER
53,0,-6,INCLUDED_OPEN
53,0,-5,INCLUDED_OPEN
53,0,-4,INCLUDED_OPEN
53,0,-3,INCLUDED_OPEN
53,0,-2,INCLUDED_OPEN
53,0,-1,INCLUDED_OPEN
53,0,0,INCLUDED_OPEN
53,0,1,INCLUDED_OPEN
53,0,2,constrained-misc
53,1,-13,EXCLUDED_WATER
53,1,-12,EXCLUDED_WATER
53,1,-11,EXCLUDED_WATER
53,1,-10,EXCLUDED_WATER
53,1,-9,EXCLUDED_WATER
53,1,-8,EXCLUDED_WATER
53,1,-7,EXCLUDED_WATER
53,1,-6,INCLUDED_OPEN
53,1,-5,INCLUDED_OPEN
53,1,-4,INCLUDED_OPEN
53,1,-3,INCLUDED_OPEN
53,1,-2,INCLUDED_OPEN
53,1,-1,INCLUDED_OPEN
53,1,0,INCLUDED_OPEN
53,1,1,INCLUDED_OPEN
53,1,2,INCLUDED_LOWDATA
53,2,-13,EXCLUDED_WATER
53,2,-12,EXCLUDED_WATER
53,2,-11,EXCLUDED_WATER
53,2,-10,EXCLUDED_WATER
53,2,-9,EXCLUDED_WATER
53,2,-8,EXCLUDED_WATER
53,2,-7,EXCLUDED_WATER
53,2,-6,INCLUDED_OPEN
53,2,-5,INCLUDED_OPEN
53,2,-4,INCLUDED_OPEN
53,2,-3,INCLUDED_OPEN
53,2,-2,INCLUDED_OPEN
53,2,-1,INCLUDED_OPEN
53,2,0,INCLUDED_OPEN
53,2,1,INCLUDED_OPEN
53,2,2,INCLUDED_LOWDATA
53,3,-13,EXCLUDED_WATER
53,3,-12,EXCLUDED_WATER
53,3,-11,EXCLUDED_WATER
53,3,-10,EXCLUDED_WATER
53,3,-9,EXCLUDED_WATER
53,3,-8,EXCLUDED_WATER
53,3,-7,EXCLUDED_WATER
53,3,-6,INCLUDED_OPEN
53,3,-5,INCLUDED_OPEN
53,3,-4,INCLUDED_OPEN
53,3,-3,INCLUDED_OPEN
53,3,-2,INCLUDED_OPEN
53,3,-1,INCLUDED_OPEN
53,3,0,INCLUDED_OPEN
53,3,1,INCLUDED_OPEN
53,3,2,constrained-misc
53,4,-13,EXCLUDED_WATER
53,4,-12,EXCLUDED_WATER
53,4,-11,EXCLUDED_WATER
53,4,-10,EXCLUDED_WATER
53,4,-9,EXCLUDED_WATER
53,4,-8,EXCLUDED_WATER
53,4,-7,EXCLUDED_WATER
53,4,-6,INCLUDED_OPEN
53,4,-5,INCLUDED_OPEN
53,4,-4,INCLUDED_OPEN
53,4,-3,INCLUDED_OPEN
53,4,-2,INCLUDED_OPEN
53,4,-1,INCLUDED_OPEN
53,4,0,INCLUDED_OPEN
53,4,1,INCLUDED_OPEN
53,5,-13,EXCLUDED_WATER
53,5,-12,EXCLUDED_WATER
53,5,-11,EXCLUDED_WATER
53,5,-10,EXCLUDED_WATER
53,5,-9,EXCLUDED_WATER
53,5,-8,EXCLUDED_WATER
53,5,-7,EXCLUDED_WATER
53,5,-6,INCLUDED_OPEN
53,5,-5,INCLUDED_OPEN
53,5,-4,INCLUDED_OPEN
53,5,-3,INCLUDED_OPEN
53,5,-2,INCLUDED_OPEN
53,5,-1,INCLUDED_OPEN
53,5,0,INCLUDED_OPEN
53,5,1,INCLUDED_OPEN
53,6,-13,EXCLUDED_WATER
53,6,-12,EXCLUDED_WATER
53,6,-11,EXCLUDED_WATER
53,6,-10,EXCLUDED_WATER
53,6,-9,EXCLUDED_WATER
53,6,-8,EXCLUDED_WATER
53,6,-7,EXCLUDED_WATER
53,6,-6,INCLUDED_OPEN
53,6,-5,INCLUDED_OPEN
53,6,-4,INCLUDED_OPEN
53,6,-3,INCLUDED_OPEN
53,6,-2,INCLUDED_OPEN
53,6,-1,INCLUDED_OPEN
53,6,0,INCLUDED_OPEN
53,6,1,INCLUDED_OPEN
53,7,-13,EXCLUDED_WATER
53,7,-12,EXCLUDED_WATER
53,7,-11,EXCLUDED_WATER
53,7,-10,EXCLUDED_WATER
53,7,-9,EXCLUDED_WATER
53,7,-8,EXCLUDED_WATER
53,7,-7,EXCLUDED_WATER
53,7,-6,INCLUDED_OPEN
53,7,-5,INCLUDED_OPEN
53,7,-4,INCLUDED_OPEN
53,7,-3,INCLUDED_OPEN
53,7,-2,INCLUDED_OPEN
53,7,-1,INCLUDED_OPEN
53,7,0,INCLUDED_OPEN
53,7,1,INCLUDED_OPEN
53,8,-13,EXCLUDED_WATER
53,8,-12,EXCLUDED_WATER
53,8,-11,EXCLUDED_WATER
53,8,-10,EXCLUDED_WATER
53,8,-9,EXCLUDED_WATER
53,8,-8,EXCLUDED_WATER
53,8,-7,EXCLUDED_WATER
53,8,-6,INCLUDED_OPEN
53,8,-5,INCLUDED_OPEN
53,8,-4,INCLUDED_OPEN
53,8,-3,INCLUDED_OPEN
53,8,-2,INCLUDED_OPEN
53,8,-1,INCLUDED_OPEN
53,8,0,INCLUDED_OPEN
53,8,1,INCLUDED_OPEN
53,9,-13,EXCLUDED_WATER
53,9,-12,EXCLUDED_WATER
53,9,-11,EXCLUDED_WATER
53,9,-10,EXCLUDED_WATER
53,9,-9,EXCLUDED_WATER
53,9,-8,EXCLUDED_WATER
53,9,-7,EXCLUDED_WATER
53,9,-6,INCLUDED_OPEN
53,9,-5,INCLUDED_OPEN
53,9,-4,INCLUDED_OPEN
53,9,-3,INCLUDED_OPEN
53,9,-2,INCLUDED_OPEN
53,9,-1,INCLUDED_OPEN
53,9,0,INCLUDED_OPEN
53,9,1,INCLUDED_LOWDATA
53,10,-13,EXCLUDED_WATER
53,10,-12,EXCLUDED_WATER
53,10,-11,EXCLUDED_WATER
53,10,-10,EXCLUDED_WATER
53,10,-9,EXCLUDED_WATER
53,10,-8,EXCLUDED_WATER
53,10,-7,EXCLUDED_WATER
53,10,-6,INCLUDED_OPEN
53,10,-5,INCLUDED_OPEN
53,10,-4,INCLUDED_OPEN
53,10,-3,INCLUDED_OPEN
53,10,-2,INCLUDED_OPEN
53,10,-1,INCLUDED_OPEN
53,10,0,INCLUDED_OPEN
53,10,1,INCLUDED_OPEN
53,10,2,INCLUDED_LOWDATA
53,11,-13,EXCLUDED_WATER
53,11,-12,EXCLUDED_WATER
53,11,-11,EXCLUDED_WATER
53,11,-10,EXCLUDED_WATER
53,11,-9,EXCLUDED_WATER
53,11,-8,EXCLUDED_WATER
53,11,-7,EXCLUDED_WATER
53,11,-6,INCLUDED_OPEN
53,11,-5,INCLUDED_OPEN
53,11,-4,INCLUDED_OPEN
53,11,-3,INCLUDED_OPEN
53,11,-2,INCLUDED_OPEN
53,11,-1,INCLUDED_OPEN
53,11,0,INCLUDED_OPEN
53,11,1,INCLUDED_LOWDATA
53,12,-4,INCLUDED_OPEN
53,12,-3,INCLUDED_OPEN
53,12,-2,INCLUDED_OPEN
53,12,-1,INCLUDED_OPEN
53,12,0,INCLUDED_OPEN
53,12,1,INCLUDED_OPEN
53,12,2,INCLUDED_OPEN
53,13,-6,INCLUDED_LOWDATA
53,13,-4,INCLUDED_OPEN
53,13,-3,INCLUDED_OPEN
53,13,-2,INCLUDED_OPEN
53,13,-1,INCLUDED_OPEN
53,13,0,INCLUDED_OPEN
53,13,1,INCLUDED_OPEN
53,13,2,INCLUDED_OPEN
53,14,-6,INCLUDED_LOWDATA
53,14,-4,INCLUDED_OPEN
53,14,-3,INCLUDED_OPEN
53,14,-2,INCLUDED_OPEN
53,14,-1,INCLUDED_OPEN
53,14,0,INCLUDED_OPEN
53,14,1,INCLUDED_OPEN
53,14,2,INCLUDED_OPEN
53,15,-6,INCLUDED_LOWDATA
53,15,-4,INCLUDED_OPEN
53,15,-3,INCLUDED_OPEN
53,15,-2,INCLUDED_OPEN
53,15,-1,INCLUDED_OPEN
53,15,0,INCLUDED_OPEN
53,15,1,INCLUDED_OPEN
53,15,2,INCLUDED_OPEN
53,16,-6,INCLUDED_LOWDATA
53,16,-4,INCLUDED_OPEN
53,16,-3,INCLUDED_OPEN
53,16,-2,INCLUDED_OPEN
53,16,-1,INCLUDED_OPEN
53,16,0,INCLUDED_OPEN
53,16,1,INCLUDED_OPEN
53,16,2,INCLUDED_OPEN
53,17,-4,INCLUDED_OPEN
53,17,-3,INCLUDED_OPEN
53,17,-2,INCLUDED_OPEN
53,17,-1,INCLUDED_OPEN
53,17,0,INCLUDED_OPEN
53,17,1,INCLUDED_OPEN
53,17,2,rl-3
53,19,-10,INCLUDED_OPEN
53,19,-9,INCLUDED_OPEN
53,19,-8,INCLUDED_OPEN
53,19,-7,INCLUDED_OPEN
53,19,-6,INCLUDED_OPEN
53,19,-5,INCLUDED_OPEN
53,19,-4,INCLUDED_OPEN
53,19,-3,INCLUDED_OPEN
53,19,-2,INCLUDED_OPEN
53,19,-1,INCLUDED_LOWDATA
53,19,0,INCLUDED_LOWDATA
53,19,1,INCLUDED_LOWDATA
53,19,2,INCLUDED_LOWDATA
53,19,3,INCLUDED_LOWDATA
53,20,-10,INCLUDED_OPEN
53,20,-9,INCLUDED_OPEN
53,20,-8,INCLUDED_OPEN
53,20,-7,INCLUDED_OPEN
53,20,-6,INCLUDED_OPEN
53,20,-5,INCLUDED_OPEN
53,20,-4,INCLUDED_OPEN
53,20,-3,INCLUDED_OPEN
53,20,-2,INCLUDED_OPEN
53,20,-1,INCLUDED_LOWDATA
53,20,0,INCLUDED_LOWDATA
53,20,1,INCLUDED_LOWDATA
53,20,2,INCLUDED_LOWDATA
53,20,3,INCLUDED_LOWDATA
53,21,-10,INCLUDED_OPEN
53,21,-9,INCLUDED_OPEN
53,21,-8,INCLUDED_OPEN
53,21,-7,INCLUDED_OPEN
53,21,-6,INCLUDED_OPEN
53,21,-5,INCLUDED_OPEN
53,21,-4,INCLUDED_OPEN
53,21,-3,INCLUDED_OPEN
53,21,-2,INCLUDED_OPEN
53,21,-1,INCLUDED_OPEN
53,21,0,INCLUDED_LOWDATA
53,21,1,INCLUDED_LOWDATA
53,21,2,INCLUDED_LOWDATA
53,21,3,INCLUDED_LOWDATA
53,22,-10,INCLUDED_OPEN
53,22,-9,INCLUDED_OPEN
53,22,-8,INCLUDED_OPEN
53,22,-7,INCLUDED_OPEN
53,22,-6,INCLUDED_OPEN
53,22,-5,INCLUDED_OPEN
53,22,-4,INCLUDED_OPEN
53,22,-3,INCLUDED_OPEN
53,22,-2,INCLUDED_OPEN
53,22,-1,INCLUDED_LOWDATA
53,22,0,INCLUDED_LOWDATA
53,22,1,INCLUDED_LOWDATA
53,22,2,INCLUDED_LOWDATA
53,22,3,INCLUDED_LOWDATA
53,22,4,INCLUDED_LOWDATA
53,23,-10,INCLUDED_OPEN
53,23,-9,INCLUDED_OPEN
53,23,-8,INCLUDED_OPEN
53,23,-7,INCLUDED_OPEN
53,23,-6,INCLUDED_OPEN
53,23,-5,INCLUDED_OPEN
53,23,-4,INCLUDED_OPEN
53,23,-3,INCLUDED_OPEN
53,23,-2,INCLUDED_OPEN
53,23,-1,INCLUDED_LOWDATA
53,23,0,INCLUDED_LOWDATA
53,23,1,INCLUDED_LOWDATA
53,23,2,INCLUDED_LOWDATA
53,23,3,INCLUDED_LOWDATA
53,23,4,INCLUDED_LOWDATA
53,24,-10,INCLUDED_OPEN
53,24,-9,INCLUDED_OPEN
53,24,-8,INCLUDED_OPEN
53,24,-7,INCLUDED_OPEN
53,24,-6,INCLUDED_OPEN
53,24,-5,INCLUDED_OPEN
53,24,-4,INCLUDED_OPEN
53,24,-3,INCLUDED_OPEN
53,24,-2,INCLUDED_OPEN
53,24,-1,INCLUDED_LOWDATA
53,24,0,INCLUDED_LOWDATA
53,24,1,INCLUDED_LOWDATA
53,24,2,INCLUDED_LOWDATA
53,24,3,INCLUDED_LOWDATA
53,24,4,INCLUDED_LOWDATA
53,25,-10,INCLUDED_OPEN
53,25,-9,INCLUDED_OPEN
53,25,-8,INCLUDED_OPEN
53,25,-7,INCLUDED_OPEN
53,25,-6,INCLUDED_OPEN
53,25,-5,INCLUDED_OPEN
53,25,-4,INCLUDED_OPEN
53,25,-3,INCLUDED_OPEN
53,25,-2,INCLUDED_OPEN
53,25,-1,INCLUDED_LOWDATA
53,25,0,INCLUDED_LOWDATA
53,25,1,INCLUDED_LOWDATA
53,25,2,INCLUDED_LOWDATA
53,25,3,INCLUDED_LOWDATA
53,25,4,INCLUDED_LOWDATA
53,26,-10,INCLUDED_OPEN
53,26,-9,INCLUDED_OPEN
53,26,-8,INCLUDED_OPEN
53,26,-7,INCLUDED_OPEN
53,26,-6,INCLUDED_OPEN
53,26,-5,INCLUDED_OPEN
53,26,-4,INCLUDED_OPEN
53,26,-3,INCLUDED_OPEN
53,26,-2,INCLUDED_LOWDATA
53,26,-1,INCLUDED_LOWDATA
53,26,0,INCLUDED_LOWDATA
53,26,1,INCLUDED_LOWDATA
53,26,2,INCLUDED_LOWDATA
53,26,4,INCLUDED_LOWDATA
53,27,-10,INCLUDED_OPEN
53,27,-9,INCLUDED_OPEN
53,27,-8,INCLUDED_OPEN
53,27,-7,INCLUDED_OPEN
53,27,-6,INCLUDED_OPEN
53,27,-5,INCLUDED_OPEN
53,27,-4,INCLUDED_OPEN
53,27,-3,INCLUDED_OPEN
53,27,-2,INCLUDED_OPEN
53,27,-1,INCLUDED_LOWDATA
53,27,0,INCLUDED_LOWDATA
53,27,1,INCLUDED_LOWDATA
53,27,2,INCLUDED_LOWDATA
53,27,3,INCLUDED_LOWDATA
53,27,4,INCLUDED_LOWDATA
53,28,-10,INCLUDED_OPEN
53,28,-9,INCLUDED_OPEN
53,28,-8,INCLUDED_OPEN
53,28,-7,INCLUDED_OPEN
53,28,-6,INCLUDED_OPEN
53,28,-5,INCLUDED_OPEN
53,28,-4,INCLUDED_OPEN
53,28,-3,INCLUDED_OPEN
53,28,-2,INCLUDED_LOWDATA
53,28,-1,INCLUDED_LOWDATA
53,28,0,INCLUDED_LOWDATA
53,28,1,INCLUDED_LOWDATA
53,28,2,INCLUDED_LOWDATA
53,28,3,INCLUDED_LOWDATA
53,28,4,INCLUDED_LOWDATA
53,29,-10,INCLUDED_OPEN
53,29,-9,INCLUDED_OPEN
53,29,-8,INCLUDED_OPEN
53,29,-7,INCLUDED_OPEN
53,29,-6,INCLUDED_OPEN
53,29,-5,INCLUDED_OPEN
53,29,-4,INCLUDED_OPEN
53,29,-3,INCLUDED_OPEN
53,29,-2,INCLUDED_LOWDATA
53,29,-1,INCLUDED_LOWDATA
53,29,0,INCLUDED_LOWDATA
53,29,1,INCLUDED_LOWDATA
53,29,2,INCLUDED_LOWDATA
53,29,3,INCLUDED_LOWDATA
53,29,4,INCLUDED_LOWDATA
53,30,-10,INCLUDED_OPEN
53,30,-9,INCLUDED_OPEN
53,30,-8,INCLUDED_OPEN
53,30,-7,INCLUDED_OPEN
53,30,-6,INCLUDED_OPEN
53,30,-5,INCLUDED_OPEN
53,30,-4,INCLUDED_OPEN
53,30,-3,INCLUDED_OPEN
53,30,-2,INCLUDED_LOWDATA
53,30,-1,INCLUDED_LOWDATA
53,30,0,INCLUDED_LOWDATA
53,30,1,INCLUDED_LOWDATA
53,30,2,INCLUDED_LOWDATA
53,30,3,INCLUDED_LOWDATA
53,30,4,INCLUDED_LOWDATA
53,31,-8,INCLUDED_LOWDATA
53,31,-7,INCLUDED_OPEN
53,31,-6,INCLUDED_OPEN
53,31,-5,INCLUDED_OPEN
53,31,-4,INCLUDED_OPEN
53,31,-3,INCLUDED_OPEN
53,31,-2,INCLUDED_OPEN
53,31,-1,INCLUDED_LOWDATA
53,31,1,INCLUDED_LOWDATA
53,31,2,INCLUDED_LOWDATA
53,31,3,INCLUDED_LOWDATA
53,31,4,INCLUDED_LOWDATA
53,32,-8,INCLUDED_OPEN
53,32,-7,INCLUDED_OPEN
53,32,-6,INCLUDED_OPEN
53,32,-5,INCLUDED_OPEN
53,32,-4,INCLUDED_OPEN
53,32,-3,INCLUDED_OPEN
53,32,-2,INCLUDED_OPEN
53,32,-1,INCLUDED_OPEN
53,32,0,INCLUDED_LOWDATA
53,32,1,INCLUDED_OPEN
53,32,2,INCLUDED_LOWDATA
53,32,3,INCLUDED_OPEN
53,32,4,INCLUDED_OPEN
53,33,-7,INCLUDED_LOWDATA
54,-30,-2,INCLUDED_LOWDATA
54,-30,-1,INCLUDED_OPEN
54,-30,0,INCLUDED_OPEN
54,-30,1,INCLUDED_OPEN
54,-30,2,INCLUDED_OPEN
54,-30,3,INCLUDED_OPEN
54,-30,4,INCLUDED_OPEN
54,-29,-1,INCLUDED_OPEN
54,-29,0,INCLUDED_OPEN
54,-29,1,INCLUDED_OPEN
54,-29,2,INCLUDED_OPEN
54,-29,3,INCLUDED_OPEN
54,-29,4,INCLUDED_OPEN
54,-28,-1,INCLUDED_OPEN
54,-28,0,INCLUDED_OPEN
54,-28,1,INCLUDED_OPEN
54,-28,2,INCLUDED_OPEN
54,-28,3,INCLUDED_OPEN
54,-28,4,INCLUDED_OPEN
54,-27,-1,INCLUDED_OPEN
54,-27,0,INCLUDED_OPEN
54,-27,1,INCLUDED_OPEN
54,-27,2,INCLUDED_OPEN
54,-27,3,INCLUDED_OPEN
54,-27,4,INCLUDED_OPEN
54,-26,-2,INCLUDED_OPEN
54,-26,-1,INCLUDED_OPEN
54,-26,0,INCLUDED_OPEN
54,-26,1,INCLUDED_OPEN
54,-26,2,INCLUDED_OPEN
54,-26,3,INCLUDED_OPEN
54,-26,4,INCLUDED_OPEN
54,-25,-2,INCLUDED_OPEN
54,-25,-1,INCLUDED_OPEN
54,-25,0,INCLUDED_OPEN
54,-25,1,INCLUDED_OPEN
54,-25,2,INCLUDED_OPEN
54,-25,3,INCLUDED_OPEN
54,-25,4,INCLUDED_OPEN
54,-24,-2,INCLUDED_OPEN
54,-24,-1,INCLUDED_OPEN
54,-24,0,INCLUDED_OPEN
54,-24,1,INCLUDED_OPEN
54,-24,2,INCLUDED_OPEN
54,-24,3,INCLUDED_OPEN
54,-24,4,INCLUDED_OPEN
54,-23,-2,INCLUDED_OPEN
54,-23,-1,INCLUDED_OPEN
54,-23,0,INCLUDED_OPEN
54,-23,1,INCLUDED_OPEN
54,-23,2,INCLUDED_OPEN
54,-23,3,INCLUDED_OPEN
54,-23,4,INCLUDED_OPEN
54,-22,-2,INCLUDED_OPEN
54,-22,-1,INCLUDED_OPEN
54,-22,0,INCLUDED_OPEN
54,-22,1,INCLUDED_OPEN
54,-22,2,INCLUDED_OPEN
54,-22,3,INCLUDED_OPEN
54,-22,4,INCLUDED_OPEN
54,-21,-2,INCLUDED_OPEN
54,-21,-1,INCLUDED_OPEN
54,-21,0,INCLUDED_OPEN
54,-21,1,INCLUDED_OPEN
54,-21,2,INCLUDED_OPEN
54,-21,3,INCLUDED_OPEN
54,-21,4,INCLUDED_OPEN
54,-20,-2,INCLUDED_OPEN
54,-20,-1,INCLUDED_OPEN
54,-20,0,INCLUDED_OPEN
54,-20,1,INCLUDED_OPEN
54,-20,2,INCLUDED_OPEN
54,-20,3,INCLUDED_OPEN
54,-20,4,INCLUDED_OPEN
54,-19,-2,INCLUDED_OPEN
54,-19,-1,INCLUDED_OPEN
54,-19,0,INCLUDED_OPEN
54,-19,1,INCLUDED_OPEN
54,-19,2,INCLUDED_OPEN
54,-19,3,INCLUDED_OPEN
54,-19,4,INCLUDED_OPEN
54,-18,-3,INCLUDED_LOWDATA
54,-16,-13,EXCLUDED_WATER
54,-16,-12,EXCLUDED_WATER
54,-16,-11,EXCLUDED_WATER
54,-16,-10,EXCLUDED_WATER
54,-16,-9,EXCLUDED_WATER
54,-16,-8,EXCLUDED_WATER
54,-16,-7,EXCLUDED_WATER
54,-16,-6,INCLUDED_OPEN
54,-16,-5,INCLUDED_OPEN
54,-16,-4,INCLUDED_LOWDATA
54,-16,-2,INCLUDED_OPEN
54,-16,-1,INCLUDED_OPEN
54,-16,0,INCLUDED_OPEN
54,-16,1,INCLUDED_OPEN
54,-16,2,INCLUDED_OPEN
54,-15,-13,EXCLUDED_WATER
54,-15,-12,EXCLUDED_WATER
54,-15,-11,EXCLUDED_WATER
54,-15,-10,EXCLUDED_WATER
54,-15,-9,EXCLUDED_WATER
54,-15,-8,EXCLUDED_WATER
54,-15,-7,EXCLUDED_WATER
54,-15,-6,EXCLUDED_WATER
54,-15,-5,INCLUDED_LOWDATA
54,-15,-2,INCLUDED_OPEN
54,-15,-1,INCLUDED_OPEN
54,-15,0,INCLUDED_OPEN
54,-15,1,INCLUDED_OPEN
54,-15,2,INCLUDED_OPEN
54,-14,-13,EXCLUDED_WATER
54,-14,-12,EXCLUDED_WATER
54,-14,-11,EXCLUDED_WATER
54,-14,-10,EXCLUDED_WATER
54,-14,-9,EXCLUDED_WATER
54,-14,-8,EXCLUDED_WATER
54,-14,-7,EXCLUDED_WATER
54,-14,-6,EXCLUDED_WATER
54,-14,-5,INCLUDED_OPEN
54,-14,-4,INCLUDED_LOWDATA
54,-14,-2,INCLUDED_OPEN
54,-14,-1,INCLUDED_OPEN
54,-14,0,INCLUDED_OPEN
54,-14,1,INCLUDED_OPEN
54,-14,2,INCLUDED_OPEN
54,-13,-13,EXCLUDED_WATER
54,-13,-12,EXCLUDED_WATER
54,-13,-11,EXCLUDED_WATER
54,-13,-10,EXCLUDED_WATER
54,-13,-9,EXCLUDED_WATER
54,-13,-8,EXCLUDED_WATER
54,-13,-7,EXCLUDED_WATER
54,-13,-6,INCLUDED_OPEN
54,-13,-5,INCLUDED_OPEN
54,-13,-4,INCLUDED_LOWDATA
54,-13,-2,INCLUDED_OPEN
54,-13,-1,INCLUDED_OPEN
54,-13,0,INCLUDED_OPEN
54,-13,1,INCLUDED_OPEN
54,-13,2,INCLUDED_OPEN
54,-12,-13,EXCLUDED_WATER
54,-12,-12,EXCLUDED_WATER
54,-12,-11,EXCLUDED_WATER
54,-12,-10,EXCLUDED_WATER
54,-12,-9,EXCLUDED_WATER
54,-12,-8,EXCLUDED_WATER
54,-12,-7,EXCLUDED_WATER
54,-12,-6,INCLUDED_OPEN
54,-12,-5,INCLUDED_OPEN
54,-12,-4,INCLUDED_OPEN
54,-12,-2,INCLUDED_OPEN
54,-12,-1,INCLUDED_OPEN
54,-12,0,INCLUDED_OPEN
54,-12,1,INCLUDED_OPEN
54,-12,2,INCLUDED_OPEN
54,-11,-13,EXCLUDED_WATER
54,-11,-12,EXCLUDED_WATER
54,-11,-11,EXCLUDED_WATER
54,-11,-10,EXCLUDED_WATER
54,-11,-9,EXCLUDED_WATER
54,-11,-8,EXCLUDED_WATER
54,-11,-7,EXCLUDED_WATER
54,-11,-6,INCLUDED_OPEN
54,-11,-5,INCLUDED_OPEN
54,-11,-4,INCLUDED_OPEN
54,-11,-3,INCLUDED_OPEN
54,-11,-2,INCLUDED_OPEN
54,-11,-1,INCLUDED_OPEN
54,-11,0,INCLUDED_OPEN
54,-11,1,INCLUDED_OPEN
54,-10,-13,EXCLUDED_WATER
54,-10,-12,EXCLUDED_WATER
54,-10,-11,EXCLUDED_WATER
54,-10,-10,EXCLUDED_WATER
54,-10,-9,EXCLUDED_WATER
54,-10,-8,EXCLUDED_WATER
54,-10,-7,EXCLUDED_WATER
54,-10,-6,INCLUDED_OPEN
54,-10,-5,INCLUDED_OPEN
54,-10,-4,INCLUDED_OPEN
54,-10,-3,INCLUDED_OPEN
54,-10,-2,INCLUDED_OPEN
54,-10,-1,INCLUDED_OPEN
54,-10,0,INCLUDED_OPEN
54,-10,1,INCLUDED_OPEN
54,-10,2,INCLUDED_OPEN
54,-9,-13,EXCLUDED_WATER
54,-9,-12,EXCLUDED_WATER
54,-9,-11,EXCLUDED_WATER
54,-9,-10,EXCLUDED_WATER
54,-9,-9,EXCLUDED_WATER
54,-9,-8,EXCLUDED_WATER
54,-9,-7,EXCLUDED_WATER
54,-9,-6,INCLUDED_OPEN
54,-9,-5,INCLUDED_OPEN
54,-9,-4,INCLUDED_OPEN
54,-9,-3,INCLUDED_OPEN
54,-9,-2,INCLUDED_OPEN
54,-9,-1,INCLUDED_OPEN
54,-9,0,INCLUDED_OPEN
54,-9,1,INCLUDED_OPEN
54,-9,2,INCLUDED_LOWDATA
54,-8,-13,EXCLUDED_WATER
54,-8,-12,EXCLUDED_WATER
54,-8,-11,EXCLUDED_WATER
54,-8,-10,EXCLUDED_WATER
54,-8,-9,EXCLUDED_WATER
54,-8,-8,EXCLUDED_WATER
54,-8,-7,EXCLUDED_WATER
54,-8,-6,INCLUDED_OPEN
54,-8,-5,INCLUDED_OPEN
54,-8,-4,INCLUDED_OPEN
54,-8,-3,INCLUDED_OPEN
54,-8,-2,INCLUDED_OPEN
54,-8,-1,INCLUDED_OPEN
54,-8,0,INCLUDED_OPEN
54,-8,1,INCLUDED_OPEN
54,-8,2,INCLUDED_OPEN
54,-7,-13,EXCLUDED_WATER
54,-7,-12,EXCLUDED_WATER
54,-7,-11,EXCLUDED_WATER
54,-7,-10,EXCLUDED_WATER
54,-7,-9,EXCLUDED_WATER
54,-7,-8,EXCLUDED_WATER
54,-7,-7,EXCLUDED_WATER
54,-7,-6,INCLUDED_OPEN
54,-7,-5,INCLUDED_OPEN
54,-7,-4,INCLUDED_OPEN
54,-7,-3,INCLUDED_OPEN
54,-7,-2,INCLUDED_OPEN
54,-7,-1,INCLUDED_OPEN
54,-7,0,INCLUDED_OPEN
54,-7,1,INCLUDED_OPEN
54,-6,-13,EXCLUDED_WATER
54,-6,-12,EXCLUDED_WATER
54,-6,-11,EXCLUDED_WATER
54,-6,-10,EXCLUDED_WATER
54,-6,-9,EXCLUDED_WATER
54,-6,-8,EXCLUDED_WATER
54,-6,-7,EXCLUDED_WATER
54,-6,-6,INCLUDED_OPEN
54,-6,-5,INCLUDED_OPEN
54,-6,-4,INCLUDED_OPEN
54,-6,-3,INCLUDED_OPEN
54,-6,-2,INCLUDED_OPEN
54,-6,-1,INCLUDED_OPEN
54,-6,0,INCLUDED_OPEN
54,-6,1,INCLUDED_OPEN
54,-6,2,ssg-ya-3
54,-5,-13,EXCLUDED_WATER
54,-5,-12,EXCLUDED_WATER
54,-5,-11,EXCLUDED_WATER
54,-5,-10,EXCLUDED_WATER
54,-5,-9,EXCLUDED_WATER
54,-5,-8,EXCLUDED_WATER
54,-5,-7,EXCLUDED_WATER
54,-5,-6,INCLUDED_OPEN
54,-5,-5,INCLUDED_OPEN
54,-5,-4,INCLUDED_OPEN
54,-5,-3,INCLUDED_OPEN
54,-5,-2,INCLUDED_OPEN
54,-5,-1,INCLUDED_OPEN
54,-5,0,INCLUDED_OPEN
54,-5,1,INCLUDED_OPEN
54,-5,2,INCLUDED_LOWDATA
54,-4,-13,EXCLUDED_WATER
54,-4,-12,EXCLUDED_WATER
54,-4,-11,EXCLUDED_WATER
54,-4,-10,EXCLUDED_WATER
54,-4,-9,EXCLUDED_WATER
54,-4,-8,EXCLUDED_WATER
54,-4,-7,EXCLUDED_WATER
54,-4,-6,INCLUDED_OPEN
54,-4,-5,INCLUDED_OPEN
54,-4,-4,INCLUDED_OPEN
54,-4,-3,INCLUDED_OPEN
54,-4,-2,INCLUDED_OPEN
54,-4,-1,INCLUDED_OPEN
54,-4,0,INCLUDED_OPEN
54,-4,1,INCLUDED_OPEN
54,-4,2,INCLUDED_LOWDATA
54,-3,-13,EXCLUDED_WATER
54,-3,-12,EXCLUDED_WATER
54,-3,-11,EXCLUDED_WATER
54,-3,-10,EXCLUDED_WATER
54,-3,-9,EXCLUDED_WATER
54,-3,-8,EXCLUDED_WATER
54,-3,-6,INCLUDED_OPEN
54,-3,-5,INCLUDED_OPEN
54,-3,-4,INCLUDED_OPEN
54,-3,-3,INCLUDED_OPEN
54,-3,-2,INCLUDED_OPEN
54,-3,-1,INCLUDED_OPEN
54,-3,0,INCLUDED_OPEN
54,-3,1,INCLUDED_OPEN
54,-2,-7,INCLUDED_LOWDATA
54,-2,-6,INCLUDED_OPEN
54,-2,-5,INCLUDED_OPEN
54,-2,-4,INCLUDED_OPEN
54,-2,-3,INCLUDED_OPEN
54,-2,-2,INCLUDED_OPEN
54,-2,-1,INCLUDED_OPEN
54,-2,0,INCLUDED_OPEN
54,-2,1,INCLUDED_OPEN
54,-2,2,INCLUDED_LOWDATA
54,-1,-7,INCLUDED_LOWDATA
54,-1,-6,INCLUDED_OPEN
54,-1,-5,INCLUDED_OPEN
54,-1,-4,INCLUDED_OPEN
54,-1,-3,INCLUDED_OPEN
54,-1,-2,INCLUDED_OPEN
54,-1,-1,INCLUDED_OPEN
54,-1,0,INCLUDED_OPEN
54,-1,1,INCLUDED_OPEN
54,-1,2,INCLUDED_OPEN
54,0,-13,EXCLUDED_WATER
54,0,-12,EXCLUDED_WATER
54,0,-11,EXCLUDED_WATER
54,0,-10,EXCLUDED_WATER
54,0,-9,EXCLUDED_WATER
54,0,-8,EXCLUDED_WATER
54,0,-6,INCLUDED_OPEN
54,0,-5,INCLUDED_OPEN
54,0,-4,INCLUDED_OPEN
54,0,-3,INCLUDED_OPEN
54,0,-2,INCLUDED_OPEN
54,0,-1,INCLUDED_OPEN
54,0,0,INCLUDED_OPEN
54,0,1,INCLUDED_OPEN
54,0,2,INCLUDED_OPEN
54,1,-13,EXCLUDED_WATER
54,1,-12,EXCLUDED_WATER
54,1,-11,EXCLUDED_WATER
54,1,-10,EXCLUDED_WATER
54,1,-9,EXCLUDED_WATER
54,1,-8,EXCLUDED_WATER
54,1,-7,EXCLUDED_WATER
54,1,-6,INCLUDED_OPEN
54,1,-5,INCLUDED_OPEN
54,1,-4,INCLUDED_OPEN
54,1,-3,INCLUDED_OPEN
54,1,-2,INCLUDED_OPEN
54,1,-1,INCLUDED_OPEN
54,1,0,INCLUDED_OPEN
54,1,1,INCLUDED_OPEN
54,1,2,INCLUDED_OPEN
54,2,-13,EXCLUDED_WATER
54,2,-12,EXCLUDED_WATER
54,2,-11,EXCLUDED_WATER
54,2,-10,EXCLUDED_WATER
54,2,-9,EXCLUDED_WATER
54,2,-8,EXCLUDED_WATER
54,2,-7,EXCLUDED_WATER
54,2,-6,INCLUDED_OPEN
54,2,-5,INCLUDED_OPEN
54,2,-4,INCLUDED_OPEN
54,2,-3,INCLUDED_OPEN
54,2,-2,INCLUDED_OPEN
54,2,-1,INCLUDED_OPEN
54,2,0,INCLUDED_OPEN
54,2,1,INCLUDED_OPEN
54,2,2,constrained-misc
54,3,-13,EXCLUDED_WATER
54,3,-12,EXCLUDED_WATER
54,3,-11,EXCLUDED_WATER
54,3,-10,EXCLUDED_WATER
54,3,-9,EXCLUDED_WATER
54,3,-8,EXCLUDED_WATER
54,3,-7,EXCLUDED_WATER
54,3,-6,INCLUDED_OPEN
54,3,-5,INCLUDED_OPEN
54,3,-4,INCLUDED_OPEN
54,3,-3,INCLUDED_OPEN
54,3,-2,INCLUDED_OPEN
54,3,-1,INCLUDED_OPEN
54,3,0,INCLUDED_OPEN
54,3,1,INCLUDED_OPEN
54,3,2,INCLUDED_OPEN
54,4,-13,EXCLUDED_WATER
54,4,-12,EXCLUDED_WATER
54,4,-11,EXCLUDED_WATER
54,4,-10,EXCLUDED_WATER
54,4,-9,EXCLUDED_WATER
54,4,-8,EXCLUDED_WATER
54,4,-7,EXCLUDED_WATER
54,4,-6,INCLUDED_OPEN
54,4,-5,INCLUDED_OPEN
54,4,-4,INCLUDED_OPEN
54,4,-3,INCLUDED_OPEN
54,4,-2,INCLUDED_OPEN
54,4,-1,INCLUDED_OPEN
54,4,0,INCLUDED_OPEN
54,4,1,INCLUDED_OPEN
54,5,-13,EXCLUDED_WATER
54,5,-12,EXCLUDED_WATER
54,5,-11,EXCLUDED_WATER
54,5,-10,EXCLUDED_WATER
54,5,-9,EXCLUDED_WATER
54,5,-8,EXCLUDED_WATER
54,5,-7,EXCLUDED_WATER
54,5,-6,INCLUDED_OPEN
54,5,-5,INCLUDED_OPEN
54,5,-4,INCLUDED_OPEN
54,5,-3,INCLUDED_OPEN
54,5,-2,INCLUDED_OPEN
54,5,-1,INCLUDED_OPEN
54,5,0,INCLUDED_OPEN
54,5,1,INCLUDED_OPEN
54,6,-13,EXCLUDED_WATER
54,6,-12,EXCLUDED_WATER
54,6,-11,EXCLUDED_WATER
54,6,-10,EXCLUDED_WATER
54,6,-9,EXCLUDED_WATER
54,6,-8,EXCLUDED_WATER
54,6,-7,EXCLUDED_WATER
54,6,-6,INCLUDED_OPEN
54,6,-5,INCLUDED_OPEN
54,6,-4,INCLUDED_OPEN
54,6,-3,INCLUDED_OPEN
54,6,-2,INCLUDED_OPEN
54,6,-1,INCLUDED_OPEN
54,6,0,INCLUDED_OPEN
54,6,1,INCLUDED_LOWDATA
54,7,-13,EXCLUDED_WATER
54,7,-12,EXCLUDED_WATER
54,7,-11,EXCLUDED_WATER
54,7,-10,EXCLUDED_WATER
54,7,-9,EXCLUDED_WATER
54,7,-8,EXCLUDED_WATER
54,7,-7,EXCLUDED_WATER
54,7,-6,INCLUDED_OPEN
54,7,-5,INCLUDED_OPEN
54,7,-4,INCLUDED_OPEN
54,7,-3,INCLUDED_OPEN
54,7,-2,INCLUDED_OPEN
54,7,-1,INCLUDED_OPEN
54,7,0,INCLUDED_OPEN
54,7,1,INCLUDED_OPEN
54,8,-13,EXCLUDED_WATER
54,8,-12,EXCLUDED_WATER
54,8,-11,EXCLUDED_WATER
54,8,-10,EXCLUDED_WATER
54,8,-9,EXCLUDED_WATER
54,8,-8,EXCLUDED_WATER
54,8,-7,EXCLUDED_WATER
54,8,-6,INCLUDED_OPEN
54,8,-5,INCLUDED_OPEN
54,8,-4,INCLUDED_OPEN
54,8,-3,INCLUDED_OPEN
54,8,-2,INCLUDED_OPEN
54,8,-1,INCLUDED_OPEN
54,8,0,INCLUDED_OPEN
54,8,1,INCLUDED_OPEN
54,8,2,INCLUDED_LOWDATA
54,9,-13,EXCLUDED_WATER
54,9,-12,EXCLUDED_WATER
54,9,-11,EXCLUDED_WATER
54,9,-10,EXCLUDED_WATER
54,9,-9,EXCLUDED_WATER
54,9,-8,EXCLUDED_WATER
54,9,-7,EXCLUDED_WATER
54,9,-6,INCLUDED_OPEN
54,9,-5,INCLUDED_OPEN
54,9,-4,INCLUDED_OPEN
54,9,-3,INCLUDED_OPEN
54,9,-2,INCLUDED_OPEN
54,9,-1,INCLUDED_OPEN
54,9,0,INCLUDED_OPEN
54,9,1,INCLUDED_LOWDATA
54,10,-13,EXCLUDED_WATER
54,10,-12,EXCLUDED_WATER
54,10,-11,EXCLUDED_WATER
54,10,-10,EXCLUDED_WATER
54,10,-9,EXCLUDED_WATER
54,10,-8,EXCLUDED_WATER
54,10,-7,EXCLUDED_WATER
54,10,-6,INCLUDED_OPEN
54,10,-5,INCLUDED_OPEN
54,10,-4,INCLUDED_OPEN
54,10,-3,INCLUDED_OPEN
54,10,-2,INCLUDED_OPEN
54,10,-1,INCLUDED_OPEN
54,10,0,INCLUDED_OPEN
54,10,1,INCLUDED_OPEN
54,10,2,INCLUDED_LOWDATA
54,11,-13,EXCLUDED_WATER
54,11,-12,EXCLUDED_WATER
54,11,-11,EXCLUDED_WATER
54,11,-10,EXCLUDED_WATER
54,11,-9,EXCLUDED_WATER
54,11,-8,EXCLUDED_WATER
54,11,-7,EXCLUDED_WATER
54,11,-6,INCLUDED_OPEN
54,11,-5,INCLUDED_OPEN
54,11,-4,INCLUDED_OPEN
54,11,-3,INCLUDED_OPEN
54,11,-2,INCLUDED_OPEN
54,11,-1,INCLUDED_OPEN
54,11,0,INCLUDED_OPEN
54,11,1,INCLUDED_LOWDATA
54,11,2,INCLUDED_LOWDATA
54,12,-4,INCLUDED_OPEN
54,12,-3,INCLUDED_OPEN
54,12,-2,INCLUDED_OPEN
54,12,-1,INCLUDED_OPEN
54,12,0,INCLUDED_OPEN
54,12,1,constrained-misc
54,12,2,constrained-misc
54,13,-6,INCLUDED_LOWDATA
54,13,-4,INCLUDED_OPEN
54,13,-3,INCLUDED_OPEN
54,13,-2,INCLUDED_OPEN
54,13,-1,INCLUDED_OPEN
54,13,0,INCLUDED_OPEN
54,13,1,INCLUDED_OPEN
54,13,2,INCLUDED_LOWDATA
54,14,-4,INCLUDED_OPEN
54,14,-3,INCLUDED_OPEN
54,14,-2,INCLUDED_OPEN
54,14,-1,INCLUDED_OPEN
54,14,0,INCLUDED_OPEN
54,14,1,INCLUDED_OPEN
54,14,2,INCLUDED_LOWDATA
54,15,-6,INCLUDED_LOWDATA
54,15,-4,INCLUDED_OPEN
54,15,-3,INCLUDED_OPEN
54,15,-2,INCLUDED_OPEN
54,15,-1,INCLUDED_OPEN
54,15,0,INCLUDED_OPEN
54,15,1,INCLUDED_OPEN
54,15,2,INCLUDED_LOWDATA
54,16,-6,INCLUDED_LOWDATA
54,16,-4,INCLUDED_OPEN
54,16,-3,INCLUDED_OPEN
54,16,-2,INCLUDED_OPEN
54,16,-1,INCLUDED_OPEN
54,16,0,INCLUDED_OPEN
54,16,1,INCLUDED_OPEN
54,16,2,rl-3
54,17,-4,INCLUDED_OPEN
54,17,-3,INCLUDED_OPEN
54,17,-2,INCLUDED_OPEN
54,17,-1,INCLUDED_OPEN
54,17,0,INCLUDED_OPEN
54,17,1,rl-3
54,17,2,rl-3
54,19,-10,INCLUDED_OPEN
54,19,-9,INCLUDED_OPEN
54,19,-8,INCLUDED_OPEN
54,19,-7,INCLUDED_OPEN
54,19,-6,INCLUDED_OPEN
54,19,-5,INCLUDED_OPEN
54,19,-4,INCLUDED_OPEN
54,19,-3,INCLUDED_OPEN
54,19,-2,INCLUDED_OPEN
54,19,-1,INCLUDED_LOWDATA
54,19,0,INCLUDED_LOWDATA
54,19,1,INCLUDED_LOWDATA
54,19,2,INCLUDED_LOWDATA
54,19,3,INCLUDED_LOWDATA
54,19,4,INCLUDED_LOWDATA
54,20,-10,INCLUDED_OPEN
54,20,-9,INCLUDED_OPEN
54,20,-8,INCLUDED_OPEN
54,20,-7,INCLUDED_OPEN
54,20,-6,INCLUDED_OPEN
54,20,-5,INCLUDED_OPEN
54,20,-4,INCLUDED_OPEN
54,20,-3,INCLUDED_OPEN
54,20,-2,INCLUDED_OPEN
54,20,-1,INCLUDED_LOWDATA
54,20,0,INCLUDED_LOWDATA
54,20,1,INCLUDED_LOWDATA
54,20,2,INCLUDED_LOWDATA
54,20,3,INCLUDED_LOWDATA
54,20,4,INCLUDED_LOWDATA
54,21,-10,INCLUDED_OPEN
54,21,-9,INCLUDED_OPEN
54,21,-8,INCLUDED_OPEN
54,21,-7,INCLUDED_OPEN
54,21,-6,INCLUDED_OPEN
54,21,-5,INCLUDED_OPEN
54,21,-4,INCLUDED_OPEN
54,21,-3,INCLUDED_OPEN
54,21,-2,INCLUDED_OPEN
54,21,-1,INCLUDED_LOWDATA
54,21,0,INCLUDED_LOWDATA
54,21,1,INCLUDED_LOWDATA
54,21,2,INCLUDED_LOWDATA
54,21,3,INCLUDED_LOWDATA
54,22,-10,INCLUDED_OPEN
54,22,-9,INCLUDED_OPEN
54,22,-8,INCLUDED_OPEN
54,22,-7,INCLUDED_OPEN
54,22,-6,INCLUDED_OPEN
54,22,-5,INCLUDED_OPEN
54,22,-4,INCLUDED_OPEN
54,22,-3,INCLUDED_OPEN
54,22,-2,INCLUDED_LOWDATA
54,22,-1,INCLUDED_LOWDATA
54,22,0,INCLUDED_LOWDATA
54,22,1,INCLUDED_LOWDATA
54,22,2,INCLUDED_LOWDATA
54,22,3,INCLUDED_LOWDATA
54,23,-10,INCLUDED_OPEN
54,23,-9,INCLUDED_OPEN
54,23,-8,INCLUDED_OPEN
54,23,-7,INCLUDED_OPEN
54,23,-6,INCLUDED_OPEN
54,23,-5,INCLUDED_OPEN
54,23,-4,INCLUDED_OPEN
54,23,-3,INCLUDED_OPEN
54,23,-2,INCLUDED_OPEN
54,23,-1,INCLUDED_LOWDATA
54,23,0,INCLUDED_LOWDATA
54,23,1,INCLUDED_LOWDATA
54,23,2,INCLUDED_LOWDATA
54,23,3,INCLUDED_LOWDATA
54,24,-10,INCLUDED_OPEN
54,24,-9,INCLUDED_OPEN
54,24,-8,INCLUDED_OPEN
54,24,-7,INCLUDED_OPEN
54,24,-6,INCLUDED_OPEN
54,24,-5,INCLUDED_OPEN
54,24,-4,INCLUDED_OPEN
54,24,-3,INCLUDED_OPEN
54,24,-2,INCLUDED_LOWDATA
54,24,-1,INCLUDED_LOWDATA
54,24,0,INCLUDED_LOWDATA
54,24,1,INCLUDED_LOWDATA
54,24,2,INCLUDED_LOWDATA
54,24,3,INCLUDED_LOWDATA
54,24,4,INCLUDED_LOWDATA
54,25,-10,INCLUDED_OPEN
54,25,-9,INCLUDED_OPEN
54,25,-8,INCLUDED_OPEN
54,25,-7,INCLUDED_OPEN
54,25,-6,INCLUDED_OPEN
54,25,-5,INCLUDED_OPEN
54,25,-4,INCLUDED_OPEN
54,25,-3,INCLUDED_OPEN
54,25,-2,INCLUDED_LOWDATA
54,25,-1,INCLUDED_LOWDATA
54,25,0,INCLUDED_LOWDATA
54,25,1,INCLUDED_LOWDATA
54,25,2,INCLUDED_LOWDATA
54,25,3,INCLUDED_LOWDATA
54,25,4,INCLUDED_LOWDATA
54,26,-10,INCLUDED_OPEN
54,26,-9,INCLUDED_OPEN
54,26,-8,INCLUDED_OPEN
54,26,-7,INCLUDED_OPEN
54,26,-6,INCLUDED_OPEN
54,26,-5,INCLUDED_OPEN
54,26,-4,INCLUDED_OPEN
54,26,-3,INCLUDED_LOWDATA
54,26,-2,INCLUDED_LOWDATA
54,26,-1,INCLUDED_LOWDATA
54,26,0,INCLUDED_LOWDATA
54,26,1,INCLUDED_LOWDATA
54,26,2,INCLUDED_LOWDATA
54,26,3,INCLUDED_LOWDATA
54,26,4,INCLUDED_LOWDATA
54,27,-10,INCLUDED_OPEN
54,27,-9,INCLUDED_OPEN
54,27,-8,INCLUDED_OPEN
54,27,-7,INCLUDED_OPEN
54,27,-6,INCLUDED_OPEN
54,27,-5,INCLUDED_OPEN
54,27,-4,INCLUDED_OPEN
54,27,-3,INCLUDED_OPEN
54,27,-2,INCLUDED_LOWDATA
54,27,-1,INCLUDED_LOWDATA
54,27,0,INCLUDED_LOWDATA
54,27,1,INCLUDED_LOWDATA
54,27,3,INCLUDED_LOWDATA
54,28,-10,INCLUDED_OPEN
54,28,-9,INCLUDED_OPEN
54,28,-8,INCLUDED_OPEN
54,28,-7,INCLUDED_OPEN
54,28,-6,INCLUDED_OPEN
54,28,-5,INCLUDED_OPEN
54,28,-4,INCLUDED_OPEN
54,28,-3,INCLUDED_OPEN
54,28,-2,INCLUDED_LOWDATA
54,28,-1,INCLUDED_LOWDATA
54,28,0,INCLUDED_LOWDATA
54,28,1,INCLUDED_LOWDATA
54,28,2,INCLUDED_LOWDATA
54,28,3,INCLUDED_LOWDATA
54,29,-10,INCLUDED_OPEN
54,29,-9,INCLUDED_OPEN
54,29,-8,INCLUDED_OPEN
54,29,-7,INCLUDED_OPEN
54,29,-6,INCLUDED_OPEN
54,29,-5,INCLUDED_OPEN
54,29,-4,INCLUDED_OPEN
54,29,-3,INCLUDED_LOWDATA
54,29,-2,INCLUDED_LOWDATA
54,29,-1,INCLUDED_LOWDATA
54,29,0,INCLUDED_LOWDATA
54,29,1,INCLUDED_LOWDATA
54,29,2,INCLUDED_LOWDATA
54,29,3,INCLUDED_LOWDATA
54,29,4,INCLUDED_LOWDATA
54,30,-8,INCLUDED_LOWDATA
54,30,-7,INCLUDED_OPEN
54,30,-6,INCLUDED_OPEN
54,30,-5,INCLUDED_OPEN
54,30,-4,INCLUDED_OPEN
54,30,-3,INCLUDED_LOWDATA
54,30,-2,INCLUDED_LOWDATA
54,30,-1,INCLUDED_LOWDATA
54,30,0,INCLUDED_LOWDATA
54,30,1,INCLUDED_LOWDATA
54,30,2,INCLUDED_LOWDATA
54,30,3,INCLUDED_LOWDATA
54,30,4,INCLUDED_LOWDATA
54,31,-8,INCLUDED_LOWDATA
54,31,-7,INCLUDED_OPEN
54,31,-6,INCLUDED_OPEN
54,31,-5,INCLUDED_OPEN
54,31,-4,INCLUDED_OPEN
54,31,-3,INCLUDED_LOWDATA
54,31,-2,INCLUDED_LOWDATA
54,31,-1,INCLUDED_LOWDATA
54,31,1,INCLUDED_LOWDATA
54,31,3,INCLUDED_LOWDATA
54,31,4,INCLUDED_LOWDATA
54,32,-8,INCLUDED_OPEN
54,32,-7,INCLUDED_OPEN
54,32,-6,INCLUDED_OPEN
54,32,-5,INCLUDED_OPEN
54,32,-4,INCLUDED_OPEN
54,32,-3,INCLUDED_OPEN
54,32,-2,INCLUDED_OPEN
54,32,-1,INCLUDED_OPEN
54,32,0,INCLUDED_LOWDATA
54,32,1,INCLUDED_LOWDATA
54,32,2,INCLUDED_LOWDATA
54,32,3,INCLUDED_LOWDATA
54,32,4,INCLUDED_LOWDATA
55,-30,-2,INCLUDED_OPEN
55,-30,-1,INCLUDED_OPEN
55,-30,0,INCLUDED_OPEN
55,-30,1,INCLUDED_OPEN
55,-30,2,INCLUDED_OPEN
55,-30,3,INCLUDED_OPEN
55,-30,4,INCLUDED_OPEN
55,-29,-2,INCLUDED_OPEN
55,-29,-1,INCLUDED_OPEN
55,-29,0,INCLUDED_OPEN
55,-29,1,INCLUDED_OPEN
55,-29,2,INCLUDED_OPEN
55,-29,3,INCLUDED_OPEN
55,-29,4,INCLUDED_OPEN
55,-28,-2,INCLUDED_OPEN
55,-28,-1,INCLUDED_OPEN
55,-28,0,INCLUDED_OPEN
55,-28,1,INCLUDED_OPEN
55,-28,2,INCLUDED_OPEN
55,-28,3,INCLUDED_OPEN
55,-28,4,INCLUDED_OPEN
55,-27,-2,INCLUDED_OPEN
55,-27,-1,INCLUDED_OPEN
55,-27,0,INCLUDED_OPEN
55,-27,1,INCLUDED_OPEN
55,-27,2,INCLUDED_OPEN
55,-27,3,INCLUDED_OPEN
55,-27,4,INCLUDED_OPEN
55,-26,-2,INCLUDED_OPEN
55,-26,-1,INCLUDED_OPEN
55,-26,0,INCLUDED_OPEN
55,-26,1,INCLUDED_OPEN
55,-26,2,INCLUDED_OPEN
55,-26,3,INCLUDED_OPEN
55,-26,4,INCLUDED_OPEN
55,-25,-2,INCLUDED_OPEN
55,-25,-1,INCLUDED_OPEN
55,-25,0,INCLUDED_OPEN
55,-25,1,INCLUDED_OPEN
55,-25,2,INCLUDED_OPEN
55,-25,3,INCLUDED_OPEN
55,-25,4,INCLUDED_OPEN
55,-24,-2,INCLUDED_OPEN
55,-24,-1,INCLUDED_OPEN
55,-24,0,INCLUDED_OPEN
55,-24,1,INCLUDED_OPEN
55,-24,2,INCLUDED_OPEN
55,-24,3,INCLUDED_OPEN
55,-24,4,INCLUDED_OPEN
55,-23,-2,INCLUDED_OPEN
55,-23,-1,INCLUDED_OPEN
55,-23,0,INCLUDED_OPEN
55,-23,1,INCLUDED_OPEN
55,-23,2,INCLUDED_OPEN
55,-23,3,INCLUDED_OPEN
55,-23,4,INCLUDED_OPEN
55,-22,-2,INCLUDED_OPEN
55,-22,-1,INCLUDED_OPEN
55,-22,0,INCLUDED_OPEN
55,-22,1,INCLUDED_OPEN
55,-22,2,INCLUDED_OPEN
55,-22,3,INCLUDED_OPEN
55,-22,4,INCLUDED_OPEN
55,-21,-2,INCLUDED_OPEN
55,-21,-1,INCLUDED_OPEN
55,-21,0,INCLUDED_OPEN
55,-21,1,INCLUDED_OPEN
55,-21,2,INCLUDED_OPEN
55,-21,3,INCLUDED_OPEN
55,-21,4,INCLUDED_OPEN
55,-20,-2,INCLUDED_OPEN
55,-20,-1,INCLUDED_OPEN
55,-20,0,INCLUDED_OPEN
55,-20,1,INCLUDED_OPEN
55,-20,2,INCLUDED_OPEN
55,-20,3,INCLUDED_OPEN
55,-20,4,INCLUDED_OPEN
55,-19,-2,INCLUDED_OPEN
55,-19,-1,INCLUDED_OPEN
55,-19,0,INCLUDED_OPEN
55,-19,1,INCLUDED_OPEN
55,-19,2,INCLUDED_OPEN
55,-19,3,INCLUDED_OPEN
55,-19,4,INCLUDED_OPEN
55,-18,-4,INCLUDED_LOWDATA
55,-18,-3,INCLUDED_LOWDATA
55,-16,-13,EXCLUDED_WATER
55,-16,-12,EXCLUDED_WATER
55,-16,-11,EXCLUDED_WATER
55,-16,-10,EXCLUDED_WATER
55,-16,-9,EXCLUDED_WATER
55,-16,-8,EXCLUDED_WATER
55,-16,-7,EXCLUDED_WATER
55,-16,-6,INCLUDED_OPEN
55,-16,-5,INCLUDED_OPEN
55,-16,-4,INCLUDED_LOWDATA
55,-16,-2,INCLUDED_OPEN
55,-16,-1,INCLUDED_OPEN
55,-16,0,INCLUDED_OPEN
55,-16,1,INCLUDED_OPEN
55,-16,2,INCLUDED_OPEN
55,-15,-13,EXCLUDED_WATER
55,-15,-12,EXCLUDED_WATER
55,-15,-11,EXCLUDED_WATER
55,-15,-10,EXCLUDED_WATER
55,-15,-9,EXCLUDED_WATER
55,-15,-8,EXCLUDED_WATER
55,-15,-7,EXCLUDED_WATER
55,-15,-6,EXCLUDED_WATER
55,-15,-5,INCLUDED_LOWDATA
55,-15,-4,INCLUDED_LOWDATA
55,-15,-2,INCLUDED_OPEN
55,-15,-1,INCLUDED_OPEN
55,-15,0,INCLUDED_OPEN
55,-15,1,INCLUDED_OPEN
55,-15,2,INCLUDED_OPEN
55,-14,-13,EXCLUDED_WATER
55,-14,-12,EXCLUDED_WATER
55,-14,-11,EXCLUDED_WATER
55,-14,-10,EXCLUDED_WATER
55,-14,-9,EXCLUDED_WATER
55,-14,-8,EXCLUDED_WATER
55,-14,-7,EXCLUDED_WATER
55,-14,-6,INCLUDED_OPEN
55,-14,-5,INCLUDED_OPEN
55,-14,-4,INCLUDED_LOWDATA
55,-14,-2,INCLUDED_OPEN
55,-14,-1,INCLUDED_OPEN
55,-14,0,INCLUDED_OPEN
55,-14,1,INCLUDED_OPEN
55,-14,2,INCLUDED_OPEN
55,-13,-13,EXCLUDED_WATER
55,-13,-12,EXCLUDED_WATER
55,-13,-11,EXCLUDED_WATER
55,-13,-10,EXCLUDED_WATER
55,-13,-9,EXCLUDED_WATER
55,-13,-8,EXCLUDED_WATER
55,-13,-7,EXCLUDED_WATER
55,-13,-6,EXCLUDED_WATER
55,-13,-5,INCLUDED_OPEN
55,-13,-4,INCLUDED_LOWDATA
55,-13,-2,INCLUDED_OPEN
55,-13,-1,INCLUDED_OPEN
55,-13,0,INCLUDED_OPEN
55,-13,1,INCLUDED_OPEN
55,-13,2,INCLUDED_OPEN
55,-12,-13,EXCLUDED_WATER
55,-12,-12,EXCLUDED_WATER
55,-12,-11,EXCLUDED_WATER
55,-12,-10,EXCLUDED_WATER
55,-12,-9,EXCLUDED_WATER
55,-12,-8,EXCLUDED_WATER
55,-12,-7,EXCLUDED_WATER
55,-12,-6,INCLUDED_OPEN
55,-12,-5,INCLUDED_OPEN
55,-12,-4,INCLUDED_OPEN
55,-12,-2,INCLUDED_OPEN
55,-12,-1,INCLUDED_OPEN
55,-12,0,INCLUDED_OPEN
55,-12,1,INCLUDED_OPEN
55,-12,2,INCLUDED_OPEN
55,-11,-13,EXCLUDED_WATER
55,-11,-12,EXCLUDED_WATER
55,-11,-11,EXCLUDED_WATER
55,-11,-10,EXCLUDED_WATER
55,-11,-9,EXCLUDED_WATER
55,-11,-8,EXCLUDED_WATER
55,-11,-7,EXCLUDED_WATER
55,-11,-6,INCLUDED_OPEN
55,-11,-5,INCLUDED_OPEN
55,-11,-4,INCLUDED_OPEN
55,-11,-3,INCLUDED_OPEN
55,-11,-2,INCLUDED_OPEN
55,-11,-1,INCLUDED_OPEN
55,-11,0,INCLUDED_OPEN
55,-11,1,INCLUDED_OPEN
55,-10,-13,EXCLUDED_WATER
55,-10,-12,EXCLUDED_WATER
55,-10,-11,EXCLUDED_WATER
55,-10,-10,EXCLUDED_WATER
55,-10,-9,EXCLUDED_WATER
55,-10,-8,EXCLUDED_WATER
55,-10,-7,EXCLUDED_WATER
55,-10,-6,INCLUDED_OPEN
55,-10,-5,INCLUDED_OPEN
55,-10,-4,INCLUDED_OPEN
55,-10,-3,INCLUDED_OPEN
55,-10,-2,INCLUDED_OPEN
55,-10,-1,INCLUDED_OPEN
55,-10,0,INCLUDED_OPEN
55,-10,1,INCLUDED_OPEN
55,-10,2,constrained-misc
55,-9,-13,EXCLUDED_WATER
55,-9,-12,EXCLUDED_WATER
55,-9,-11,EXCLUDED_WATER
55,-9,-10,EXCLUDED_WATER
55,-9,-9,EXCLUDED_WATER
55,-9,-8,EXCLUDED_WATER
55,-9,-7,EXCLUDED_WATER
55,-9,-6,INCLUDED_OPEN
55,-9,-5,INCLUDED_OPEN
55,-9,-4,INCLUDED_OPEN
55,-9,-3,INCLUDED_OPEN
55,-9,-2,INCLUDED_OPEN
55,-9,-1,INCLUDED_OPEN
55,-9,0,INCLUDED_OPEN
55,-9,1,INCLUDED_OPEN
55,-9,2,INCLUDED_LOWDATA
55,-8,-13,EXCLUDED_WATER
55,-8,-12,EXCLUDED_WATER
55,-8,-11,EXCLUDED_WATER
55,-8,-10,EXCLUDED_WATER
55,-8,-9,EXCLUDED_WATER
55,-8,-8,EXCLUDED_WATER
55,-8,-7,EXCLUDED_WATER
55,-8,-6,INCLUDED_OPEN
55,-8,-5,INCLUDED_OPEN
55,-8,-4,INCLUDED_OPEN
55,-8,-3,INCLUDED_OPEN
55,-8,-2,INCLUDED_OPEN
55,-8,-1,INCLUDED_OPEN
55,-8,0,INCLUDED_OPEN
55,-8,1,INCLUDED_OPEN
55,-8,2,INCLUDED_OPEN
55,-7,-13,EXCLUDED_WATER
55,-7,-12,EXCLUDED_WATER
55,-7,-11,EXCLUDED_WATER
55,-7,-10,EXCLUDED_WATER
55,-7,-9,EXCLUDED_WATER
55,-7,-8,EXCLUDED_WATER
55,-7,-7,EXCLUDED_WATER
55,-7,-6,INCLUDED_OPEN
55,-7,-5,INCLUDED_OPEN
55,-7,-4,INCLUDED_OPEN
55,-7,-3,INCLUDED_OPEN
55,-7,-2,INCLUDED_OPEN
55,-7,-1,INCLUDED_OPEN
55,-7,0,INCLUDED_OPEN
55,-7,1,INCLUDED_OPEN
55,-6,-13,EXCLUDED_WATER
55,-6,-12,EXCLUDED_WATER
55,-6,-11,EXCLUDED_WATER
55,-6,-10,EXCLUDED_WATER
55,-6,-9,EXCLUDED_WATER
55,-6,-8,EXCLUDED_WATER
55,-6,-7,EXCLUDED_WATER
55,-6,-6,INCLUDED_OPEN
55,-6,-5,INCLUDED_OPEN
55,-6,-4,INCLUDED_OPEN
55,-6,-3,INCLUDED_OPEN
55,-6,-2,INCLUDED_OPEN
55,-6,-1,INCLUDED_OPEN
55,-6,0,INCLUDED_OPEN
55,-6,1,INCLUDED_OPEN
55,-6,2,ssg-ya-3
55,-5,-13,EXCLUDED_WATER
55,-5,-12,EXCLUDED_WATER
55,-5,-11,EXCLUDED_WATER
55,-5,-10,EXCLUDED_WATER
55,-5,-9,EXCLUDED_WATER
55,-5,-8,EXCLUDED_WATER
55,-5,-7,EXCLUDED_WATER
55,-5,-6,INCLUDED_OPEN
55,-5,-5,INCLUDED_OPEN
55,-5,-4,INCLUDED_OPEN
55,-5,-3,INCLUDED_OPEN
55,-5,-2,INCLUDED_OPEN
55,-5,-1,INCLUDED_OPEN
55,-5,0,INCLUDED_OPEN
55,-5,1,INCLUDED_OPEN
55,-5,2,INCLUDED_LOWDATA
55,-4,-13,EXCLUDED_WATER
55,-4,-12,EXCLUDED_WATER
55,-4,-11,EXCLUDED_WATER
55,-4,-10,EXCLUDED_WATER
55,-4,-9,EXCLUDED_WATER
55,-4,-8,EXCLUDED_WATER
55,-4,-7,EXCLUDED_WATER
55,-4,-6,INCLUDED_OPEN
55,-4,-5,INCLUDED_OPEN
55,-4,-4,INCLUDED_OPEN
55,-4,-3,INCLUDED_OPEN
55,-4,-2,INCLUDED_OPEN
55,-4,-1,INCLUDED_OPEN
55,-4,0,INCLUDED_OPEN
55,-4,1,INCLUDED_OPEN
55,-4,2,constrained-misc
55,-3,-13,EXCLUDED_WATER
55,-3,-12,EXCLUDED_WATER
55,-3,-11,EXCLUDED_WATER
55,-3,-10,EXCLUDED_WATER
55,-3,-9,EXCLUDED_WATER
55,-3,-8,EXCLUDED_WATER
55,-3,-6,INCLUDED_OPEN
55,-3,-5,INCLUDED_OPEN
55,-3,-4,INCLUDED_OPEN
55,-3,-3,INCLUDED_OPEN
55,-3,-2,INCLUDED_OPEN
55,-3,-1,INCLUDED_OPEN
55,-3,0,INCLUDED_OPEN
55,-3,1,INCLUDED_OPEN
55,-2,-7,INCLUDED_LOWDATA
55,-2,-6,INCLUDED_OPEN
55,-2,-5,INCLUDED_OPEN
55,-2,-4,INCLUDED_OPEN
55,-2,-3,INCLUDED_OPEN
55,-2,-2,INCLUDED_OPEN
55,-2,-1,INCLUDED_OPEN
55,-2,0,INCLUDED_OPEN
55,-2,1,INCLUDED_OPEN
55,-2,2,INCLUDED_OPEN
55,-1,-7,INCLUDED_LOWDATA
55,-1,-6,INCLUDED_OPEN
55,-1,-5,INCLUDED_OPEN
55,-1,-4,INCLUDED_OPEN
55,-1,-3,INCLUDED_OPEN
55,-1,-2,INCLUDED_OPEN
55,-1,-1,INCLUDED_OPEN
55,-1,0,INCLUDED_OPEN
55,-1,1,INCLUDED_OPEN
55,-1,2,INCLUDED_OPEN
55,0,-13,EXCLUDED_WATER
55,0,-12,EXCLUDED_WATER
55,0,-11,EXCLUDED_WATER
55,0,-10,EXCLUDED_WATER
55,0,-9,EXCLUDED_WATER
55,0,-8,EXCLUDED_WATER
55,0,-6,INCLUDED_OPEN
55,0,-5,INCLUDED_OPEN
55,0,-4,INCLUDED_OPEN
55,0,-3,INCLUDED_OPEN
55,0,-2,INCLUDED_OPEN
55,0,-1,INCLUDED_OPEN
55,0,0,INCLUDED_OPEN
55,0,1,INCLUDED_OPEN
55,0,2,INCLUDED_OPEN
55,1,-13,EXCLUDED_WATER
55,1,-12,EXCLUDED_WATER
55,1,-11,EXCLUDED_WATER
55,1,-10,EXCLUDED_WATER
55,1,-9,EXCLUDED_WATER
55,1,-8,EXCLUDED_WATER
55,1,-7,EXCLUDED_WATER
55,1,-6,INCLUDED_OPEN
55,1,-5,INCLUDED_OPEN
55,1,-4,INCLUDED_OPEN
55,1,-3,INCLUDED_OPEN
55,1,-2,INCLUDED_OPEN
55,1,-1,INCLUDED_OPEN
55,1,0,INCLUDED_OPEN
55,1,1,INCLUDED_OPEN
55,1,2,INCLUDED_OPEN
55,2,-13,EXCLUDED_WATER
55,2,-12,EXCLUDED_WATER
55,2,-11,EXCLUDED_WATER
55,2,-10,EXCLUDED_WATER
55,2,-9,EXCLUDED_WATER
55,2,-8,EXCLUDED_WATER
55,2,-7,EXCLUDED_WATER
55,2,-6,INCLUDED_OPEN
55,2,-5,INCLUDED_OPEN
55,2,-4,INCLUDED_OPEN
55,2,-3,INCLUDED_OPEN
55,2,-2,INCLUDED_OPEN
55,2,-1,INCLUDED_OPEN
55,2,0,INCLUDED_OPEN
55,2,1,INCLUDED_OPEN
55,2,2,constrained-misc
55,3,-13,EXCLUDED_WATER
55,3,-12,EXCLUDED_WATER
55,3,-11,EXCLUDED_WATER
55,3,-10,EXCLUDED_WATER
55,3,-9,EXCLUDED_WATER
55,3,-8,EXCLUDED_WATER
55,3,-7,EXCLUDED_WATER
55,3,-6,INCLUDED_OPEN
55,3,-5,INCLUDED_OPEN
55,3,-4,INCLUDED_OPEN
55,3,-3,INCLUDED_OPEN
55,3,-2,INCLUDED_OPEN
55,3,-1,INCLUDED_OPEN
55,3,0,INCLUDED_OPEN
55,3,1,INCLUDED_OPEN
55,3,2,constrained-misc
55,4,-13,EXCLUDED_WATER
55,4,-12,EXCLUDED_WATER
55,4,-11,EXCLUDED_WATER
55,4,-10,EXCLUDED_WATER
55,4,-9,EXCLUDED_WATER
55,4,-8,EXCLUDED_WATER
55,4,-7,EXCLUDED_WATER
55,4,-6,INCLUDED_OPEN
55,4,-5,INCLUDED_OPEN
55,4,-4,INCLUDED_OPEN
55,4,-3,INCLUDED_OPEN
55,4,-2,INCLUDED_OPEN
55,4,-1,INCLUDED_OPEN
55,4,0,INCLUDED_OPEN
55,4,1,INCLUDED_OPEN
55,5,-13,EXCLUDED_WATER
55,5,-12,EXCLUDED_WATER
55,5,-11,EXCLUDED_WATER
55,5,-10,EXCLUDED_WATER
55,5,-9,EXCLUDED_WATER
55,5,-8,EXCLUDED_WATER
55,5,-7,EXCLUDED_WATER
55,5,-6,INCLUDED_OPEN
55,5,-5,INCLUDED_OPEN
55,5,-4,INCLUDED_OPEN
55,5,-3,INCLUDED_OPEN
55,5,-2,INCLUDED_OPEN
55,5,-1,INCLUDED_OPEN
55,5,0,INCLUDED_OPEN
55,5,1,INCLUDED_OPEN
55,6,-13,EXCLUDED_WATER
55,6,-12,EXCLUDED_WATER
55,6,-11,EXCLUDED_WATER
55,6,-10,EXCLUDED_WATER
55,6,-9,EXCLUDED_WATER
55,6,-8,EXCLUDED_WATER
55,6,-7,EXCLUDED_WATER
55,6,-6,INCLUDED_OPEN
55,6,-5,INCLUDED_OPEN
55,6,-4,INCLUDED_OPEN
55,6,-3,INCLUDED_OPEN
55,6,-2,INCLUDED_OPEN
55,6,-1,INCLUDED_OPEN
55,6,0,INCLUDED_OPEN
55,6,1,INCLUDED_OPEN
55,7,-13,EXCLUDED_WATER
55,7,-12,EXCLUDED_WATER
55,7,-11,EXCLUDED_WATER
55,7,-10,EXCLUDED_WATER
55,7,-9,EXCLUDED_WATER
55,7,-8,EXCLUDED_WATER
55,7,-7,EXCLUDED_WATER
55,7,-6,INCLUDED_OPEN
55,7,-5,INCLUDED_OPEN
55,7,-4,INCLUDED_OPEN
55,7,-3,INCLUDED_OPEN
55,7,-2,INCLUDED_OPEN
55,7,-1,INCLUDED_OPEN
55,7,0,INCLUDED_OPEN
55,7,1,INCLUDED_OPEN
55,8,-13,EXCLUDED_WATER
55,8,-12,EXCLUDED_WATER
55,8,-11,EXCLUDED_WATER
55,8,-10,EXCLUDED_WATER
55,8,-9,EXCLUDED_WATER
55,8,-8,EXCLUDED_WATER
55,8,-7,EXCLUDED_WATER
55,8,-6,INCLUDED_OPEN
55,8,-5,INCLUDED_OPEN
55,8,-4,INCLUDED_OPEN
55,8,-3,INCLUDED_OPEN
55,8,-2,INCLUDED_OPEN
55,8,-1,INCLUDED_OPEN
55,8,0,INCLUDED_OPEN
55,8,1,INCLUDED_OPEN
55,9,-13,EXCLUDED_WATER
55,9,-12,EXCLUDED_WATER
55,9,-11,EXCLUDED_WATER
55,9,-10,EXCLUDED_WATER
55,9,-9,EXCLUDED_WATER
55,9,-8,EXCLUDED_WATER
55,9,-7,EXCLUDED_WATER
55,9,-6,INCLUDED_OPEN
55,9,-5,INCLUDED_OPEN
55,9,-4,INCLUDED_OPEN
55,9,-3,INCLUDED_OPEN
55,9,-2,INCLUDED_OPEN
55,9,-1,INCLUDED_OPEN
55,9,0,INCLUDED_OPEN
55,9,1,INCLUDED_LOWDATA
55,10,-13,EXCLUDED_WATER
55,10,-12,EXCLUDED_WATER
55,10,-11,EXCLUDED_WATER
55,10,-10,EXCLUDED_WATER
55,10,-9,EXCLUDED_WATER
55,10,-8,EXCLUDED_WATER
55,10,-7,EXCLUDED_WATER
55,10,-6,INCLUDED_OPEN
55,10,-5,INCLUDED_OPEN
55,10,-4,INCLUDED_OPEN
55,10,-3,INCLUDED_OPEN
55,10,-2,INCLUDED_OPEN
55,10,-1,INCLUDED_OPEN
55,10,0,INCLUDED_OPEN
55,10,1,INCLUDED_LOWDATA
55,10,2,INCLUDED_LOWDATA
55,11,-13,EXCLUDED_WATER
55,11,-12,EXCLUDED_WATER
55,11,-11,EXCLUDED_WATER
55,11,-10,EXCLUDED_WATER
55,11,-9,EXCLUDED_WATER
55,11,-8,EXCLUDED_WATER
55,11,-7,EXCLUDED_WATER
55,11,-6,INCLUDED_OPEN
55,11,-5,INCLUDED_OPEN
55,11,-4,INCLUDED_OPEN
55,11,-3,INCLUDED_OPEN
55,11,-2,INCLUDED_OPEN
55,11,-1,INCLUDED_OPEN
55,11,0,INCLUDED_OPEN
55,11,1,INCLUDED_LOWDATA
55,11,2,INCLUDED_LOWDATA
55,12,-4,INCLUDED_OPEN
55,12,-3,INCLUDED_OPEN
55,12,-2,INCLUDED_OPEN
55,12,-1,INCLUDED_OPEN
55,12,0,INCLUDED_OPEN
55,13,-6,INCLUDED_LOWDATA
55,13,-4,INCLUDED_OPEN
55,13,-3,INCLUDED_OPEN
55,13,-2,INCLUDED_OPEN
55,13,-1,INCLUDED_OPEN
55,13,0,INCLUDED_OPEN
55,13,1,INCLUDED_OPEN
55,14,-4,INCLUDED_OPEN
55,14,-3,INCLUDED_OPEN
55,14,-2,INCLUDED_OPEN
55,14,-1,INCLUDED_OPEN
55,14,0,INCLUDED_OPEN
55,14,1,INCLUDED_OPEN
55,15,-6,INCLUDED_LOWDATA
55,15,-4,INCLUDED_OPEN
55,15,-3,INCLUDED_OPEN
55,15,-2,INCLUDED_OPEN
55,15,-1,INCLUDED_OPEN
55,15,0,INCLUDED_OPEN
55,15,1,INCLUDED_OPEN
55,16,-4,INCLUDED_OPEN
55,16,-3,INCLUDED_OPEN
55,16,-2,INCLUDED_OPEN
55,16,-1,INCLUDED_OPEN
55,16,0,INCLUDED_OPEN
55,16,1,INCLUDED_OPEN
55,17,-4,INCLUDED_OPEN
55,17,-3,INCLUDED_OPEN
55,17,-2,INCLUDED_OPEN
55,17,-1,INCLUDED_OPEN
55,17,0,INCLUDED_OPEN
55,17,1,INCLUDED_LOWDATA
55,19,-10,INCLUDED_OPEN
55,19,-9,INCLUDED_OPEN
55,19,-8,INCLUDED_OPEN
55,19,-7,INCLUDED_OPEN
55,19,-6,INCLUDED_OPEN
55,19,-5,INCLUDED_OPEN
55,19,-4,INCLUDED_OPEN
55,19,-3,INCLUDED_OPEN
55,19,-2,INCLUDED_OPEN
55,19,-1,INCLUDED_OPEN
55,19,0,INCLUDED_LOWDATA
55,19,1,INCLUDED_LOWDATA
55,19,2,INCLUDED_LOWDATA
55,19,3,INCLUDED_LOWDATA
55,19,4,INCLUDED_LOWDATA
55,20,-10,INCLUDED_OPEN
55,20,-9,INCLUDED_OPEN
55,20,-8,INCLUDED_OPEN
55,20,-7,INCLUDED_OPEN
55,20,-6,INCLUDED_OPEN
55,20,-5,INCLUDED_OPEN
55,20,-4,INCLUDED_OPEN
55,20,-3,INCLUDED_OPEN
55,20,-2,INCLUDED_LOWDATA
55,20,-1,INCLUDED_OPEN
55,20,0,INCLUDED_OPEN
55,20,1,INCLUDED_LOWDATA
55,20,2,INCLUDED_LOWDATA
55,20,3,INCLUDED_LOWDATA
55,20,4,INCLUDED_LOWDATA
55,21,-10,INCLUDED_OPEN
55,21,-9,INCLUDED_OPEN
55,21,-8,INCLUDED_OPEN
55,21,-7,INCLUDED_OPEN
55,21,-6,INCLUDED_OPEN
55,21,-5,INCLUDED_OPEN
55,21,-4,INCLUDED_OPEN
55,21,-3,INCLUDED_OPEN
55,21,-2,INCLUDED_LOWDATA
55,21,-1,INCLUDED_OPEN
55,21,0,INCLUDED_LOWDATA
55,21,1,INCLUDED_LOWDATA
55,21,2,INCLUDED_LOWDATA
55,21,3,INCLUDED_LOWDATA
55,21,4,INCLUDED_LOWDATA
55,22,-10,INCLUDED_OPEN
55,22,-9,INCLUDED_OPEN
55,22,-8,INCLUDED_OPEN
55,22,-7,INCLUDED_OPEN
55,22,-6,INCLUDED_OPEN
55,22,-5,INCLUDED_OPEN
55,22,-4,INCLUDED_OPEN
55,22,-3,INCLUDED_OPEN
55,22,-2,INCLUDED_LOWDATA
55,22,-1,INCLUDED_LOWDATA
55,22,0,INCLUDED_LOWDATA
55,22,1,INCLUDED_LOWDATA
55,22,2,INCLUDED_LOWDATA
55,22,3,INCLUDED_LOWDATA
55,23,-10,INCLUDED_OPEN
55,23,-9,INCLUDED_OPEN
55,23,-8,INCLUDED_OPEN
55,23,-7,INCLUDED_OPEN
55,23,-6,INCLUDED_OPEN
55,23,-5,INCLUDED_OPEN
55,23,-4,INCLUDED_OPEN
55,23,-3,INCLUDED_OPEN
55,23,-2,INCLUDED_LOWDATA
55,23,-1,INCLUDED_LOWDATA
55,23,0,INCLUDED_LOWDATA
55,23,1,INCLUDED_LOWDATA
55,24,-10,INCLUDED_OPEN
55,24,-9,INCLUDED_OPEN
55,24,-8,INCLUDED_OPEN
55,24,-7,INCLUDED_OPEN
55,24,-6,INCLUDED_OPEN
55,24,-5,INCLUDED_OPEN
55,24,-4,INCLUDED_OPEN
55,24,-3,INCLUDED_OPEN
55,24,-2,INCLUDED_LOWDATA
55,24,-1,INCLUDED_LOWDATA
55,24,0,INCLUDED_LOWDATA
55,24,1,INCLUDED_LOWDATA
55,24,2,INCLUDED_LOWDATA
55,25,-10,INCLUDED_OPEN
55,25,-9,INCLUDED_OPEN
55,25,-8,INCLUDED_OPEN
55,25,-7,INCLUDED_OPEN
55,25,-6,INCLUDED_OPEN
55,25,-5,INCLUDED_OPEN
55,25,-4,INCLUDED_OPEN
55,25,-3,INCLUDED_OPEN
55,25,-2,INCLUDED_LOWDATA
55,25,-1,INCLUDED_LOWDATA
55,25,0,INCLUDED_LOWDATA
55,25,1,INCLUDED_LOWDATA
55,25,2,INCLUDED_LOWDATA
55,25,4,INCLUDED_LOWDATA
55,26,-10,INCLUDED_OPEN
55,26,-9,INCLUDED_OPEN
55,26,-8,INCLUDED_OPEN
55,26,-7,INCLUDED_OPEN
55,26,-6,INCLUDED_OPEN
55,26,-5,INCLUDED_OPEN
55,26,-4,INCLUDED_OPEN
55,26,-3,INCLUDED_OPEN
55,26,-2,INCLUDED_LOWDATA
55,26,-1,INCLUDED_LOWDATA
55,26,0,INCLUDED_LOWDATA
55,26,1,INCLUDED_LOWDATA
55,26,2,INCLUDED_LOWDATA
55,26,4,INCLUDED_LOWDATA
55,27,-10,INCLUDED_OPEN
55,27,-9,INCLUDED_OPEN
55,27,-8,INCLUDED_OPEN
55,27,-7,INCLUDED_OPEN
55,27,-6,INCLUDED_OPEN
55,27,-5,INCLUDED_OPEN
55,27,-4,INCLUDED_OPEN
55,27,-3,INCLUDED_LOWDATA
55,27,-2,INCLUDED_LOWDATA
55,27,-1,INCLUDED_LOWDATA
55,27,0,INCLUDED_LOWDATA
55,27,1,INCLUDED_LOWDATA
55,27,2,INCLUDED_LOWDATA
55,27,3,INCLUDED_LOWDATA
55,27,4,INCLUDED_LOWDATA
55,28,-10,INCLUDED_OPEN
55,28,-9,INCLUDED_OPEN
55,28,-8,INCLUDED_OPEN
55,28,-7,INCLUDED_OPEN
55,28,-6,INCLUDED_OPEN
55,28,-5,INCLUDED_OPEN
55,28,-4,INCLUDED_OPEN
55,28,-3,INCLUDED_LOWDATA
55,28,-2,INCLUDED_LOWDATA
55,28,-1,INCLUDED_LOWDATA
55,28,0,INCLUDED_LOWDATA
55,28,1,INCLUDED_LOWDATA
55,28,2,INCLUDED_LOWDATA
55,28,3,INCLUDED_LOWDATA
55,28,4,INCLUDED_LOWDATA
55,29,-10,INCLUDED_OPEN
55,29,-9,INCLUDED_OPEN
55,29,-8,INCLUDED_OPEN
55,29,-7,INCLUDED_OPEN
55,29,-6,INCLUDED_OPEN
55,29,-5,INCLUDED_OPEN
55,29,-4,INCLUDED_OPEN
55,29,-3,INCLUDED_OPEN
55,29,-2,INCLUDED_LOWDATA
55,29,-1,INCLUDED_LOWDATA
55,29,0,INCLUDED_LOWDATA
55,29,1,INCLUDED_LOWDATA
55,29,2,INCLUDED_LOWDATA
55,29,3,INCLUDED_OPEN
55,29,4,INCLUDED_LOWDATA
55,30,-7,INCLUDED_OPEN
55,30,-6,INCLUDED_OPEN
55,30,-5,INCLUDED_OPEN
55,30,-4,INCLUDED_OPEN
55,30,-3,INCLUDED_OPEN
55,30,-2,INCLUDED_LOWDATA
55,30,-1,INCLUDED_LOWDATA
55,30,0,INCLUDED_LOWDATA
55,30,1,INCLUDED_LOWDATA
55,30,2,INCLUDED_LOWDATA
55,30,3,INCLUDED_LOWDATA
55,30,4,INCLUDED_LOWDATA
55,31,-8,INCLUDED_OPEN
55,31,-7,INCLUDED_OPEN
55,31,-6,INCLUDED_OPEN
55,31,-5,INCLUDED_OPEN
55,31,-4,INCLUDED_OPEN
55,31,-3,INCLUDED_LOWDATA
55,31,-2,INCLUDED_LOWDATA
55,31,-1,INCLUDED_LOWDATA
55,31,0,INCLUDED_LOWDATA
55,31,1,INCLUDED_LOWDATA
55,31,2,INCLUDED_LOWDATA
55,32,-8,INCLUDED_OPEN
55,32,-7,INCLUDED_OPEN
55,32,-6,INCLUDED_OPEN
55,32,-5,INCLUDED_OPEN
55,32,-4,INCLUDED_OPEN
55,32,-3,INCLUDED_OPEN
55,32,-2,INCLUDED_OPEN
55,32,-1,INCLUDED_OPEN
55,32,0,INCLUDED_LOWDATA
55,32,1,INCLUDED_LOWDATA
55,32,2,INCLUDED_LOWDATA
55,32,3,INCLUDED_LOWDATA
55,32,4,INCLUDED_LOWDATA
56,-30,-2,INCLUDED_OPEN
56,-30,-1,INCLUDED_OPEN
56,-30,0,INCLUDED_OPEN
56,-30,1,INCLUDED_OPEN
56,-30,2,INCLUDED_OPEN
56,-30,3,INCLUDED_OPEN
56,-30,4,INCLUDED_OPEN
56,-29,-2,INCLUDED_OPEN
56,-29,-1,INCLUDED_OPEN
56,-29,0,INCLUDED_OPEN
56,-29,1,INCLUDED_OPEN
56,-29,2,INCLUDED_OPEN
56,-29,3,INCLUDED_OPEN
56,-29,4,INCLUDED_OPEN
56,-28,-2,INCLUDED_OPEN
56,-28,-1,INCLUDED_OPEN
56,-28,0,INCLUDED_OPEN
56,-28,1,INCLUDED_OPEN
56,-28,2,INCLUDED_OPEN
56,-28,3,INCLUDED_OPEN
56,-28,4,INCLUDED_OPEN
56,-27,-2,INCLUDED_OPEN
56,-27,-1,INCLUDED_OPEN
56,-27,0,INCLUDED_OPEN
56,-27,1,INCLUDED_OPEN
56,-27,2,INCLUDED_OPEN
56,-27,3,INCLUDED_OPEN
56,-27,4,INCLUDED_OPEN
56,-26,-2,INCLUDED_OPEN
56,-26,-1,INCLUDED_OPEN
56,-26,0,INCLUDED_OPEN
56,-26,1,INCLUDED_OPEN
56,-26,2,INCLUDED_OPEN
56,-26,3,INCLUDED_OPEN
56,-26,4,INCLUDED_OPEN
56,-25,-2,INCLUDED_OPEN
56,-25,-1,INCLUDED_OPEN
56,-25,0,INCLUDED_OPEN
56,-25,1,INCLUDED_OPEN
56,-25,2,INCLUDED_OPEN
56,-25,3,INCLUDED_OPEN
56,-25,4,INCLUDED_OPEN
56,-24,-2,INCLUDED_OPEN
56,-24,-1,INCLUDED_OPEN
56,-24,0,INCLUDED_OPEN
56,-24,1,INCLUDED_OPEN
56,-24,2,INCLUDED_OPEN
56,-24,3,INCLUDED_OPEN
56,-24,4,INCLUDED_OPEN
56,-23,-2,INCLUDED_OPEN
56,-23,-1,INCLUDED_OPEN
56,-23,0,INCLUDED_OPEN
56,-23,1,INCLUDED_OPEN
56,-23,2,INCLUDED_OPEN
56,-23,3,INCLUDED_OPEN
56,-23,4,INCLUDED_OPEN
56,-22,-2,INCLUDED_OPEN
56,-22,-1,INCLUDED_OPEN
56,-22,0,INCLUDED_OPEN
56,-22,1,INCLUDED_OPEN
56,-22,2,INCLUDED_OPEN
56,-22,3,INCLUDED_OPEN
56,-22,4,INCLUDED_OPEN
56,-21,-2,INCLUDED_OPEN
56,-21,-1,INCLUDED_OPEN
56,-21,0,INCLUDED_OPEN
56,-21,1,INCLUDED_OPEN
56,-21,2,INCLUDED_OPEN
56,-21,3,INCLUDED_OPEN
56,-21,4,INCLUDED_OPEN
56,-20,-2,INCLUDED_OPEN
56,-20,-1,INCLUDED_OPEN
56,-20,0,INCLUDED_OPEN
56,-20,1,INCLUDED_OPEN
56,-20,2,INCLUDED_OPEN
56,-20,3,INCLUDED_OPEN
56,-20,4,INCLUDED_OPEN
56,-19,-2,INCLUDED_OPEN
56,-19,-1,INCLUDED_OPEN
56,-19,0,INCLUDED_OPEN
56,-19,1,INCLUDED_OPEN
56,-19,2,INCLUDED_OPEN
56,-19,3,INCLUDED_OPEN
56,-19,4,INCLUDED_OPEN
56,-18,-4,INCLUDED_LOWDATA
56,-16,-13,EXCLUDED_WATER
56,-16,-12,EXCLUDED_WATER
56,-16,-11,EXCLUDED_WATER
56,-16,-10,EXCLUDED_WATER
56,-16,-9,EXCLUDED_WATER
56,-16,-8,EXCLUDED_WATER
56,-16,-7,EXCLUDED_WATER
56,-16,-6,INCLUDED_OPEN
56,-16,-5,INCLUDED_OPEN
56,-16,-4,INCLUDED_LOWDATA
56,-16,-2,INCLUDED_OPEN
56,-16,-1,INCLUDED_OPEN
56,-16,0,INCLUDED_OPEN
56,-16,1,INCLUDED_OPEN
56,-16,2,INCLUDED_OPEN
56,-15,-13,EXCLUDED_WATER
56,-15,-12,EXCLUDED_WATER
56,-15,-11,EXCLUDED_WATER
56,-15,-10,EXCLUDED_WATER
56,-15,-9,EXCLUDED_WATER
56,-15,-8,EXCLUDED_WATER
56,-15,-7,EXCLUDED_WATER
56,-15,-6,EXCLUDED_WATER
56,-15,-5,INCLUDED_LOWDATA
56,-15,-4,INCLUDED_LOWDATA
56,-15,-2,INCLUDED_OPEN
56,-15,-1,INCLUDED_OPEN
56,-15,0,INCLUDED_OPEN
56,-15,1,INCLUDED_OPEN
56,-15,2,INCLUDED_OPEN
56,-14,-13,EXCLUDED_WATER
56,-14,-12,EXCLUDED_WATER
56,-14,-11,EXCLUDED_WATER
56,-14,-10,EXCLUDED_WATER
56,-14,-9,EXCLUDED_WATER
56,-14,-8,EXCLUDED_WATER
56,-14,-7,EXCLUDED_WATER
56,-14,-6,INCLUDED_OPEN
56,-14,-5,INCLUDED_LOWDATA
56,-14,-4,INCLUDED_LOWDATA
56,-14,-2,INCLUDED_OPEN
56,-14,-1,INCLUDED_OPEN
56,-14,0,INCLUDED_OPEN
56,-14,1,INCLUDED_OPEN
56,-14,2,INCLUDED_OPEN
56,-13,-13,EXCLUDED_WATER
56,-13,-12,EXCLUDED_WATER
56,-13,-11,EXCLUDED_WATER
56,-13,-10,EXCLUDED_WATER
56,-13,-9,EXCLUDED_WATER
56,-13,-8,EXCLUDED_WATER
56,-13,-7,EXCLUDED_WATER
56,-13,-6,EXCLUDED_WATER
56,-13,-5,INCLUDED_OPEN
56,-13,-4,INCLUDED_LOWDATA
56,-13,-2,INCLUDED_OPEN
56,-13,-1,INCLUDED_OPEN
56,-13,0,INCLUDED_OPEN
56,-13,1,INCLUDED_OPEN
56,-13,2,INCLUDED_OPEN
56,-12,-13,EXCLUDED_WATER
56,-12,-12,EXCLUDED_WATER
56,-12,-11,EXCLUDED_WATER
56,-12,-10,EXCLUDED_WATER
56,-12,-9,EXCLUDED_WATER
56,-12,-8,EXCLUDED_WATER
56,-12,-7,EXCLUDED_WATER
56,-12,-6,INCLUDED_OPEN
56,-12,-5,INCLUDED_OPEN
56,-12,-4,INCLUDED_OPEN
56,-12,-2,INCLUDED_LOWDATA
56,-12,-1,INCLUDED_OPEN
56,-12,0,INCLUDED_OPEN
56,-12,1,INCLUDED_OPEN
56,-12,2,INCLUDED_OPEN
56,-11,-13,EXCLUDED_WATER
56,-11,-12,EXCLUDED_WATER
56,-11,-11,EXCLUDED_WATER
56,-11,-10,EXCLUDED_WATER
56,-11,-9,EXCLUDED_WATER
56,-11,-8,EXCLUDED_WATER
56,-11,-7,EXCLUDED_WATER
56,-11,-6,INCLUDED_OPEN
56,-11,-5,INCLUDED_OPEN
56,-11,-4,INCLUDED_OPEN
56,-11,-3,INCLUDED_OPEN
56,-11,-2,INCLUDED_OPEN
56,-11,-1,INCLUDED_OPEN
56,-11,0,INCLUDED_OPEN
56,-11,1,INCLUDED_OPEN
56,-10,-13,EXCLUDED_WATER
56,-10,-12,EXCLUDED_WATER
56,-10,-11,EXCLUDED_WATER
56,-10,-10,EXCLUDED_WATER
56,-10,-9,EXCLUDED_WATER
56,-10,-8,EXCLUDED_WATER
56,-10,-7,EXCLUDED_WATER
56,-10,-6,INCLUDED_OPEN
56,-10,-5,INCLUDED_OPEN
56,-10,-4,INCLUDED_OPEN
56,-10,-3,INCLUDED_OPEN
56,-10,-2,INCLUDED_OPEN
56,-10,-1,INCLUDED_OPEN
56,-10,0,INCLUDED_OPEN
56,-10,1,INCLUDED_OPEN
56,-10,2,INCLUDED_LOWDATA
56,-9,-13,EXCLUDED_WATER
56,-9,-12,EXCLUDED_WATER
56,-9,-11,EXCLUDED_WATER
56,-9,-10,EXCLUDED_WATER
56,-9,-9,EXCLUDED_WATER
56,-9,-8,EXCLUDED_WATER
56,-9,-7,EXCLUDED_WATER
56,-9,-6,INCLUDED_OPEN
56,-9,-5,INCLUDED_OPEN
56,-9,-4,INCLUDED_OPEN
56,-9,-3,INCLUDED_OPEN
56,-9,-2,INCLUDED_OPEN
56,-9,-1,INCLUDED_OPEN
56,-9,0,INCLUDED_OPEN
56,-9,1,INCLUDED_OPEN
56,-9,2,INCLUDED_LOWDATA
56,-8,-13,EXCLUDED_WATER
56,-8,-12,EXCLUDED_WATER
56,-8,-11,EXCLUDED_WATER
56,-8,-10,EXCLUDED_WATER
56,-8,-9,EXCLUDED_WATER
56,-8,-8,EXCLUDED_WATER
56,-8,-7,EXCLUDED_WATER
56,-8,-6,INCLUDED_OPEN
56,-8,-5,INCLUDED_OPEN
56,-8,-4,INCLUDED_OPEN
56,-8,-3,INCLUDED_OPEN
56,-8,-2,INCLUDED_OPEN
56,-8,-1,INCLUDED_OPEN
56,-8,0,INCLUDED_OPEN
56,-8,1,INCLUDED_OPEN
56,-8,2,INCLUDED_OPEN
56,-7,-13,EXCLUDED_WATER
56,-7,-12,EXCLUDED_WATER
56,-7,-11,EXCLUDED_WATER
56,-7,-10,EXCLUDED_WATER
56,-7,-9,EXCLUDED_WATER
56,-7,-8,EXCLUDED_WATER
56,-7,-7,EXCLUDED_WATER
56,-7,-6,EXCLUDED_WATER
56,-7,-5,INCLUDED_OPEN
56,-7,-4,INCLUDED_OPEN
56,-7,-3,INCLUDED_OPEN
56,-7,-2,INCLUDED_OPEN
56,-7,-1,INCLUDED_OPEN
56,-7,0,INCLUDED_OPEN
56,-7,1,INCLUDED_OPEN
56,-6,-13,EXCLUDED_WATER
56,-6,-12,EXCLUDED_WATER
56,-6,-11,EXCLUDED_WATER
56,-6,-10,EXCLUDED_WATER
56,-6,-9,EXCLUDED_WATER
56,-6,-8,EXCLUDED_WATER
56,-6,-7,EXCLUDED_WATER
56,-6,-6,INCLUDED_OPEN
56,-6,-5,INCLUDED_OPEN
56,-6,-4,INCLUDED_OPEN
56,-6,-3,INCLUDED_OPEN
56,-6,-2,INCLUDED_OPEN
56,-6,-1,INCLUDED_OPEN
56,-6,0,INCLUDED_OPEN
56,-6,1,INCLUDED_OPEN
56,-6,2,ssg-ya-3
56,-5,-13,EXCLUDED_WATER
56,-5,-12,EXCLUDED_WATER
56,-5,-11,EXCLUDED_WATER
56,-5,-10,EXCLUDED_WATER
56,-5,-9,EXCLUDED_WATER
56,-5,-8,EXCLUDED_WATER
56,-5,-7,EXCLUDED_WATER
56,-5,-6,INCLUDED_OPEN
56,-5,-5,INCLUDED_OPEN
56,-5,-4,INCLUDED_OPEN
56,-5,-3,INCLUDED_OPEN
56,-5,-2,INCLUDED_OPEN
56,-5,-1,INCLUDED_OPEN
56,-5,0,INCLUDED_OPEN
56,-5,1,INCLUDED_OPEN
56,-5,2,INCLUDED_OPEN
56,-4,-13,EXCLUDED_WATER
56,-4,-12,EXCLUDED_WATER
56,-4,-11,EXCLUDED_WATER
56,-4,-10,EXCLUDED_WATER
56,-4,-9,EXCLUDED_WATER
56,-4,-8,EXCLUDED_WATER
56,-4,-7,EXCLUDED_WATER
56,-4,-6,INCLUDED_OPEN
56,-4,-5,INCLUDED_OPEN
56,-4,-4,INCLUDED_OPEN
56,-4,-3,INCLUDED_OPEN
56,-4,-2,INCLUDED_OPEN
56,-4,-1,INCLUDED_OPEN
56,-4,0,INCLUDED_OPEN
56,-4,1,INCLUDED_OPEN
56,-4,2,constrained-misc
56,-3,-13,EXCLUDED_WATER
56,-3,-12,EXCLUDED_WATER
56,-3,-11,EXCLUDED_WATER
56,-3,-10,EXCLUDED_WATER
56,-3,-9,EXCLUDED_WATER
56,-3,-8,EXCLUDED_WATER
56,-3,-6,INCLUDED_OPEN
56,-3,-5,INCLUDED_OPEN
56,-3,-4,INCLUDED_OPEN
56,-3,-3,INCLUDED_OPEN
56,-3,-2,INCLUDED_OPEN
56,-3,-1,INCLUDED_OPEN
56,-3,0,INCLUDED_OPEN
56,-3,1,INCLUDED_OPEN
56,-2,-13,EXCLUDED_WATER
56,-2,-12,EXCLUDED_WATER
56,-2,-11,EXCLUDED_WATER
56,-2,-10,EXCLUDED_WATER
56,-2,-9,EXCLUDED_WATER
56,-2,-8,EXCLUDED_WATER
56,-2,-7,EXCLUDED_WATER
56,-2,-6,INCLUDED_OPEN
56,-2,-5,INCLUDED_OPEN
56,-2,-4,INCLUDED_OPEN
56,-2,-3,INCLUDED_OPEN
56,-2,-2,INCLUDED_OPEN
56,-2,-1,INCLUDED_OPEN
56,-2,0,INCLUDED_OPEN
56,-2,1,INCLUDED_OPEN
56,-2,2,INCLUDED_OPEN
56,-1,-13,EXCLUDED_WATER
56,-1,-12,EXCLUDED_WATER
56,-1,-11,EXCLUDED_WATER
56,-1,-10,EXCLUDED_WATER
56,-1,-9,EXCLUDED_WATER
56,-1,-8,EXCLUDED_WATER
56,-1,-7,EXCLUDED_WATER
56,-1,-6,INCLUDED_OPEN
56,-1,-5,INCLUDED_OPEN
56,-1,-4,INCLUDED_OPEN
56,-1,-3,INCLUDED_OPEN
56,-1,-2,INCLUDED_OPEN
56,-1,-1,INCLUDED_OPEN
56,-1,0,INCLUDED_OPEN
56,-1,1,INCLUDED_OPEN
56,-1,2,INCLUDED_OPEN
56,0,-13,EXCLUDED_WATER
56,0,-12,EXCLUDED_WATER
56,0,-11,EXCLUDED_WATER
56,0,-10,EXCLUDED_WATER
56,0,-9,EXCLUDED_WATER
56,0,-8,EXCLUDED_WATER
56,0,-6,INCLUDED_OPEN
56,0,-5,INCLUDED_OPEN
56,0,-4,INCLUDED_OPEN
56,0,-3,INCLUDED_OPEN
56,0,-2,INCLUDED_OPEN
56,0,-1,INCLUDED_OPEN
56,0,0,INCLUDED_OPEN
56,0,1,INCLUDED_OPEN
56,0,2,INCLUDED_OPEN
56,1,-13,EXCLUDED_WATER
56,1,-12,EXCLUDED_WATER
56,1,-11,EXCLUDED_WATER
56,1,-10,EXCLUDED_WATER
56,1,-9,EXCLUDED_WATER
56,1,-8,EXCLUDED_WATER
56,1,-7,EXCLUDED_WATER
56,1,-6,INCLUDED_OPEN
56,1,-5,INCLUDED_OPEN
56,1,-4,INCLUDED_OPEN
56,1,-3,INCLUDED_OPEN
56,1,-2,INCLUDED_OPEN
56,1,-1,INCLUDED_OPEN
56,1,0,INCLUDED_OPEN
56,1,1,INCLUDED_OPEN
56,1,2,INCLUDED_OPEN
56,2,-13,EXCLUDED_WATER
56,2,-12,EXCLUDED_WATER
56,2,-11,EXCLUDED_WATER
56,2,-10,EXCLUDED_WATER
56,2,-9,EXCLUDED_WATER
56,2,-8,EXCLUDED_WATER
56,2,-7,EXCLUDED_WATER
56,2,-6,INCLUDED_OPEN
56,2,-5,INCLUDED_OPEN
56,2,-4,INCLUDED_OPEN
56,2,-3,INCLUDED_OPEN
56,2,-2,INCLUDED_OPEN
56,2,-1,INCLUDED_OPEN
56,2,0,INCLUDED_OPEN
56,2,1,INCLUDED_OPEN
56,2,2,INCLUDED_OPEN
56,3,-13,EXCLUDED_WATER
56,3,-12,EXCLUDED_WATER
56,3,-11,EXCLUDED_WATER
56,3,-10,EXCLUDED_WATER
56,3,-9,EXCLUDED_WATER
56,3,-8,EXCLUDED_WATER
56,3,-7,EXCLUDED_WATER
56,3,-6,INCLUDED_OPEN
56,3,-5,INCLUDED_OPEN
56,3,-4,INCLUDED_OPEN
56,3,-3,INCLUDED_OPEN
56,3,-2,INCLUDED_OPEN
56,3,-1,INCLUDED_OPEN
56,3,0,INCLUDED_OPEN
56,3,1,INCLUDED_OPEN
56,3,2,INCLUDED_OPEN
56,4,-13,EXCLUDED_WATER
56,4,-12,EXCLUDED_WATER
56,4,-11,EXCLUDED_WATER
56,4,-10,EXCLUDED_WATER
56,4,-9,EXCLUDED_WATER
56,4,-8,EXCLUDED_WATER
56,4,-7,EXCLUDED_WATER
56,4,-6,INCLUDED_OPEN
56,4,-5,INCLUDED_OPEN
56,4,-4,INCLUDED_OPEN
56,4,-3,INCLUDED_OPEN
56,4,-2,INCLUDED_OPEN
56,4,-1,INCLUDED_OPEN
56,4,0,INCLUDED_OPEN
56,4,1,INCLUDED_OPEN
56,5,-13,EXCLUDED_WATER
56,5,-12,EXCLUDED_WATER
56,5,-11,EXCLUDED_WATER
56,5,-10,EXCLUDED_WATER
56,5,-9,EXCLUDED_WATER
56,5,-8,EXCLUDED_WATER
56,5,-7,EXCLUDED_WATER
56,5,-6,INCLUDED_OPEN
56,5,-5,INCLUDED_OPEN
56,5,-4,INCLUDED_OPEN
56,5,-3,INCLUDED_OPEN
56,5,-2,INCLUDED_OPEN
56,5,-1,INCLUDED_OPEN
56,5,0,INCLUDED_OPEN
56,5,1,INCLUDED_OPEN
56,5,2,INCLUDED_LOWDATA
56,6,-13,EXCLUDED_WATER
56,6,-12,EXCLUDED_WATER
56,6,-11,EXCLUDED_WATER
56,6,-10,EXCLUDED_WATER
56,6,-9,EXCLUDED_WATER
56,6,-8,EXCLUDED_WATER
56,6,-7,EXCLUDED_WATER
56,6,-6,INCLUDED_OPEN
56,6,-5,INCLUDED_OPEN
56,6,-4,INCLUDED_OPEN
56,6,-3,INCLUDED_OPEN
56,6,-2,INCLUDED_OPEN
56,6,-1,INCLUDED_OPEN
56,6,0,INCLUDED_OPEN
56,6,1,INCLUDED_OPEN
56,6,2,INCLUDED_LOWDATA
56,7,-13,EXCLUDED_WATER
56,7,-12,EXCLUDED_WATER
56,7,-11,EXCLUDED_WATER
56,7,-10,EXCLUDED_WATER
56,7,-9,EXCLUDED_WATER
56,7,-8,EXCLUDED_WATER
56,7,-7,EXCLUDED_WATER
56,7,-6,INCLUDED_OPEN
56,7,-5,INCLUDED_OPEN
56,7,-4,INCLUDED_OPEN
56,7,-3,INCLUDED_OPEN
56,7,-2,INCLUDED_OPEN
56,7,-1,INCLUDED_OPEN
56,7,0,INCLUDED_OPEN
56,7,1,INCLUDED_OPEN
56,7,2,INCLUDED_LOWDATA
56,8,-13,EXCLUDED_WATER
56,8,-12,EXCLUDED_WATER
56,8,-11,EXCLUDED_WATER
56,8,-10,EXCLUDED_WATER
56,8,-9,EXCLUDED_WATER
56,8,-8,EXCLUDED_WATER
56,8,-7,EXCLUDED_WATER
56,8,-6,INCLUDED_OPEN
56,8,-5,INCLUDED_OPEN
56,8,-4,INCLUDED_OPEN
56,8,-3,INCLUDED_OPEN
56,8,-2,INCLUDED_OPEN
56,8,-1,INCLUDED_OPEN
56,8,0,INCLUDED_OPEN
56,8,1,INCLUDED_OPEN
56,8,2,INCLUDED_LOWDATA
56,9,-13,EXCLUDED_WATER
56,9,-12,EXCLUDED_WATER
56,9,-11,EXCLUDED_WATER
56,9,-10,EXCLUDED_WATER
56,9,-9,EXCLUDED_WATER
56,9,-8,EXCLUDED_WATER
56,9,-7,EXCLUDED_WATER
56,9,-6,INCLUDED_OPEN
56,9,-5,INCLUDED_OPEN
56,9,-4,INCLUDED_OPEN
56,9,-3,INCLUDED_OPEN
56,9,-2,INCLUDED_OPEN
56,9,-1,INCLUDED_OPEN
56,9,0,INCLUDED_OPEN
56,9,1,INCLUDED_LOWDATA
56,10,-13,EXCLUDED_WATER
56,10,-12,EXCLUDED_WATER
56,10,-11,EXCLUDED_WATER
56,10,-10,EXCLUDED_WATER
56,10,-9,EXCLUDED_WATER
56,10,-8,EXCLUDED_WATER
56,10,-7,EXCLUDED_WATER
56,10,-6,INCLUDED_OPEN
56,10,-5,INCLUDED_OPEN
56,10,-4,INCLUDED_OPEN
56,10,-3,INCLUDED_OPEN
56,10,-2,INCLUDED_OPEN
56,10,-1,INCLUDED_OPEN
56,10,0,INCLUDED_OPEN
56,10,1,INCLUDED_OPEN
56,10,2,INCLUDED_LOWDATA
56,11,-13,EXCLUDED_WATER
56,11,-12,EXCLUDED_WATER
56,11,-11,EXCLUDED_WATER
56,11,-10,EXCLUDED_WATER
56,11,-9,EXCLUDED_WATER
56,11,-8,EXCLUDED_WATER
56,11,-7,EXCLUDED_WATER
56,11,-6,INCLUDED_OPEN
56,11,-5,INCLUDED_OPEN
56,11,-4,INCLUDED_OPEN
56,11,-3,INCLUDED_OPEN
56,11,-2,INCLUDED_OPEN
56,11,-1,INCLUDED_OPEN
56,11,0,INCLUDED_OPEN
56,11,1,INCLUDED_OPEN
56,12,-4,INCLUDED_OPEN
56,12,-3,INCLUDED_OPEN
56,12,-2,INCLUDED_OPEN
56,12,-1,INCLUDED_OPEN
56,12,0,INCLUDED_OPEN
56,12,1,INCLUDED_OPEN
56,12,2,INCLUDED_OPEN
56,13,-6,INCLUDED_LOWDATA
56,13,-4,INCLUDED_OPEN
56,13,-3,INCLUDED_OPEN
56,13,-2,INCLUDED_OPEN
56,13,-1,INCLUDED_OPEN
56,13,0,INCLUDED_OPEN
56,13,1,INCLUDED_OPEN
56,13,2,INCLUDED_OPEN
56,14,-6,INCLUDED_LOWDATA
56,14,-4,INCLUDED_OPEN
56,14,-3,INCLUDED_OPEN
56,14,-2,INCLUDED_OPEN
56,14,-1,INCLUDED_OPEN
56,14,0,INCLUDED_OPEN
56,14,1,INCLUDED_OPEN
56,14,2,INCLUDED_OPEN
56,15,-4,INCLUDED_OPEN
56,15,-3,INCLUDED_OPEN
56,15,-2,INCLUDED_OPEN
56,15,-1,INCLUDED_OPEN
56,15,0,INCLUDED_OPEN
56,15,1,INCLUDED_OPEN
56,15,2,INCLUDED_OPEN
56,16,-4,INCLUDED_OPEN
56,16,-3,INCLUDED_OPEN
56,16,-2,INCLUDED_OPEN
56,16,-1,INCLUDED_OPEN
56,16,0,INCLUDED_OPEN
56,16,1,INCLUDED_OPEN
56,16,2,INCLUDED_OPEN
56,17,-4,INCLUDED_OPEN
56,17,-3,INCLUDED_OPEN
56,17,-2,INCLUDED_OPEN
56,17,-1,INCLUDED_OPEN
56,17,0,INCLUDED_OPEN
56,17,1,INCLUDED_OPEN
56,17,2,INCLUDED_OPEN
56,19,-7,INCLUDED_LOWDATA
56,19,-6,INCLUDED_OPEN
56,19,-5,INCLUDED_OPEN
56,19,-4,INCLUDED_OPEN
56,19,-3,INCLUDED_OPEN
56,19,-2,INCLUDED_OPEN
56,19,-1,INCLUDED_LOWDATA
56,19,0,INCLUDED_LOWDATA
56,19,1,INCLUDED_LOWDATA
56,19,2,INCLUDED_LOWDATA
56,19,3,INCLUDED_LOWDATA
56,19,4,INCLUDED_LOWDATA
56,20,-7,INCLUDED_LOWDATA
56,20,-6,INCLUDED_OPEN
56,20,-5,INCLUDED_OPEN
56,20,-4,INCLUDED_OPEN
56,20,-3,INCLUDED_OPEN
56,20,-2,INCLUDED_LOWDATA
56,20,-1,INCLUDED_LOWDATA
56,20,1,INCLUDED_LOWDATA
56,21,-7,INCLUDED_OPEN
56,21,-6,INCLUDED_OPEN
56,21,-5,INCLUDED_OPEN
56,21,-4,INCLUDED_OPEN
56,21,-3,INCLUDED_OPEN
56,21,-2,INCLUDED_OPEN
56,21,-1,INCLUDED_LOWDATA
56,21,0,INCLUDED_LOWDATA
56,21,1,INCLUDED_LOWDATA
56,21,2,INCLUDED_LOWDATA
56,21,3,INCLUDED_LOWDATA
56,21,4,INCLUDED_LOWDATA
56,22,-6,INCLUDED_OPEN
56,22,-5,INCLUDED_OPEN
56,22,-4,INCLUDED_OPEN
56,22,-3,INCLUDED_OPEN
56,22,-2,INCLUDED_LOWDATA
56,22,-1,INCLUDED_LOWDATA
56,22,1,INCLUDED_LOWDATA
56,22,2,INCLUDED_LOWDATA
56,22,3,INCLUDED_LOWDATA
56,23,-7,INCLUDED_OPEN
56,23,-6,INCLUDED_OPEN
56,23,-5,INCLUDED_OPEN
56,23,-4,INCLUDED_OPEN
56,23,-3,INCLUDED_OPEN
56,23,-2,INCLUDED_LOWDATA
56,23,-1,INCLUDED_LOWDATA
56,23,0,INCLUDED_LOWDATA
56,23,1,INCLUDED_LOWDATA
56,23,2,INCLUDED_LOWDATA
56,24,-7,INCLUDED_OPEN
56,24,-6,INCLUDED_OPEN
56,24,-5,INCLUDED_OPEN
56,24,-4,INCLUDED_OPEN
56,24,-3,INCLUDED_OPEN
56,24,-2,INCLUDED_LOWDATA
56,24,-1,INCLUDED_LOWDATA
56,24,0,INCLUDED_LOWDATA
56,24,1,INCLUDED_LOWDATA
56,25,-8,INCLUDED_LOWDATA
56,25,-7,INCLUDED_OPEN
56,25,-6,INCLUDED_OPEN
56,25,-5,INCLUDED_OPEN
56,25,-4,INCLUDED_OPEN
56,25,-3,INCLUDED_LOWDATA
56,25,-2,INCLUDED_LOWDATA
56,25,-1,INCLUDED_LOWDATA
56,25,0,INCLUDED_LOWDATA
56,25,1,INCLUDED_LOWDATA
56,25,3,INCLUDED_LOWDATA
56,25,4,INCLUDED_LOWDATA
56,26,-8,INCLUDED_LOWDATA
56,26,-7,INCLUDED_OPEN
56,26,-6,INCLUDED_OPEN
56,26,-5,INCLUDED_OPEN
56,26,-4,INCLUDED_OPEN
56,26,-3,INCLUDED_LOWDATA
56,26,-2,INCLUDED_LOWDATA
56,26,-1,INCLUDED_LOWDATA
56,26,0,INCLUDED_LOWDATA
56,26,1,INCLUDED_LOWDATA
56,26,2,INCLUDED_LOWDATA
56,26,3,INCLUDED_LOWDATA
56,26,4,INCLUDED_LOWDATA
56,27,-8,INCLUDED_LOWDATA
56,27,-7,INCLUDED_OPEN
56,27,-6,INCLUDED_OPEN
56,27,-5,INCLUDED_OPEN
56,27,-4,INCLUDED_OPEN
56,27,-3,INCLUDED_LOWDATA
56,27,-2,INCLUDED_LOWDATA
56,27,-1,INCLUDED_LOWDATA
56,27,0,INCLUDED_LOWDATA
56,27,1,INCLUDED_LOWDATA
56,27,2,INCLUDED_LOWDATA
56,27,3,INCLUDED_LOWDATA
56,27,4,INCLUDED_LOWDATA
56,28,-8,constrained-misc
56,28,-7,INCLUDED_OPEN
56,28,-6,INCLUDED_OPEN
56,28,-5,INCLUDED_OPEN
56,28,-4,INCLUDED_OPEN
56,28,-3,INCLUDED_LOWDATA
56,28,-2,INCLUDED_LOWDATA
56,28,-1,INCLUDED_LOWDATA
56,28,0,INCLUDED_LOWDATA
56,28,1,INCLUDED_LOWDATA
56,28,2,INCLUDED_LOWDATA
56,28,3,INCLUDED_LOWDATA
56,28,4,INCLUDED_LOWDATA
56,29,-8,INCLUDED_LOWDATA
56,29,-7,INCLUDED_OPEN
56,29,-6,INCLUDED_OPEN
56,29,-5,INCLUDED_OPEN
56,29,-4,INCLUDED_LOWDATA
56,29,-3,INCLUDED_LOWDATA
56,29,-2,INCLUDED_LOWDATA
56,29,-1,INCLUDED_LOWDATA
56,29,0,INCLUDED_LOWDATA
56,29,1,INCLUDED_LOWDATA
56,29,2,INCLUDED_LOWDATA
56,29,3,INCLUDED_LOWDATA
56,29,4,INCLUDED_LOWDATA
56,30,-8,INCLUDED_LOWDATA
56,30,-7,INCLUDED_OPEN
56,30,-6,INCLUDED_OPEN
56,30,-5,INCLUDED_OPEN
56,30,-4,INCLUDED_LOWDATA
56,30,-3,INCLUDED_LOWDATA
56,30,-2,INCLUDED_LOWDATA
56,30,-1,INCLUDED_LOWDATA
56,30,0,INCLUDED_LOWDATA
56,30,1,INCLUDED_LOWDATA
56,30,2,INCLUDED_LOWDATA
56,30,3,INCLUDED_LOWDATA
56,30,4,INCLUDED_LOWDATA
56,31,-8,constrained-misc
56,31,-7,INCLUDED_OPEN
56,31,-6,INCLUDED_OPEN
56,31,-5,INCLUDED_OPEN
56,31,-4,INCLUDED_OPEN
56,31,-3,INCLUDED_OPEN
56,31,-2,INCLUDED_OPEN
56,31,-1,INCLUDED_LOWDATA
56,31,0,INCLUDED_LOWDATA
56,31,1,INCLUDED_LOWDATA
56,31,2,INCLUDED_LOWDATA
56,31,3,INCLUDED_LOWDATA
56,31,4,INCLUDED_LOWDATA
56,32,-8,INCLUDED_LOWDATA
56,32,-7,INCLUDED_OPEN
56,32,-6,INCLUDED_OPEN
56,32,-5,INCLUDED_OPEN
56,32,-4,INCLUDED_OPEN
56,32,-3,INCLUDED_LOWDATA
56,32,-2,INCLUDED_LOWDATA
56,32,-1,INCLUDED_LOWDATA
56,32,0,INCLUDED_LOWDATA
56,32,1,INCLUDED_LOWDATA
56,32,2,INCLUDED_LOWDATA
56,32,3,INCLUDED_LOWDATA
56,32,4,INCLUDED_LOWDATA
57,-30,-2,INCLUDED_OPEN
57,-30,-1,INCLUDED_OPEN
57,-30,0,INCLUDED_OPEN
57,-30,1,INCLUDED_OPEN
57,-30,2,INCLUDED_OPEN
57,-30,3,INCLUDED_OPEN
57,-30,4,INCLUDED_OPEN
57,-29,-2,INCLUDED_OPEN
57,-29,-1,INCLUDED_OPEN
57,-29,0,INCLUDED_OPEN
57,-29,1,INCLUDED_OPEN
57,-29,2,INCLUDED_OPEN
57,-29,3,INCLUDED_OPEN
57,-29,4,INCLUDED_OPEN
57,-28,-2,INCLUDED_OPEN
57,-28,-1,INCLUDED_OPEN
57,-28,0,INCLUDED_OPEN
57,-28,1,INCLUDED_OPEN
57,-28,2,INCLUDED_OPEN
57,-28,3,INCLUDED_OPEN
57,-28,4,INCLUDED_OPEN
57,-27,-2,INCLUDED_OPEN
57,-27,-1,INCLUDED_OPEN
57,-27,0,INCLUDED_OPEN
57,-27,1,INCLUDED_OPEN
57,-27,2,INCLUDED_OPEN
57,-27,3,INCLUDED_OPEN
57,-27,4,INCLUDED_OPEN
57,-26,-2,INCLUDED_OPEN
57,-26,-1,INCLUDED_OPEN
57,-26,0,INCLUDED_OPEN
57,-26,1,INCLUDED_OPEN
57,-26,2,INCLUDED_OPEN
57,-26,3,INCLUDED_OPEN
57,-26,4,INCLUDED_OPEN
57,-25,-2,INCLUDED_OPEN
57,-25,-1,INCLUDED_OPEN
57,-25,0,INCLUDED_OPEN
57,-25,1,INCLUDED_OPEN
57,-25,2,INCLUDED_OPEN
57,-25,3,INCLUDED_OPEN
57,-25,4,INCLUDED_OPEN
57,-24,-2,INCLUDED_OPEN
57,-24,-1,INCLUDED_OPEN
57,-24,0,INCLUDED_OPEN
57,-24,1,INCLUDED_OPEN
57,-24,2,INCLUDED_OPEN
57,-24,3,INCLUDED_OPEN
57,-24,4,constrained-misc
57,-23,-2,INCLUDED_OPEN
57,-23,-1,INCLUDED_OPEN
57,-23,0,INCLUDED_OPEN
57,-23,1,INCLUDED_OPEN
57,-23,2,INCLUDED_OPEN
57,-23,3,INCLUDED_OPEN
57,-23,4,constrained-misc
57,-22,-2,INCLUDED_OPEN
57,-22,-1,INCLUDED_OPEN
57,-22,0,INCLUDED_OPEN
57,-22,1,INCLUDED_OPEN
57,-22,2,INCLUDED_OPEN
57,-22,3,INCLUDED_OPEN
57,-22,4,constrained-misc
57,-21,-2,INCLUDED_OPEN
57,-21,-1,INCLUDED_OPEN
57,-21,0,INCLUDED_OPEN
57,-21,1,INCLUDED_OPEN
57,-21,2,INCLUDED_OPEN
57,-21,3,INCLUDED_OPEN
57,-21,4,constrained-misc
57,-20,-2,INCLUDED_OPEN
57,-20,-1,INCLUDED_OPEN
57,-20,0,INCLUDED_OPEN
57,-20,1,INCLUDED_OPEN
57,-20,2,INCLUDED_OPEN
57,-20,3,INCLUDED_OPEN
57,-20,4,constrained-misc
57,-19,-2,INCLUDED_OPEN
57,-19,-1,INCLUDED_OPEN
57,-19,0,INCLUDED_OPEN
57,-19,1,INCLUDED_OPEN
57,-19,2,INCLUDED_OPEN
57,-19,3,INCLUDED_OPEN
57,-19,4,INCLUDED_OPEN
57,-18,-5,INCLUDED_LOWDATA
57,-16,-13,EXCLUDED_WATER
57,-16,-12,EXCLUDED_WATER
57,-16,-11,EXCLUDED_WATER
57,-16,-10,EXCLUDED_WATER
57,-16,-9,EXCLUDED_WATER
57,-16,-8,EXCLUDED_WATER
57,-16,-7,EXCLUDED_WATER
57,-16,-6,INCLUDED_OPEN
57,-16,-5,INCLUDED_OPEN
57,-16,-4,INCLUDED_LOWDATA
57,-16,-2,INCLUDED_OPEN
57,-16,-1,INCLUDED_OPEN
57,-16,0,INCLUDED_OPEN
57,-16,1,INCLUDED_OPEN
57,-16,2,INCLUDED_OPEN
57,-15,-13,EXCLUDED_WATER
57,-15,-12,EXCLUDED_WATER
57,-15,-11,EXCLUDED_WATER
57,-15,-10,EXCLUDED_WATER
57,-15,-9,EXCLUDED_WATER
57,-15,-8,EXCLUDED_WATER
57,-15,-7,EXCLUDED_WATER
57,-15,-6,INCLUDED_OPEN
57,-15,-5,INCLUDED_OPEN
57,-15,-4,INCLUDED_LOWDATA
57,-15,-2,INCLUDED_OPEN
57,-15,-1,INCLUDED_OPEN
57,-15,0,INCLUDED_OPEN
57,-15,1,INCLUDED_OPEN
57,-15,2,INCLUDED_OPEN
57,-14,-13,EXCLUDED_WATER
57,-14,-12,EXCLUDED_WATER
57,-14,-11,EXCLUDED_WATER
57,-14,-10,EXCLUDED_WATER
57,-14,-9,EXCLUDED_WATER
57,-14,-8,EXCLUDED_WATER
57,-14,-7,EXCLUDED_WATER
57,-14,-6,INCLUDED_OPEN
57,-14,-5,INCLUDED_LOWDATA
57,-14,-2,INCLUDED_OPEN
57,-14,-1,INCLUDED_OPEN
57,-14,0,INCLUDED_OPEN
57,-14,1,INCLUDED_OPEN
57,-14,2,INCLUDED_OPEN
57,-13,-13,EXCLUDED_WATER
57,-13,-12,EXCLUDED_WATER
57,-13,-11,EXCLUDED_WATER
57,-13,-10,EXCLUDED_WATER
57,-13,-9,EXCLUDED_WATER
57,-13,-8,EXCLUDED_WATER
57,-13,-7,EXCLUDED_WATER
57,-13,-6,EXCLUDED_WATER
57,-13,-5,INCLUDED_LOWDATA
57,-13,-4,INCLUDED_LOWDATA
57,-13,-2,INCLUDED_OPEN
57,-13,-1,INCLUDED_OPEN
57,-13,0,INCLUDED_OPEN
57,-13,1,INCLUDED_OPEN
57,-13,2,INCLUDED_OPEN
57,-12,-13,EXCLUDED_WATER
57,-12,-12,EXCLUDED_WATER
57,-12,-11,EXCLUDED_WATER
57,-12,-10,EXCLUDED_WATER
57,-12,-9,EXCLUDED_WATER
57,-12,-8,EXCLUDED_WATER
57,-12,-7,EXCLUDED_WATER
57,-12,-6,INCLUDED_OPEN
57,-12,-5,INCLUDED_OPEN
57,-12,-4,INCLUDED_LOWDATA
57,-12,-2,INCLUDED_OPEN
57,-12,-1,INCLUDED_OPEN
57,-12,0,INCLUDED_OPEN
57,-12,1,INCLUDED_OPEN
57,-12,2,INCLUDED_OPEN
57,-11,-13,EXCLUDED_WATER
57,-11,-12,EXCLUDED_WATER
57,-11,-11,EXCLUDED_WATER
57,-11,-10,EXCLUDED_WATER
57,-11,-9,EXCLUDED_WATER
57,-11,-8,EXCLUDED_WATER
57,-11,-7,EXCLUDED_WATER
57,-11,-6,INCLUDED_OPEN
57,-11,-5,INCLUDED_OPEN
57,-11,-4,INCLUDED_OPEN
57,-11,-3,INCLUDED_OPEN
57,-11,-2,INCLUDED_OPEN
57,-11,-1,INCLUDED_OPEN
57,-11,0,INCLUDED_OPEN
57,-11,1,INCLUDED_OPEN
57,-10,-13,EXCLUDED_WATER
57,-10,-12,EXCLUDED_WATER
57,-10,-11,EXCLUDED_WATER
57,-10,-10,EXCLUDED_WATER
57,-10,-9,EXCLUDED_WATER
57,-10,-8,EXCLUDED_WATER
57,-10,-7,EXCLUDED_WATER
57,-10,-6,INCLUDED_OPEN
57,-10,-5,INCLUDED_OPEN
57,-10,-4,INCLUDED_OPEN
57,-10,-3,INCLUDED_OPEN
57,-10,-2,INCLUDED_OPEN
57,-10,-1,INCLUDED_OPEN
57,-10,0,INCLUDED_OPEN
57,-10,1,INCLUDED_OPEN
57,-10,2,INCLUDED_LOWDATA
57,-9,-13,EXCLUDED_WATER
57,-9,-12,EXCLUDED_WATER
57,-9,-11,EXCLUDED_WATER
57,-9,-10,EXCLUDED_WATER
57,-9,-9,EXCLUDED_WATER
57,-9,-8,EXCLUDED_WATER
57,-9,-7,EXCLUDED_WATER
57,-9,-6,INCLUDED_OPEN
57,-9,-5,INCLUDED_OPEN
57,-9,-4,INCLUDED_OPEN
57,-9,-3,INCLUDED_OPEN
57,-9,-2,INCLUDED_OPEN
57,-9,-1,INCLUDED_OPEN
57,-9,0,INCLUDED_OPEN
57,-9,1,INCLUDED_OPEN
57,-9,2,INCLUDED_LOWDATA
57,-8,-13,EXCLUDED_WATER
57,-8,-12,EXCLUDED_WATER
57,-8,-11,EXCLUDED_WATER
57,-8,-10,EXCLUDED_WATER
57,-8,-9,EXCLUDED_WATER
57,-8,-8,EXCLUDED_WATER
57,-8,-7,EXCLUDED_WATER
57,-8,-6,INCLUDED_OPEN
57,-8,-5,INCLUDED_OPEN
57,-8,-4,INCLUDED_OPEN
57,-8,-3,INCLUDED_OPEN
57,-8,-2,INCLUDED_OPEN
57,-8,-1,INCLUDED_OPEN
57,-8,0,INCLUDED_OPEN
57,-8,1,INCLUDED_OPEN
57,-8,2,INCLUDED_OPEN
57,-7,-13,EXCLUDED_WATER
57,-7,-12,EXCLUDED_WATER
57,-7,-11,EXCLUDED_WATER
57,-7,-10,EXCLUDED_WATER
57,-7,-9,EXCLUDED_WATER
57,-7,-8,EXCLUDED_WATER
57,-7,-7,EXCLUDED_WATER
57,-7,-6,EXCLUDED_WATER
57,-7,-5,INCLUDED_OPEN
57,-7,-4,INCLUDED_OPEN
57,-7,-3,INCLUDED_OPEN
57,-7,-2,INCLUDED_OPEN
57,-7,-1,INCLUDED_OPEN
57,-7,0,INCLUDED_OPEN
57,-7,1,INCLUDED_OPEN
57,-6,-13,EXCLUDED_WATER
57,-6,-12,EXCLUDED_WATER
57,-6,-11,EXCLUDED_WATER
57,-6,-10,EXCLUDED_WATER
57,-6,-9,EXCLUDED_WATER
57,-6,-8,EXCLUDED_WATER
57,-6,-7,EXCLUDED_WATER
57,-6,-6,INCLUDED_OPEN
57,-6,-5,INCLUDED_OPEN
57,-6,-4,INCLUDED_OPEN
57,-6,-3,INCLUDED_OPEN
57,-6,-2,INCLUDED_OPEN
57,-6,-1,INCLUDED_OPEN
57,-6,0,INCLUDED_OPEN
57,-6,1,INCLUDED_OPEN
57,-6,2,ssg-ya-3
57,-5,-13,EXCLUDED_WATER
57,-5,-12,EXCLUDED_WATER
57,-5,-11,EXCLUDED_WATER
57,-5,-10,EXCLUDED_WATER
57,-5,-9,EXCLUDED_WATER
57,-5,-8,EXCLUDED_WATER
57,-5,-7,EXCLUDED_WATER
57,-5,-6,INCLUDED_OPEN
57,-5,-5,INCLUDED_OPEN
57,-5,-4,INCLUDED_OPEN
57,-5,-3,INCLUDED_OPEN
57,-5,-2,INCLUDED_OPEN
57,-5,-1,INCLUDED_OPEN
57,-5,0,INCLUDED_OPEN
57,-5,1,INCLUDED_OPEN
57,-5,2,INCLUDED_LOWDATA
57,-4,-13,EXCLUDED_WATER
57,-4,-12,EXCLUDED_WATER
57,-4,-11,EXCLUDED_WATER
57,-4,-10,EXCLUDED_WATER
57,-4,-9,EXCLUDED_WATER
57,-4,-8,EXCLUDED_WATER
57,-4,-7,EXCLUDED_WATER
57,-4,-6,INCLUDED_OPEN
57,-4,-5,INCLUDED_OPEN
57,-4,-4,INCLUDED_OPEN
57,-4,-3,INCLUDED_OPEN
57,-4,-2,INCLUDED_OPEN
57,-4,-1,INCLUDED_OPEN
57,-4,0,INCLUDED_OPEN
57,-4,1,INCLUDED_OPEN
57,-4,2,constrained-misc
57,-3,-13,EXCLUDED_WATER
57,-3,-12,EXCLUDED_WATER
57,-3,-11,EXCLUDED_WATER
57,-3,-10,EXCLUDED_WATER
57,-3,-9,EXCLUDED_WATER
57,-3,-8,EXCLUDED_WATER
57,-3,-7,EXCLUDED_WATER
57,-3,-6,INCLUDED_OPEN
57,-3,-5,INCLUDED_OPEN
57,-3,-4,INCLUDED_OPEN
57,-3,-3,INCLUDED_OPEN
57,-3,-2,INCLUDED_OPEN
57,-3,-1,INCLUDED_OPEN
57,-3,0,INCLUDED_OPEN
57,-3,1,INCLUDED_OPEN
57,-2,-13,EXCLUDED_WATER
57,-2,-12,EXCLUDED_WATER
57,-2,-11,EXCLUDED_WATER
57,-2,-10,EXCLUDED_WATER
57,-2,-9,EXCLUDED_WATER
57,-2,-8,EXCLUDED_WATER
57,-2,-7,EXCLUDED_WATER
57,-2,-6,INCLUDED_OPEN
57,-2,-5,INCLUDED_OPEN
57,-2,-4,INCLUDED_OPEN
57,-2,-3,INCLUDED_OPEN
57,-2,-2,INCLUDED_OPEN
57,-2,-1,INCLUDED_OPEN
57,-2,0,INCLUDED_OPEN
57,-2,1,INCLUDED_OPEN
57,-2,2,INCLUDED_OPEN
57,-1,-13,EXCLUDED_WATER
57,-1,-12,EXCLUDED_WATER
57,-1,-11,EXCLUDED_WATER
57,-1,-10,EXCLUDED_WATER
57,-1,-9,EXCLUDED_WATER
57,-1,-8,EXCLUDED_WATER
57,-1,-7,EXCLUDED_WATER
57,-1,-6,INCLUDED_OPEN
57,-1,-5,INCLUDED_OPEN
57,-1,-4,INCLUDED_OPEN
57,-1,-3,INCLUDED_OPEN
57,-1,-2,INCLUDED_OPEN
57,-1,-1,INCLUDED_OPEN
57,-1,0,INCLUDED_OPEN
57,-1,1,INCLUDED_OPEN
57,-1,2,INCLUDED_OPEN
57,0,-13,EXCLUDED_WATER
57,0,-12,EXCLUDED_WATER
57,0,-11,EXCLUDED_WATER
57,0,-10,EXCLUDED_WATER
57,0,-9,EXCLUDED_WATER
57,0,-8,EXCLUDED_WATER
57,0,-6,INCLUDED_OPEN
57,0,-5,INCLUDED_OPEN
57,0,-4,INCLUDED_OPEN
57,0,-3,INCLUDED_OPEN
57,0,-2,INCLUDED_OPEN
57,0,-1,INCLUDED_OPEN
57,0,0,INCLUDED_OPEN
57,0,1,INCLUDED_OPEN
57,0,2,INCLUDED_OPEN
57,1,-13,EXCLUDED_WATER
57,1,-12,EXCLUDED_WATER
57,1,-11,EXCLUDED_WATER
57,1,-10,EXCLUDED_WATER
57,1,-9,EXCLUDED_WATER
57,1,-8,EXCLUDED_WATER
57,1,-7,EXCLUDED_WATER
57,1,-6,INCLUDED_OPEN
57,1,-5,INCLUDED_OPEN
57,1,-4,INCLUDED_OPEN
57,1,-3,INCLUDED_OPEN
57,1,-2,INCLUDED_OPEN
57,1,-1,INCLUDED_OPEN
57,1,0,INCLUDED_OPEN
57,1,1,INCLUDED_OPEN
57,1,2,INCLUDED_OPEN
57,2,-13,EXCLUDED_WATER
57,2,-12,EXCLUDED_WATER
57,2,-11,EXCLUDED_WATER
57,2,-10,EXCLUDED_WATER
57,2,-9,EXCLUDED_WATER
57,2,-8,EXCLUDED_WATER
57,2,-7,EXCLUDED_WATER
57,2,-6,INCLUDED_OPEN
57,2,-5,INCLUDED_OPEN
57,2,-4,INCLUDED_OPEN
57,2,-3,INCLUDED_OPEN
57,2,-2,INCLUDED_OPEN
57,2,-1,INCLUDED_OPEN
57,2,0,INCLUDED_OPEN
57,2,1,INCLUDED_OPEN
57,2,2,INCLUDED_OPEN
57,3,-13,EXCLUDED_WATER
57,3,-12,EXCLUDED_WATER
57,3,-11,EXCLUDED_WATER
57,3,-10,EXCLUDED_WATER
57,3,-9,EXCLUDED_WATER
57,3,-8,EXCLUDED_WATER
57,3,-7,EXCLUDED_WATER
57,3,-6,INCLUDED_OPEN
57,3,-5,INCLUDED_OPEN
57,3,-4,INCLUDED_OPEN
57,3,-3,INCLUDED_OPEN
57,3,-2,INCLUDED_OPEN
57,3,-1,INCLUDED_OPEN
57,3,0,INCLUDED_OPEN
57,3,1,INCLUDED_OPEN
57,3,2,INCLUDED_OPEN
57,4,-13,EXCLUDED_WATER
57,4,-12,EXCLUDED_WATER
57,4,-11,EXCLUDED_WATER
57,4,-10,EXCLUDED_WATER
57,4,-9,EXCLUDED_WATER
57,4,-8,EXCLUDED_WATER
57,4,-7,EXCLUDED_WATER
57,4,-6,EXCLUDED_WATER
57,4,-5,INCLUDED_OPEN
57,4,-4,INCLUDED_OPEN
57,4,-3,INCLUDED_OPEN
57,4,-2,INCLUDED_OPEN
57,4,-1,INCLUDED_OPEN
57,4,0,INCLUDED_OPEN
57,4,1,INCLUDED_OPEN
57,5,-13,EXCLUDED_WATER
57,5,-12,EXCLUDED_WATER
57,5,-11,EXCLUDED_WATER
57,5,-10,EXCLUDED_WATER
57,5,-9,EXCLUDED_WATER
57,5,-8,EXCLUDED_WATER
57,5,-7,EXCLUDED_WATER
57,5,-6,INCLUDED_OPEN
57,5,-5,INCLUDED_OPEN
57,5,-4,INCLUDED_OPEN
57,5,-3,INCLUDED_OPEN
57,5,-2,INCLUDED_OPEN
57,5,-1,INCLUDED_OPEN
57,5,0,INCLUDED_OPEN
57,5,1,INCLUDED_OPEN
57,5,2,INCLUDED_LOWDATA
57,6,-13,EXCLUDED_WATER
57,6,-12,EXCLUDED_WATER
57,6,-11,EXCLUDED_WATER
57,6,-10,EXCLUDED_WATER
57,6,-9,EXCLUDED_WATER
57,6,-8,EXCLUDED_WATER
57,6,-7,EXCLUDED_WATER
57,6,-6,INCLUDED_OPEN
57,6,-5,INCLUDED_OPEN
57,6,-4,INCLUDED_OPEN
57,6,-3,INCLUDED_OPEN
57,6,-2,INCLUDED_OPEN
57,6,-1,INCLUDED_OPEN
57,6,0,INCLUDED_OPEN
57,6,1,INCLUDED_OPEN
57,6,2,INCLUDED_LOWDATA
57,7,-13,EXCLUDED_WATER
57,7,-12,EXCLUDED_WATER
57,7,-11,EXCLUDED_WATER
57,7,-10,EXCLUDED_WATER
57,7,-9,EXCLUDED_WATER
57,7,-8,EXCLUDED_WATER
57,7,-7,EXCLUDED_WATER
57,7,-6,INCLUDED_OPEN
57,7,-5,INCLUDED_OPEN
57,7,-4,INCLUDED_OPEN
57,7,-3,INCLUDED_OPEN
57,7,-2,INCLUDED_OPEN
57,7,-1,INCLUDED_OPEN
57,7,0,INCLUDED_OPEN
57,7,1,INCLUDED_OPEN
57,7,2,INCLUDED_LOWDATA
57,8,-13,EXCLUDED_WATER
57,8,-12,EXCLUDED_WATER
57,8,-11,EXCLUDED_WATER
57,8,-10,EXCLUDED_WATER
57,8,-9,EXCLUDED_WATER
57,8,-8,EXCLUDED_WATER
57,8,-7,EXCLUDED_WATER
57,8,-6,INCLUDED_OPEN
57,8,-5,INCLUDED_OPEN
57,8,-4,INCLUDED_OPEN
57,8,-3,INCLUDED_OPEN
57,8,-2,INCLUDED_OPEN
57,8,-1,INCLUDED_OPEN
57,8,0,INCLUDED_OPEN
57,8,1,INCLUDED_LOWDATA
57,8,2,INCLUDED_LOWDATA
57,9,-13,EXCLUDED_WATER
57,9,-12,EXCLUDED_WATER
57,9,-11,EXCLUDED_WATER
57,9,-10,EXCLUDED_WATER
57,9,-9,EXCLUDED_WATER
57,9,-8,EXCLUDED_WATER
57,9,-7,EXCLUDED_WATER
57,9,-6,INCLUDED_OPEN
57,9,-5,INCLUDED_OPEN
57,9,-4,INCLUDED_OPEN
57,9,-3,INCLUDED_OPEN
57,9,-2,INCLUDED_OPEN
57,9,-1,INCLUDED_OPEN
57,9,0,INCLUDED_OPEN
57,9,1,INCLUDED_LOWDATA
57,10,-13,EXCLUDED_WATER
57,10,-12,EXCLUDED_WATER
57,10,-11,EXCLUDED_WATER
57,10,-10,EXCLUDED_WATER
57,10,-9,EXCLUDED_WATER
57,10,-8,EXCLUDED_WATER
57,10,-7,EXCLUDED_WATER
57,10,-6,INCLUDED_OPEN
57,10,-5,INCLUDED_OPEN
57,10,-4,INCLUDED_OPEN
57,10,-3,INCLUDED_OPEN
57,10,-2,INCLUDED_OPEN
57,10,-1,INCLUDED_OPEN
57,10,0,INCLUDED_OPEN
57,10,1,INCLUDED_OPEN
57,10,2,INCLUDED_LOWDATA
57,11,-13,EXCLUDED_WATER
57,11,-12,EXCLUDED_WATER
57,11,-11,EXCLUDED_WATER
57,11,-10,EXCLUDED_WATER
57,11,-9,EXCLUDED_WATER
57,11,-8,EXCLUDED_WATER
57,11,-7,EXCLUDED_WATER
57,11,-6,INCLUDED_OPEN
57,11,-5,INCLUDED_OPEN
57,11,-4,INCLUDED_OPEN
57,11,-3,INCLUDED_OPEN
57,11,-2,INCLUDED_OPEN
57,11,-1,INCLUDED_OPEN
57,11,0,INCLUDED_OPEN
57,11,1,INCLUDED_OPEN
57,11,2,INCLUDED_LOWDATA
57,12,-4,INCLUDED_OPEN
57,12,-3,INCLUDED_OPEN
57,12,-2,INCLUDED_OPEN
57,12,-1,INCLUDED_OPEN
57,12,0,INCLUDED_OPEN
57,12,1,INCLUDED_OPEN
57,12,2,INCLUDED_OPEN
57,13,-4,INCLUDED_OPEN
57,13,-3,INCLUDED_OPEN
57,13,-2,INCLUDED_OPEN
57,13,-1,INCLUDED_OPEN
57,13,0,INCLUDED_OPEN
57,13,1,INCLUDED_OPEN
57,13,2,INCLUDED_OPEN
57,14,-6,INCLUDED_LOWDATA
57,14,-4,INCLUDED_OPEN
57,14,-3,INCLUDED_OPEN
57,14,-2,INCLUDED_OPEN
57,14,-1,INCLUDED_OPEN
57,14,0,INCLUDED_OPEN
57,14,1,INCLUDED_OPEN
57,14,2,INCLUDED_OPEN
57,15,-4,INCLUDED_OPEN
57,15,-3,INCLUDED_OPEN
57,15,-2,INCLUDED_OPEN
57,15,-1,INCLUDED_OPEN
57,15,0,INCLUDED_OPEN
57,15,1,INCLUDED_OPEN
57,15,2,INCLUDED_OPEN
57,16,-4,INCLUDED_OPEN
57,16,-3,INCLUDED_OPEN
57,16,-2,INCLUDED_OPEN
57,16,-1,INCLUDED_OPEN
57,16,0,INCLUDED_OPEN
57,16,1,INCLUDED_OPEN
57,16,2,INCLUDED_OPEN
57,17,-4,INCLUDED_OPEN
57,17,-3,INCLUDED_OPEN
57,17,-2,INCLUDED_OPEN
57,17,-1,INCLUDED_OPEN
57,17,0,INCLUDED_OPEN
57,17,1,INCLUDED_OPEN
57,17,2,INCLUDED_OPEN
57,19,-7,INCLUDED_LOWDATA
57,19,-6,INCLUDED_OPEN
57,19,-5,INCLUDED_OPEN
57,19,-4,INCLUDED_OPEN
57,19,-3,INCLUDED_OPEN
57,19,-2,INCLUDED_OPEN
57,19,-1,INCLUDED_LOWDATA
57,19,0,INCLUDED_LOWDATA
57,19,1,INCLUDED_LOWDATA
57,19,2,INCLUDED_LOWDATA
57,19,3,INCLUDED_LOWDATA
57,19,4,INCLUDED_LOWDATA
57,20,-7,INCLUDED_OPEN
57,20,-6,INCLUDED_OPEN
57,20,-5,INCLUDED_OPEN
57,20,-4,INCLUDED_OPEN
57,20,-3,INCLUDED_OPEN
57,20,-2,INCLUDED_OPEN
57,20,-1,INCLUDED_LOWDATA
57,20,0,INCLUDED_LOWDATA
57,20,1,INCLUDED_LOWDATA
57,20,4,INCLUDED_LOWDATA
57,21,-7,INCLUDED_LOWDATA
57,21,-6,INCLUDED_OPEN
57,21,-5,INCLUDED_OPEN
57,21,-4,INCLUDED_OPEN
57,21,-3,INCLUDED_OPEN
57,21,-2,INCLUDED_LOWDATA
57,21,-1,INCLUDED_LOWDATA
57,21,0,INCLUDED_LOWDATA
57,21,1,INCLUDED_LOWDATA
57,21,2,INCLUDED_LOWDATA
57,21,3,INCLUDED_LOWDATA
57,21,4,INCLUDED_LOWDATA
57,22,-7,INCLUDED_LOWDATA
57,22,-6,INCLUDED_OPEN
57,22,-5,INCLUDED_OPEN
57,22,-4,INCLUDED_OPEN
57,22,-3,INCLUDED_LOWDATA
57,22,-2,INCLUDED_LOWDATA
57,22,-1,INCLUDED_LOWDATA
57,22,0,INCLUDED_LOWDATA
57,22,1,INCLUDED_LOWDATA
57,22,2,INCLUDED_LOWDATA
57,22,4,INCLUDED_LOWDATA
57,23,-7,INCLUDED_OPEN
57,23,-6,INCLUDED_OPEN
57,23,-5,INCLUDED_OPEN
57,23,-4,INCLUDED_OPEN
57,23,-3,INCLUDED_LOWDATA
57,23,-2,INCLUDED_LOWDATA
57,23,-1,INCLUDED_LOWDATA
57,23,0,INCLUDED_LOWDATA
57,23,1,INCLUDED_LOWDATA
57,23,2,INCLUDED_LOWDATA
57,24,-7,INCLUDED_OPEN
57,24,-6,INCLUDED_OPEN
57,24,-5,INCLUDED_OPEN
57,24,-4,INCLUDED_OPEN
57,24,-3,INCLUDED_OPEN
57,24,-2,INCLUDED_LOWDATA
57,24,-1,INCLUDED_LOWDATA
57,24,0,INCLUDED_LOWDATA
57,24,1,INCLUDED_LOWDATA
57,24,2,INCLUDED_LOWDATA
57,25,-8,INCLUDED_LOWDATA
57,25,-7,INCLUDED_OPEN
57,25,-6,INCLUDED_OPEN
57,25,-5,INCLUDED_OPEN
57,25,-4,INCLUDED_OPEN
57,25,-3,INCLUDED_LOWDATA
57,25,-2,INCLUDED_LOWDATA
57,25,-1,INCLUDED_LOWDATA
57,25,0,INCLUDED_LOWDATA
57,25,1,INCLUDED_LOWDATA
57,25,3,INCLUDED_LOWDATA
57,25,4,INCLUDED_LOWDATA
57,26,-8,INCLUDED_LOWDATA
57,26,-7,INCLUDED_OPEN
57,26,-6,INCLUDED_OPEN
57,26,-5,INCLUDED_OPEN
57,26,-4,INCLUDED_OPEN
57,26,-3,INCLUDED_LOWDATA
57,26,-2,INCLUDED_LOWDATA
57,26,-1,INCLUDED_LOWDATA
57,26,0,INCLUDED_LOWDATA
57,26,1,INCLUDED_LOWDATA
57,26,2,INCLUDED_LOWDATA
57,26,3,INCLUDED_LOWDATA
57,26,4,INCLUDED_LOWDATA
57,27,-7,INCLUDED_OPEN
57,27,-6,INCLUDED_OPEN
57,27,-5,INCLUDED_OPEN
57,27,-4,INCLUDED_LOWDATA
57,27,-3,INCLUDED_LOWDATA
57,27,-2,INCLUDED_LOWDATA
57,27,-1,INCLUDED_LOWDATA
57,27,0,INCLUDED_LOWDATA
57,27,1,INCLUDED_LOWDATA
57,27,2,INCLUDED_LOWDATA
57,27,3,INCLUDED_LOWDATA
57,28,-8,INCLUDED_LOWDATA
57,28,-7,INCLUDED_OPEN
57,28,-6,INCLUDED_OPEN
57,28,-5,INCLUDED_OPEN
57,28,-4,INCLUDED_OPEN
57,28,-3,INCLUDED_LOWDATA
57,28,-2,INCLUDED_LOWDATA
57,28,-1,INCLUDED_LOWDATA
57,28,0,INCLUDED_LOWDATA
57,28,1,INCLUDED_LOWDATA
57,28,2,INCLUDED_LOWDATA
57,28,3,INCLUDED_LOWDATA
57,28,4,INCLUDED_LOWDATA
57,29,-8,INCLUDED_LOWDATA
57,29,-7,INCLUDED_OPEN
57,29,-6,INCLUDED_OPEN
57,29,-5,INCLUDED_OPEN
57,29,-4,INCLUDED_LOWDATA
57,29,-3,INCLUDED_LOWDATA
57,29,-2,INCLUDED_LOWDATA
57,29,-1,INCLUDED_LOWDATA
57,29,0,INCLUDED_LOWDATA
57,29,1,INCLUDED_LOWDATA
57,29,2,INCLUDED_LOWDATA
57,29,3,INCLUDED_LOWDATA
57,30,-8,INCLUDED_LOWDATA
57,30,-7,INCLUDED_OPEN
57,30,-6,INCLUDED_OPEN
57,30,-5,INCLUDED_OPEN
57,30,-4,INCLUDED_LOWDATA
57,30,-3,INCLUDED_LOWDATA
57,30,-2,INCLUDED_LOWDATA
57,30,-1,INCLUDED_LOWDATA
57,30,0,INCLUDED_LOWDATA
57,30,1,INCLUDED_LOWDATA
57,30,2,INCLUDED_LOWDATA
57,31,-8,INCLUDED_OPEN
57,31,-7,INCLUDED_OPEN
57,31,-6,INCLUDED_OPEN
57,31,-5,INCLUDED_OPEN
57,31,-4,INCLUDED_OPEN
57,31,-3,INCLUDED_OPEN
57,31,-2,INCLUDED_OPEN
57,31,-1,INCLUDED_LOWDATA
57,31,0,INCLUDED_OPEN
57,31,1,INCLUDED_LOWDATA
57,31,2,INCLUDED_LOWDATA
57,31,3,INCLUDED_LOWDATA
57,31,4,INCLUDED_LOWDATA
58,-30,-2,INCLUDED_OPEN
58,-30,-1,INCLUDED_OPEN
58,-30,0,INCLUDED_OPEN
58,-30,1,INCLUDED_OPEN
58,-30,2,INCLUDED_OPEN
58,-30,3,INCLUDED_OPEN
58,-29,-2,INCLUDED_OPEN
58,-29,-1,INCLUDED_OPEN
58,-29,0,INCLUDED_OPEN
58,-29,1,INCLUDED_OPEN
58,-29,2,INCLUDED_OPEN
58,-29,3,INCLUDED_OPEN
58,-28,-2,INCLUDED_OPEN
58,-28,-1,INCLUDED_OPEN
58,-28,0,INCLUDED_OPEN
58,-28,1,INCLUDED_OPEN
58,-28,2,INCLUDED_OPEN
58,-28,3,INCLUDED_OPEN
58,-27,-2,INCLUDED_OPEN
58,-27,-1,INCLUDED_OPEN
58,-27,0,INCLUDED_OPEN
58,-27,1,INCLUDED_OPEN
58,-27,2,INCLUDED_OPEN
58,-27,3,INCLUDED_OPEN
58,-27,4,INCLUDED_LOWDATA
58,-26,-2,INCLUDED_OPEN
58,-26,-1,INCLUDED_OPEN
58,-26,0,INCLUDED_OPEN
58,-26,1,INCLUDED_OPEN
58,-26,2,INCLUDED_OPEN
58,-26,3,INCLUDED_OPEN
58,-26,4,INCLUDED_LOWDATA
58,-25,-2,INCLUDED_OPEN
58,-25,-1,INCLUDED_OPEN
58,-25,0,INCLUDED_OPEN
58,-25,1,INCLUDED_OPEN
58,-25,2,INCLUDED_OPEN
58,-25,3,INCLUDED_OPEN
58,-24,-2,INCLUDED_OPEN
58,-24,-1,INCLUDED_OPEN
58,-24,0,INCLUDED_OPEN
58,-24,1,INCLUDED_OPEN
58,-24,2,INCLUDED_OPEN
58,-24,3,INCLUDED_OPEN
58,-24,4,INCLUDED_LOWDATA
58,-23,-2,INCLUDED_OPEN
58,-23,-1,INCLUDED_OPEN
58,-23,0,INCLUDED_OPEN
58,-23,1,INCLUDED_OPEN
58,-23,2,INCLUDED_OPEN
58,-23,3,INCLUDED_OPEN
58,-23,4,INCLUDED_LOWDATA
58,-22,-2,INCLUDED_OPEN
58,-22,-1,INCLUDED_OPEN
58,-22,0,INCLUDED_OPEN
58,-22,1,INCLUDED_OPEN
58,-22,2,INCLUDED_OPEN
58,-22,3,INCLUDED_OPEN
58,-22,4,INCLUDED_LOWDATA
58,-21,-2,INCLUDED_OPEN
58,-21,-1,INCLUDED_OPEN
58,-21,0,INCLUDED_OPEN
58,-21,1,INCLUDED_OPEN
58,-21,2,INCLUDED_OPEN
58,-21,3,INCLUDED_OPEN
58,-21,4,INCLUDED_LOWDATA
58,-20,-2,INCLUDED_OPEN
58,-20,-1,INCLUDED_OPEN
58,-20,0,INCLUDED_OPEN
58,-20,1,INCLUDED_OPEN
58,-20,2,INCLUDED_OPEN
58,-20,3,INCLUDED_OPEN
58,-19,-2,INCLUDED_OPEN
58,-19,-1,INCLUDED_OPEN
58,-19,0,INCLUDED_OPEN
58,-19,1,INCLUDED_OPEN
58,-19,2,INCLUDED_OPEN
58,-19,3,INCLUDED_OPEN
58,-18,-5,INCLUDED_LOWDATA
58,-16,-13,EXCLUDED_WATER
58,-16,-12,EXCLUDED_WATER
58,-16,-11,EXCLUDED_WATER
58,-16,-10,EXCLUDED_WATER
58,-16,-9,EXCLUDED_WATER
58,-16,-8,EXCLUDED_WATER
58,-16,-7,EXCLUDED_WATER
58,-16,-6,INCLUDED_OPEN
58,-16,-5,INCLUDED_OPEN
58,-16,-4,INCLUDED_LOWDATA
58,-16,-2,INCLUDED_OPEN
58,-16,-1,INCLUDED_OPEN
58,-16,0,INCLUDED_OPEN
58,-16,1,INCLUDED_OPEN
58,-16,2,INCLUDED_OPEN
58,-15,-13,EXCLUDED_WATER
58,-15,-12,EXCLUDED_WATER
58,-15,-11,EXCLUDED_WATER
58,-15,-10,EXCLUDED_WATER
58,-15,-9,EXCLUDED_WATER
58,-15,-8,EXCLUDED_WATER
58,-15,-7,EXCLUDED_WATER
58,-15,-6,INCLUDED_OPEN
58,-15,-5,INCLUDED_OPEN
58,-15,-4,INCLUDED_LOWDATA
58,-15,-2,INCLUDED_OPEN
58,-15,-1,INCLUDED_OPEN
58,-15,0,INCLUDED_OPEN
58,-15,1,INCLUDED_OPEN
58,-15,2,INCLUDED_OPEN
58,-14,-13,EXCLUDED_WATER
58,-14,-12,EXCLUDED_WATER
58,-14,-11,EXCLUDED_WATER
58,-14,-10,EXCLUDED_WATER
58,-14,-9,EXCLUDED_WATER
58,-14,-8,EXCLUDED_WATER
58,-14,-7,EXCLUDED_WATER
58,-14,-6,INCLUDED_OPEN
58,-14,-5,INCLUDED_OPEN
58,-14,-4,INCLUDED_LOWDATA
58,-14,-2,INCLUDED_OPEN
58,-14,-1,INCLUDED_OPEN
58,-14,0,INCLUDED_OPEN
58,-14,1,INCLUDED_OPEN
58,-14,2,INCLUDED_OPEN
58,-13,-13,EXCLUDED_WATER
58,-13,-12,EXCLUDED_WATER
58,-13,-11,EXCLUDED_WATER
58,-13,-10,EXCLUDED_WATER
58,-13,-9,EXCLUDED_WATER
58,-13,-8,EXCLUDED_WATER
58,-13,-7,EXCLUDED_WATER
58,-13,-6,INCLUDED_OPEN
58,-13,-5,INCLUDED_OPEN
58,-13,-4,INCLUDED_LOWDATA
58,-13,-2,INCLUDED_OPEN
58,-13,-1,INCLUDED_OPEN
58,-13,0,INCLUDED_OPEN
58,-13,1,INCLUDED_OPEN
58,-13,2,INCLUDED_OPEN
58,-12,-13,EXCLUDED_WATER
58,-12,-12,EXCLUDED_WATER
58,-12,-11,EXCLUDED_WATER
58,-12,-10,EXCLUDED_WATER
58,-12,-9,EXCLUDED_WATER
58,-12,-8,EXCLUDED_WATER
58,-12,-7,EXCLUDED_WATER
58,-12,-6,INCLUDED_OPEN
58,-12,-5,INCLUDED_OPEN
58,-12,-4,INCLUDED_OPEN
58,-12,-2,INCLUDED_OPEN
58,-12,-1,INCLUDED_OPEN
58,-12,0,INCLUDED_OPEN
58,-12,1,INCLUDED_OPEN
58,-12,2,INCLUDED_OPEN
58,-11,-13,EXCLUDED_WATER
58,-11,-12,EXCLUDED_WATER
58,-11,-11,EXCLUDED_WATER
58,-11,-10,EXCLUDED_WATER
58,-11,-9,EXCLUDED_WATER
58,-11,-8,EXCLUDED_WATER
58,-11,-7,EXCLUDED_WATER
58,-11,-6,INCLUDED_OPEN
58,-11,-5,INCLUDED_OPEN
58,-11,-4,INCLUDED_OPEN
58,-11,-3,INCLUDED_OPEN
58,-11,-2,INCLUDED_OPEN
58,-11,-1,INCLUDED_OPEN
58,-11,0,INCLUDED_OPEN
58,-11,1,INCLUDED_LOWDATA
58,-10,-13,EXCLUDED_WATER
58,-10,-12,EXCLUDED_WATER
58,-10,-11,EXCLUDED_WATER
58,-10,-10,EXCLUDED_WATER
58,-10,-9,EXCLUDED_WATER
58,-10,-8,EXCLUDED_WATER
58,-10,-7,EXCLUDED_WATER
58,-10,-6,INCLUDED_OPEN
58,-10,-5,INCLUDED_OPEN
58,-10,-4,INCLUDED_OPEN
58,-10,-3,INCLUDED_OPEN
58,-10,-2,INCLUDED_OPEN
58,-10,-1,INCLUDED_OPEN
58,-10,0,INCLUDED_OPEN
58,-10,1,INCLUDED_OPEN
58,-10,2,INCLUDED_OPEN
58,-9,-13,EXCLUDED_WATER
58,-9,-12,EXCLUDED_WATER
58,-9,-11,EXCLUDED_WATER
58,-9,-10,EXCLUDED_WATER
58,-9,-9,EXCLUDED_WATER
58,-9,-8,EXCLUDED_WATER
58,-9,-7,EXCLUDED_WATER
58,-9,-6,INCLUDED_OPEN
58,-9,-5,INCLUDED_OPEN
58,-9,-4,INCLUDED_OPEN
58,-9,-3,INCLUDED_OPEN
58,-9,-2,INCLUDED_OPEN
58,-9,-1,INCLUDED_OPEN
58,-9,0,INCLUDED_OPEN
58,-9,1,INCLUDED_OPEN
58,-9,2,INCLUDED_LOWDATA
58,-8,-13,EXCLUDED_WATER
58,-8,-12,EXCLUDED_WATER
58,-8,-11,EXCLUDED_WATER
58,-8,-10,EXCLUDED_WATER
58,-8,-9,EXCLUDED_WATER
58,-8,-8,EXCLUDED_WATER
58,-8,-7,EXCLUDED_WATER
58,-8,-6,INCLUDED_OPEN
58,-8,-5,INCLUDED_OPEN
58,-8,-4,INCLUDED_OPEN
58,-8,-3,INCLUDED_OPEN
58,-8,-2,INCLUDED_OPEN
58,-8,-1,INCLUDED_OPEN
58,-8,0,INCLUDED_OPEN
58,-8,1,INCLUDED_OPEN
58,-8,2,INCLUDED_OPEN
58,-7,-13,EXCLUDED_WATER
58,-7,-12,EXCLUDED_WATER
58,-7,-11,EXCLUDED_WATER
58,-7,-10,EXCLUDED_WATER
58,-7,-9,EXCLUDED_WATER
58,-7,-8,EXCLUDED_WATER
58,-7,-7,EXCLUDED_WATER
58,-7,-6,INCLUDED_OPEN
58,-7,-5,INCLUDED_OPEN
58,-7,-4,INCLUDED_OPEN
58,-7,-3,INCLUDED_OPEN
58,-7,-2,INCLUDED_OPEN
58,-7,-1,INCLUDED_OPEN
58,-7,0,INCLUDED_OPEN
58,-7,1,INCLUDED_LOWDATA
58,-6,-13,EXCLUDED_WATER
58,-6,-12,EXCLUDED_WATER
58,-6,-11,EXCLUDED_WATER
58,-6,-10,EXCLUDED_WATER
58,-6,-9,EXCLUDED_WATER
58,-6,-8,EXCLUDED_WATER
58,-6,-7,EXCLUDED_WATER
58,-6,-6,INCLUDED_OPEN
58,-6,-5,INCLUDED_OPEN
58,-6,-4,INCLUDED_OPEN
58,-6,-3,INCLUDED_OPEN
58,-6,-2,INCLUDED_OPEN
58,-6,-1,INCLUDED_OPEN
58,-6,0,INCLUDED_OPEN
58,-6,1,INCLUDED_OPEN
58,-6,2,ssg-ya-3
58,-5,-13,EXCLUDED_WATER
58,-5,-12,EXCLUDED_WATER
58,-5,-11,EXCLUDED_WATER
58,-5,-10,EXCLUDED_WATER
58,-5,-9,EXCLUDED_WATER
58,-5,-8,EXCLUDED_WATER
58,-5,-7,EXCLUDED_WATER
58,-5,-6,INCLUDED_OPEN
58,-5,-5,INCLUDED_OPEN
58,-5,-4,INCLUDED_OPEN
58,-5,-3,INCLUDED_OPEN
58,-5,-2,INCLUDED_OPEN
58,-5,-1,INCLUDED_OPEN
58,-5,0,INCLUDED_OPEN
58,-5,1,INCLUDED_OPEN
58,-5,2,INCLUDED_OPEN
58,-4,-13,EXCLUDED_WATER
58,-4,-12,EXCLUDED_WATER
58,-4,-11,EXCLUDED_WATER
58,-4,-10,EXCLUDED_WATER
58,-4,-9,EXCLUDED_WATER
58,-4,-8,EXCLUDED_WATER
58,-4,-6,INCLUDED_OPEN
58,-4,-5,INCLUDED_OPEN
58,-4,-4,INCLUDED_OPEN
58,-4,-3,INCLUDED_OPEN
58,-4,-2,INCLUDED_OPEN
58,-4,-1,INCLUDED_OPEN
58,-4,0,INCLUDED_OPEN
58,-4,1,INCLUDED_OPEN
58,-4,2,INCLUDED_OPEN
58,-3,-13,EXCLUDED_WATER
58,-3,-12,EXCLUDED_WATER
58,-3,-11,EXCLUDED_WATER
58,-3,-10,EXCLUDED_WATER
58,-3,-9,EXCLUDED_WATER
58,-3,-8,EXCLUDED_WATER
58,-3,-6,INCLUDED_OPEN
58,-3,-5,INCLUDED_OPEN
58,-3,-4,INCLUDED_OPEN
58,-3,-3,INCLUDED_OPEN
58,-3,-2,INCLUDED_OPEN
58,-3,-1,INCLUDED_OPEN
58,-3,0,INCLUDED_OPEN
58,-3,1,INCLUDED_OPEN
58,-2,-13,EXCLUDED_WATER
58,-2,-12,EXCLUDED_WATER
58,-2,-11,EXCLUDED_WATER
58,-2,-10,EXCLUDED_WATER
58,-2,-9,EXCLUDED_WATER
58,-2,-8,EXCLUDED_WATER
58,-2,-7,EXCLUDED_WATER
58,-2,-6,INCLUDED_OPEN
58,-2,-5,INCLUDED_OPEN
58,-2,-4,INCLUDED_OPEN
58,-2,-3,INCLUDED_OPEN
58,-2,-2,INCLUDED_OPEN
58,-2,-1,INCLUDED_OPEN
58,-2,0,INCLUDED_OPEN
58,-2,1,INCLUDED_OPEN
58,-2,2,INCLUDED_OPEN
58,-1,-13,EXCLUDED_WATER
58,-1,-12,EXCLUDED_WATER
58,-1,-11,EXCLUDED_WATER
58,-1,-10,EXCLUDED_WATER
58,-1,-9,EXCLUDED_WATER
58,-1,-8,EXCLUDED_WATER
58,-1,-7,EXCLUDED_WATER
58,-1,-6,INCLUDED_OPEN
58,-1,-5,INCLUDED_OPEN
58,-1,-4,INCLUDED_OPEN
58,-1,-3,INCLUDED_OPEN
58,-1,-2,INCLUDED_OPEN
58,-1,-1,INCLUDED_OPEN
58,-1,0,INCLUDED_OPEN
58,-1,1,INCLUDED_OPEN
58,-1,2,INCLUDED_OPEN
58,0,-13,EXCLUDED_WATER
58,0,-12,EXCLUDED_WATER
58,0,-11,EXCLUDED_WATER
58,0,-10,EXCLUDED_WATER
58,0,-9,EXCLUDED_WATER
58,0,-8,EXCLUDED_WATER
58,0,-6,INCLUDED_OPEN
58,0,-5,INCLUDED_OPEN
58,0,-4,INCLUDED_OPEN
58,0,-3,INCLUDED_OPEN
58,0,-2,INCLUDED_OPEN
58,0,-1,INCLUDED_OPEN
58,0,0,INCLUDED_OPEN
58,0,1,INCLUDED_OPEN
58,0,2,INCLUDED_OPEN
58,1,-13,EXCLUDED_WATER
58,1,-12,EXCLUDED_WATER
58,1,-11,EXCLUDED_WATER
58,1,-10,EXCLUDED_WATER
58,1,-9,EXCLUDED_WATER
58,1,-8,EXCLUDED_WATER
58,1,-6,INCLUDED_OPEN
58,1,-5,INCLUDED_OPEN
58,1,-4,INCLUDED_OPEN
58,1,-3,INCLUDED_OPEN
58,1,-2,INCLUDED_OPEN
58,1,-1,INCLUDED_OPEN
58,1,0,INCLUDED_OPEN
58,1,1,INCLUDED_OPEN
58,1,2,INCLUDED_OPEN
58,2,-13,EXCLUDED_WATER
58,2,-12,EXCLUDED_WATER
58,2,-11,EXCLUDED_WATER
58,2,-10,EXCLUDED_WATER
58,2,-9,EXCLUDED_WATER
58,2,-8,EXCLUDED_WATER
58,2,-7,EXCLUDED_WATER
58,2,-6,INCLUDED_OPEN
58,2,-5,INCLUDED_OPEN
58,2,-4,INCLUDED_OPEN
58,2,-3,INCLUDED_OPEN
58,2,-2,INCLUDED_OPEN
58,2,-1,INCLUDED_OPEN
58,2,0,INCLUDED_OPEN
58,2,1,INCLUDED_OPEN
58,2,2,INCLUDED_OPEN
58,3,-13,EXCLUDED_WATER
58,3,-12,EXCLUDED_WATER
58,3,-11,EXCLUDED_WATER
58,3,-10,EXCLUDED_WATER
58,3,-9,EXCLUDED_WATER
58,3,-8,EXCLUDED_WATER
58,3,-7,EXCLUDED_WATER
58,3,-6,INCLUDED_OPEN
58,3,-5,INCLUDED_OPEN
58,3,-4,INCLUDED_OPEN
58,3,-3,INCLUDED_OPEN
58,3,-2,INCLUDED_OPEN
58,3,-1,INCLUDED_OPEN
58,3,0,INCLUDED_OPEN
58,3,1,INCLUDED_OPEN
58,3,2,INCLUDED_OPEN
58,4,-13,EXCLUDED_WATER
58,4,-12,EXCLUDED_WATER
58,4,-11,EXCLUDED_WATER
58,4,-10,EXCLUDED_WATER
58,4,-9,EXCLUDED_WATER
58,4,-8,EXCLUDED_WATER
58,4,-7,EXCLUDED_WATER
58,4,-6,INCLUDED_OPEN
58,4,-5,INCLUDED_OPEN
58,4,-4,INCLUDED_OPEN
58,4,-3,INCLUDED_OPEN
58,4,-2,INCLUDED_OPEN
58,4,-1,INCLUDED_OPEN
58,4,0,INCLUDED_OPEN
58,4,1,INCLUDED_LOWDATA
58,5,-13,EXCLUDED_WATER
58,5,-12,EXCLUDED_WATER
58,5,-11,EXCLUDED_WATER
58,5,-10,EXCLUDED_WATER
58,5,-9,EXCLUDED_WATER
58,5,-8,EXCLUDED_WATER
58,5,-7,EXCLUDED_WATER
58,5,-6,INCLUDED_OPEN
58,5,-5,INCLUDED_OPEN
58,5,-4,INCLUDED_OPEN
58,5,-3,INCLUDED_OPEN
58,5,-2,INCLUDED_OPEN
58,5,-1,INCLUDED_OPEN
58,5,0,INCLUDED_OPEN
58,5,1,INCLUDED_LOWDATA
58,5,2,INCLUDED_LOWDATA
58,6,-13,EXCLUDED_WATER
58,6,-12,EXCLUDED_WATER
58,6,-11,EXCLUDED_WATER
58,6,-10,EXCLUDED_WATER
58,6,-9,EXCLUDED_WATER
58,6,-8,EXCLUDED_WATER
58,6,-7,EXCLUDED_WATER
58,6,-6,INCLUDED_OPEN
58,6,-5,INCLUDED_OPEN
58,6,-4,INCLUDED_OPEN
58,6,-3,INCLUDED_OPEN
58,6,-2,INCLUDED_OPEN
58,6,-1,INCLUDED_OPEN
58,6,0,INCLUDED_OPEN
58,6,1,INCLUDED_LOWDATA
58,6,2,INCLUDED_LOWDATA
58,7,-13,EXCLUDED_WATER
58,7,-12,EXCLUDED_WATER
58,7,-11,EXCLUDED_WATER
58,7,-10,EXCLUDED_WATER
58,7,-9,EXCLUDED_WATER
58,7,-8,EXCLUDED_WATER
58,7,-7,EXCLUDED_WATER
58,7,-6,INCLUDED_OPEN
58,7,-5,INCLUDED_OPEN
58,7,-4,INCLUDED_OPEN
58,7,-3,INCLUDED_OPEN
58,7,-2,INCLUDED_OPEN
58,7,-1,INCLUDED_OPEN
58,7,0,INCLUDED_OPEN
58,7,1,INCLUDED_OPEN
58,7,2,INCLUDED_OPEN
58,8,-13,EXCLUDED_WATER
58,8,-12,EXCLUDED_WATER
58,8,-11,EXCLUDED_WATER
58,8,-10,EXCLUDED_WATER
58,8,-9,EXCLUDED_WATER
58,8,-8,EXCLUDED_WATER
58,8,-7,EXCLUDED_WATER
58,8,-6,INCLUDED_OPEN
58,8,-5,INCLUDED_OPEN
58,8,-4,INCLUDED_OPEN
58,8,-3,INCLUDED_OPEN
58,8,-2,INCLUDED_OPEN
58,8,-1,INCLUDED_OPEN
58,8,0,INCLUDED_OPEN
58,8,1,INCLUDED_LOWDATA
58,8,2,INCLUDED_LOWDATA
58,9,-13,EXCLUDED_WATER
58,9,-12,EXCLUDED_WATER
58,9,-11,EXCLUDED_WATER
58,9,-10,EXCLUDED_WATER
58,9,-9,EXCLUDED_WATER
58,9,-8,EXCLUDED_WATER
58,9,-7,EXCLUDED_WATER
58,9,-6,INCLUDED_OPEN
58,9,-5,INCLUDED_OPEN
58,9,-4,INCLUDED_OPEN
58,9,-3,INCLUDED_OPEN
58,9,-2,INCLUDED_OPEN
58,9,-1,INCLUDED_OPEN
58,9,0,INCLUDED_OPEN
58,9,1,INCLUDED_LOWDATA
58,10,-13,EXCLUDED_WATER
58,10,-12,EXCLUDED_WATER
58,10,-11,EXCLUDED_WATER
58,10,-10,EXCLUDED_WATER
58,10,-9,EXCLUDED_WATER
58,10,-8,EXCLUDED_WATER
58,10,-7,EXCLUDED_WATER
58,10,-6,INCLUDED_OPEN
58,10,-5,INCLUDED_OPEN
58,10,-4,INCLUDED_OPEN
58,10,-3,INCLUDED_OPEN
58,10,-2,INCLUDED_OPEN
58,10,-1,INCLUDED_OPEN
58,10,0,INCLUDED_OPEN
58,10,1,INCLUDED_OPEN
58,10,2,INCLUDED_OPEN
58,11,-12,EXCLUDED_WATER
58,11,-11,EXCLUDED_WATER
58,11,-10,EXCLUDED_WATER
58,11,-9,EXCLUDED_WATER
58,11,-8,EXCLUDED_WATER
58,11,-7,EXCLUDED_WATER
58,11,-6,INCLUDED_OPEN
58,11,-5,INCLUDED_OPEN
58,11,-4,INCLUDED_OPEN
58,11,-3,INCLUDED_OPEN
58,11,-2,INCLUDED_OPEN
58,11,-1,INCLUDED_OPEN
58,11,0,INCLUDED_OPEN
58,11,1,INCLUDED_OPEN
58,11,2,INCLUDED_LOWDATA
58,12,-4,INCLUDED_OPEN
58,12,-3,INCLUDED_OPEN
58,12,-2,INCLUDED_OPEN
58,12,-1,INCLUDED_OPEN
58,12,0,INCLUDED_OPEN
58,12,1,INCLUDED_OPEN
58,12,2,mega-pent
58,13,-4,INCLUDED_OPEN
58,13,-3,INCLUDED_OPEN
58,13,-2,INCLUDED_OPEN
58,13,-1,INCLUDED_OPEN
58,13,0,INCLUDED_OPEN
58,13,1,INCLUDED_OPEN
58,13,2,INCLUDED_OPEN
58,14,-6,INCLUDED_LOWDATA
58,14,-4,INCLUDED_OPEN
58,14,-3,INCLUDED_OPEN
58,14,-2,INCLUDED_OPEN
58,14,-1,INCLUDED_OPEN
58,14,0,INCLUDED_OPEN
58,14,1,INCLUDED_OPEN
58,14,2,INCLUDED_OPEN
58,15,-4,INCLUDED_OPEN
58,15,-3,INCLUDED_OPEN
58,15,-2,INCLUDED_OPEN
58,15,-1,INCLUDED_OPEN
58,15,0,INCLUDED_OPEN
58,15,1,INCLUDED_OPEN
58,15,2,INCLUDED_OPEN
58,16,-4,INCLUDED_OPEN
58,16,-3,INCLUDED_OPEN
58,16,-2,INCLUDED_OPEN
58,16,-1,INCLUDED_OPEN
58,16,0,INCLUDED_OPEN
58,16,1,INCLUDED_OPEN
58,16,2,INCLUDED_OPEN
58,17,-4,INCLUDED_OPEN
58,17,-3,INCLUDED_OPEN
58,17,-2,INCLUDED_OPEN
58,17,-1,INCLUDED_OPEN
58,17,0,INCLUDED_OPEN
58,17,1,INCLUDED_OPEN
58,17,2,constrained-misc
58,19,-7,INCLUDED_LOWDATA
58,19,-6,INCLUDED_OPEN
58,19,-5,INCLUDED_OPEN
58,19,-4,INCLUDED_OPEN
58,19,-3,INCLUDED_OPEN
58,19,-2,INCLUDED_OPEN
58,19,-1,INCLUDED_OPEN
58,19,0,INCLUDED_OPEN
58,19,1,INCLUDED_LOWDATA
58,19,2,INCLUDED_LOWDATA
58,19,3,INCLUDED_LOWDATA
58,19,4,INCLUDED_LOWDATA
58,20,-7,INCLUDED_LOWDATA
58,20,-6,INCLUDED_OPEN
58,20,-5,INCLUDED_OPEN
58,20,-4,INCLUDED_OPEN
58,20,-3,INCLUDED_LOWDATA
58,20,-2,INCLUDED_OPEN
58,20,-1,INCLUDED_LOWDATA
58,20,0,INCLUDED_LOWDATA
58,20,1,INCLUDED_LOWDATA
58,20,2,INCLUDED_LOWDATA
58,20,3,INCLUDED_LOWDATA
58,20,4,INCLUDED_LOWDATA
58,21,-7,INCLUDED_LOWDATA
58,21,-6,INCLUDED_OPEN
58,21,-5,INCLUDED_OPEN
58,21,-4,INCLUDED_OPEN
58,21,-3,INCLUDED_LOWDATA
58,21,-2,INCLUDED_LOWDATA
58,21,-1,INCLUDED_LOWDATA
58,21,0,INCLUDED_LOWDATA
58,21,1,INCLUDED_LOWDATA
58,21,2,INCLUDED_LOWDATA
58,21,3,INCLUDED_LOWDATA
58,22,-7,INCLUDED_LOWDATA
58,22,-6,INCLUDED_OPEN
58,22,-5,INCLUDED_OPEN
58,22,-4,INCLUDED_OPEN
58,22,-3,INCLUDED_LOWDATA
58,22,-2,INCLUDED_LOWDATA
58,22,-1,INCLUDED_LOWDATA
58,22,0,INCLUDED_LOWDATA
58,22,1,INCLUDED_LOWDATA
58,22,3,INCLUDED_LOWDATA
58,23,-7,INCLUDED_OPEN
58,23,-6,INCLUDED_OPEN
58,23,-5,INCLUDED_OPEN
58,23,-4,INCLUDED_OPEN
58,23,-3,INCLUDED_LOWDATA
58,23,-2,INCLUDED_LOWDATA
58,23,-1,INCLUDED_LOWDATA
58,23,0,INCLUDED_LOWDATA
58,23,1,INCLUDED_LOWDATA
58,23,2,INCLUDED_LOWDATA
58,23,3,INCLUDED_LOWDATA
58,23,4,INCLUDED_LOWDATA
58,24,-7,INCLUDED_OPEN
58,24,-6,INCLUDED_OPEN
58,24,-5,INCLUDED_OPEN
58,24,-4,INCLUDED_OPEN
58,24,-3,INCLUDED_LOWDATA
58,24,-2,INCLUDED_LOWDATA
58,24,-1,INCLUDED_LOWDATA
58,24,0,INCLUDED_LOWDATA
58,24,1,INCLUDED_LOWDATA
58,24,2,INCLUDED_LOWDATA
58,24,3,INCLUDED_LOWDATA
58,24,4,INCLUDED_LOWDATA
58,25,-8,mega-pent-2
58,25,-7,INCLUDED_OPEN
58,25,-6,INCLUDED_OPEN
58,25,-5,INCLUDED_OPEN
58,25,-4,INCLUDED_OPEN
58,25,-3,INCLUDED_LOWDATA
58,25,-2,INCLUDED_LOWDATA
58,25,-1,INCLUDED_LOWDATA
58,25,0,INCLUDED_LOWDATA
58,25,1,INCLUDED_LOWDATA
58,25,2,INCLUDED_LOWDATA
58,25,3,INCLUDED_LOWDATA
58,26,-8,INCLUDED_LOWDATA
58,26,-7,INCLUDED_OPEN
58,26,-6,INCLUDED_OPEN
58,26,-5,INCLUDED_OPEN
58,26,-4,INCLUDED_LOWDATA
58,26,-3,INCLUDED_LOWDATA
58,26,-2,INCLUDED_LOWDATA
58,26,-1,INCLUDED_LOWDATA
58,26,0,INCLUDED_LOWDATA
58,26,1,INCLUDED_LOWDATA
58,26,2,INCLUDED_LOWDATA
58,26,3,INCLUDED_LOWDATA
58,26,4,INCLUDED_LOWDATA
58,27,-8,INCLUDED_LOWDATA
58,27,-7,INCLUDED_OPEN
58,27,-6,INCLUDED_OPEN
58,27,-5,INCLUDED_OPEN
58,27,-4,INCLUDED_LOWDATA
58,27,-3,INCLUDED_OPEN
58,27,-2,INCLUDED_LOWDATA
58,27,-1,INCLUDED_LOWDATA
58,27,0,INCLUDED_LOWDATA
58,27,1,INCLUDED_LOWDATA
58,27,2,INCLUDED_LOWDATA
58,27,3,INCLUDED_LOWDATA
58,27,4,INCLUDED_LOWDATA
58,28,-8,INCLUDED_LOWDATA
58,28,-7,INCLUDED_OPEN
58,28,-6,INCLUDED_OPEN
58,28,-5,INCLUDED_OPEN
58,28,-4,INCLUDED_LOWDATA
58,28,-3,INCLUDED_LOWDATA
58,28,-2,INCLUDED_LOWDATA
58,28,-1,INCLUDED_LOWDATA
58,28,0,INCLUDED_LOWDATA
58,28,1,INCLUDED_LOWDATA
58,28,2,INCLUDED_LOWDATA
58,28,3,INCLUDED_LOWDATA
58,29,-8,INCLUDED_LOWDATA
58,29,-7,INCLUDED_OPEN
58,29,-6,INCLUDED_OPEN
58,29,-5,INCLUDED_OPEN
58,29,-4,INCLUDED_OPEN
58,29,-3,INCLUDED_LOWDATA
58,29,-2,INCLUDED_LOWDATA
58,29,-1,INCLUDED_LOWDATA
58,29,0,INCLUDED_LOWDATA
58,29,1,INCLUDED_LOWDATA
58,29,2,INCLUDED_LOWDATA
58,29,3,INCLUDED_LOWDATA
58,30,-8,INCLUDED_LOWDATA
58,30,-7,INCLUDED_OPEN
58,30,-6,INCLUDED_OPEN
58,30,-5,INCLUDED_OPEN
58,30,-4,INCLUDED_LOWDATA
58,30,-3,INCLUDED_LOWDATA
58,30,-2,INCLUDED_LOWDATA
58,30,-1,INCLUDED_LOWDATA
58,30,0,INCLUDED_LOWDATA
58,30,1,INCLUDED_LOWDATA
58,30,2,INCLUDED_LOWDATA
58,30,3,INCLUDED_LOWDATA
58,31,-8,INCLUDED_OPEN
58,31,-7,INCLUDED_OPEN
58,31,-6,INCLUDED_OPEN
58,31,-5,INCLUDED_OPEN
58,31,-4,INCLUDED_OPEN
58,31,-3,INCLUDED_OPEN
58,31,-2,INCLUDED_OPEN
58,31,-1,INCLUDED_LOWDATA
58,31,0,INCLUDED_OPEN
58,31,1,INCLUDED_LOWDATA
58,31,2,INCLUDED_LOWDATA
58,31,3,INCLUDED_LOWDATA
58,31,4,INCLUDED_LOWDATA
59,-30,-2,constrained-misc
59,-30,-1,INCLUDED_OPEN
59,-30,0,INCLUDED_OPEN
59,-30,1,INCLUDED_OPEN
59,-30,2,INCLUDED_OPEN
59,-30,3,INCLUDED_OPEN
59,-30,4,constrained-misc
59,-29,-2,INCLUDED_OPEN
59,-29,-1,INCLUDED_OPEN
59,-29,0,INCLUDED_OPEN
59,-29,1,INCLUDED_OPEN
59,-29,2,INCLUDED_OPEN
59,-29,3,INCLUDED_OPEN
59,-29,4,INCLUDED_OPEN
59,-28,-2,INCLUDED_OPEN
59,-28,-1,INCLUDED_OPEN
59,-28,0,INCLUDED_OPEN
59,-28,1,INCLUDED_OPEN
59,-28,2,INCLUDED_OPEN
59,-28,3,INCLUDED_OPEN
59,-28,4,INCLUDED_OPEN
59,-27,-2,INCLUDED_OPEN
59,-27,-1,INCLUDED_OPEN
59,-27,0,INCLUDED_OPEN
59,-27,1,INCLUDED_OPEN
59,-27,2,INCLUDED_OPEN
59,-27,3,INCLUDED_OPEN
59,-27,4,INCLUDED_OPEN
59,-26,-2,INCLUDED_OPEN
59,-26,-1,INCLUDED_OPEN
59,-26,0,INCLUDED_OPEN
59,-26,1,INCLUDED_OPEN
59,-26,2,INCLUDED_OPEN
59,-26,3,INCLUDED_OPEN
59,-26,4,INCLUDED_OPEN
59,-25,-2,INCLUDED_OPEN
59,-25,-1,INCLUDED_OPEN
59,-25,0,INCLUDED_OPEN
59,-25,1,INCLUDED_OPEN
59,-25,2,INCLUDED_OPEN
59,-25,3,INCLUDED_OPEN
59,-25,4,INCLUDED_OPEN
59,-24,-2,INCLUDED_OPEN
59,-24,-1,INCLUDED_OPEN
59,-24,0,INCLUDED_OPEN
59,-24,1,INCLUDED_OPEN
59,-24,2,INCLUDED_OPEN
59,-24,3,INCLUDED_OPEN
59,-24,4,INCLUDED_OPEN
59,-23,-2,INCLUDED_OPEN
59,-23,-1,INCLUDED_OPEN
59,-23,0,INCLUDED_OPEN
59,-23,1,INCLUDED_OPEN
59,-23,2,INCLUDED_OPEN
59,-23,3,INCLUDED_OPEN
59,-23,4,INCLUDED_OPEN
59,-22,-2,INCLUDED_OPEN
59,-22,-1,INCLUDED_OPEN
59,-22,0,INCLUDED_OPEN
59,-22,1,INCLUDED_OPEN
59,-22,2,INCLUDED_OPEN
59,-22,3,INCLUDED_OPEN
59,-22,4,INCLUDED_OPEN
59,-21,-2,INCLUDED_OPEN
59,-21,-1,INCLUDED_OPEN
59,-21,0,INCLUDED_OPEN
59,-21,1,INCLUDED_OPEN
59,-21,2,INCLUDED_OPEN
59,-21,3,INCLUDED_OPEN
59,-21,4,INCLUDED_OPEN
59,-20,-2,INCLUDED_OPEN
59,-20,-1,INCLUDED_OPEN
59,-20,0,INCLUDED_OPEN
59,-20,1,INCLUDED_OPEN
59,-20,2,INCLUDED_OPEN
59,-20,3,INCLUDED_OPEN
59,-20,4,INCLUDED_OPEN
59,-19,-2,INCLUDED_OPEN
59,-19,-1,INCLUDED_OPEN
59,-19,0,INCLUDED_OPEN
59,-19,1,INCLUDED_OPEN
59,-19,2,INCLUDED_OPEN
59,-19,3,INCLUDED_OPEN
59,-19,4,INCLUDED_OPEN
59,-18,-6,INCLUDED_LOWDATA
59,-18,-5,INCLUDED_LOWDATA
59,-17,0,INCLUDED_LOWDATA
59,-16,-13,EXCLUDED_WATER
59,-16,-12,EXCLUDED_WATER
59,-16,-11,EXCLUDED_WATER
59,-16,-10,EXCLUDED_WATER
59,-16,-9,EXCLUDED_WATER
59,-16,-8,EXCLUDED_WATER
59,-16,-7,EXCLUDED_WATER
59,-16,-6,INCLUDED_OPEN
59,-16,-5,INCLUDED_OPEN
59,-16,-2,INCLUDED_OPEN
59,-16,-1,INCLUDED_OPEN
59,-16,0,INCLUDED_OPEN
59,-16,1,INCLUDED_OPEN
59,-16,2,INCLUDED_OPEN
59,-15,-13,EXCLUDED_WATER
59,-15,-12,EXCLUDED_WATER
59,-15,-11,EXCLUDED_WATER
59,-15,-10,EXCLUDED_WATER
59,-15,-9,EXCLUDED_WATER
59,-15,-8,EXCLUDED_WATER
59,-15,-7,EXCLUDED_WATER
59,-15,-6,INCLUDED_OPEN
59,-15,-5,INCLUDED_OPEN
59,-15,-4,INCLUDED_LOWDATA
59,-15,-2,INCLUDED_OPEN
59,-15,-1,INCLUDED_OPEN
59,-15,0,INCLUDED_OPEN
59,-15,1,INCLUDED_OPEN
59,-15,2,INCLUDED_OPEN
59,-14,-13,EXCLUDED_WATER
59,-14,-12,EXCLUDED_WATER
59,-14,-11,EXCLUDED_WATER
59,-14,-10,EXCLUDED_WATER
59,-14,-9,EXCLUDED_WATER
59,-14,-8,EXCLUDED_WATER
59,-14,-7,EXCLUDED_WATER
59,-14,-6,INCLUDED_OPEN
59,-14,-5,INCLUDED_OPEN
59,-14,-4,INCLUDED_LOWDATA
59,-14,-2,INCLUDED_OPEN
59,-14,-1,INCLUDED_OPEN
59,-14,0,INCLUDED_OPEN
59,-14,1,INCLUDED_OPEN
59,-14,2,INCLUDED_OPEN
59,-13,-13,EXCLUDED_WATER
59,-13,-12,EXCLUDED_WATER
59,-13,-11,EXCLUDED_WATER
59,-13,-10,EXCLUDED_WATER
59,-13,-9,EXCLUDED_WATER
59,-13,-8,EXCLUDED_WATER
59,-13,-7,EXCLUDED_WATER
59,-13,-6,INCLUDED_OPEN
59,-13,-5,INCLUDED_OPEN
59,-13,-4,INCLUDED_LOWDATA
59,-13,-2,INCLUDED_OPEN
59,-13,-1,INCLUDED_OPEN
59,-13,0,INCLUDED_OPEN
59,-13,1,INCLUDED_OPEN
59,-13,2,INCLUDED_OPEN
59,-12,-13,EXCLUDED_WATER
59,-12,-12,EXCLUDED_WATER
59,-12,-11,EXCLUDED_WATER
59,-12,-10,EXCLUDED_WATER
59,-12,-9,EXCLUDED_WATER
59,-12,-8,EXCLUDED_WATER
59,-12,-7,EXCLUDED_WATER
59,-12,-6,INCLUDED_OPEN
59,-12,-5,INCLUDED_OPEN
59,-12,-4,INCLUDED_LOWDATA
59,-12,-2,INCLUDED_OPEN
59,-12,-1,INCLUDED_OPEN
59,-12,0,INCLUDED_OPEN
59,-12,1,constrained-misc
59,-12,2,constrained-misc
59,-11,-13,EXCLUDED_WATER
59,-11,-12,EXCLUDED_WATER
59,-11,-11,EXCLUDED_WATER
59,-11,-10,EXCLUDED_WATER
59,-11,-9,EXCLUDED_WATER
59,-11,-8,EXCLUDED_WATER
59,-11,-7,EXCLUDED_WATER
59,-11,-6,INCLUDED_OPEN
59,-11,-5,INCLUDED_OPEN
59,-11,-4,INCLUDED_OPEN
59,-11,-3,ssg-ya-2
59,-11,-2,INCLUDED_OPEN
59,-11,-1,INCLUDED_OPEN
59,-11,0,INCLUDED_OPEN
59,-10,-13,EXCLUDED_WATER
59,-10,-12,EXCLUDED_WATER
59,-10,-11,EXCLUDED_WATER
59,-10,-10,EXCLUDED_WATER
59,-10,-9,EXCLUDED_WATER
59,-10,-8,EXCLUDED_WATER
59,-10,-7,EXCLUDED_WATER
59,-10,-6,INCLUDED_OPEN
59,-10,-5,INCLUDED_OPEN
59,-10,-4,INCLUDED_OPEN
59,-10,-3,INCLUDED_OPEN
59,-10,-2,INCLUDED_OPEN
59,-10,-1,INCLUDED_OPEN
59,-10,0,INCLUDED_OPEN
59,-10,1,constrained-misc
59,-10,2,constrained-misc
59,-9,-13,EXCLUDED_WATER
59,-9,-12,EXCLUDED_WATER
59,-9,-11,EXCLUDED_WATER
59,-9,-10,EXCLUDED_WATER
59,-9,-9,EXCLUDED_WATER
59,-9,-8,EXCLUDED_WATER
59,-9,-7,EXCLUDED_WATER
59,-9,-6,INCLUDED_OPEN
59,-9,-5,INCLUDED_OPEN
59,-9,-4,INCLUDED_OPEN
59,-9,-3,INCLUDED_OPEN
59,-9,-2,INCLUDED_OPEN
59,-9,-1,INCLUDED_OPEN
59,-9,0,INCLUDED_OPEN
59,-9,1,INCLUDED_LOWDATA
59,-8,-13,EXCLUDED_WATER
59,-8,-12,EXCLUDED_WATER
59,-8,-11,EXCLUDED_WATER
59,-8,-10,EXCLUDED_WATER
59,-8,-9,EXCLUDED_WATER
59,-8,-8,EXCLUDED_WATER
59,-8,-7,EXCLUDED_WATER
59,-8,-6,INCLUDED_OPEN
59,-8,-5,INCLUDED_OPEN
59,-8,-4,INCLUDED_OPEN
59,-8,-3,INCLUDED_OPEN
59,-8,-2,INCLUDED_OPEN
59,-8,-1,INCLUDED_OPEN
59,-8,0,INCLUDED_OPEN
59,-8,1,constrained-misc
59,-8,2,INCLUDED_LOWDATA
59,-7,-13,EXCLUDED_WATER
59,-7,-12,EXCLUDED_WATER
59,-7,-11,EXCLUDED_WATER
59,-7,-10,EXCLUDED_WATER
59,-7,-9,EXCLUDED_WATER
59,-7,-8,EXCLUDED_WATER
59,-7,-7,EXCLUDED_WATER
59,-7,-6,INCLUDED_OPEN
59,-7,-5,INCLUDED_OPEN
59,-7,-4,INCLUDED_OPEN
59,-7,-3,INCLUDED_OPEN
59,-7,-2,INCLUDED_OPEN
59,-7,-1,INCLUDED_OPEN
59,-7,0,INCLUDED_OPEN
59,-6,-13,EXCLUDED_WATER
59,-6,-12,EXCLUDED_WATER
59,-6,-11,EXCLUDED_WATER
59,-6,-10,EXCLUDED_WATER
59,-6,-9,EXCLUDED_WATER
59,-6,-8,EXCLUDED_WATER
59,-6,-7,EXCLUDED_WATER
59,-6,-6,INCLUDED_OPEN
59,-6,-5,INCLUDED_OPEN
59,-6,-4,INCLUDED_OPEN
59,-6,-3,INCLUDED_OPEN
59,-6,-2,INCLUDED_OPEN
59,-6,-1,INCLUDED_OPEN
59,-6,0,INCLUDED_OPEN
59,-6,1,ssg-ya-3
59,-6,2,ssg-ya-3
59,-5,-13,EXCLUDED_WATER
59,-5,-12,EXCLUDED_WATER
59,-5,-11,EXCLUDED_WATER
59,-5,-10,EXCLUDED_WATER
59,-5,-9,EXCLUDED_WATER
59,-5,-8,EXCLUDED_WATER
59,-5,-7,EXCLUDED_WATER
59,-5,-6,INCLUDED_OPEN
59,-5,-5,INCLUDED_OPEN
59,-5,-4,INCLUDED_OPEN
59,-5,-3,INCLUDED_OPEN
59,-5,-2,INCLUDED_OPEN
59,-5,-1,INCLUDED_OPEN
59,-5,0,INCLUDED_OPEN
59,-5,1,ssg-ya-3
59,-5,2,INCLUDED_LOWDATA
59,-4,-13,EXCLUDED_WATER
59,-4,-12,EXCLUDED_WATER
59,-4,-11,EXCLUDED_WATER
59,-4,-10,EXCLUDED_WATER
59,-4,-9,EXCLUDED_WATER
59,-4,-8,EXCLUDED_WATER
59,-4,-6,INCLUDED_OPEN
59,-4,-5,INCLUDED_OPEN
59,-4,-4,INCLUDED_OPEN
59,-4,-3,INCLUDED_OPEN
59,-4,-2,INCLUDED_OPEN
59,-4,-1,INCLUDED_OPEN
59,-4,0,INCLUDED_OPEN
59,-4,1,INCLUDED_OPEN
59,-4,2,INCLUDED_OPEN
59,-3,-13,EXCLUDED_WATER
59,-3,-12,EXCLUDED_WATER
59,-3,-11,EXCLUDED_WATER
59,-3,-10,EXCLUDED_WATER
59,-3,-9,EXCLUDED_WATER
59,-3,-8,EXCLUDED_WATER
59,-3,-6,INCLUDED_OPEN
59,-3,-5,INCLUDED_OPEN
59,-3,-4,INCLUDED_OPEN
59,-3,-3,INCLUDED_OPEN
59,-3,-2,INCLUDED_OPEN
59,-3,-1,INCLUDED_OPEN
59,-3,0,INCLUDED_OPEN
59,-3,1,INCLUDED_OPEN
59,-2,-13,EXCLUDED_WATER
59,-2,-12,EXCLUDED_WATER
59,-2,-11,EXCLUDED_WATER
59,-2,-10,EXCLUDED_WATER
59,-2,-9,EXCLUDED_WATER
59,-2,-8,EXCLUDED_WATER
59,-2,-7,EXCLUDED_WATER
59,-2,-6,INCLUDED_OPEN
59,-2,-5,INCLUDED_OPEN
59,-2,-4,INCLUDED_OPEN
59,-2,-3,INCLUDED_OPEN
59,-2,-2,INCLUDED_OPEN
59,-2,-1,INCLUDED_OPEN
59,-2,0,INCLUDED_OPEN
59,-2,1,INCLUDED_OPEN
59,-2,2,INCLUDED_OPEN
59,-1,-13,EXCLUDED_WATER
59,-1,-12,EXCLUDED_WATER
59,-1,-11,EXCLUDED_WATER
59,-1,-10,EXCLUDED_WATER
59,-1,-9,EXCLUDED_WATER
59,-1,-8,EXCLUDED_WATER
59,-1,-7,EXCLUDED_WATER
59,-1,-6,INCLUDED_OPEN
59,-1,-5,INCLUDED_OPEN
59,-1,-4,INCLUDED_OPEN
59,-1,-3,INCLUDED_OPEN
59,-1,-2,INCLUDED_OPEN
59,-1,-1,INCLUDED_OPEN
59,-1,0,INCLUDED_OPEN
59,-1,1,INCLUDED_OPEN
59,-1,2,INCLUDED_OPEN
59,0,-13,EXCLUDED_WATER
59,0,-12,EXCLUDED_WATER
59,0,-11,EXCLUDED_WATER
59,0,-10,EXCLUDED_WATER
59,0,-9,EXCLUDED_WATER
59,0,-8,EXCLUDED_WATER
59,0,-7,EXCLUDED_WATER
59,0,-6,INCLUDED_OPEN
59,0,-5,INCLUDED_OPEN
59,0,-4,INCLUDED_OPEN
59,0,-3,INCLUDED_OPEN
59,0,-2,INCLUDED_OPEN
59,0,-1,INCLUDED_OPEN
59,0,0,INCLUDED_OPEN
59,0,1,INCLUDED_OPEN
59,0,2,INCLUDED_OPEN
59,1,-13,EXCLUDED_WATER
59,1,-12,EXCLUDED_WATER
59,1,-11,EXCLUDED_WATER
59,1,-10,EXCLUDED_WATER
59,1,-9,EXCLUDED_WATER
59,1,-8,EXCLUDED_WATER
59,1,-6,INCLUDED_OPEN
59,1,-5,INCLUDED_OPEN
59,1,-4,INCLUDED_OPEN
59,1,-3,INCLUDED_OPEN
59,1,-2,INCLUDED_OPEN
59,1,-1,INCLUDED_OPEN
59,1,0,INCLUDED_OPEN
59,1,1,INCLUDED_OPEN
59,1,2,INCLUDED_OPEN
59,2,-13,EXCLUDED_WATER
59,2,-12,EXCLUDED_WATER
59,2,-11,EXCLUDED_WATER
59,2,-10,EXCLUDED_WATER
59,2,-9,EXCLUDED_WATER
59,2,-8,EXCLUDED_WATER
59,2,-7,EXCLUDED_WATER
59,2,-6,INCLUDED_OPEN
59,2,-5,INCLUDED_OPEN
59,2,-4,INCLUDED_OPEN
59,2,-3,INCLUDED_OPEN
59,2,-2,INCLUDED_OPEN
59,2,-1,INCLUDED_OPEN
59,2,0,INCLUDED_OPEN
59,2,1,rl-4
59,2,2,rl-4
59,3,-13,EXCLUDED_WATER
59,3,-12,EXCLUDED_WATER
59,3,-11,EXCLUDED_WATER
59,3,-10,EXCLUDED_WATER
59,3,-9,EXCLUDED_WATER
59,3,-8,EXCLUDED_WATER
59,3,-7,EXCLUDED_WATER
59,3,-6,INCLUDED_OPEN
59,3,-5,INCLUDED_OPEN
59,3,-4,INCLUDED_OPEN
59,3,-3,INCLUDED_OPEN
59,3,-2,INCLUDED_OPEN
59,3,-1,INCLUDED_OPEN
59,3,0,INCLUDED_OPEN
59,3,1,rl-4
59,3,2,rl-4
59,4,-13,EXCLUDED_WATER
59,4,-12,EXCLUDED_WATER
59,4,-11,EXCLUDED_WATER
59,4,-10,EXCLUDED_WATER
59,4,-9,EXCLUDED_WATER
59,4,-8,EXCLUDED_WATER
59,4,-7,EXCLUDED_WATER
59,4,-6,INCLUDED_OPEN
59,4,-5,INCLUDED_OPEN
59,4,-4,INCLUDED_OPEN
59,4,-3,INCLUDED_OPEN
59,4,-2,INCLUDED_OPEN
59,4,-1,INCLUDED_OPEN
59,4,0,INCLUDED_LOWDATA
59,5,-13,EXCLUDED_WATER
59,5,-12,EXCLUDED_WATER
59,5,-11,EXCLUDED_WATER
59,5,-10,EXCLUDED_WATER
59,5,-9,EXCLUDED_WATER
59,5,-8,EXCLUDED_WATER
59,5,-7,EXCLUDED_WATER
59,5,-6,INCLUDED_OPEN
59,5,-5,INCLUDED_OPEN
59,5,-4,INCLUDED_OPEN
59,5,-3,INCLUDED_OPEN
59,5,-2,INCLUDED_OPEN
59,5,-1,INCLUDED_OPEN
59,5,0,constrained-misc
59,5,1,INCLUDED_LOWDATA
59,5,2,INCLUDED_LOWDATA
59,6,-13,EXCLUDED_WATER
59,6,-12,EXCLUDED_WATER
59,6,-11,EXCLUDED_WATER
59,6,-10,EXCLUDED_WATER
59,6,-9,EXCLUDED_WATER
59,6,-8,EXCLUDED_WATER
59,6,-7,EXCLUDED_WATER
59,6,-6,INCLUDED_OPEN
59,6,-5,INCLUDED_OPEN
59,6,-4,INCLUDED_OPEN
59,6,-3,INCLUDED_OPEN
59,6,-2,INCLUDED_OPEN
59,6,-1,INCLUDED_OPEN
59,6,0,INCLUDED_OPEN
59,6,1,INCLUDED_LOWDATA
59,7,-13,EXCLUDED_WATER
59,7,-12,EXCLUDED_WATER
59,7,-11,EXCLUDED_WATER
59,7,-10,EXCLUDED_WATER
59,7,-9,EXCLUDED_WATER
59,7,-8,EXCLUDED_WATER
59,7,-7,EXCLUDED_WATER
59,7,-6,INCLUDED_OPEN
59,7,-5,INCLUDED_OPEN
59,7,-4,INCLUDED_OPEN
59,7,-3,INCLUDED_OPEN
59,7,-2,INCLUDED_OPEN
59,7,-1,INCLUDED_OPEN
59,7,0,INCLUDED_OPEN
59,7,1,INCLUDED_LOWDATA
59,8,-13,EXCLUDED_WATER
59,8,-12,EXCLUDED_WATER
59,8,-11,EXCLUDED_WATER
59,8,-10,EXCLUDED_WATER
59,8,-9,EXCLUDED_WATER
59,8,-8,EXCLUDED_WATER
59,8,-7,EXCLUDED_WATER
59,8,-6,INCLUDED_OPEN
59,8,-5,INCLUDED_OPEN
59,8,-4,INCLUDED_OPEN
59,8,-3,INCLUDED_OPEN
59,8,-2,INCLUDED_OPEN
59,8,-1,INCLUDED_OPEN
59,8,0,INCLUDED_OPEN
59,8,1,constrained-misc
59,8,2,constrained-misc
59,9,-13,EXCLUDED_WATER
59,9,-11,EXCLUDED_WATER
59,9,-10,EXCLUDED_WATER
59,9,-9,EXCLUDED_WATER
59,9,-8,EXCLUDED_WATER
59,9,-7,EXCLUDED_WATER
59,9,-6,INCLUDED_OPEN
59,9,-5,INCLUDED_OPEN
59,9,-4,INCLUDED_OPEN
59,9,-3,INCLUDED_OPEN
59,9,-2,INCLUDED_OPEN
59,9,-1,INCLUDED_OPEN
59,9,0,INCLUDED_LOWDATA
59,10,-13,EXCLUDED_WATER
59,10,-12,EXCLUDED_WATER
59,10,-11,EXCLUDED_WATER
59,10,-10,EXCLUDED_WATER
59,10,-9,EXCLUDED_WATER
59,10,-8,EXCLUDED_WATER
59,10,-7,EXCLUDED_WATER
59,10,-6,INCLUDED_OPEN
59,10,-5,INCLUDED_OPEN
59,10,-4,INCLUDED_OPEN
59,10,-3,INCLUDED_OPEN
59,10,-2,INCLUDED_OPEN
59,10,-1,INCLUDED_OPEN
59,10,0,INCLUDED_OPEN
59,10,1,INCLUDED_LOWDATA
59,11,-10,EXCLUDED_WATER
59,11,-9,EXCLUDED_WATER
59,11,-8,EXCLUDED_WATER
59,11,-7,EXCLUDED_WATER
59,11,-6,mega-pent
59,11,-5,mega-pent
59,11,-4,mega-pent
59,11,-3,mega-pent
59,11,-2,mega-pent
59,11,-1,mega-pent
59,11,0,mega-pent
59,11,1,mega-pent
59,11,2,INCLUDED_LOWDATA
59,12,-4,INCLUDED_OPEN
59,12,-3,INCLUDED_OPEN
59,12,-2,INCLUDED_OPEN
59,12,-1,INCLUDED_OPEN
59,12,0,INCLUDED_OPEN
59,13,-4,INCLUDED_OPEN
59,13,-3,INCLUDED_OPEN
59,13,-2,INCLUDED_OPEN
59,13,-1,INCLUDED_OPEN
59,13,0,INCLUDED_OPEN
59,13,1,INCLUDED_OPEN
59,14,-6,INCLUDED_LOWDATA
59,14,-4,INCLUDED_OPEN
59,14,-3,INCLUDED_OPEN
59,14,-2,INCLUDED_OPEN
59,14,-1,INCLUDED_OPEN
59,14,0,INCLUDED_OPEN
59,14,1,INCLUDED_OPEN
59,15,-4,INCLUDED_OPEN
59,15,-3,INCLUDED_OPEN
59,15,-2,INCLUDED_OPEN
59,15,-1,INCLUDED_OPEN
59,15,0,INCLUDED_OPEN
59,15,1,INCLUDED_OPEN
59,16,-4,INCLUDED_OPEN
59,16,-3,INCLUDED_OPEN
59,16,-2,INCLUDED_OPEN
59,16,-1,INCLUDED_OPEN
59,16,0,INCLUDED_OPEN
59,16,1,INCLUDED_OPEN
59,17,-4,INCLUDED_OPEN
59,17,-3,INCLUDED_OPEN
59,17,-2,INCLUDED_OPEN
59,17,-1,INCLUDED_OPEN
59,17,0,INCLUDED_OPEN
59,17,1,INCLUDED_LOWDATA
59,19,-7,constrained-misc
59,19,-6,constrained-misc
59,19,-5,INCLUDED_OPEN
59,19,-4,INCLUDED_OPEN
59,19,-3,INCLUDED_OPEN
59,19,-2,INCLUDED_OPEN
59,19,-1,INCLUDED_OPEN
59,19,0,INCLUDED_OPEN
59,19,1,INCLUDED_OPEN
59,19,2,INCLUDED_OPEN
59,19,3,constrained-misc
59,19,4,constrained-misc
59,20,-7,INCLUDED_OPEN
59,20,-6,INCLUDED_OPEN
59,20,-5,INCLUDED_OPEN
59,20,-4,INCLUDED_OPEN
59,20,-3,INCLUDED_OPEN
59,20,-2,INCLUDED_OPEN
59,20,-1,constrained-misc
59,20,0,INCLUDED_OPEN
59,20,1,INCLUDED_OPEN
59,20,2,INCLUDED_OPEN
59,20,3,INCLUDED_LOWDATA
59,20,4,constrained-misc
59,21,-7,INCLUDED_OPEN
59,21,-6,INCLUDED_OPEN
59,21,-5,INCLUDED_OPEN
59,21,-4,INCLUDED_OPEN
59,21,-3,INCLUDED_OPEN
59,21,-2,INCLUDED_OPEN
59,21,-1,INCLUDED_OPEN
59,21,0,INCLUDED_LOWDATA
59,21,1,constrained-misc
59,21,2,INCLUDED_LOWDATA
59,21,3,INCLUDED_LOWDATA
59,21,4,INCLUDED_LOWDATA
59,22,-7,INCLUDED_OPEN
59,22,-6,INCLUDED_OPEN
59,22,-5,INCLUDED_OPEN
59,22,-4,INCLUDED_OPEN
59,22,-3,INCLUDED_OPEN
59,22,-2,INCLUDED_OPEN
59,22,-1,INCLUDED_LOWDATA
59,22,0,INCLUDED_LOWDATA
59,22,1,INCLUDED_LOWDATA
59,22,2,INCLUDED_OPEN
59,22,3,INCLUDED_LOWDATA
59,22,4,constrained-misc
59,23,-7,INCLUDED_OPEN
59,23,-6,INCLUDED_OPEN
59,23,-5,INCLUDED_OPEN
59,23,-4,INCLUDED_OPEN
59,23,-3,INCLUDED_OPEN
59,23,-2,INCLUDED_OPEN
59,23,-1,INCLUDED_OPEN
59,23,0,INCLUDED_LOWDATA
59,23,1,INCLUDED_LOWDATA
59,23,2,INCLUDED_LOWDATA
59,23,3,constrained-misc
59,23,4,constrained-misc
59,24,-8,mega-pent-2
59,24,-7,INCLUDED_OPEN
59,24,-6,INCLUDED_OPEN
59,24,-5,INCLUDED_OPEN
59,24,-4,INCLUDED_OPEN
59,24,-3,INCLUDED_OPEN
59,24,-2,INCLUDED_OPEN
59,24,-1,INCLUDED_OPEN
59,24,0,INCLUDED_LOWDATA
59,24,1,INCLUDED_LOWDATA
59,24,2,INCLUDED_LOWDATA
59,24,3,INCLUDED_LOWDATA
59,24,4,INCLUDED_LOWDATA
59,25,-8,mega-pent-2
59,25,-7,INCLUDED_OPEN
59,25,-6,INCLUDED_OPEN
59,25,-5,INCLUDED_OPEN
59,25,-4,INCLUDED_OPEN
59,25,-3,INCLUDED_OPEN
59,25,-2,INCLUDED_LOWDATA
59,25,-1,INCLUDED_LOWDATA
59,25,0,INCLUDED_OPEN
59,25,1,INCLUDED_LOWDATA
59,25,2,INCLUDED_LOWDATA
59,25,3,INCLUDED_LOWDATA
59,25,4,INCLUDED_LOWDATA
59,26,-8,mega-pent-2
59,26,-7,INCLUDED_OPEN
59,26,-6,INCLUDED_OPEN
59,26,-5,INCLUDED_OPEN
59,26,-4,INCLUDED_OPEN
59,26,-3,INCLUDED_OPEN
59,26,-2,INCLUDED_OPEN
59,26,-1,INCLUDED_OPEN
59,26,0,INCLUDED_OPEN
59,26,1,INCLUDED_OPEN
59,26,2,INCLUDED_LOWDATA
59,26,3,INCLUDED_LOWDATA
59,26,4,constrained-misc
59,27,-8,mega-pent-2
59,27,-7,INCLUDED_OPEN
59,27,-6,INCLUDED_OPEN
59,27,-5,INCLUDED_OPEN
59,27,-4,INCLUDED_OPEN
59,27,-3,constrained-misc
59,27,-2,INCLUDED_OPEN
59,27,-1,INCLUDED_OPEN
59,27,0,INCLUDED_OPEN
59,27,1,INCLUDED_LOWDATA
59,27,2,INCLUDED_LOWDATA
59,27,3,INCLUDED_LOWDATA
59,27,4,INCLUDED_LOWDATA
59,28,-8,mega-pent-2
59,28,-7,INCLUDED_OPEN
59,28,-6,INCLUDED_OPEN
59,28,-5,INCLUDED_OPEN
59,28,-4,INCLUDED_OPEN
59,28,-3,INCLUDED_OPEN
59,28,-2,INCLUDED_OPEN
59,28,-1,INCLUDED_OPEN
59,28,0,INCLUDED_LOWDATA
59,28,1,INCLUDED_LOWDATA
59,28,2,INCLUDED_LOWDATA
59,28,3,INCLUDED_LOWDATA
59,28,4,INCLUDED_LOWDATA
59,29,-8,mega-pent-2
59,29,-7,INCLUDED_OPEN
59,29,-6,INCLUDED_OPEN
59,29,-5,INCLUDED_OPEN
59,29,-4,INCLUDED_OPEN
59,29,-3,INCLUDED_OPEN
59,29,-2,INCLUDED_OPEN
59,29,-1,INCLUDED_OPEN
59,29,0,constrained-misc
59,29,1,INCLUDED_LOWDATA
59,29,2,INCLUDED_LOWDATA
59,29,3,INCLUDED_LOWDATA
59,29,4,INCLUDED_LOWDATA
59,30,-8,mega-pent-2
59,30,-7,INCLUDED_OPEN
59,30,-6,INCLUDED_OPEN
59,30,-5,INCLUDED_OPEN
59,30,-4,INCLUDED_OPEN
59,30,-3,INCLUDED_OPEN
59,30,-2,INCLUDED_OPEN
59,30,-1,INCLUDED_OPEN
59,30,0,constrained-misc
59,30,1,constrained-misc
59,30,2,INCLUDED_LOWDATA
59,30,3,INCLUDED_LOWDATA
59,30,4,INCLUDED_LOWDATA
59,31,-8,INCLUDED_OPEN
59,31,-7,INCLUDED_OPEN
59,31,-6,INCLUDED_OPEN
59,31,-5,INCLUDED_OPEN
59,31,-4,INCLUDED_OPEN
59,31,-3,INCLUDED_OPEN
59,31,-2,INCLUDED_OPEN
59,31,-1,INCLUDED_LOWDATA
59,31,0,INCLUDED_OPEN
59,31,1,INCLUDED_LOWDATA
59,31,2,INCLUDED_LOWDATA
59,31,3,INCLUDED_LOWDATA
60,-18,-6,INCLUDED_LOWDATA
60,-16,-2,INCLUDED_OPEN
60,-16,-1,INCLUDED_OPEN
60,-16,0,INCLUDED_OPEN
60,-16,1,INCLUDED_OPEN
60,-16,2,INCLUDED_OPEN
60,-15,-2,INCLUDED_OPEN
60,-15,-1,INCLUDED_OPEN
60,-15,0,INCLUDED_OPEN
60,-15,1,INCLUDED_OPEN
60,-15,2,INCLUDED_OPEN
60,-14,-2,INCLUDED_OPEN
60,-14,-1,INCLUDED_OPEN
60,-14,0,INCLUDED_OPEN
60,-14,1,INCLUDED_OPEN
60,-14,2,INCLUDED_OPEN
60,-13,-2,INCLUDED_OPEN
60,-13,-1,INCLUDED_OPEN
60,-13,0,INCLUDED_OPEN
60,-13,1,INCLUDED_OPEN
60,-13,2,INCLUDED_OPEN
60,-12,-2,INCLUDED_OPEN
60,-12,-1,INCLUDED_OPEN
60,-12,0,INCLUDED_OPEN
60,-12,1,INCLUDED_OPEN
60,-12,2,INCLUDED_OPEN
60,-11,-3,INCLUDED_LOWDATA
60,-11,-2,INCLUDED_OPEN
60,-11,-1,INCLUDED_OPEN
60,-11,0,INCLUDED_OPEN
60,-11,1,INCLUDED_OPEN
60,-11,2,INCLUDED_OPEN
60,-10,-4,ssg-ya-2
60,-10,-3,INCLUDED_OPEN
60,-10,-2,INCLUDED_OPEN
60,-10,-1,INCLUDED_OPEN
60,-10,0,INCLUDED_OPEN
60,-10,1,INCLUDED_OPEN
60,-10,2,INCLUDED_OPEN
60,-9,-4,INCLUDED_OPEN
60,-9,-3,ssg-ya-2
60,-9,-2,INCLUDED_OPEN
60,-9,-1,INCLUDED_OPEN
60,-9,0,INCLUDED_OPEN
60,-9,1,INCLUDED_OPEN
60,-9,2,INCLUDED_OPEN
60,-8,-4,ssg-ya-2
60,-8,-3,INCLUDED_OPEN
60,-8,-2,INCLUDED_OPEN
60,-8,-1,INCLUDED_OPEN
60,-8,0,INCLUDED_OPEN
60,-8,1,INCLUDED_OPEN
60,-8,2,INCLUDED_OPEN
60,-7,-5,INCLUDED_OPEN
60,-7,-4,INCLUDED_OPEN
60,-7,-3,INCLUDED_OPEN
60,-7,-2,INCLUDED_OPEN
60,-7,-1,INCLUDED_OPEN
60,-7,0,INCLUDED_OPEN
60,-7,1,INCLUDED_OPEN
60,-7,2,INCLUDED_OPEN
60,-6,-5,INCLUDED_OPEN
60,-6,-4,INCLUDED_OPEN
60,-6,-3,INCLUDED_OPEN
60,-6,-2,INCLUDED_OPEN
60,-6,-1,INCLUDED_OPEN
60,-6,0,INCLUDED_OPEN
60,-6,1,INCLUDED_OPEN
60,-6,2,INCLUDED_OPEN
60,-5,-6,INCLUDED_OPEN
60,-5,-5,INCLUDED_OPEN
60,-5,-4,INCLUDED_OPEN
60,-5,-3,INCLUDED_OPEN
60,-5,-2,INCLUDED_OPEN
60,-5,-1,INCLUDED_OPEN
60,-5,0,INCLUDED_OPEN
60,-5,1,INCLUDED_OPEN
60,-5,2,INCLUDED_OPEN
60,-4,-6,INCLUDED_OPEN
60,-4,-5,INCLUDED_OPEN
60,-4,-4,INCLUDED_OPEN
60,-4,-3,INCLUDED_OPEN
60,-4,-2,INCLUDED_OPEN
60,-4,-1,INCLUDED_OPEN
60,-4,0,INCLUDED_OPEN
60,-4,1,INCLUDED_OPEN
60,-4,2,INCLUDED_OPEN
60,-3,-7,INCLUDED_LOWDATA
60,-3,-6,INCLUDED_OPEN
60,-3,-5,INCLUDED_OPEN
60,-3,-4,INCLUDED_OPEN
60,-3,-3,INCLUDED_OPEN
60,-3,-2,INCLUDED_OPEN
60,-3,-1,INCLUDED_OPEN
60,-3,0,INCLUDED_OPEN
60,-3,1,INCLUDED_OPEN
60,-2,-7,INCLUDED_LOWDATA
60,-2,-6,INCLUDED_OPEN
60,-2,-5,INCLUDED_OPEN
60,-2,-4,INCLUDED_OPEN
60,-2,-3,INCLUDED_OPEN
60,-2,-2,INCLUDED_OPEN
60,-2,-1,INCLUDED_OPEN
60,-2,0,INCLUDED_OPEN
60,-2,1,INCLUDED_OPEN
60,-2,2,INCLUDED_OPEN
60,-1,-7,INCLUDED_LOWDATA
60,-1,-6,INCLUDED_OPEN
60,-1,-5,INCLUDED_OPEN
60,-1,-4,INCLUDED_OPEN
60,-1,-3,INCLUDED_OPEN
60,-1,-2,INCLUDED_OPEN
60,-1,-1,INCLUDED_OPEN
60,-1,0,INCLUDED_OPEN
60,-1,1,INCLUDED_OPEN
60,-1,2,INCLUDED_OPEN
60,0,-7,INCLUDED_LOWDATA
60,0,-6,INCLUDED_OPEN
60,0,-5,INCLUDED_OPEN
60,0,-4,INCLUDED_OPEN
60,0,-3,INCLUDED_OPEN
60,0,-2,INCLUDED_OPEN
60,0,-1,INCLUDED_OPEN
60,0,0,INCLUDED_OPEN
60,0,1,INCLUDED_OPEN
60,0,2,INCLUDED_OPEN
60,1,-6,INCLUDED_OPEN
60,1,-5,INCLUDED_OPEN
60,1,-4,INCLUDED_OPEN
60,1,-3,INCLUDED_OPEN
60,1,-2,INCLUDED_OPEN
60,1,-1,INCLUDED_OPEN
60,1,0,INCLUDED_OPEN
60,1,1,INCLUDED_OPEN
60,1,2,INCLUDED_OPEN
60,2,-6,INCLUDED_OPEN
60,2,-5,INCLUDED_OPEN
60,2,-4,INCLUDED_OPEN
60,2,-3,INCLUDED_OPEN
60,2,-2,INCLUDED_OPEN
60,2,-1,INCLUDED_OPEN
60,2,0,INCLUDED_OPEN
60,2,1,rl-4
60,2,2,INCLUDED_OPEN
60,3,-5,INCLUDED_OPEN
60,3,-4,INCLUDED_OPEN
60,3,-3,INCLUDED_OPEN
60,3,-2,INCLUDED_OPEN
60,3,-1,INCLUDED_OPEN
60,3,0,INCLUDED_OPEN
60,3,1,INCLUDED_OPEN
60,3,2,INCLUDED_OPEN
60,4,-5,INCLUDED_OPEN
60,4,-4,INCLUDED_OPEN
60,4,-3,INCLUDED_OPEN
60,4,-2,INCLUDED_OPEN
60,4,-1,INCLUDED_OPEN
60,4,0,INCLUDED_OPEN
60,4,1,INCLUDED_OPEN
60,4,2,INCLUDED_OPEN
60,5,-4,INCLUDED_OPEN
60,5,-3,INCLUDED_OPEN
60,5,-2,INCLUDED_OPEN
60,5,-1,INCLUDED_OPEN
60,5,0,INCLUDED_OPEN
60,5,1,INCLUDED_OPEN
60,5,2,INCLUDED_OPEN
60,6,-4,INCLUDED_OPEN
60,6,-3,INCLUDED_OPEN
60,6,-2,INCLUDED_OPEN
60,6,-1,INCLUDED_OPEN
60,6,0,INCLUDED_OPEN
60,6,1,INCLUDED_OPEN
60,6,2,INCLUDED_OPEN
60,7,-4,INCLUDED_OPEN
60,7,-3,INCLUDED_OPEN
60,7,-2,INCLUDED_OPEN
60,7,-1,INCLUDED_OPEN
60,7,0,INCLUDED_OPEN
60,7,1,INCLUDED_OPEN
60,7,2,INCLUDED_OPEN
60,8,-4,INCLUDED_OPEN
60,8,-3,INCLUDED_OPEN
60,8,-2,INCLUDED_OPEN
60,8,-1,INCLUDED_OPEN
60,8,0,INCLUDED_OPEN
60,8,1,INCLUDED_OPEN
60,8,2,INCLUDED_OPEN
60,9,-4,INCLUDED_OPEN
60,9,-3,INCLUDED_OPEN
60,9,-2,INCLUDED_OPEN
60,9,-1,INCLUDED_OPEN
60,9,0,INCLUDED_OPEN
60,9,1,INCLUDED_OPEN
60,9,2,INCLUDED_OPEN
60,10,-4,INCLUDED_OPEN
60,10,-3,INCLUDED_OPEN
60,10,-2,INCLUDED_OPEN
60,10,-1,INCLUDED_OPEN
60,10,0,INCLUDED_OPEN
60,10,1,INCLUDED_OPEN
60,10,2,INCLUDED_OPEN
60,11,-4,INCLUDED_OPEN
60,11,-3,INCLUDED_OPEN
60,11,-2,INCLUDED_OPEN
60,11,-1,INCLUDED_OPEN
60,11,0,INCLUDED_OPEN
60,11,1,INCLUDED_OPEN
60,11,2,INCLUDED_OPEN
60,12,-4,INCLUDED_OPEN
60,12,-3,INCLUDED_OPEN
60,12,-2,INCLUDED_OPEN
60,12,-1,INCLUDED_OPEN
60,12,0,INCLUDED_OPEN
60,12,1,INCLUDED_OPEN
60,12,2,INCLUDED_OPEN
60,13,-4,INCLUDED_OPEN
60,13,-3,INCLUDED_OPEN
60,13,-2,INCLUDED_OPEN
60,13,-1,INCLUDED_OPEN
60,13,0,INCLUDED_OPEN
60,13,1,INCLUDED_OPEN
60,13,2,INCLUDED_OPEN
60,14,-4,INCLUDED_OPEN
60,14,-3,INCLUDED_OPEN
60,14,-2,INCLUDED_OPEN
60,14,-1,INCLUDED_OPEN
60,14,0,INCLUDED_OPEN
60,14,1,INCLUDED_OPEN
60,14,2,INCLUDED_OPEN
60,15,-4,INCLUDED_OPEN
60,15,-3,INCLUDED_OPEN
60,15,-2,INCLUDED_OPEN
60,15,-1,INCLUDED_OPEN
60,15,0,INCLUDED_OPEN
60,15,1,INCLUDED_OPEN
60,15,2,INCLUDED_OPEN
60,16,-4,INCLUDED_OPEN
60,16,-3,INCLUDED_OPEN
60,16,-2,INCLUDED_OPEN
60,16,-1,INCLUDED_OPEN
60,16,0,INCLUDED_OPEN
60,16,1,INCLUDED_OPEN
60,16,2,INCLUDED_OPEN
60,17,-4,INCLUDED_OPEN
60,17,-3,INCLUDED_OPEN
60,17,-2,INCLUDED_OPEN
60,17,-1,INCLUDED_OPEN
60,17,0,INCLUDED_OPEN
60,17,1,INCLUDED_OPEN
60,17,2,INCLUDED_OPEN
61,-19,-6,INCLUDED_LOWDATA
61,-18,-6,INCLUDED_LOWDATA
61,-16,-2,INCLUDED_OPEN
61,-16,-1,INCLUDED_OPEN
61,-16,0,INCLUDED_OPEN
61,-16,1,INCLUDED_OPEN
61,-16,2,INCLUDED_OPEN
61,-15,-2,INCLUDED_OPEN
61,-15,-1,INCLUDED_OPEN
61,-15,0,INCLUDED_OPEN
61,-15,1,INCLUDED_OPEN
61,-15,2,INCLUDED_OPEN
61,-14,-2,INCLUDED_OPEN
61,-14,-1,INCLUDED_OPEN
61,-14,0,INCLUDED_OPEN
61,-14,1,INCLUDED_OPEN
61,-14,2,INCLUDED_OPEN
61,-13,-2,INCLUDED_OPEN
61,-13,-1,INCLUDED_OPEN
61,-13,0,INCLUDED_OPEN
61,-13,1,INCLUDED_OPEN
61,-13,2,INCLUDED_OPEN
61,-12,-2,INCLUDED_OPEN
61,-12,-1,INCLUDED_OPEN
61,-12,0,INCLUDED_OPEN
61,-12,1,INCLUDED_OPEN
61,-12,2,INCLUDED_OPEN
61,-11,-3,INCLUDED_OPEN
61,-11,-2,INCLUDED_OPEN
61,-11,-1,INCLUDED_OPEN
61,-11,0,INCLUDED_OPEN
61,-11,1,INCLUDED_OPEN
61,-11,2,INCLUDED_OPEN
61,-10,-3,INCLUDED_OPEN
61,-10,-2,INCLUDED_OPEN
61,-10,-1,INCLUDED_OPEN
61,-10,0,INCLUDED_OPEN
61,-10,1,INCLUDED_OPEN
61,-10,2,INCLUDED_LOWDATA
61,-9,-4,INCLUDED_OPEN
61,-9,-3,INCLUDED_OPEN
61,-9,-2,INCLUDED_OPEN
61,-9,-1,INCLUDED_OPEN
61,-9,0,INCLUDED_OPEN
61,-9,1,INCLUDED_OPEN
61,-8,-5,INCLUDED_LOWDATA
61,-8,-4,INCLUDED_OPEN
61,-8,-3,INCLUDED_OPEN
61,-8,-2,INCLUDED_OPEN
61,-8,-1,INCLUDED_OPEN
61,-8,0,INCLUDED_OPEN
61,-8,1,INCLUDED_OPEN
61,-7,-5,INCLUDED_OPEN
61,-7,-4,INCLUDED_OPEN
61,-7,-3,INCLUDED_OPEN
61,-7,-2,INCLUDED_OPEN
61,-7,-1,INCLUDED_OPEN
61,-7,0,INCLUDED_OPEN
61,-7,1,INCLUDED_OPEN
61,-6,-6,INCLUDED_LOWDATA
61,-6,-5,INCLUDED_OPEN
61,-6,-4,INCLUDED_OPEN
61,-6,-3,INCLUDED_OPEN
61,-6,-2,INCLUDED_OPEN
61,-6,-1,INCLUDED_OPEN
61,-6,0,INCLUDED_OPEN
61,-6,1,INCLUDED_OPEN
61,-6,2,INCLUDED_LOWDATA
61,-5,-6,INCLUDED_OPEN
61,-5,-5,INCLUDED_OPEN
61,-5,-4,INCLUDED_OPEN
61,-5,-3,INCLUDED_OPEN
61,-5,-2,INCLUDED_OPEN
61,-5,-1,INCLUDED_OPEN
61,-5,0,INCLUDED_OPEN
61,-5,1,INCLUDED_OPEN
61,-5,2,INCLUDED_LOWDATA
61,-4,-7,INCLUDED_LOWDATA
61,-4,-6,INCLUDED_OPEN
61,-4,-5,INCLUDED_OPEN
61,-4,-4,INCLUDED_OPEN
61,-4,-3,INCLUDED_OPEN
61,-4,-2,INCLUDED_OPEN
61,-4,-1,INCLUDED_OPEN
61,-4,0,INCLUDED_OPEN
61,-4,1,INCLUDED_OPEN
61,-4,2,INCLUDED_OPEN
61,-3,-7,INCLUDED_LOWDATA
61,-3,-6,INCLUDED_OPEN
61,-3,-5,INCLUDED_OPEN
61,-3,-4,INCLUDED_OPEN
61,-3,-3,INCLUDED_OPEN
61,-3,-2,INCLUDED_OPEN
61,-3,-1,INCLUDED_OPEN
61,-3,0,INCLUDED_OPEN
61,-3,1,INCLUDED_OPEN
61,-2,-6,INCLUDED_OPEN
61,-2,-5,INCLUDED_OPEN
61,-2,-4,INCLUDED_OPEN
61,-2,-3,INCLUDED_OPEN
61,-2,-2,INCLUDED_OPEN
61,-2,-1,INCLUDED_OPEN
61,-2,0,INCLUDED_OPEN
61,-2,1,INCLUDED_OPEN
61,-2,2,INCLUDED_OPEN
61,-1,-7,INCLUDED_LOWDATA
61,-1,-6,INCLUDED_OPEN
61,-1,-5,INCLUDED_OPEN
61,-1,-4,INCLUDED_OPEN
61,-1,-3,INCLUDED_OPEN
61,-1,-2,INCLUDED_OPEN
61,-1,-1,INCLUDED_OPEN
61,-1,0,INCLUDED_OPEN
61,-1,1,INCLUDED_OPEN
61,-1,2,INCLUDED_OPEN
61,0,-6,INCLUDED_OPEN
61,0,-5,INCLUDED_OPEN
61,0,-4,INCLUDED_OPEN
61,0,-3,INCLUDED_OPEN
61,0,-2,INCLUDED_OPEN
61,0,-1,INCLUDED_OPEN
61,0,0,INCLUDED_OPEN
61,0,1,INCLUDED_OPEN
61,0,2,INCLUDED_OPEN
61,1,-7,INCLUDED_LOWDATA
61,1,-6,INCLUDED_OPEN
61,1,-5,INCLUDED_OPEN
61,1,-4,INCLUDED_OPEN
61,1,-3,INCLUDED_OPEN
61,1,-2,INCLUDED_OPEN
61,1,-1,INCLUDED_OPEN
61,1,0,INCLUDED_OPEN
61,1,1,INCLUDED_OPEN
61,1,2,INCLUDED_OPEN
61,2,-6,INCLUDED_OPEN
61,2,-5,INCLUDED_OPEN
61,2,-4,INCLUDED_OPEN
61,2,-3,INCLUDED_OPEN
61,2,-2,INCLUDED_OPEN
61,2,-1,INCLUDED_OPEN
61,2,0,INCLUDED_OPEN
61,2,1,INCLUDED_OPEN
61,2,2,INCLUDED_OPEN
61,3,-6,INCLUDED_LOWDATA
61,3,-5,INCLUDED_OPEN
61,3,-4,INCLUDED_OPEN
61,3,-3,INCLUDED_OPEN
61,3,-2,INCLUDED_OPEN
61,3,-1,INCLUDED_OPEN
61,3,0,INCLUDED_OPEN
61,3,1,INCLUDED_OPEN
61,3,2,rl-4
61,4,-5,INCLUDED_OPEN
61,4,-4,INCLUDED_OPEN
61,4,-3,INCLUDED_OPEN
61,4,-2,INCLUDED_OPEN
61,4,-1,INCLUDED_OPEN
61,4,0,INCLUDED_OPEN
61,4,1,INCLUDED_OPEN
61,4,2,INCLUDED_OPEN
61,5,-5,INCLUDED_LOWDATA
61,5,-4,INCLUDED_OPEN
61,5,-3,INCLUDED_OPEN
61,5,-2,INCLUDED_OPEN
61,5,-1,INCLUDED_OPEN
61,5,0,INCLUDED_OPEN
61,5,1,INCLUDED_OPEN
61,5,2,mega-pent-3
61,6,-4,INCLUDED_OPEN
61,6,-3,INCLUDED_OPEN
61,6,-2,INCLUDED_OPEN
61,6,-1,INCLUDED_OPEN
61,6,0,INCLUDED_OPEN
61,6,1,INCLUDED_OPEN
61,6,2,mega-pent-3
61,7,-4,INCLUDED_OPEN
61,7,-3,INCLUDED_OPEN
61,7,-2,INCLUDED_OPEN
61,7,-1,INCLUDED_OPEN
61,7,0,INCLUDED_OPEN
61,7,1,INCLUDED_OPEN
61,7,2,mega-pent-3
61,8,-4,INCLUDED_OPEN
61,8,-3,INCLUDED_OPEN
61,8,-2,INCLUDED_OPEN
61,8,-1,INCLUDED_OPEN
61,8,0,INCLUDED_OPEN
61,8,1,INCLUDED_OPEN
61,8,2,mega-pent-3
61,9,-4,INCLUDED_OPEN
61,9,-3,INCLUDED_OPEN
61,9,-2,INCLUDED_OPEN
61,9,-1,INCLUDED_OPEN
61,9,0,INCLUDED_OPEN
61,9,1,INCLUDED_OPEN
61,9,2,mega-pent-3
61,10,-4,INCLUDED_OPEN
61,10,-3,INCLUDED_OPEN
61,10,-2,INCLUDED_OPEN
61,10,-1,INCLUDED_OPEN
61,10,0,INCLUDED_OPEN
61,10,1,INCLUDED_OPEN
61,10,2,mega-pent-3
61,11,-4,INCLUDED_OPEN
61,11,-3,INCLUDED_OPEN
61,11,-2,INCLUDED_OPEN
61,11,-1,INCLUDED_OPEN
61,11,0,INCLUDED_OPEN
61,11,1,mega-pent-3
61,11,2,INCLUDED_OPEN
61,12,-4,INCLUDED_OPEN
61,12,-3,INCLUDED_OPEN
61,12,-2,INCLUDED_OPEN
61,12,-1,INCLUDED_OPEN
61,12,0,INCLUDED_OPEN
61,12,1,INCLUDED_OPEN
61,12,2,INCLUDED_OPEN
61,13,-4,INCLUDED_OPEN
61,13,-3,INCLUDED_OPEN
61,13,-2,INCLUDED_OPEN
61,13,-1,INCLUDED_OPEN
61,13,0,INCLUDED_OPEN
61,13,1,INCLUDED_OPEN
61,13,2,INCLUDED_OPEN
61,14,-4,INCLUDED_OPEN
61,14,-3,INCLUDED_OPEN
61,14,-2,INCLUDED_OPEN
61,14,-1,INCLUDED_OPEN
61,14,0,INCLUDED_OPEN
61,14,1,INCLUDED_OPEN
61,14,2,INCLUDED_OPEN
61,15,-4,INCLUDED_OPEN
61,15,-3,INCLUDED_OPEN
61,15,-2,INCLUDED_OPEN
61,15,-1,INCLUDED_OPEN
61,15,0,INCLUDED_OPEN
61,15,1,INCLUDED_OPEN
61,15,2,INCLUDED_OPEN
61,16,-4,INCLUDED_OPEN
61,16,-3,INCLUDED_OPEN
61,16,-2,INCLUDED_OPEN
61,16,-1,INCLUDED_OPEN
61,16,0,INCLUDED_OPEN
61,16,1,INCLUDED_OPEN
61,16,2,INCLUDED_OPEN
61,17,-4,constrained-misc
61,17,-3,constrained-misc
61,17,-2,INCLUDED_OPEN
61,17,-1,INCLUDED_OPEN
61,17,0,INCLUDED_OPEN
61,17,1,INCLUDED_OPEN
61,17,2,INCLUDED_OPEN
62,-18,-6,INCLUDED_LOWDATA
62,-16,-2,INCLUDED_OPEN
62,-16,-1,INCLUDED_OPEN
62,-16,0,INCLUDED_OPEN
62,-16,1,INCLUDED_OPEN
62,-16,2,INCLUDED_OPEN
62,-15,-2,INCLUDED_OPEN
62,-15,-1,INCLUDED_OPEN
62,-15,0,INCLUDED_OPEN
62,-15,1,INCLUDED_OPEN
62,-15,2,INCLUDED_OPEN
62,-14,-2,INCLUDED_OPEN
62,-14,-1,INCLUDED_OPEN
62,-14,0,INCLUDED_OPEN
62,-14,1,INCLUDED_OPEN
62,-14,2,INCLUDED_OPEN
62,-13,-2,INCLUDED_OPEN
62,-13,-1,INCLUDED_OPEN
62,-13,0,INCLUDED_OPEN
62,-13,1,INCLUDED_OPEN
62,-13,2,INCLUDED_OPEN
62,-12,-2,INCLUDED_OPEN
62,-12,-1,INCLUDED_OPEN
62,-12,0,INCLUDED_OPEN
62,-12,1,INCLUDED_OPEN
62,-12,2,INCLUDED_OPEN
62,-11,-3,INCLUDED_OPEN
62,-11,-2,INCLUDED_OPEN
62,-11,-1,INCLUDED_OPEN
62,-11,0,INCLUDED_OPEN
62,-11,1,INCLUDED_OPEN
62,-11,2,INCLUDED_LOWDATA
62,-10,-3,INCLUDED_OPEN
62,-10,-2,INCLUDED_OPEN
62,-10,-1,INCLUDED_OPEN
62,-10,0,INCLUDED_OPEN
62,-10,1,INCLUDED_OPEN
62,-10,2,INCLUDED_LOWDATA
62,-9,-4,INCLUDED_OPEN
62,-9,-3,INCLUDED_OPEN
62,-9,-2,INCLUDED_OPEN
62,-9,-1,INCLUDED_OPEN
62,-9,0,INCLUDED_OPEN
62,-9,1,INCLUDED_OPEN
62,-9,2,INCLUDED_LOWDATA
62,-8,-6,INCLUDED_LOWDATA
62,-8,-4,INCLUDED_OPEN
62,-8,-3,INCLUDED_OPEN
62,-8,-2,INCLUDED_OPEN
62,-8,-1,INCLUDED_OPEN
62,-8,0,INCLUDED_OPEN
62,-8,1,INCLUDED_OPEN
62,-8,2,INCLUDED_LOWDATA
62,-7,-6,INCLUDED_LOWDATA
62,-7,-5,INCLUDED_OPEN
62,-7,-4,INCLUDED_OPEN
62,-7,-3,INCLUDED_OPEN
62,-7,-2,INCLUDED_OPEN
62,-7,-1,INCLUDED_OPEN
62,-7,0,INCLUDED_OPEN
62,-7,1,INCLUDED_OPEN
62,-7,2,INCLUDED_LOWDATA
62,-6,-6,INCLUDED_LOWDATA
62,-6,-5,INCLUDED_OPEN
62,-6,-4,INCLUDED_OPEN
62,-6,-3,INCLUDED_OPEN
62,-6,-2,INCLUDED_OPEN
62,-6,-1,INCLUDED_OPEN
62,-6,0,INCLUDED_OPEN
62,-6,1,INCLUDED_OPEN
62,-5,-6,INCLUDED_OPEN
62,-5,-5,INCLUDED_OPEN
62,-5,-4,INCLUDED_OPEN
62,-5,-3,INCLUDED_OPEN
62,-5,-2,INCLUDED_OPEN
62,-5,-1,INCLUDED_OPEN
62,-5,0,INCLUDED_OPEN
62,-5,1,INCLUDED_OPEN
62,-5,2,INCLUDED_OPEN
62,-4,-6,INCLUDED_OPEN
62,-4,-5,INCLUDED_OPEN
62,-4,-4,INCLUDED_OPEN
62,-4,-3,INCLUDED_OPEN
62,-4,-2,INCLUDED_OPEN
62,-4,-1,INCLUDED_OPEN
62,-4,0,INCLUDED_OPEN
62,-4,1,INCLUDED_OPEN
62,-4,2,INCLUDED_OPEN
62,-3,-6,INCLUDED_OPEN
62,-3,-5,INCLUDED_OPEN
62,-3,-4,INCLUDED_OPEN
62,-3,-3,INCLUDED_OPEN
62,-3,-2,INCLUDED_OPEN
62,-3,-1,INCLUDED_OPEN
62,-3,0,INCLUDED_OPEN
62,-3,1,INCLUDED_OPEN
62,-2,-6,INCLUDED_OPEN
62,-2,-5,INCLUDED_OPEN
62,-2,-4,INCLUDED_OPEN
62,-2,-3,INCLUDED_OPEN
62,-2,-2,INCLUDED_OPEN
62,-2,-1,INCLUDED_OPEN
62,-2,0,INCLUDED_OPEN
62,-2,1,INCLUDED_OPEN
62,-2,2,INCLUDED_OPEN
62,-1,-7,INCLUDED_LOWDATA
62,-1,-6,INCLUDED_OPEN
62,-1,-5,INCLUDED_OPEN
62,-1,-4,INCLUDED_OPEN
62,-1,-3,INCLUDED_OPEN
62,-1,-2,INCLUDED_OPEN
62,-1,-1,INCLUDED_OPEN
62,-1,0,INCLUDED_OPEN
62,-1,1,INCLUDED_OPEN
62,-1,2,INCLUDED_OPEN
62,0,-6,INCLUDED_OPEN
62,0,-5,INCLUDED_OPEN
62,0,-4,INCLUDED_OPEN
62,0,-3,INCLUDED_OPEN
62,0,-2,INCLUDED_OPEN
62,0,-1,INCLUDED_OPEN
62,0,0,INCLUDED_OPEN
62,0,1,INCLUDED_OPEN
62,0,2,INCLUDED_OPEN
62,1,-6,INCLUDED_OPEN
62,1,-5,INCLUDED_OPEN
62,1,-4,INCLUDED_OPEN
62,1,-3,INCLUDED_OPEN
62,1,-2,INCLUDED_OPEN
62,1,-1,INCLUDED_OPEN
62,1,0,INCLUDED_OPEN
62,1,1,INCLUDED_OPEN
62,1,2,INCLUDED_OPEN
62,2,-6,INCLUDED_OPEN
62,2,-5,INCLUDED_OPEN
62,2,-4,INCLUDED_OPEN
62,2,-3,INCLUDED_OPEN
62,2,-2,INCLUDED_OPEN
62,2,-1,INCLUDED_OPEN
62,2,0,INCLUDED_OPEN
62,2,1,INCLUDED_OPEN
62,2,2,INCLUDED_OPEN
62,3,-5,INCLUDED_OPEN
62,3,-4,INCLUDED_OPEN
62,3,-3,INCLUDED_OPEN
62,3,-2,INCLUDED_OPEN
62,3,-1,INCLUDED_OPEN
62,3,0,INCLUDED_OPEN
62,3,1,INCLUDED_OPEN
62,3,2,INCLUDED_OPEN
62,4,-5,INCLUDED_OPEN
62,4,-4,INCLUDED_OPEN
62,4,-3,INCLUDED_OPEN
62,4,-2,INCLUDED_OPEN
62,4,-1,INCLUDED_OPEN
62,4,0,INCLUDED_OPEN
62,4,1,INCLUDED_OPEN
62,4,2,INCLUDED_LOWDATA
62,5,-4,INCLUDED_OPEN
62,5,-3,INCLUDED_OPEN
62,5,-2,INCLUDED_OPEN
62,5,-1,INCLUDED_OPEN
62,5,0,INCLUDED_OPEN
62,5,1,INCLUDED_OPEN
62,5,2,INCLUDED_OPEN
62,6,-4,INCLUDED_OPEN
62,6,-3,INCLUDED_OPEN
62,6,-2,INCLUDED_OPEN
62,6,-1,INCLUDED_OPEN
62,6,0,INCLUDED_OPEN
62,6,1,INCLUDED_OPEN
62,6,2,INCLUDED_OPEN
62,7,-4,INCLUDED_OPEN
62,7,-3,INCLUDED_OPEN
62,7,-2,INCLUDED_OPEN
62,7,-1,INCLUDED_OPEN
62,7,0,INCLUDED_OPEN
62,7,1,INCLUDED_OPEN
62,7,2,INCLUDED_OPEN
62,8,-4,INCLUDED_OPEN
62,8,-3,INCLUDED_OPEN
62,8,-2,INCLUDED_OPEN
62,8,-1,INCLUDED_OPEN
62,8,0,INCLUDED_OPEN
62,8,1,INCLUDED_OPEN
62,8,2,INCLUDED_OPEN
62,9,-4,INCLUDED_OPEN
62,9,-3,INCLUDED_OPEN
62,9,-2,INCLUDED_OPEN
62,9,-1,INCLUDED_OPEN
62,9,0,INCLUDED_OPEN
62,9,1,INCLUDED_OPEN
62,9,2,INCLUDED_OPEN
62,10,-4,INCLUDED_OPEN
62,10,-3,INCLUDED_OPEN
62,10,-2,INCLUDED_OPEN
62,10,-1,INCLUDED_OPEN
62,10,0,INCLUDED_OPEN
62,10,1,INCLUDED_OPEN
62,10,2,INCLUDED_OPEN
62,11,-4,INCLUDED_OPEN
62,11,-3,INCLUDED_OPEN
62,11,-2,INCLUDED_OPEN
62,11,-1,INCLUDED_OPEN
62,11,0,INCLUDED_OPEN
62,11,1,INCLUDED_OPEN
62,11,2,INCLUDED_OPEN
62,12,-4,INCLUDED_OPEN
62,12,-3,INCLUDED_OPEN
62,12,-2,INCLUDED_OPEN
62,12,-1,INCLUDED_OPEN
62,12,0,INCLUDED_OPEN
62,12,1,INCLUDED_OPEN
62,12,2,INCLUDED_OPEN
62,13,-4,INCLUDED_OPEN
62,13,-3,INCLUDED_OPEN
62,13,-2,INCLUDED_OPEN
62,13,-1,INCLUDED_OPEN
62,13,0,INCLUDED_OPEN
62,13,1,INCLUDED_OPEN
62,13,2,INCLUDED_OPEN
62,14,-4,INCLUDED_OPEN
62,14,-3,INCLUDED_OPEN
62,14,-2,INCLUDED_OPEN
62,14,-1,INCLUDED_OPEN
62,14,0,INCLUDED_OPEN
62,14,1,INCLUDED_OPEN
62,14,2,INCLUDED_OPEN
62,15,-4,INCLUDED_OPEN
62,15,-3,INCLUDED_OPEN
62,15,-2,INCLUDED_OPEN
62,15,-1,INCLUDED_OPEN
62,15,0,INCLUDED_OPEN
62,15,1,INCLUDED_OPEN
62,15,2,INCLUDED_OPEN
62,16,-4,INCLUDED_OPEN
62,16,-3,INCLUDED_OPEN
62,16,-2,INCLUDED_OPEN
62,16,-1,INCLUDED_OPEN
62,16,0,INCLUDED_OPEN
62,16,1,INCLUDED_OPEN
62,16,2,INCLUDED_OPEN
62,17,-4,INCLUDED_OPEN
62,17,-3,INCLUDED_OPEN
62,17,-2,INCLUDED_OPEN
62,17,-1,INCLUDED_OPEN
62,17,0,INCLUDED_OPEN
62,17,1,INCLUDED_OPEN
62,17,2,INCLUDED_OPEN
63,-18,-6,INCLUDED_LOWDATA
63,-17,-7,INCLUDED_LOWDATA
63,-17,-6,INCLUDED_LOWDATA
63,-16,-7,INCLUDED_LOWDATA
63,-16,-2,INCLUDED_OPEN
63,-16,-1,INCLUDED_OPEN
63,-16,0,INCLUDED_OPEN
63,-16,1,INCLUDED_OPEN
63,-16,2,INCLUDED_OPEN
63,-15,-2,INCLUDED_OPEN
63,-15,-1,INCLUDED_OPEN
63,-15,0,INCLUDED_OPEN
63,-15,1,INCLUDED_OPEN
63,-15,2,INCLUDED_OPEN
63,-14,-2,INCLUDED_OPEN
63,-14,-1,INCLUDED_OPEN
63,-14,0,INCLUDED_OPEN
63,-14,1,INCLUDED_OPEN
63,-14,2,INCLUDED_OPEN
63,-13,-2,INCLUDED_OPEN
63,-13,-1,INCLUDED_OPEN
63,-13,0,INCLUDED_OPEN
63,-13,1,INCLUDED_OPEN
63,-13,2,INCLUDED_OPEN
63,-12,-2,INCLUDED_OPEN
63,-12,-1,INCLUDED_OPEN
63,-12,0,INCLUDED_OPEN
63,-12,1,INCLUDED_OPEN
63,-12,2,INCLUDED_OPEN
63,-11,-7,INCLUDED_LOWDATA
63,-11,-3,INCLUDED_OPEN
63,-11,-2,INCLUDED_OPEN
63,-11,-1,INCLUDED_OPEN
63,-11,0,INCLUDED_OPEN
63,-11,1,INCLUDED_OPEN
63,-11,2,INCLUDED_OPEN
63,-10,-7,INCLUDED_LOWDATA
63,-10,-6,INCLUDED_LOWDATA
63,-10,-3,INCLUDED_OPEN
63,-10,-2,INCLUDED_OPEN
63,-10,-1,INCLUDED_OPEN
63,-10,0,INCLUDED_OPEN
63,-10,1,INCLUDED_OPEN
63,-10,2,INCLUDED_OPEN
63,-9,-6,INCLUDED_LOWDATA
63,-9,-4,INCLUDED_OPEN
63,-9,-3,INCLUDED_OPEN
63,-9,-2,INCLUDED_OPEN
63,-9,-1,INCLUDED_OPEN
63,-9,0,INCLUDED_OPEN
63,-9,1,INCLUDED_OPEN
63,-9,2,INCLUDED_LOWDATA
63,-8,-6,INCLUDED_LOWDATA
63,-8,-4,INCLUDED_OPEN
63,-8,-3,INCLUDED_OPEN
63,-8,-2,INCLUDED_OPEN
63,-8,-1,INCLUDED_OPEN
63,-8,0,INCLUDED_OPEN
63,-8,1,INCLUDED_OPEN
63,-8,2,INCLUDED_LOWDATA
63,-7,-5,INCLUDED_OPEN
63,-7,-4,INCLUDED_OPEN
63,-7,-3,INCLUDED_OPEN
63,-7,-2,INCLUDED_OPEN
63,-7,-1,INCLUDED_OPEN
63,-7,0,INCLUDED_OPEN
63,-7,1,INCLUDED_OPEN
63,-6,-5,INCLUDED_OPEN
63,-6,-4,INCLUDED_OPEN
63,-6,-3,INCLUDED_OPEN
63,-6,-2,INCLUDED_OPEN
63,-6,-1,INCLUDED_OPEN
63,-6,0,INCLUDED_OPEN
63,-6,1,INCLUDED_OPEN
63,-6,2,INCLUDED_LOWDATA
63,-5,-6,INCLUDED_OPEN
63,-5,-5,INCLUDED_OPEN
63,-5,-4,INCLUDED_OPEN
63,-5,-3,INCLUDED_OPEN
63,-5,-2,INCLUDED_OPEN
63,-5,-1,INCLUDED_OPEN
63,-5,0,INCLUDED_OPEN
63,-5,1,INCLUDED_OPEN
63,-5,2,INCLUDED_OPEN
63,-4,-6,INCLUDED_OPEN
63,-4,-5,INCLUDED_OPEN
63,-4,-4,INCLUDED_OPEN
63,-4,-3,INCLUDED_OPEN
63,-4,-2,INCLUDED_OPEN
63,-4,-1,INCLUDED_OPEN
63,-4,0,INCLUDED_OPEN
63,-4,1,INCLUDED_OPEN
63,-4,2,INCLUDED_OPEN
63,-3,-6,INCLUDED_OPEN
63,-3,-5,INCLUDED_OPEN
63,-3,-4,INCLUDED_OPEN
63,-3,-3,INCLUDED_OPEN
63,-3,-2,INCLUDED_OPEN
63,-3,-1,INCLUDED_OPEN
63,-3,0,INCLUDED_OPEN
63,-2,-6,INCLUDED_OPEN
63,-2,-5,INCLUDED_OPEN
63,-2,-4,INCLUDED_OPEN
63,-2,-3,INCLUDED_OPEN
63,-2,-2,INCLUDED_OPEN
63,-2,-1,INCLUDED_OPEN
63,-2,0,INCLUDED_OPEN
63,-2,1,constrained-misc
63,-2,2,constrained-misc
63,-1,-6,INCLUDED_OPEN
63,-1,-5,INCLUDED_OPEN
63,-1,-4,INCLUDED_OPEN
63,-1,-3,INCLUDED_OPEN
63,-1,-2,INCLUDED_OPEN
63,-1,-1,INCLUDED_OPEN
63,-1,0,INCLUDED_OPEN
63,-1,1,INCLUDED_OPEN
63,-1,2,INCLUDED_OPEN
63,0,-6,INCLUDED_OPEN
63,0,-5,INCLUDED_OPEN
63,0,-4,INCLUDED_OPEN
63,0,-3,INCLUDED_OPEN
63,0,-2,INCLUDED_OPEN
63,0,-1,INCLUDED_OPEN
63,0,0,INCLUDED_OPEN
63,0,1,INCLUDED_OPEN
63,0,2,INCLUDED_OPEN
63,1,-6,INCLUDED_OPEN
63,1,-5,INCLUDED_OPEN
63,1,-4,INCLUDED_OPEN
63,1,-3,INCLUDED_OPEN
63,1,-2,INCLUDED_OPEN
63,1,-1,INCLUDED_OPEN
63,1,0,INCLUDED_OPEN
63,1,1,INCLUDED_OPEN
63,1,2,INCLUDED_OPEN
63,2,-6,constrained-misc
63,2,-5,constrained-misc
63,2,-4,INCLUDED_OPEN
63,2,-3,INCLUDED_OPEN
63,2,-2,INCLUDED_OPEN
63,2,-1,INCLUDED_OPEN
63,2,0,INCLUDED_OPEN
63,2,1,constrained-misc
63,2,2,INCLUDED_OPEN
63,3,-5,INCLUDED_OPEN
63,3,-4,INCLUDED_OPEN
63,3,-3,INCLUDED_OPEN
63,3,-2,INCLUDED_OPEN
63,3,-1,INCLUDED_OPEN
63,3,0,INCLUDED_OPEN
63,3,1,INCLUDED_OPEN
63,3,2,INCLUDED_OPEN
63,4,-5,INCLUDED_OPEN
63,4,-4,INCLUDED_OPEN
63,4,-3,INCLUDED_OPEN
63,4,-2,INCLUDED_OPEN
63,4,-1,INCLUDED_OPEN
63,4,0,INCLUDED_OPEN
63,4,1,INCLUDED_OPEN
63,4,2,INCLUDED_OPEN
63,5,-4,INCLUDED_OPEN
63,5,-3,INCLUDED_OPEN
63,5,-2,INCLUDED_OPEN
63,5,-1,INCLUDED_OPEN
63,5,0,INCLUDED_OPEN
63,5,1,INCLUDED_OPEN
63,5,2,INCLUDED_OPEN
63,6,-4,INCLUDED_OPEN
63,6,-3,INCLUDED_OPEN
63,6,-2,INCLUDED_OPEN
63,6,-1,INCLUDED_OPEN
63,6,0,INCLUDED_OPEN
63,6,1,INCLUDED_OPEN
63,6,2,INCLUDED_OPEN
63,7,-4,INCLUDED_OPEN
63,7,-3,INCLUDED_OPEN
63,7,-2,INCLUDED_OPEN
63,7,-1,INCLUDED_OPEN
63,7,0,INCLUDED_OPEN
63,7,1,INCLUDED_OPEN
63,7,2,INCLUDED_OPEN
63,8,-4,INCLUDED_OPEN
63,8,-3,INCLUDED_OPEN
63,8,-2,INCLUDED_OPEN
63,8,-1,INCLUDED_OPEN
63,8,0,INCLUDED_OPEN
63,8,1,INCLUDED_OPEN
63,8,2,INCLUDED_OPEN
63,9,-4,INCLUDED_OPEN
63,9,-3,INCLUDED_OPEN
63,9,-2,INCLUDED_OPEN
63,9,-1,INCLUDED_OPEN
63,9,0,INCLUDED_OPEN
63,9,1,INCLUDED_OPEN
63,9,2,INCLUDED_OPEN
63,10,-4,INCLUDED_OPEN
63,10,-3,INCLUDED_OPEN
63,10,-2,INCLUDED_OPEN
63,10,-1,INCLUDED_OPEN
63,10,0,INCLUDED_OPEN
63,10,1,INCLUDED_OPEN
63,10,2,INCLUDED_OPEN
63,11,-4,INCLUDED_OPEN
63,11,-3,INCLUDED_OPEN
63,11,-2,INCLUDED_OPEN
63,11,-1,INCLUDED_OPEN
63,11,0,INCLUDED_OPEN
63,11,1,INCLUDED_OPEN
63,11,2,INCLUDED_OPEN
63,12,-4,INCLUDED_OPEN
63,12,-3,INCLUDED_OPEN
63,12,-2,INCLUDED_OPEN
63,12,-1,INCLUDED_OPEN
63,12,0,INCLUDED_OPEN
63,12,1,INCLUDED_OPEN
63,12,2,INCLUDED_OPEN
63,13,-4,INCLUDED_OPEN
63,13,-3,INCLUDED_OPEN
63,13,-2,INCLUDED_OPEN
63,13,-1,INCLUDED_OPEN
63,13,0,INCLUDED_OPEN
63,13,1,INCLUDED_OPEN
63,13,2,INCLUDED_OPEN
63,14,-4,INCLUDED_OPEN
63,14,-3,INCLUDED_OPEN
63,14,-2,INCLUDED_OPEN
63,14,-1,INCLUDED_OPEN
63,14,0,INCLUDED_OPEN
63,14,1,INCLUDED_OPEN
63,14,2,INCLUDED_OPEN
63,15,-4,INCLUDED_OPEN
63,15,-3,INCLUDED_OPEN
63,15,-2,INCLUDED_OPEN
63,15,-1,INCLUDED_OPEN
63,15,0,INCLUDED_OPEN
63,15,1,INCLUDED_OPEN
63,15,2,INCLUDED_OPEN
63,16,-4,INCLUDED_OPEN
63,16,-3,INCLUDED_OPEN
63,16,-2,INCLUDED_OPEN
63,16,-1,INCLUDED_OPEN
63,16,0,INCLUDED_OPEN
63,16,1,INCLUDED_OPEN
63,16,2,INCLUDED_OPEN
63,17,-4,INCLUDED_OPEN
63,17,-3,INCLUDED_OPEN
63,17,-2,INCLUDED_OPEN
63,17,-1,INCLUDED_OPEN
63,17,0,INCLUDED_OPEN
63,17,1,INCLUDED_OPEN
63,17,2,INCLUDED_OPEN
64,-16,-7,INCLUDED_LOWDATA
64,-15,-7,INCLUDED_LOWDATA
64,-14,-7,INCLUDED_LOWDATA
64,-13,-7,INCLUDED_LOWDATA
64,-12,-7,INCLUDED_LOWDATA
64,-11,-7,INCLUDED_LOWDATA
64,-2,-6,INCLUDED_LOWDATA
64,-1,-6,INCLUDED_LOWDATA
64,2,1,INCLUDED_LOWDATA
64,2,2,INCLUDED_LOWDATA
64,4,1,INCLUDED_LOWDATA
64,13,-4,INCLUDED_LOWDATA
64,14,-4,constrained-misc
