routes=['window_to_rl', 'ralow_to_ratop', 'lifts_to_sng_mega', 'quad_to_ra', 'ring_to_ratop', 'sngspawn_a_to_mega', 'sngspawn_b_to_mega', 'tunnel_to_ra']  n_per_route=1024  human_k=8  envs=64  total_slots=8192  T=64  gamma=0.999
  window_to_rl           human:6796@2.069             path    1327 u  n=  128  gate  2.75s  needs    482 u/s average
  window_to_rl           human:56762@2.174            path    1237 u  n=  128  gate  2.75s  needs    450 u/s average
  window_to_rl           human:22269@2.178            path    1134 u  n=  128  gate  2.75s  needs    412 u/s average
  window_to_rl           human:28039@2.179            path    1133 u  n=  128  gate  2.75s  needs    412 u/s average
  window_to_rl           human:55363@2.185            path    1249 u  n=  128  gate  2.75s  needs    454 u/s average
  window_to_rl           human:18302@2.204            path    1216 u  n=  128  gate  2.75s  needs    442 u/s average
  window_to_rl           human:6281@2.237             path    1279 u  n=  128  gate  2.75s  needs    465 u/s average
  window_to_rl           human:13577@2.282            path    1243 u  n=  128  gate  2.75s  needs    452 u/s average
  ralow_to_ratop         human:44665@5.348            path    2562 u  n=  128  gate  7.71s  needs    332 u/s average
  ralow_to_ratop         human:38678@5.62             path    2559 u  n=  128  gate  7.71s  needs    332 u/s average
  ralow_to_ratop         human:22675@5.631            path    2642 u  n=  128  gate  7.71s  needs    343 u/s average
  ralow_to_ratop         human:43489@5.762            path    2579 u  n=  128  gate  7.71s  needs    334 u/s average
  ralow_to_ratop         human:19017@5.783            path    2198 u  n=  128  gate  7.71s  needs    285 u/s average
  ralow_to_ratop         human:11339@5.842            path    2562 u  n=  128  gate  7.71s  needs    332 u/s average
  ralow_to_ratop         human:31522@5.847            path    2533 u  n=  128  gate  7.71s  needs    329 u/s average
  ralow_to_ratop         human:9183@5.864             path    2555 u  n=  128  gate  7.71s  needs    331 u/s average
  lifts_to_sng_mega      human:48877@4.958            path    2171 u  n=  128  gate  7.93s  needs    274 u/s average
  lifts_to_sng_mega      human:55716@4.971            path    2139 u  n=  128  gate  7.93s  needs    270 u/s average
  lifts_to_sng_mega      human:29817@4.98             path    2161 u  n=  128  gate  7.93s  needs    273 u/s average
  lifts_to_sng_mega      human:50580@4.98             path    2194 u  n=  128  gate  7.93s  needs    277 u/s average
  lifts_to_sng_mega      human:26750@4.987            path    2212 u  n=  128  gate  7.93s  needs    279 u/s average
  lifts_to_sng_mega      human:21055@5.01             path    2159 u  n=  128  gate  7.93s  needs    272 u/s average
  lifts_to_sng_mega      human:55638@5.011            path    2141 u  n=  128  gate  7.93s  needs    270 u/s average
  lifts_to_sng_mega      human:507@5.012              path    2151 u  n=  128  gate  7.93s  needs    271 u/s average
  quad_to_ra             human:22919@6.705            path    3133 u  n=  128  gate  8.96s  needs    350 u/s average
  quad_to_ra             human:21963@6.963            path    2955 u  n=  128  gate  8.96s  needs    330 u/s average
  quad_to_ra             human:31815@7.045            path    3210 u  n=  128  gate  8.96s  needs    358 u/s average
  quad_to_ra             human:26736@7.076            path    3221 u  n=  128  gate  8.96s  needs    359 u/s average
  quad_to_ra             human:27014@7.088            path    3271 u  n=  128  gate  8.96s  needs    365 u/s average
  quad_to_ra             human:4150@7.205             path    3287 u  n=  128  gate  8.96s  needs    367 u/s average
  quad_to_ra             human:20442@7.25             path    3103 u  n=  128  gate  8.96s  needs    346 u/s average
  quad_to_ra             human:49478@7.267            path    3268 u  n=  128  gate  8.96s  needs    365 u/s average
  ring_to_ratop          human:50580@5.679            path    2423 u  n=  128  gate  9.26s  needs    262 u/s average
  ring_to_ratop          human:12764@5.788            path    2480 u  n=  128  gate  9.26s  needs    268 u/s average
  ring_to_ratop          human:43734@5.986            path    2525 u  n=  128  gate  9.26s  needs    273 u/s average
  ring_to_ratop          human:18643@6.136            path    2639 u  n=  128  gate  9.26s  needs    285 u/s average
  ring_to_ratop          human:23831@6.233            path    2650 u  n=  128  gate  9.26s  needs    286 u/s average
  ring_to_ratop          human:7969@6.374             path    2570 u  n=  128  gate  9.26s  needs    278 u/s average
  ring_to_ratop          human:31073@6.402            path    2517 u  n=  128  gate  9.26s  needs    272 u/s average
  ring_to_ratop          human:21780@6.467            path    2503 u  n=  128  gate  9.26s  needs    270 u/s average
  sngspawn_a_to_mega     human:54935@6.545            path    2719 u  n=  128  gate  9.98s  needs    272 u/s average
  sngspawn_a_to_mega     human:11862@6.635            path    2760 u  n=  128  gate  9.98s  needs    277 u/s average
  sngspawn_a_to_mega     human:45738@6.735            path    2656 u  n=  128  gate  9.98s  needs    266 u/s average
  sngspawn_a_to_mega     human:2234@6.748             path    2781 u  n=  128  gate  9.98s  needs    279 u/s average
  sngspawn_a_to_mega     human:45576@6.896            path    2829 u  n=  128  gate  9.98s  needs    283 u/s average
  sngspawn_a_to_mega     human:7948@6.93              path    2734 u  n=  128  gate  9.98s  needs    274 u/s average
  sngspawn_a_to_mega     human:35991@6.933            path    2739 u  n=  128  gate  9.98s  needs    274 u/s average
  sngspawn_a_to_mega     human:44523@6.939            path    2796 u  n=  128  gate  9.98s  needs    280 u/s average
  sngspawn_b_to_mega     human:54935@6.545            path    2719 u  n=  128  gate  9.98s  needs    272 u/s average
  sngspawn_b_to_mega     human:11862@6.635            path    2760 u  n=  128  gate  9.98s  needs    277 u/s average
  sngspawn_b_to_mega     human:45738@6.735            path    2656 u  n=  128  gate  9.98s  needs    266 u/s average
  sngspawn_b_to_mega     human:2234@6.748             path    2781 u  n=  128  gate  9.98s  needs    279 u/s average
  sngspawn_b_to_mega     human:45576@6.896            path    2829 u  n=  128  gate  9.98s  needs    283 u/s average
  sngspawn_b_to_mega     human:7948@6.93              path    2734 u  n=  128  gate  9.98s  needs    274 u/s average
  sngspawn_b_to_mega     human:35991@6.933            path    2739 u  n=  128  gate  9.98s  needs    274 u/s average
  sngspawn_b_to_mega     human:44523@6.939            path    2796 u  n=  128  gate  9.98s  needs    280 u/s average
  tunnel_to_ra           human:4783@9.999             path    3799 u  n=  128  gate 12.13s  needs    313 u/s average
  tunnel_to_ra           human:3199@10.653            path    4134 u  n=  128  gate 12.13s  needs    341 u/s average
  tunnel_to_ra           human:47035@11.144           path    4253 u  n=  128  gate 12.13s  needs    351 u/s average
  tunnel_to_ra           human:7089@11.222            path    4283 u  n=  128  gate 12.13s  needs    353 u/s average
  tunnel_to_ra           human:47148@11.234           path    4628 u  n=  128  gate 12.13s  needs    382 u/s average
  tunnel_to_ra           human:30305@11.286           path    4438 u  n=  128  gate 12.13s  needs    366 u/s average
  tunnel_to_ra           human:4783@11.519            path    4163 u  n=  128  gate 12.13s  needs    343 u/s average
  tunnel_to_ra           human:42047@11.558           path    4335 u  n=  128  gate 12.13s  needs    357 u/s average
[it     1/4000 critic_warmup] rew -0.0246 vl    0.676 ent +0.278 kl -0.0000 spd 0.649 jmp 0.128 lo 0.75 2s | window:100%/0.35 ralow:  0%/  -   lifts:100%/0.67 quad:100%/0.85 ring:100%/0.55 sngspa:100%/0.67 sngspa:100%/0.88 tunnel:  0%/  -  
[it    10/4000 critic_warmup] rew -0.0427 vl    0.570 ent +0.288 kl -0.0000 spd 0.179 jmp 0.174 lo 0.75 17s | window:100%/1.68 ralow:100%/1.85 lifts:100%/2.79 quad:100%/1.67 ring:100%/2.48 sngspa:100%/3.15 sngspa:100%/1.48 tunnel:100%/2.81
[it    20/4000           ppo] rew +0.0002 vl   11.141 ent +0.189 kl 0.0103 spd 0.332 jmp 0.151 lo 0.74 43s | window: 79%/0.67 ralow:  4%/0.81 lifts:  7%/0.67 quad:  0%/  -   ring:100%/13.72 sngspa:  0%/  -   sngspa:  0%/  -   tunnel:100%/14.83
[it    30/4000           ppo] rew -0.0233 vl    2.625 ent +0.097 kl 0.0135 spd 0.331 jmp 0.148 lo 0.74 69s | window: 88%/0.52 ralow: 96%/0.89 lifts: 85%/1.59 quad: 93%/1.04 ring: 18%/0.92 sngspa: 13%/1.19 sngspa: 12%/1.29 tunnel: 15%/1.92
[it    40/4000           ppo] rew -0.0003 vl   13.985 ent +0.025 kl 0.0122 spd 0.382 jmp 0.147 lo 0.74 95s | window: 92%/0.59 ralow:  7%/0.77 lifts: 24%/0.71 quad:  0%/  -   ring:  0%/  -   sngspa:  0%/  -   sngspa:100%/3.07 tunnel: 92%/4.43
[it    50/4000           ppo] rew -0.0051 vl    3.814 ent +0.079 kl 0.0137 spd 0.352 jmp 0.162 lo 0.73 121s | window: 92%/0.57 ralow: 17%/0.80 lifts: 76%/1.01 quad: 60%/0.94 ring: 20%/0.81 sngspa: 24%/1.08 sngspa: 23%/0.99 tunnel: 26%/1.78
[it    60/4000           ppo] rew +0.0190 vl   11.189 ent +0.001 kl 0.0154 spd 0.385 jmp 0.145 lo 0.73 146s | window: 96%/0.55 ralow: 15%/0.91 lifts: 35%/0.73 quad:  3%/0.74 ring:  0%/  -   sngspa: 92%/0.99 sngspa: 69%/1.29 tunnel: 91%/2.52
[it    70/4000           ppo] rew +0.0051 vl    9.786 ent -0.049 kl 0.0132 spd 0.331 jmp 0.149 lo 0.73 172s | window: 96%/0.55 ralow: 89%/1.30 lifts: 73%/0.88 quad: 68%/1.58 ring: 29%/1.04 sngspa: 31%/0.90 sngspa: 33%/0.90 tunnel: 11%/2.86
[it    80/4000           ppo] rew -0.0067 vl    6.230 ent -0.079 kl 0.0105 spd 0.351 jmp 0.162 lo 0.73 198s | window: 95%/0.59 ralow: 15%/0.84 lifts: 38%/0.76 quad:  3%/0.74 ring: 89%/1.59 sngspa: 85%/0.95 sngspa: 88%/0.90 tunnel: 62%/2.30
[it    90/4000           ppo] rew -0.0067 vl    3.713 ent -0.035 kl 0.0202 spd 0.314 jmp 0.164 lo 0.72 225s | window: 94%/0.59 ralow: 84%/0.80 lifts: 69%/0.94 quad: 56%/1.67 ring: 29%/1.36 sngspa: 36%/0.88 sngspa: 38%/0.91 tunnel: 82%/2.78
[it   100/4000           ppo] rew +0.0020 vl    6.686 ent +0.000 kl 0.0240 spd 0.351 jmp 0.175 lo 0.72 251s | window: 95%/0.57 ralow: 15%/0.79 lifts: 31%/0.77 quad:  6%/0.81 ring: 59%/1.34 sngspa: 65%/1.28 sngspa: 72%/1.25 tunnel: 35%/2.28
[it   110/4000           ppo] rew +0.0103 vl   13.689 ent -0.012 kl 0.0114 spd 0.342 jmp 0.158 lo 0.72 277s | window: 96%/0.60 ralow:  2%/0.69 lifts: 54%/0.88 quad: 47%/1.67 ring: 27%/0.92 sngspa: 24%/1.00 sngspa: 24%/0.99 tunnel: 66%/2.52
[it   120/4000           ppo] rew +0.0034 vl    6.501 ent -0.012 kl 0.0098 spd 0.340 jmp 0.171 lo 0.71 303s | window: 95%/0.59 ralow: 34%/0.90 lifts: 37%/0.81 quad: 10%/1.35 ring: 59%/1.37 sngspa: 64%/1.33 sngspa: 53%/1.30 tunnel: 31%/2.42
[it   130/4000           ppo] rew +0.0098 vl   11.314 ent -0.093 kl 0.0090 spd 0.352 jmp 0.139 lo 0.71 329s | window: 96%/0.57 ralow:  6%/0.69 lifts: 14%/0.92 quad: 39%/1.52 ring: 24%/0.92 sngspa: 20%/1.02 sngspa: 18%/1.01 tunnel: 45%/2.51
[it   140/4000           ppo] rew -0.0096 vl    5.742 ent +0.001 kl 0.0110 spd 0.294 jmp 0.147 lo 0.71 355s | window: 95%/0.60 ralow: 44%/0.85 lifts: 39%/0.81 quad: 10%/1.41 ring: 61%/1.36 sngspa: 51%/1.26 sngspa: 51%/1.14 tunnel: 52%/2.73
[it   150/4000           ppo] rew +0.0143 vl   11.775 ent -0.131 kl 0.0085 spd 0.350 jmp 0.125 lo 0.7 381s | window: 94%/0.59 ralow:  7%/0.71 lifts: 22%/0.76 quad: 39%/1.68 ring: 26%/1.25 sngspa: 20%/0.99 sngspa: 20%/0.99 tunnel: 42%/2.20
[it   160/4000           ppo] rew -0.0063 vl    5.809 ent -0.029 kl 0.0078 spd 0.279 jmp 0.132 lo 0.7 407s | window: 96%/0.62 ralow: 50%/1.25 lifts: 47%/0.84 quad: 12%/1.53 ring: 68%/1.50 sngspa: 44%/1.06 sngspa: 45%/1.15 tunnel: 61%/2.51
[it   170/4000           ppo] rew +0.0075 vl   11.394 ent -0.065 kl 0.0084 spd 0.333 jmp 0.169 lo 0.7 433s | window: 93%/0.62 ralow: 10%/0.79 lifts: 27%/0.85 quad: 38%/1.67 ring: 26%/0.95 sngspa: 20%/0.94 sngspa: 18%/0.88 tunnel: 39%/2.70
[it   180/4000           ppo] rew +0.0005 vl    5.828 ent -0.025 kl 0.0130 spd 0.286 jmp 0.175 lo 0.69 459s | window: 94%/0.60 ralow: 46%/1.26 lifts: 48%/0.80 quad: 15%/1.63 ring: 64%/1.69 sngspa: 36%/1.14 sngspa: 39%/0.99 tunnel: 51%/2.77
[it   190/4000           ppo] rew +0.0053 vl   10.889 ent -0.155 kl 0.0124 spd 0.317 jmp 0.158 lo 0.69 485s | window: 95%/0.63 ralow:  8%/0.76 lifts: 29%/0.80 quad: 33%/1.68 ring: 25%/1.34 sngspa: 17%/0.89 sngspa: 18%/0.91 tunnel: 41%/2.69
[it   200/4000           ppo] rew -0.0120 vl    6.122 ent -0.178 kl 0.0105 spd 0.277 jmp 0.143 lo 0.69 511s | window: 93%/0.62 ralow: 42%/1.18 lifts: 44%/0.82 quad: 18%/1.65 ring: 58%/1.48 sngspa: 39%/0.99 sngspa: 36%/0.99 tunnel: 44%/2.45
[it   210/4000           ppo] rew +0.0088 vl   11.558 ent -0.211 kl 0.0094 spd 0.296 jmp 0.158 lo 0.68 537s | window: 92%/0.62 ralow: 12%/0.94 lifts: 31%/0.70 quad: 32%/1.79 ring: 25%/1.36 sngspa: 25%/1.26 sngspa: 22%/1.11 tunnel: 48%/2.60
[it   220/4000           ppo] rew +0.0016 vl   13.050 ent -0.215 kl 0.0077 spd 0.287 jmp 0.184 lo 0.68 563s | window: 95%/0.62 ralow: 11%/1.29 lifts: 50%/0.78 quad: 22%/1.69 ring: 55%/1.67 sngspa: 34%/1.02 sngspa: 35%/0.98 tunnel: 42%/2.46
[it   230/4000           ppo] rew -0.0034 vl    9.512 ent -0.200 kl 0.0103 spd 0.267 jmp 0.186 lo 0.68 589s | window: 91%/0.60 ralow: 26%/0.92 lifts: 37%/0.76 quad: 34%/1.67 ring: 26%/0.91 sngspa: 41%/1.20 sngspa: 47%/1.26 tunnel: 53%/2.58
[it   240/4000           ppo] rew +0.0001 vl    9.216 ent -0.322 kl 0.0072 spd 0.301 jmp 0.190 lo 0.68 615s | window: 92%/0.60 ralow:  9%/1.22 lifts: 63%/0.81 quad: 21%/1.67 ring: 54%/1.49 sngspa: 33%/1.01 sngspa: 33%/1.04 tunnel: 44%/2.56
[it   250/4000           ppo] rew -0.0049 vl    6.546 ent -0.258 kl 0.0083 spd 0.263 jmp 0.197 lo 0.67 641s | window: 93%/0.62 ralow: 32%/1.33 lifts: 34%/0.74 quad: 35%/1.78 ring: 23%/1.42 sngspa: 47%/1.33 sngspa: 51%/1.27 tunnel: 48%/2.49
[it   260/4000           ppo] rew -0.0063 vl    8.728 ent -0.364 kl 0.0109 spd 0.298 jmp 0.172 lo 0.67 668s | window: 92%/0.62 ralow: 11%/1.13 lifts: 47%/0.81 quad: 19%/1.67 ring: 45%/1.61 sngspa: 32%/1.05 sngspa: 31%/1.03 tunnel: 50%/2.63
[it   270/4000           ppo] rew -0.0083 vl    6.775 ent -0.326 kl 0.0092 spd 0.257 jmp 0.161 lo 0.67 694s | window: 89%/0.63 ralow: 33%/1.50 lifts: 35%/0.74 quad: 32%/1.65 ring: 24%/1.39 sngspa: 56%/1.23 sngspa: 49%/1.04 tunnel: 44%/2.63
[it   280/4000           ppo] rew -0.0009 vl    8.813 ent -0.423 kl 0.0074 spd 0.290 jmp 0.155 lo 0.66 720s | window: 92%/0.62 ralow: 12%/1.38 lifts: 47%/0.80 quad: 26%/1.65 ring: 47%/1.55 sngspa: 29%/1.11 sngspa: 31%/1.04 tunnel: 50%/2.74
[it   290/4000           ppo] rew -0.0101 vl    6.833 ent -0.409 kl 0.0089 spd 0.249 jmp 0.176 lo 0.66 746s | window: 92%/0.63 ralow: 34%/1.29 lifts: 32%/0.81 quad: 29%/1.89 ring: 22%/1.44 sngspa: 45%/1.36 sngspa: 48%/1.37 tunnel: 50%/2.65
[it   300/4000           ppo] rew -0.0040 vl    8.753 ent -0.424 kl 0.0131 spd 0.273 jmp 0.179 lo 0.66 772s | window: 90%/0.63 ralow: 14%/0.88 lifts: 38%/0.84 quad: 21%/1.82 ring: 44%/1.67 sngspa: 29%/1.18 sngspa: 26%/1.10 tunnel: 54%/2.87
[it   310/4000           ppo] rew -0.0043 vl    7.215 ent -0.357 kl 0.0102 spd 0.256 jmp 0.192 lo 0.65 799s | window: 91%/0.63 ralow: 47%/1.32 lifts: 40%/0.77 quad: 34%/1.92 ring: 27%/1.23 sngspa: 41%/1.37 sngspa: 43%/1.29 tunnel: 50%/2.87
[it   320/4000           ppo] rew -0.0060 vl    7.894 ent -0.392 kl 0.0150 spd 0.262 jmp 0.183 lo 0.65 825s | window: 91%/0.63 ralow: 15%/0.91 lifts: 46%/0.81 quad: 23%/1.83 ring: 41%/1.61 sngspa: 31%/1.02 sngspa: 31%/0.94 tunnel: 48%/2.86
[it   330/4000           ppo] rew -0.0024 vl   11.483 ent -0.410 kl 0.0087 spd 0.262 jmp 0.168 lo 0.65 851s | window: 90%/0.63 ralow: 12%/1.30 lifts: 44%/0.78 quad: 27%/1.74 ring: 20%/1.51 sngspa: 41%/1.26 sngspa: 40%/1.27 tunnel: 47%/2.95
[it   340/4000           ppo] rew -0.0076 vl    8.686 ent -0.405 kl 0.0096 spd 0.257 jmp 0.171 lo 0.64 877s | window: 90%/0.63 ralow: 19%/0.94 lifts: 39%/0.87 quad: 20%/1.90 ring: 41%/1.77 sngspa: 35%/1.13 sngspa: 35%/1.25 tunnel: 45%/2.88
[it   350/4000           ppo] rew -0.0032 vl    9.150 ent -0.463 kl 0.0095 spd 0.269 jmp 0.181 lo 0.64 904s | window: 89%/0.63 ralow: 13%/0.87 lifts: 38%/0.86 quad: 26%/1.76 ring: 23%/1.53 sngspa: 38%/1.36 sngspa: 38%/1.33 tunnel: 51%/2.79
[it   360/4000           ppo] rew -0.0088 vl    7.957 ent -0.519 kl 0.0107 spd 0.254 jmp 0.154 lo 0.64 929s | window: 90%/0.66 ralow: 23%/0.99 lifts: 39%/0.81 quad: 20%/1.72 ring: 43%/1.36 sngspa: 39%/1.06 sngspa: 37%/1.12 tunnel: 50%/3.15
[it   370/4000           ppo] rew -0.0099 vl    7.753 ent -0.607 kl 0.0087 spd 0.270 jmp 0.143 lo 0.63 956s | window: 87%/0.64 ralow:  9%/0.91 lifts: 43%/0.81 quad: 25%/1.78 ring: 24%/1.22 sngspa: 36%/1.15 sngspa: 36%/1.13 tunnel: 48%/3.14
[it   380/4000           ppo] rew -0.0095 vl    7.838 ent -0.555 kl 0.0090 spd 0.256 jmp 0.149 lo 0.63 982s | window: 89%/0.66 ralow: 23%/1.06 lifts: 35%/0.84 quad: 16%/1.79 ring: 38%/1.43 sngspa: 38%/1.25 sngspa: 36%/1.22 tunnel: 50%/2.69
[it   390/4000           ppo] rew -0.0084 vl    7.552 ent -0.611 kl 0.0082 spd 0.264 jmp 0.139 lo 0.63 1008s | window: 88%/0.64 ralow: 10%/1.27 lifts: 42%/0.80 quad: 28%/1.79 ring: 23%/1.56 sngspa: 30%/1.33 sngspa: 29%/1.19 tunnel: 52%/3.23
[it   400/4000           ppo] rew -0.0098 vl    7.593 ent -0.579 kl 0.0109 spd 0.248 jmp 0.139 lo 0.63 1034s | window: 89%/0.66 ralow: 34%/0.85 lifts: 40%/0.80 quad: 20%/1.76 ring: 32%/1.54 sngspa: 38%/1.42 sngspa: 35%/1.37 tunnel: 48%/3.25
[it   410/4000           ppo] rew -0.0114 vl    7.907 ent -0.635 kl 0.0241 spd 0.254 jmp 0.137 lo 0.62 1061s | window: 87%/0.66 ralow: 10%/1.07 lifts: 40%/0.84 quad: 25%/1.95 ring: 20%/1.50 sngspa: 31%/1.15 sngspa: 35%/1.32 tunnel: 51%/3.11
[it   420/4000           ppo] rew -0.0123 vl    7.065 ent -0.624 kl 0.0107 spd 0.240 jmp 0.140 lo 0.62 1087s | window: 87%/0.66 ralow: 28%/1.13 lifts: 43%/0.81 quad: 21%/1.95 ring: 34%/1.61 sngspa: 41%/1.19 sngspa: 44%/1.27 tunnel: 50%/3.03
[it   430/4000           ppo] rew -0.0128 vl    7.447 ent -0.669 kl 0.0104 spd 0.250 jmp 0.145 lo 0.62 1113s | window: 86%/0.67 ralow:  9%/1.32 lifts: 40%/0.88 quad: 29%/1.97 ring: 21%/1.57 sngspa: 29%/1.23 sngspa: 31%/1.34 tunnel: 49%/2.93
[it   440/4000           ppo] rew -0.0053 vl   10.933 ent -0.668 kl 0.0091 spd 0.242 jmp 0.146 lo 0.61 1139s | window: 86%/0.64 ralow: 10%/0.97 lifts: 44%/0.76 quad: 23%/1.99 ring: 32%/1.81 sngspa: 35%/1.29 sngspa: 38%/1.43 tunnel: 48%/3.02
[it   450/4000           ppo] rew -0.0118 vl    7.614 ent -0.673 kl 0.0138 spd 0.231 jmp 0.150 lo 0.61 1165s | window: 86%/0.66 ralow: 10%/0.81 lifts: 41%/0.90 quad: 20%/2.21 ring: 22%/1.57 sngspa: 29%/1.26 sngspa: 30%/1.22 tunnel: 46%/3.29
[it   460/4000           ppo] rew -0.0132 vl    7.849 ent -0.709 kl 0.0087 spd 0.246 jmp 0.153 lo 0.61 1191s | window: 86%/0.66 ralow:  6%/0.94 lifts: 34%/0.80 quad: 19%/1.83 ring: 31%/1.55 sngspa: 37%/1.32 sngspa: 39%/1.24 tunnel: 45%/3.12
[it   470/4000           ppo] rew -0.0129 vl    7.228 ent -0.697 kl 0.0070 spd 0.233 jmp 0.157 lo 0.6 1216s | window: 85%/0.70 ralow: 16%/0.87 lifts: 38%/0.83 quad: 23%/2.07 ring: 22%/1.39 sngspa: 29%/1.38 sngspa: 31%/1.23 tunnel: 46%/3.32
[it   480/4000           ppo] rew -0.0135 vl    7.221 ent -0.703 kl 0.0095 spd 0.240 jmp 0.161 lo 0.6 1242s | window: 85%/0.67 ralow:  9%/0.84 lifts: 28%/0.83 quad: 17%/2.01 ring: 35%/1.30 sngspa: 35%/1.26 sngspa: 36%/1.25 tunnel: 46%/3.14
[it   490/4000           ppo] rew -0.0117 vl    7.569 ent -0.733 kl 0.0081 spd 0.232 jmp 0.132 lo 0.6 1268s | window: 84%/0.67 ralow: 20%/1.03 lifts: 31%/0.92 quad: 23%/2.03 ring: 21%/1.46 sngspa: 31%/1.16 sngspa: 32%/1.11 tunnel: 47%/3.44
[it   500/4000           ppo] rew -0.0109 vl    7.884 ent -0.760 kl 0.0101 spd 0.243 jmp 0.129 lo 0.59 1294s | window: 85%/0.70 ralow:  8%/0.88 lifts: 33%/0.83 quad: 19%/2.21 ring: 27%/1.69 sngspa: 34%/1.37 sngspa: 32%/1.37 tunnel: 46%/2.88
[it   510/4000           ppo] rew -0.0132 vl    7.675 ent -0.786 kl 0.0069 spd 0.232 jmp 0.123 lo 0.59 1320s | window: 85%/0.70 ralow: 19%/1.44 lifts: 38%/0.81 quad: 25%/2.07 ring: 22%/1.60 sngspa: 34%/1.35 sngspa: 31%/1.36 tunnel: 51%/3.19
[it   520/4000           ppo] rew -0.0120 vl    7.606 ent -0.811 kl 0.0088 spd 0.247 jmp 0.133 lo 0.59 1346s | window: 83%/0.69 ralow:  9%/1.25 lifts: 36%/0.84 quad: 19%/1.76 ring: 36%/1.81 sngspa: 38%/1.20 sngspa: 37%/1.33 tunnel: 44%/3.18
[it   530/4000           ppo] rew -0.0153 vl    7.410 ent -0.787 kl 0.0071 spd 0.225 jmp 0.148 lo 0.58 1372s | window: 83%/0.71 ralow: 22%/1.37 lifts: 34%/0.81 quad: 27%/2.35 ring: 25%/1.54 sngspa: 33%/1.43 sngspa: 33%/1.29 tunnel: 48%/3.33
[it   540/4000           ppo] rew -0.0141 vl    7.533 ent -0.794 kl 0.0095 spd 0.239 jmp 0.162 lo 0.58 1397s | window: 82%/0.69 ralow:  6%/1.25 lifts: 30%/0.81 quad: 21%/2.13 ring: 32%/1.87 sngspa: 34%/1.51 sngspa: 34%/1.38 tunnel: 50%/2.88
[it   550/4000           ppo] rew -0.0074 vl   11.186 ent -0.802 kl 0.0074 spd 0.242 jmp 0.178 lo 0.58 1423s | window: 82%/0.69 ralow: 10%/1.62 lifts: 32%/0.80 quad: 27%/2.10 ring: 23%/1.67 sngspa: 37%/1.48 sngspa: 29%/1.44 tunnel: 47%/3.15
[it   560/4000           ppo] rew -0.0154 vl    6.988 ent -0.778 kl 0.0069 spd 0.242 jmp 0.184 lo 0.58 1449s | window: 83%/0.69 ralow:  9%/0.77 lifts: 34%/0.84 quad: 16%/2.21 ring: 29%/1.85 sngspa: 36%/1.23 sngspa: 34%/1.36 tunnel: 46%/3.11
[it   570/4000           ppo] rew -0.0120 vl    8.735 ent -0.789 kl 0.0074 spd 0.244 jmp 0.175 lo 0.57 1475s | window: 81%/0.70 ralow:  7%/1.48 lifts: 30%/0.88 quad: 23%/1.95 ring: 24%/1.74 sngspa: 35%/1.71 sngspa: 32%/1.20 tunnel: 43%/3.39
[it   580/4000           ppo] rew -0.0170 vl    6.553 ent -0.732 kl 0.0090 spd 0.227 jmp 0.179 lo 0.57 1501s | window: 83%/0.69 ralow: 15%/1.25 lifts: 32%/0.94 quad: 20%/2.08 ring: 31%/1.61 sngspa: 29%/1.46 sngspa: 31%/1.37 tunnel: 45%/3.37
[it   590/4000           ppo] rew -0.0156 vl    7.486 ent -0.725 kl 0.0171 spd 0.240 jmp 0.186 lo 0.57 1526s | window: 79%/0.69 ralow:  7%/1.09 lifts: 26%/0.90 quad: 26%/2.17 ring: 25%/1.62 sngspa: 34%/1.45 sngspa: 30%/1.44 tunnel: 43%/3.10
[it   600/4000           ppo] rew -0.0165 vl    6.730 ent -0.753 kl 0.0083 spd 0.232 jmp 0.178 lo 0.56 1552s | window: 81%/0.72 ralow: 17%/0.90 lifts: 32%/1.14 quad: 20%/1.99 ring: 29%/1.60 sngspa: 30%/1.41 sngspa: 35%/1.32 tunnel: 42%/3.28
[it   610/4000           ppo] rew -0.0178 vl    6.610 ent -0.753 kl 0.0108 spd 0.241 jmp 0.206 lo 0.56 1578s | window: 77%/0.70 ralow:  6%/0.88 lifts: 32%/0.74 quad: 24%/2.07 ring: 23%/1.64 sngspa: 38%/1.39 sngspa: 35%/1.50 tunnel: 45%/3.14
[it   620/4000           ppo] rew -0.0174 vl    6.839 ent -0.720 kl 0.0144 spd 0.225 jmp 0.217 lo 0.56 1604s | window: 78%/0.70 ralow: 20%/1.03 lifts: 29%/0.86 quad: 18%/2.09 ring: 25%/1.84 sngspa: 29%/1.37 sngspa: 28%/1.37 tunnel: 44%/3.28
[it   630/4000           ppo] rew -0.0154 vl    6.876 ent -0.775 kl 0.0070 spd 0.238 jmp 0.206 lo 0.55 1630s | window: 80%/0.70 ralow:  7%/0.88 lifts: 32%/0.80 quad: 26%/2.41 ring: 23%/1.69 sngspa: 27%/1.41 sngspa: 30%/1.44 tunnel: 41%/3.40
[it   640/4000           ppo] rew -0.0176 vl    6.588 ent -0.749 kl 0.0065 spd 0.225 jmp 0.225 lo 0.55 1656s | window: 79%/0.73 ralow: 16%/1.47 lifts: 29%/1.15 quad: 16%/2.09 ring: 29%/1.91 sngspa: 30%/1.32 sngspa: 26%/1.23 tunnel: 40%/3.47
[it   650/4000           ppo] rew -0.0168 vl    6.803 ent -0.766 kl 0.0091 spd 0.238 jmp 0.230 lo 0.55 1682s | window: 80%/0.71 ralow:  6%/1.34 lifts: 29%/0.76 quad: 24%/2.25 ring: 23%/1.82 sngspa: 35%/1.30 sngspa: 32%/1.15 tunnel: 38%/3.21
[it   660/4000           ppo] rew -0.0103 vl   10.158 ent -0.762 kl 0.0066 spd 0.245 jmp 0.233 lo 0.54 1707s | window: 79%/0.74 ralow:  9%/1.79 lifts: 29%/0.83 quad: 17%/2.23 ring: 31%/1.83 sngspa: 26%/1.46 sngspa: 26%/1.50 tunnel: 38%/3.44
[it   670/4000           ppo] rew -0.0148 vl    7.380 ent -0.730 kl 0.0074 spd 0.233 jmp 0.250 lo 0.54 1733s | window: 80%/0.74 ralow: 11%/1.52 lifts: 31%/0.81 quad: 23%/2.24 ring: 23%/2.14 sngspa: 31%/1.55 sngspa: 31%/1.51 tunnel: 40%/2.99
[it   680/4000           ppo] rew -0.0146 vl    8.148 ent -0.784 kl 0.0073 spd 0.245 jmp 0.238 lo 0.54 1759s | window: 77%/0.73 ralow:  9%/1.32 lifts: 35%/0.80 quad: 19%/2.13 ring: 28%/1.85 sngspa: 30%/1.23 sngspa: 30%/1.35 tunnel: 39%/3.18
[it   690/4000           ppo] rew -0.0161 vl    6.682 ent -0.745 kl 0.0074 spd 0.239 jmp 0.253 lo 0.53 1785s | window: 77%/0.73 ralow: 15%/0.83 lifts: 26%/0.85 quad: 21%/1.98 ring: 22%/1.54 sngspa: 30%/1.51 sngspa: 32%/1.49 tunnel: 42%/3.49
[it   700/4000           ppo] rew -0.0142 vl    7.304 ent -0.775 kl 0.0068 spd 0.253 jmp 0.255 lo 0.53 1811s | window: 78%/0.74 ralow:  6%/1.50 lifts: 34%/0.73 quad: 15%/2.07 ring: 25%/1.68 sngspa: 31%/1.48 sngspa: 29%/1.40 tunnel: 35%/2.83
[it   710/4000           ppo] rew -0.0176 vl    6.843 ent -0.750 kl 0.0122 spd 0.234 jmp 0.276 lo 0.53 1836s | window: 78%/0.74 ralow: 10%/1.05 lifts: 31%/0.84 quad: 24%/2.65 ring: 21%/1.83 sngspa: 27%/1.20 sngspa: 31%/1.37 tunnel: 37%/3.26
[it   720/4000           ppo] rew -0.0160 vl    7.111 ent -0.809 kl 0.0070 spd 0.253 jmp 0.261 lo 0.53 1862s | window: 78%/0.71 ralow:  5%/1.48 lifts: 28%/0.77 quad: 19%/2.23 ring: 27%/1.72 sngspa: 29%/1.37 sngspa: 30%/1.55 tunnel: 34%/2.79
[it   730/4000           ppo] rew -0.0165 vl    6.706 ent -0.794 kl 0.0075 spd 0.238 jmp 0.261 lo 0.52 1888s | window: 76%/0.71 ralow: 15%/1.11 lifts: 32%/0.70 quad: 26%/2.49 ring: 24%/2.39 sngspa: 30%/1.37 sngspa: 30%/1.71 tunnel: 35%/3.32
[it   740/4000           ppo] rew -0.0156 vl    7.304 ent -0.812 kl 0.0083 spd 0.251 jmp 0.249 lo 0.52 1914s | window: 77%/0.71 ralow:  7%/1.18 lifts: 29%/0.74 quad: 18%/2.02 ring: 27%/2.30 sngspa: 33%/1.53 sngspa: 26%/1.43 tunnel: 40%/3.46
[it   750/4000           ppo] rew -0.0183 vl    6.850 ent -0.808 kl 0.0077 spd 0.239 jmp 0.260 lo 0.52 1940s | window: 75%/0.73 ralow: 11%/0.87 lifts: 32%/0.70 quad: 21%/2.74 ring: 25%/2.18 sngspa: 29%/1.52 sngspa: 26%/1.34 tunnel: 40%/3.21
[it   760/4000           ppo] rew -0.0170 vl    6.830 ent -0.843 kl 0.0074 spd 0.246 jmp 0.234 lo 0.51 1966s | window: 72%/0.71 ralow:  5%/1.23 lifts: 29%/0.88 quad: 14%/2.42 ring: 26%/1.95 sngspa: 25%/1.39 sngspa: 28%/1.39 tunnel: 36%/3.53
[it   770/4000           ppo] rew -0.0103 vl    9.782 ent -0.835 kl 0.0076 spd 0.255 jmp 0.252 lo 0.51 1992s | window: 74%/0.77 ralow:  9%/1.25 lifts: 29%/0.70 quad: 20%/1.90 ring: 24%/1.74 sngspa: 26%/1.25 sngspa: 28%/1.27 tunnel: 34%/3.62
[it   780/4000           ppo] rew -0.0178 vl    6.901 ent -0.843 kl 0.0080 spd 0.242 jmp 0.238 lo 0.51 2018s | window: 76%/0.77 ralow:  8%/1.32 lifts: 30%/0.71 quad: 18%/2.06 ring: 28%/1.64 sngspa: 33%/1.40 sngspa: 28%/1.46 tunnel: 36%/3.85
[it   790/4000           ppo] rew -0.0139 vl    8.299 ent -0.885 kl 0.0081 spd 0.252 jmp 0.234 lo 0.5 2043s | window: 76%/0.74 ralow:  9%/1.51 lifts: 31%/0.71 quad: 19%/3.72 ring: 28%/1.69 sngspa: 27%/1.50 sngspa: 29%/1.43 tunnel: 35%/3.76
[it   800/4000           ppo] rew -0.0195 vl    6.151 ent -0.878 kl 0.0065 spd 0.235 jmp 0.240 lo 0.5 2069s | window: 76%/0.76 ralow: 11%/1.26 lifts: 30%/0.85 quad: 18%/2.74 ring: 25%/2.00 sngspa: 27%/1.39 sngspa: 27%/1.29 tunnel: 35%/3.53
[it   810/4000           ppo] rew -0.0178 vl    7.630 ent -0.895 kl 0.0073 spd 0.253 jmp 0.241 lo 0.5 2095s | window: 74%/0.77 ralow:  6%/1.44 lifts: 32%/1.08 quad: 17%/2.49 ring: 23%/2.18 sngspa: 22%/1.43 sngspa: 23%/1.62 tunnel: 31%/3.26
[it   820/4000           ppo] rew -0.0170 vl    7.084 ent -0.878 kl 0.0060 spd 0.244 jmp 0.249 lo 0.49 2121s | window: 73%/0.77 ralow: 17%/1.65 lifts: 27%/1.11 quad: 15%/2.28 ring: 23%/2.37 sngspa: 26%/1.75 sngspa: 27%/1.31 tunnel: 37%/3.43
[it   830/4000           ppo] rew -0.0169 vl    7.195 ent -0.862 kl 0.0101 spd 0.253 jmp 0.247 lo 0.49 2146s | window: 76%/0.78 ralow:  7%/1.79 lifts: 31%/0.92 quad: 17%/2.49 ring: 23%/2.58 sngspa: 26%/1.22 sngspa: 29%/1.37 tunnel: 38%/3.65
[it   840/4000           ppo] rew -0.0183 vl    6.629 ent -0.869 kl 0.0061 spd 0.237 jmp 0.233 lo 0.49 2172s | window: 75%/0.77 ralow: 14%/1.95 lifts: 29%/1.09 quad: 16%/2.87 ring: 30%/2.09 sngspa: 27%/1.67 sngspa: 28%/1.81 tunnel: 33%/3.26
[it   850/4000           ppo] rew -0.0188 vl    6.693 ent -0.925 kl 0.0068 spd 0.239 jmp 0.216 lo 0.48 2198s | window: 73%/0.77 ralow:  6%/1.24 lifts: 26%/0.77 quad: 22%/2.56 ring: 26%/2.03 sngspa: 29%/1.36 sngspa: 27%/1.19 tunnel: 35%/3.56
[it   860/4000           ppo] rew -0.0175 vl    6.465 ent -0.925 kl 0.0083 spd 0.237 jmp 0.224 lo 0.48 2224s | window: 75%/0.76 ralow: 15%/1.75 lifts: 27%/0.87 quad: 19%/2.31 ring: 28%/2.38 sngspa: 28%/1.11 sngspa: 26%/1.31 tunnel: 39%/3.23
[it   870/4000           ppo] rew -0.0174 vl    7.056 ent -0.933 kl 0.0077 spd 0.239 jmp 0.226 lo 0.48 2250s | window: 77%/0.76 ralow:  5%/1.44 lifts: 27%/0.87 quad: 19%/2.09 ring: 25%/2.21 sngspa: 25%/1.53 sngspa: 31%/1.50 tunnel: 36%/3.70
[it   880/4000           ppo] rew -0.0181 vl    6.694 ent -0.953 kl 0.0078 spd 0.255 jmp 0.224 lo 0.48 2276s | window: 73%/0.77 ralow:  9%/1.11 lifts: 29%/0.80 quad: 14%/2.42 ring: 27%/2.91 sngspa: 27%/1.22 sngspa: 26%/1.41 tunnel: 30%/3.50
[it   890/4000           ppo] rew -0.0161 vl    7.046 ent -0.997 kl 0.0102 spd 0.253 jmp 0.197 lo 0.47 2301s | window: 74%/0.77 ralow:  8%/0.99 lifts: 28%/0.77 quad: 18%/2.26 ring: 23%/2.53 sngspa: 24%/1.61 sngspa: 25%/1.36 tunnel: 34%/3.04
[it   900/4000           ppo] rew -0.0162 vl    6.708 ent -1.021 kl 0.0071 spd 0.260 jmp 0.195 lo 0.47 2327s | window: 77%/0.78 ralow:  7%/1.05 lifts: 28%/0.85 quad: 16%/2.42 ring: 26%/2.58 sngspa: 27%/1.13 sngspa: 24%/1.23 tunnel: 36%/3.47
[it   910/4000           ppo] rew -0.0181 vl    6.886 ent -1.039 kl 0.0066 spd 0.257 jmp 0.182 lo 0.47 2353s | window: 74%/0.77 ralow: 10%/1.39 lifts: 27%/0.83 quad: 18%/2.74 ring: 29%/2.27 sngspa: 29%/1.39 sngspa: 27%/1.29 tunnel: 33%/3.30
[it   920/4000           ppo] rew -0.0160 vl    6.729 ent -1.052 kl 0.0086 spd 0.268 jmp 0.180 lo 0.46 2378s | window: 73%/0.78 ralow:  5%/1.13 lifts: 28%/0.90 quad: 16%/2.84 ring: 25%/2.67 sngspa: 23%/1.25 sngspa: 23%/1.34 tunnel: 37%/3.32
[it   930/4000           ppo] rew -0.0178 vl    6.639 ent -1.087 kl 0.0057 spd 0.247 jmp 0.158 lo 0.46 2404s | window: 76%/0.81 ralow: 10%/1.34 lifts: 27%/0.81 quad: 15%/2.46 ring: 22%/2.39 sngspa: 25%/1.09 sngspa: 25%/1.25 tunnel: 34%/3.65
[it   940/4000           ppo] rew -0.0200 vl    6.403 ent -1.121 kl 0.0077 spd 0.256 jmp 0.146 lo 0.46 2430s | window: 71%/0.83 ralow:  6%/1.46 lifts: 29%/0.74 quad: 17%/2.25 ring: 24%/2.38 sngspa: 25%/1.04 sngspa: 25%/1.04 tunnel: 32%/3.21
[it   950/4000           ppo] rew -0.0170 vl    7.027 ent -1.109 kl 0.0057 spd 0.244 jmp 0.143 lo 0.45 2456s | window: 69%/0.78 ralow: 13%/1.11 lifts: 31%/0.73 quad: 16%/2.51 ring: 26%/2.36 sngspa: 29%/1.36 sngspa: 32%/1.29 tunnel: 33%/3.39
[it   960/4000           ppo] rew -0.0178 vl    6.821 ent -1.145 kl 0.0080 spd 0.260 jmp 0.133 lo 0.45 2482s | window: 75%/0.80 ralow:  4%/1.61 lifts: 30%/0.82 quad: 15%/2.60 ring: 29%/2.21 sngspa: 25%/1.53 sngspa: 24%/1.29 tunnel: 32%/3.23
[it   970/4000           ppo] rew -0.0190 vl    6.545 ent -1.146 kl 0.0068 spd 0.247 jmp 0.138 lo 0.45 2508s | window: 72%/0.80 ralow: 15%/1.30 lifts: 28%/0.80 quad: 20%/3.11 ring: 24%/2.63 sngspa: 22%/1.34 sngspa: 22%/1.08 tunnel: 35%/3.12
[it   980/4000           ppo] rew -0.0195 vl    6.323 ent -1.150 kl 0.0073 spd 0.251 jmp 0.132 lo 0.44 2533s | window: 67%/0.78 ralow:  5%/1.54 lifts: 25%/0.83 quad: 18%/2.59 ring: 23%/2.21 sngspa: 26%/1.31 sngspa: 22%/1.28 tunnel: 34%/3.16
[it   990/4000           ppo] rew -0.0169 vl    6.768 ent -1.152 kl 0.0059 spd 0.270 jmp 0.144 lo 0.44 2559s | window: 72%/0.78 ralow:  8%/1.51 lifts: 25%/0.81 quad: 18%/2.87 ring: 25%/2.69 sngspa: 31%/1.32 sngspa: 32%/1.25 tunnel: 33%/3.80
[it  1000/4000           ppo] rew -0.0190 vl    6.729 ent -1.155 kl 0.0064 spd 0.250 jmp 0.146 lo 0.44 2585s | window: 70%/0.83 ralow:  7%/1.54 lifts: 23%/0.81 quad: 18%/2.13 ring: 25%/2.28 sngspa: 24%/1.41 sngspa: 24%/1.34 tunnel: 37%/3.54
[it  1010/4000           ppo] rew -0.0181 vl    6.964 ent -1.170 kl 0.0066 spd 0.272 jmp 0.152 lo 0.43 2611s | window: 64%/0.80 ralow:  7%/1.20 lifts: 25%/0.88 quad: 15%/2.44 ring: 26%/2.62 sngspa: 26%/1.15 sngspa: 25%/1.44 tunnel: 32%/3.41
[it  1020/4000           ppo] rew -0.0181 vl    6.367 ent -1.191 kl 0.0068 spd 0.266 jmp 0.141 lo 0.43 2637s | window: 70%/0.80 ralow:  8%/2.04 lifts: 23%/0.81 quad: 14%/2.69 ring: 27%/2.48 sngspa: 23%/1.05 sngspa: 25%/1.04 tunnel: 39%/3.54
[it  1030/4000           ppo] rew -0.0160 vl    6.907 ent -1.191 kl 0.0066 spd 0.281 jmp 0.142 lo 0.43 2663s | window: 72%/0.84 ralow:  6%/1.32 lifts: 28%/0.69 quad: 14%/2.58 ring: 19%/2.13 sngspa: 21%/1.32 sngspa: 21%/1.08 tunnel: 34%/3.00
[it  1040/4000           ppo] rew -0.0207 vl    6.295 ent -1.185 kl 0.0064 spd 0.253 jmp 0.143 lo 0.43 2689s | window: 66%/0.85 ralow:  9%/1.51 lifts: 30%/0.67 quad: 15%/2.28 ring: 24%/2.61 sngspa: 21%/1.27 sngspa: 21%/1.25 tunnel: 36%/2.93
[it  1050/4000           ppo] rew -0.0184 vl    6.414 ent -1.220 kl 0.0065 spd 0.277 jmp 0.132 lo 0.42 2715s | window: 69%/0.83 ralow:  5%/1.61 lifts: 22%/0.71 quad: 16%/2.59 ring: 24%/2.17 sngspa: 20%/1.29 sngspa: 21%/1.22 tunnel: 30%/3.28
[it  1060/4000           ppo] rew -0.0199 vl    5.972 ent -1.205 kl 0.0069 spd 0.251 jmp 0.126 lo 0.42 2741s | window: 69%/0.84 ralow:  8%/1.44 lifts: 25%/0.80 quad: 15%/2.24 ring: 23%/1.91 sngspa: 24%/1.12 sngspa: 20%/1.20 tunnel: 33%/3.34
[it  1070/4000           ppo] rew -0.0184 vl    6.924 ent -1.233 kl 0.0057 spd 0.272 jmp 0.122 lo 0.42 2767s | window: 68%/0.83 ralow:  8%/1.39 lifts: 28%/0.74 quad: 17%/2.12 ring: 25%/2.55 sngspa: 22%/1.23 sngspa: 25%/1.15 tunnel: 26%/3.57
[it  1080/4000           ppo] rew -0.0199 vl    6.341 ent -1.235 kl 0.0062 spd 0.255 jmp 0.120 lo 0.41 2793s | window: 64%/0.78 ralow: 17%/1.61 lifts: 25%/0.89 quad: 18%/2.62 ring: 22%/2.67 sngspa: 23%/1.25 sngspa: 19%/1.17 tunnel: 28%/3.32
[it  1090/4000           ppo] rew -0.0193 vl    6.563 ent -1.252 kl 0.0090 spd 0.265 jmp 0.107 lo 0.41 2818s | window: 65%/0.80 ralow:  8%/1.39 lifts: 32%/1.11 quad: 18%/2.41 ring: 27%/2.42 sngspa: 20%/1.20 sngspa: 21%/1.02 tunnel: 24%/3.58
[it  1100/4000           ppo] rew -0.0203 vl    6.134 ent -1.277 kl 0.0072 spd 0.269 jmp 0.102 lo 0.41 2844s | window: 65%/0.76 ralow: 10%/1.76 lifts: 29%/0.91 quad: 17%/2.73 ring: 24%/2.53 sngspa: 21%/1.57 sngspa: 21%/1.36 tunnel: 25%/3.04
[it  1110/4000           ppo] rew -0.0186 vl    6.508 ent -1.299 kl 0.0064 spd 0.270 jmp 0.093 lo 0.4 2870s | window: 67%/0.84 ralow: 13%/1.44 lifts: 27%/0.92 quad: 17%/2.05 ring: 20%/1.95 sngspa: 23%/1.08 sngspa: 22%/1.01 tunnel: 29%/3.67
[it  1120/4000           ppo] rew -0.0203 vl    6.172 ent -1.315 kl 0.0060 spd 0.280 jmp 0.091 lo 0.4 2896s | window: 64%/0.83 ralow: 10%/1.25 lifts: 29%/0.84 quad: 15%/2.18 ring: 26%/2.18 sngspa: 21%/1.34 sngspa: 19%/1.48 tunnel: 29%/3.43
[it  1130/4000           ppo] rew -0.0197 vl    6.028 ent -1.322 kl 0.0074 spd 0.260 jmp 0.094 lo 0.4 2922s | window: 62%/0.85 ralow: 18%/1.52 lifts: 24%/1.16 quad: 18%/2.71 ring: 27%/2.43 sngspa: 25%/1.06 sngspa: 24%/1.18 tunnel: 31%/3.22
[it  1140/4000           ppo] rew -0.0193 vl    6.408 ent -1.318 kl 0.0066 spd 0.275 jmp 0.104 lo 0.39 2948s | window: 66%/0.81 ralow: 11%/1.39 lifts: 23%/0.94 quad: 18%/2.51 ring: 24%/2.74 sngspa: 25%/1.22 sngspa: 25%/1.25 tunnel: 26%/3.21
[it  1150/4000           ppo] rew -0.0195 vl    6.632 ent -1.323 kl 0.0068 spd 0.255 jmp 0.108 lo 0.39 2974s | window: 63%/0.81 ralow: 14%/1.42 lifts: 29%/0.83 quad: 17%/2.60 ring: 20%/1.97 sngspa: 23%/1.29 sngspa: 21%/1.19 tunnel: 26%/3.42
[it  1160/4000           ppo] rew -0.0199 vl    6.273 ent -1.312 kl 0.0058 spd 0.276 jmp 0.114 lo 0.39 3000s | window: 63%/0.80 ralow: 13%/1.81 lifts: 23%/0.89 quad: 15%/2.83 ring: 21%/2.25 sngspa: 18%/1.25 sngspa: 19%/1.17 tunnel: 22%/3.19
[it  1170/4000           ppo] rew -0.0201 vl    6.312 ent -1.312 kl 0.0084 spd 0.255 jmp 0.120 lo 0.38 3026s | window: 59%/0.83 ralow: 15%/1.62 lifts: 23%/0.97 quad: 16%/2.79 ring: 23%/2.48 sngspa: 19%/1.41 sngspa: 24%/1.25 tunnel: 24%/2.95
[it  1180/4000           ppo] rew -0.0198 vl    6.024 ent -1.364 kl 0.0064 spd 0.280 jmp 0.108 lo 0.38 3052s | window: 64%/0.84 ralow: 12%/1.61 lifts: 21%/0.94 quad: 16%/2.53 ring: 25%/2.27 sngspa: 16%/1.22 sngspa: 20%/1.21 tunnel: 24%/3.00
[it  1190/4000           ppo] rew -0.0207 vl    6.010 ent -1.369 kl 0.0070 spd 0.263 jmp 0.110 lo 0.38 3078s | window: 62%/0.81 ralow: 22%/1.39 lifts: 28%/0.92 quad: 20%/2.11 ring: 24%/2.51 sngspa: 19%/1.13 sngspa: 20%/1.11 tunnel: 28%/3.35
[it  1200/4000           ppo] rew -0.0183 vl    5.884 ent -1.378 kl 0.0070 spd 0.285 jmp 0.103 lo 0.38 3104s | window: 63%/0.84 ralow: 13%/1.48 lifts: 31%/0.83 quad: 21%/2.13 ring: 26%/2.41 sngspa: 23%/1.01 sngspa: 21%/1.06 tunnel: 28%/3.15
[it  1210/4000           ppo] rew -0.0202 vl    6.234 ent -1.381 kl 0.0065 spd 0.266 jmp 0.102 lo 0.37 3130s | window: 68%/0.84 ralow: 16%/1.58 lifts: 23%/0.85 quad: 15%/2.20 ring: 26%/2.52 sngspa: 23%/1.18 sngspa: 21%/1.12 tunnel: 25%/3.08
[it  1220/4000           ppo] rew -0.0190 vl    6.059 ent -1.409 kl 0.0058 spd 0.277 jmp 0.091 lo 0.37 3155s | window: 65%/0.81 ralow: 17%/1.57 lifts: 22%/0.89 quad: 22%/2.42 ring: 28%/2.65 sngspa: 20%/1.05 sngspa: 22%/1.08 tunnel: 26%/3.16
[it  1230/4000           ppo] rew -0.0189 vl    6.339 ent -1.418 kl 0.0061 spd 0.279 jmp 0.088 lo 0.37 3181s | window: 65%/0.84 ralow: 12%/2.35 lifts: 28%/0.73 quad: 20%/2.49 ring: 28%/2.73 sngspa: 23%/0.94 sngspa: 21%/1.04 tunnel: 26%/3.23
[it  1240/4000           ppo] rew -0.0209 vl    5.790 ent -1.417 kl 0.0059 spd 0.270 jmp 0.083 lo 0.36 3207s | window: 60%/0.84 ralow: 17%/2.02 lifts: 30%/0.71 quad: 21%/2.69 ring: 25%/2.70 sngspa: 21%/1.25 sngspa: 16%/1.20 tunnel: 29%/3.42
[it  1250/4000           ppo] rew -0.0182 vl    6.376 ent -1.389 kl 0.0058 spd 0.287 jmp 0.092 lo 0.36 3233s | window: 58%/0.82 ralow: 14%/1.64 lifts: 25%/0.87 quad: 18%/2.55 ring: 25%/2.55 sngspa: 20%/1.04 sngspa: 20%/1.17 tunnel: 27%/3.22
[it  1260/4000           ppo] rew -0.0212 vl    5.446 ent -1.399 kl 0.0073 spd 0.265 jmp 0.091 lo 0.36 3259s | window: 65%/0.83 ralow: 19%/1.86 lifts: 24%/0.87 quad: 17%/2.39 ring: 23%/2.48 sngspa: 22%/1.15 sngspa: 21%/1.06 tunnel: 24%/2.94
[it  1270/4000           ppo] rew -0.0206 vl    5.884 ent -1.394 kl 0.0079 spd 0.287 jmp 0.092 lo 0.35 3285s | window: 59%/0.85 ralow: 14%/1.62 lifts: 26%/0.88 quad: 16%/2.62 ring: 22%/2.32 sngspa: 20%/1.11 sngspa: 18%/1.15 tunnel: 27%/3.28
[it  1280/4000           ppo] rew -0.0204 vl    6.185 ent -1.417 kl 0.0072 spd 0.269 jmp 0.091 lo 0.35 3311s | window: 60%/0.85 ralow: 21%/2.07 lifts: 24%/0.95 quad: 15%/2.10 ring: 22%/2.49 sngspa: 20%/1.03 sngspa: 19%/1.04 tunnel: 24%/3.43
[it  1290/4000           ppo] rew -0.0196 vl    6.423 ent -1.410 kl 0.0077 spd 0.284 jmp 0.094 lo 0.35 3337s | window: 60%/0.85 ralow: 12%/1.80 lifts: 20%/1.06 quad: 14%/1.96 ring: 25%/2.37 sngspa: 18%/1.33 sngspa: 17%/1.06 tunnel: 21%/3.40
[it  1300/4000           ppo] rew -0.0216 vl    5.634 ent -1.402 kl 0.0064 spd 0.264 jmp 0.097 lo 0.34 3363s | window: 61%/0.84 ralow: 21%/2.55 lifts: 21%/0.95 quad: 17%/1.87 ring: 20%/2.09 sngspa: 18%/1.41 sngspa: 15%/1.47 tunnel: 21%/3.02
[it  1310/4000           ppo] rew -0.0192 vl    5.966 ent -1.386 kl 0.0060 spd 0.292 jmp 0.105 lo 0.34 3389s | window: 59%/0.88 ralow: 11%/1.69 lifts: 22%/0.95 quad: 21%/2.45 ring: 25%/2.60 sngspa: 15%/1.04 sngspa: 17%/1.19 tunnel: 24%/3.01
[it  1320/4000           ppo] rew -0.0201 vl    6.020 ent -1.413 kl 0.0056 spd 0.279 jmp 0.106 lo 0.34 3414s | window: 56%/0.84 ralow: 13%/2.05 lifts: 23%/1.05 quad: 22%/2.44 ring: 18%/2.27 sngspa: 16%/1.15 sngspa: 21%/1.25 tunnel: 19%/3.46
[it  1330/4000           ppo] rew -0.0183 vl    6.224 ent -1.407 kl 0.0082 spd 0.290 jmp 0.111 lo 0.33 3440s | window: 60%/0.85 ralow: 15%/1.59 lifts: 23%/1.17 quad: 16%/2.32 ring: 20%/2.21 sngspa: 19%/1.08 sngspa: 21%/1.13 tunnel: 22%/2.82
[it  1340/4000           ppo] rew -0.0171 vl    6.454 ent -1.430 kl 0.0073 spd 0.282 jmp 0.091 lo 0.33 3466s | window: 63%/0.92 ralow: 12%/1.57 lifts: 20%/1.02 quad: 15%/2.09 ring: 24%/2.11 sngspa: 23%/1.01 sngspa: 23%/0.99 tunnel: 22%/2.74
[it  1350/4000           ppo] rew -0.0201 vl    6.199 ent -1.405 kl 0.0054 spd 0.273 jmp 0.101 lo 0.33 3492s | window: 60%/0.91 ralow: 14%/1.55 lifts: 23%/1.13 quad: 16%/1.81 ring: 23%/2.03 sngspa: 15%/1.04 sngspa: 18%/1.15 tunnel: 25%/3.25
[it  1360/4000           ppo] rew -0.0186 vl    6.309 ent -1.418 kl 0.0062 spd 0.284 jmp 0.091 lo 0.33 3518s | window: 60%/0.87 ralow:  9%/1.42 lifts: 26%/0.92 quad: 17%/1.67 ring: 18%/2.30 sngspa: 19%/1.27 sngspa: 16%/1.23 tunnel: 23%/3.08
[it  1370/4000           ppo] rew -0.0198 vl    5.857 ent -1.428 kl 0.0065 spd 0.274 jmp 0.084 lo 0.32 3544s | window: 57%/0.84 ralow: 16%/1.58 lifts: 24%/1.06 quad: 16%/1.64 ring: 20%/1.99 sngspa: 18%/0.97 sngspa: 15%/0.97 tunnel: 24%/2.50
[it  1380/4000           ppo] rew -0.0210 vl    5.722 ent -1.454 kl 0.0070 spd 0.275 jmp 0.080 lo 0.32 3569s | window: 59%/0.88 ralow: 10%/1.51 lifts: 19%/1.08 quad: 15%/1.64 ring: 18%/2.02 sngspa: 17%/1.28 sngspa: 16%/1.09 tunnel: 24%/3.30
[it  1390/4000           ppo] rew -0.0197 vl    6.120 ent -1.459 kl 0.0064 spd 0.273 jmp 0.080 lo 0.32 3595s | window: 59%/0.87 ralow: 15%/1.47 lifts: 24%/0.95 quad: 13%/2.04 ring: 20%/2.02 sngspa: 18%/1.06 sngspa: 16%/1.16 tunnel: 22%/2.90
[it  1400/4000           ppo] rew -0.0204 vl    5.655 ent -1.469 kl 0.0063 spd 0.276 jmp 0.074 lo 0.31 3621s | window: 58%/0.84 ralow:  9%/1.44 lifts: 25%/0.92 quad: 13%/2.04 ring: 18%/1.83 sngspa: 20%/0.99 sngspa: 15%/0.97 tunnel: 15%/3.25
[it  1410/4000           ppo] rew -0.0216 vl    5.861 ent -1.503 kl 0.0070 spd 0.273 jmp 0.072 lo 0.31 3647s | window: 57%/0.92 ralow: 12%/1.43 lifts: 28%/0.85 quad: 11%/2.37 ring: 19%/1.89 sngspa: 16%/1.04 sngspa: 14%/1.11 tunnel: 20%/2.53
[it  1420/4000           ppo] rew -0.0191 vl    6.214 ent -1.500 kl 0.0092 spd 0.287 jmp 0.074 lo 0.31 3673s | window: 54%/0.91 ralow:  7%/1.24 lifts: 24%/0.94 quad: 12%/2.34 ring: 19%/1.86 sngspa: 15%/1.36 sngspa: 17%/1.27 tunnel: 22%/2.77
[it  1430/4000           ppo] rew -0.0215 vl    5.373 ent -1.529 kl 0.0059 spd 0.275 jmp 0.067 lo 0.3 3698s | window: 55%/0.88 ralow: 11%/1.36 lifts: 30%/0.75 quad: 10%/1.66 ring: 16%/1.85 sngspa: 12%/1.26 sngspa: 14%/1.18 tunnel: 26%/3.07
[it  1440/4000           ppo] rew -0.0209 vl    5.651 ent -1.529 kl 0.0061 spd 0.276 jmp 0.065 lo 0.3 3724s | window: 59%/0.91 ralow:  8%/1.23 lifts: 24%/0.71 quad:  8%/1.88 ring: 14%/1.89 sngspa: 14%/1.32 sngspa: 15%/1.17 tunnel: 23%/2.44
[it  1450/4000           ppo] rew -0.0196 vl    5.917 ent -1.534 kl 0.0064 spd 0.292 jmp 0.066 lo 0.3 3750s | window: 61%/0.91 ralow:  6%/1.44 lifts: 22%/0.71 quad:  9%/1.83 ring: 11%/2.07 sngspa: 13%/1.20 sngspa: 16%/1.25 tunnel: 18%/3.19
[it  1460/4000           ppo] rew -0.0224 vl    5.335 ent -1.522 kl 0.0061 spd 0.262 jmp 0.068 lo 0.29 3776s | window: 58%/0.91 ralow:  9%/1.27 lifts: 23%/0.97 quad: 11%/1.57 ring: 13%/1.57 sngspa: 15%/1.01 sngspa: 20%/1.02 tunnel: 17%/2.98
[it  1470/4000           ppo] rew -0.0206 vl    5.725 ent -1.521 kl 0.0077 spd 0.297 jmp 0.072 lo 0.29 3802s | window: 53%/0.91 ralow:  6%/1.40 lifts: 23%/1.20 quad:  9%/1.74 ring: 10%/2.02 sngspa: 18%/0.92 sngspa: 17%/0.85 tunnel: 15%/2.72
[it  1480/4000           ppo] rew -0.0190 vl    6.098 ent -1.532 kl 0.0059 spd 0.292 jmp 0.076 lo 0.29 3827s | window: 51%/0.95 ralow:  9%/1.36 lifts: 26%/0.88 quad: 11%/1.55 ring: 12%/2.58 sngspa: 16%/1.05 sngspa: 18%/1.01 tunnel: 18%/2.91
[it  1490/4000           ppo] rew -0.0197 vl    5.922 ent -1.523 kl 0.0054 spd 0.286 jmp 0.078 lo 0.28 3853s | window: 57%/0.94 ralow:  8%/1.58 lifts: 27%/0.85 quad: 11%/1.48 ring: 16%/1.98 sngspa: 17%/1.04 sngspa: 16%/1.44 tunnel: 18%/2.56
[it  1500/4000           ppo] rew -0.0196 vl    5.567 ent -1.533 kl 0.0063 spd 0.292 jmp 0.075 lo 0.28 3879s | window: 55%/0.84 ralow: 11%/1.37 lifts: 24%/0.87 quad: 11%/1.55 ring: 15%/2.36 sngspa: 19%/1.14 sngspa: 17%/0.90 tunnel: 16%/3.33
[it  1510/4000           ppo] rew -0.0200 vl    5.779 ent -1.518 kl 0.0055 spd 0.284 jmp 0.082 lo 0.28 3905s | window: 54%/0.85 ralow:  9%/1.76 lifts: 25%/0.84 quad: 11%/2.44 ring: 18%/2.43 sngspa: 19%/1.20 sngspa: 13%/0.97 tunnel: 19%/3.39
[it  1520/4000           ppo] rew -0.0186 vl    7.128 ent -1.524 kl 0.0054 spd 0.277 jmp 0.079 lo 0.28 3931s | window: 51%/0.89 ralow: 11%/1.41 lifts: 21%/0.86 quad:  9%/2.35 ring: 15%/1.92 sngspa: 15%/1.23 sngspa: 18%/1.04 tunnel: 20%/2.70
[it  1530/4000           ppo] rew -0.0208 vl    5.671 ent -1.524 kl 0.0054 spd 0.279 jmp 0.081 lo 0.27 3956s | window: 51%/0.80 ralow: 10%/1.46 lifts: 18%/1.04 quad: 11%/2.09 ring: 15%/2.20 sngspa: 18%/1.10 sngspa: 16%/1.20 tunnel: 18%/2.73
[it  1540/4000           ppo] rew -0.0184 vl    6.173 ent -1.522 kl 0.0068 spd 0.296 jmp 0.079 lo 0.27 3982s | window: 54%/0.78 ralow:  8%/2.20 lifts: 23%/0.94 quad: 11%/1.53 ring: 13%/2.16 sngspa: 17%/1.16 sngspa: 15%/1.11 tunnel: 20%/2.83
[it  1550/4000           ppo] rew -0.0222 vl    5.283 ent -1.528 kl 0.0051 spd 0.275 jmp 0.077 lo 0.27 4008s | window: 49%/0.90 ralow:  9%/1.33 lifts: 21%/0.90 quad:  9%/1.76 ring: 13%/2.42 sngspa: 14%/1.11 sngspa: 17%/1.23 tunnel: 20%/2.59
[it  1560/4000           ppo] rew -0.0205 vl    5.508 ent -1.517 kl 0.0066 spd 0.288 jmp 0.084 lo 0.26 4034s | window: 48%/0.91 ralow:  7%/1.89 lifts: 13%/0.94 quad: 13%/1.86 ring: 11%/1.95 sngspa: 15%/1.16 sngspa: 14%/1.04 tunnel: 15%/2.73
[it  1570/4000           ppo] rew -0.0219 vl    5.634 ent -1.517 kl 0.0055 spd 0.276 jmp 0.085 lo 0.26 4060s | window: 52%/0.85 ralow: 10%/1.48 lifts: 16%/0.91 quad: 10%/1.62 ring: 15%/1.97 sngspa: 13%/1.19 sngspa: 15%/1.41 tunnel: 20%/2.55
[it  1580/4000           ppo] rew -0.0204 vl    5.650 ent -1.512 kl 0.0060 spd 0.291 jmp 0.088 lo 0.26 4086s | window: 53%/0.87 ralow:  7%/1.50 lifts: 21%/0.80 quad:  9%/1.69 ring: 12%/2.76 sngspa: 14%/1.32 sngspa: 14%/1.16 tunnel: 20%/2.74
[it  1590/4000           ppo] rew -0.0211 vl    5.470 ent -1.543 kl 0.0052 spd 0.279 jmp 0.083 lo 0.25 4111s | window: 50%/0.87 ralow: 10%/1.29 lifts: 18%/0.81 quad: 12%/2.07 ring: 14%/1.92 sngspa: 15%/1.20 sngspa: 16%/1.23 tunnel: 13%/3.23
[it  1600/4000           ppo] rew -0.0205 vl    5.870 ent -1.528 kl 0.0052 spd 0.286 jmp 0.091 lo 0.25 4137s | window: 52%/0.92 ralow:  8%/1.53 lifts: 12%/0.88 quad: 12%/1.72 ring: 14%/2.03 sngspa: 13%/1.04 sngspa: 13%/1.06 tunnel: 18%/3.15
[it  1610/4000           ppo] rew -0.0214 vl    5.692 ent -1.536 kl 0.0061 spd 0.285 jmp 0.089 lo 0.25 4163s | window: 45%/0.85 ralow: 10%/1.54 lifts: 18%/0.88 quad: 11%/1.85 ring: 13%/2.38 sngspa: 17%/1.25 sngspa: 18%/1.13 tunnel: 19%/3.00
[it  1620/4000           ppo] rew -0.0219 vl    5.494 ent -1.526 kl 0.0056 spd 0.286 jmp 0.093 lo 0.24 4188s | window: 43%/0.90 ralow:  8%/1.58 lifts: 14%/0.95 quad: 13%/2.40 ring: 15%/2.31 sngspa: 16%/1.31 sngspa: 14%/1.06 tunnel: 21%/3.75
[it  1630/4000           ppo] rew -0.0201 vl    6.960 ent -1.532 kl 0.0069 spd 0.275 jmp 0.090 lo 0.24 4214s | window: 45%/0.92 ralow:  7%/1.99 lifts: 13%/0.92 quad: 12%/2.52 ring: 15%/2.59 sngspa: 16%/0.96 sngspa: 16%/1.11 tunnel: 17%/2.42
[it  1640/4000           ppo] rew -0.0205 vl    5.767 ent -1.532 kl 0.0058 spd 0.285 jmp 0.087 lo 0.24 4240s | window: 51%/0.87 ralow: 13%/2.03 lifts: 15%/0.91 quad: 14%/2.28 ring: 16%/2.13 sngspa: 10%/1.01 sngspa: 11%/1.01 tunnel: 18%/3.40
[it  1650/4000           ppo] rew -0.0223 vl    5.030 ent -1.549 kl 0.0065 spd 0.291 jmp 0.082 lo 0.23 4265s | window: 43%/0.83 ralow: 11%/2.48 lifts: 15%/1.02 quad: 10%/2.25 ring: 19%/2.34 sngspa: 16%/1.12 sngspa: 14%/1.20 tunnel: 19%/3.04
[it  1660/4000           ppo] rew -0.0217 vl    5.160 ent -1.534 kl 0.0063 spd 0.284 jmp 0.081 lo 0.23 4291s | window: 45%/0.81 ralow: 10%/2.30 lifts: 13%/0.99 quad: 11%/2.28 ring: 18%/2.44 sngspa: 14%/1.21 sngspa: 13%/1.19 tunnel: 15%/3.08
[it  1670/4000           ppo] rew -0.0218 vl    5.454 ent -1.531 kl 0.0049 spd 0.287 jmp 0.087 lo 0.23 4317s | window: 40%/0.84 ralow: 10%/2.42 lifts: 16%/0.98 quad: 11%/2.66 ring: 16%/2.58 sngspa: 12%/1.15 sngspa: 11%/1.11 tunnel: 16%/3.00
[it  1680/4000           ppo] rew -0.0207 vl    5.448 ent -1.531 kl 0.0064 spd 0.295 jmp 0.089 lo 0.23 4343s | window: 46%/0.87 ralow: 12%/1.54 lifts: 17%/0.92 quad: 13%/2.20 ring: 14%/2.28 sngspa: 11%/0.95 sngspa: 13%/1.01 tunnel: 17%/2.64
[it  1690/4000           ppo] rew -0.0194 vl    5.496 ent -1.544 kl 0.0061 spd 0.299 jmp 0.083 lo 0.22 4369s | window: 48%/0.87 ralow: 10%/1.76 lifts: 16%/0.87 quad: 10%/2.64 ring: 16%/2.48 sngspa: 11%/1.02 sngspa: 16%/1.06 tunnel: 15%/2.94
[it  1700/4000           ppo] rew -0.0222 vl    5.311 ent -1.547 kl 0.0049 spd 0.286 jmp 0.082 lo 0.22 4395s | window: 41%/0.84 ralow: 12%/1.96 lifts: 19%/1.04 quad: 11%/3.35 ring: 15%/2.55 sngspa: 15%/1.22 sngspa: 12%/1.22 tunnel: 13%/3.09
[it  1710/4000           ppo] rew -0.0207 vl    5.836 ent -1.552 kl 0.0077 spd 0.292 jmp 0.084 lo 0.22 4421s | window: 38%/0.83 ralow:  8%/2.09 lifts: 14%/1.09 quad: 11%/2.14 ring: 16%/1.90 sngspa: 11%/1.29 sngspa: 14%/1.19 tunnel: 17%/2.74
[it  1720/4000           ppo] rew -0.0212 vl    5.670 ent -1.557 kl 0.0046 spd 0.287 jmp 0.084 lo 0.21 4446s | window: 46%/0.88 ralow: 12%/1.81 lifts: 18%/0.92 quad: 12%/2.51 ring: 15%/2.03 sngspa: 13%/0.98 sngspa: 12%/1.06 tunnel: 17%/2.96
[it  1730/4000           ppo] rew -0.0214 vl    5.602 ent -1.557 kl 0.0051 spd 0.290 jmp 0.085 lo 0.21 4472s | window: 43%/0.90 ralow:  8%/1.83 lifts: 17%/1.06 quad: 15%/2.21 ring: 16%/2.09 sngspa: 10%/1.25 sngspa: 10%/1.23 tunnel: 13%/3.08
[it  1740/4000           ppo] rew -0.0196 vl    6.840 ent -1.552 kl 0.0051 spd 0.289 jmp 0.090 lo 0.21 4498s | window: 36%/0.97 ralow: 10%/2.02 lifts: 14%/0.99 quad: 12%/2.53 ring: 13%/2.18 sngspa: 11%/1.25 sngspa: 12%/1.01 tunnel: 15%/2.74
[it  1750/4000           ppo] rew -0.0217 vl    5.665 ent -1.558 kl 0.0048 spd 0.282 jmp 0.087 lo 0.2 4524s | window: 41%/0.85 ralow: 11%/1.72 lifts: 10%/1.04 quad: 12%/2.17 ring: 15%/2.04 sngspa: 10%/1.23 sngspa: 12%/1.16 tunnel: 11%/2.80
[it  1760/4000           ppo] rew -0.0220 vl    5.619 ent -1.563 kl 0.0070 spd 0.288 jmp 0.091 lo 0.2 4550s | window: 39%/0.91 ralow: 11%/1.22 lifts: 13%/0.91 quad: 11%/2.31 ring: 14%/1.65 sngspa:  8%/1.33 sngspa: 10%/1.23 tunnel: 13%/3.19
[it  1770/4000           ppo] rew -0.0227 vl    5.356 ent -1.565 kl 0.0059 spd 0.283 jmp 0.092 lo 0.2 4575s | window: 38%/0.85 ralow: 10%/1.98 lifts: 14%/0.83 quad:  8%/2.18 ring: 16%/2.35 sngspa: 11%/1.38 sngspa: 11%/1.23 tunnel: 13%/2.73
[it  1780/4000           ppo] rew -0.0205 vl    5.352 ent -1.544 kl 0.0046 spd 0.299 jmp 0.094 lo 0.19 4601s | window: 41%/0.76 ralow: 10%/1.30 lifts: 13%/0.96 quad: 10%/2.31 ring: 15%/2.80 sngspa: 13%/1.19 sngspa: 10%/1.25 tunnel: 14%/2.31
[it  1790/4000           ppo] rew -0.0203 vl    5.500 ent -1.547 kl 0.0051 spd 0.298 jmp 0.090 lo 0.19 4627s | window: 45%/0.90 ralow: 10%/1.57 lifts: 20%/1.02 quad:  9%/1.90 ring: 17%/2.14 sngspa: 11%/1.20 sngspa: 13%/1.04 tunnel: 14%/2.24
[it  1800/4000           ppo] rew -0.0221 vl    5.161 ent -1.550 kl 0.0064 spd 0.297 jmp 0.094 lo 0.19 4652s | window: 38%/0.91 ralow:  9%/1.88 lifts: 18%/0.94 quad:  7%/2.58 ring: 14%/2.32 sngspa: 16%/1.19 sngspa: 14%/1.06 tunnel: 14%/3.08
[it  1810/4000           ppo] rew -0.0206 vl    5.834 ent -1.555 kl 0.0067 spd 0.297 jmp 0.093 lo 0.18 4678s | window: 42%/0.90 ralow: 11%/1.60 lifts: 18%/0.92 quad:  8%/2.40 ring: 14%/2.11 sngspa: 13%/1.37 sngspa: 11%/1.15 tunnel: 11%/2.62
[it  1820/4000           ppo] rew -0.0222 vl    5.110 ent -1.559 kl 0.0052 spd 0.303 jmp 0.091 lo 0.18 4704s | window: 42%/0.91 ralow:  9%/2.24 lifts: 18%/0.97 quad: 10%/1.82 ring: 12%/2.88 sngspa: 11%/1.27 sngspa: 12%/1.20 tunnel: 14%/2.61
[it  1830/4000           ppo] rew -0.0227 vl    5.046 ent -1.558 kl 0.0057 spd 0.297 jmp 0.095 lo 0.18 4729s | window: 40%/0.90 ralow: 13%/1.88 lifts: 13%/1.20 quad:  8%/1.80 ring: 13%/2.06 sngspa: 12%/1.30 sngspa: 11%/1.18 tunnel: 15%/2.73
[it  1840/4000           ppo] rew -0.0204 vl    5.457 ent -1.552 kl 0.0055 spd 0.296 jmp 0.099 lo 0.18 4755s | window: 43%/0.84 ralow:  6%/1.59 lifts: 12%/1.08 quad:  8%/1.99 ring:  8%/2.01 sngspa: 10%/1.27 sngspa:  9%/1.11 tunnel: 14%/2.84
[it  1850/4000           ppo] rew -0.0186 vl    6.662 ent -1.569 kl 0.0053 spd 0.304 jmp 0.091 lo 0.17 4781s | window: 47%/0.92 ralow:  9%/1.86 lifts: 15%/1.01 quad:  8%/1.90 ring: 14%/2.09 sngspa:  9%/1.20 sngspa:  9%/1.45 tunnel: 13%/3.22
[it  1860/4000           ppo] rew -0.0209 vl    5.214 ent -1.578 kl 0.0057 spd 0.302 jmp 0.089 lo 0.17 4806s | window: 42%/0.94 ralow: 14%/1.74 lifts: 11%/1.04 quad: 12%/2.21 ring: 13%/1.88 sngspa:  9%/1.13 sngspa:  7%/1.39 tunnel: 14%/2.63
[it  1870/4000           ppo] rew -0.0208 vl    5.316 ent -1.576 kl 0.0047 spd 0.313 jmp 0.091 lo 0.17 4832s | window: 41%/0.87 ralow:  9%/1.79 lifts: 14%/0.87 quad:  9%/1.76 ring: 11%/2.48 sngspa: 10%/1.05 sngspa:  9%/1.11 tunnel: 17%/3.32
[it  1880/4000           ppo] rew -0.0226 vl    5.201 ent -1.583 kl 0.0043 spd 0.297 jmp 0.091 lo 0.16 4858s | window: 33%/0.87 ralow: 10%/1.39 lifts: 14%/1.08 quad:  9%/1.89 ring: 10%/3.26 sngspa:  9%/1.32 sngspa:  8%/1.52 tunnel: 11%/2.87
[it  1890/4000           ppo] rew -0.0200 vl    5.436 ent -1.578 kl 0.0049 spd 0.315 jmp 0.091 lo 0.16 4884s | window: 36%/0.77 ralow:  8%/1.92 lifts: 17%/0.64 quad: 10%/2.27 ring: 11%/2.56 sngspa: 11%/1.39 sngspa: 10%/1.13 tunnel: 12%/2.28
[it  1900/4000           ppo] rew -0.0204 vl    5.486 ent -1.585 kl 0.0058 spd 0.306 jmp 0.088 lo 0.16 4910s | window: 43%/0.92 ralow: 12%/1.61 lifts: 16%/0.97 quad:  9%/2.04 ring: 13%/2.45 sngspa:  9%/1.18 sngspa: 10%/1.20 tunnel: 12%/2.07
[it  1910/4000           ppo] rew -0.0208 vl    5.580 ent -1.597 kl 0.0049 spd 0.308 jmp 0.079 lo 0.15 4935s | window: 43%/0.83 ralow: 10%/2.13 lifts: 13%/1.09 quad:  9%/2.30 ring: 17%/2.61 sngspa: 11%/1.04 sngspa: 10%/1.25 tunnel: 10%/2.52
[it  1920/4000           ppo] rew -0.0210 vl    5.410 ent -1.580 kl 0.0046 spd 0.304 jmp 0.088 lo 0.15 4961s | window: 36%/0.87 ralow:  9%/1.68 lifts: 14%/0.94 quad: 10%/2.27 ring: 15%/2.55 sngspa: 10%/1.23 sngspa:  8%/0.94 tunnel:  9%/2.81
[it  1930/4000           ppo] rew -0.0209 vl    5.128 ent -1.595 kl 0.0051 spd 0.309 jmp 0.085 lo 0.15 4986s | window: 40%/0.88 ralow:  8%/1.47 lifts: 14%/0.87 quad:  7%/2.10 ring: 20%/2.40 sngspa: 11%/1.36 sngspa: 12%/0.97 tunnel: 14%/2.21
[it  1940/4000           ppo] rew -0.0219 vl    5.148 ent -1.617 kl 0.0049 spd 0.300 jmp 0.081 lo 0.14 5012s | window: 37%/0.97 ralow: 10%/1.36 lifts: 15%/0.85 quad:  9%/2.03 ring: 15%/2.17 sngspa: 12%/1.09 sngspa: 11%/1.23 tunnel: 14%/3.09
[it  1950/4000           ppo] rew -0.0208 vl    5.285 ent -1.613 kl 0.0042 spd 0.305 jmp 0.083 lo 0.14 5038s | window: 33%/0.94 ralow:  7%/1.51 lifts:  9%/0.92 quad:  9%/2.02 ring: 11%/1.68 sngspa:  9%/1.23 sngspa:  8%/1.26 tunnel: 16%/2.91
[it  1960/4000           ppo] rew -0.0199 vl    6.211 ent -1.610 kl 0.0059 spd 0.298 jmp 0.081 lo 0.14 5064s | window: 39%/0.93 ralow:  8%/1.43 lifts: 11%/1.33 quad:  8%/2.41 ring: 11%/2.44 sngspa: 11%/1.02 sngspa: 11%/0.98 tunnel: 16%/3.33
[it  1970/4000           ppo] rew -0.0210 vl    5.361 ent -1.585 kl 0.0046 spd 0.307 jmp 0.093 lo 0.13 5089s | window: 39%/0.95 ralow: 11%/1.58 lifts: 11%/1.08 quad:  7%/2.04 ring:  8%/1.93 sngspa: 10%/1.53 sngspa:  7%/1.21 tunnel: 12%/2.70
[it  1980/4000           ppo] rew -0.0211 vl    5.251 ent -1.586 kl 0.0060 spd 0.311 jmp 0.092 lo 0.13 5114s | window: 37%/0.95 ralow:  7%/1.60 lifts: 13%/0.95 quad:  8%/1.65 ring: 11%/2.19 sngspa: 11%/1.16 sngspa: 10%/1.18 tunnel:  8%/2.72
[it  1990/4000           ppo] rew -0.0201 vl    5.320 ent -1.579 kl 0.0044 spd 0.306 jmp 0.092 lo 0.13 5140s | window: 41%/0.98 ralow: 10%/1.36 lifts: 16%/0.80 quad: 10%/1.86 ring: 11%/2.65 sngspa:  9%/1.18 sngspa:  9%/1.11 tunnel: 14%/2.81
[it  2000/4000           ppo] rew -0.0202 vl    5.227 ent -1.585 kl 0.0044 spd 0.311 jmp 0.091 lo 0.13 5166s | window: 41%/0.99 ralow:  9%/1.81 lifts: 16%/0.98 quad:  8%/2.15 ring: 15%/2.66 sngspa:  9%/1.18 sngspa:  9%/1.22 tunnel: 16%/3.46
[it  2010/4000           ppo] rew -0.0209 vl    5.045 ent -1.604 kl 0.0052 spd 0.308 jmp 0.083 lo 0.12 5192s | window: 38%/0.98 ralow: 10%/1.50 lifts: 16%/0.87 quad: 10%/2.81 ring: 15%/3.11 sngspa: 13%/0.92 sngspa: 11%/1.02 tunnel: 14%/2.31
[it  2020/4000           ppo] rew -0.0204 vl    5.269 ent -1.615 kl 0.0071 spd 0.313 jmp 0.081 lo 0.12 5218s | window: 37%/1.07 ralow:  8%/1.68 lifts: 13%/0.81 quad:  9%/2.11 ring: 12%/2.83 sngspa: 12%/0.99 sngspa: 10%/1.04 tunnel: 14%/3.25
[it  2030/4000           ppo] rew -0.0215 vl    4.990 ent -1.631 kl 0.0060 spd 0.309 jmp 0.074 lo 0.12 5243s | window: 35%/1.11 ralow:  8%/1.79 lifts: 10%/0.85 quad:  9%/1.92 ring: 13%/2.77 sngspa: 10%/1.18 sngspa: 11%/1.10 tunnel: 15%/3.75
[it  2040/4000           ppo] rew -0.0205 vl    5.354 ent -1.636 kl 0.0046 spd 0.314 jmp 0.070 lo 0.11 5269s | window: 35%/1.08 ralow:  9%/2.01 lifts: 14%/0.69 quad: 11%/2.46 ring: 17%/3.46 sngspa: 12%/1.25 sngspa: 11%/1.05 tunnel: 15%/3.77
[it  2050/4000           ppo] rew -0.0211 vl    5.077 ent -1.642 kl 0.0050 spd 0.303 jmp 0.068 lo 0.11 5295s | window: 36%/0.98 ralow:  8%/1.93 lifts: 15%/0.95 quad: 10%/1.93 ring: 19%/2.76 sngspa:  9%/1.39 sngspa: 13%/1.36 tunnel: 16%/4.23
[it  2060/4000           ppo] rew -0.0207 vl    5.190 ent -1.638 kl 0.0062 spd 0.311 jmp 0.070 lo 0.11 5321s | window: 36%/1.00 ralow:  8%/1.65 lifts:  8%/0.87 quad: 13%/3.00 ring: 14%/2.65 sngspa:  9%/1.09 sngspa: 11%/1.22 tunnel: 15%/3.60
[it  2070/4000           ppo] rew -0.0188 vl    6.326 ent -1.637 kl 0.0055 spd 0.309 jmp 0.064 lo 0.1 5346s | window: 39%/1.06 ralow:  5%/1.99 lifts: 11%/0.88 quad:  9%/1.99 ring:  8%/2.25 sngspa: 12%/1.01 sngspa: 12%/0.90 tunnel: 12%/3.63
[it  2080/4000           ppo] rew -0.0210 vl    4.763 ent -1.632 kl 0.0042 spd 0.314 jmp 0.070 lo 0.1 5372s | window: 39%/1.06 ralow:  8%/1.61 lifts:  8%/0.81 quad:  7%/1.96 ring: 10%/1.82 sngspa:  9%/1.04 sngspa:  9%/1.34 tunnel: 11%/3.44
[it  2090/4000           ppo] rew -0.0216 vl    4.650 ent -1.640 kl 0.0042 spd 0.317 jmp 0.066 lo 0.1 5398s | window: 38%/0.97 ralow:  6%/1.61 lifts:  9%/0.82 quad:  8%/1.37 ring:  8%/2.82 sngspa:  8%/1.23 sngspa:  6%/1.25 tunnel: 10%/3.37
[it  2100/4000           ppo] rew -0.0214 vl    5.081 ent -1.645 kl 0.0057 spd 0.309 jmp 0.067 lo 0.09 5424s | window: 33%/1.04 ralow:  6%/1.54 lifts:  9%/0.94 quad:  4%/1.41 ring:  7%/2.36 sngspa:  6%/1.27 sngspa:  7%/1.11 tunnel: 14%/2.51
[it  2110/4000           ppo] rew -0.0214 vl    4.718 ent -1.647 kl 0.0052 spd 0.316 jmp 0.070 lo 0.09 5450s | window: 36%/1.08 ralow:  4%/1.29 lifts: 11%/1.13 quad:  7%/2.83 ring:  6%/1.78 sngspa:  7%/1.20 sngspa:  6%/1.37 tunnel: 12%/2.93
[it  2120/4000           ppo] rew -0.0205 vl    4.896 ent -1.662 kl 0.0048 spd 0.305 jmp 0.066 lo 0.09 5476s | window: 34%/0.99 ralow:  7%/1.36 lifts: 16%/0.70 quad:  7%/1.83 ring:  9%/1.72 sngspa:  8%/1.25 sngspa: 10%/1.13 tunnel: 12%/3.39
[it  2130/4000           ppo] rew -0.0206 vl    4.987 ent -1.657 kl 0.0044 spd 0.317 jmp 0.064 lo 0.08 5501s | window: 34%/1.01 ralow:  7%/1.58 lifts: 11%/0.71 quad:  8%/1.79 ring: 11%/2.45 sngspa:  8%/1.06 sngspa:  9%/1.04 tunnel: 13%/3.19
[it  2140/4000           ppo] rew -0.0204 vl    5.009 ent -1.655 kl 0.0051 spd 0.309 jmp 0.068 lo 0.08 5528s | window: 36%/0.92 ralow:  9%/1.40 lifts: 12%/1.08 quad:  9%/1.67 ring:  9%/3.15 sngspa:  9%/1.08 sngspa: 10%/1.11 tunnel: 13%/3.84
[it  2150/4000           ppo] rew -0.0208 vl    5.144 ent -1.652 kl 0.0042 spd 0.306 jmp 0.069 lo 0.08 5553s | window: 39%/0.96 ralow:  6%/2.17 lifts: 11%/1.08 quad:  8%/2.53 ring: 14%/2.95 sngspa:  9%/1.08 sngspa:  8%/1.32 tunnel: 13%/2.88
[it  2160/4000           ppo] rew -0.0206 vl    5.318 ent -1.651 kl 0.0037 spd 0.307 jmp 0.070 lo 0.08 5579s | window: 32%/1.05 ralow:  7%/1.96 lifts: 12%/0.88 quad:  8%/2.88 ring: 12%/2.34 sngspa:  8%/1.05 sngspa:  6%/1.11 tunnel: 10%/4.12
[it  2170/4000           ppo] rew -0.0211 vl    5.211 ent -1.643 kl 0.0049 spd 0.303 jmp 0.072 lo 0.07 5605s | window: 32%/0.88 ralow:  5%/1.34 lifts: 11%/0.76 quad:  8%/2.65 ring: 12%/2.65 sngspa:  8%/1.39 sngspa:  9%/1.11 tunnel: 10%/3.91
[it  2180/4000           ppo] rew -0.0191 vl    5.967 ent -1.640 kl 0.0048 spd 0.317 jmp 0.075 lo 0.07 5631s | window: 34%/1.01 ralow:  6%/1.37 lifts: 16%/1.08 quad: 10%/2.18 ring: 13%/2.45 sngspa:  8%/0.85 sngspa:  8%/1.18 tunnel: 12%/2.98
[it  2190/4000           ppo] rew -0.0206 vl    5.390 ent -1.650 kl 0.0049 spd 0.304 jmp 0.070 lo 0.07 5657s | window: 33%/1.01 ralow:  9%/1.55 lifts: 12%/1.13 quad:  7%/2.23 ring: 13%/3.79 sngspa: 10%/1.02 sngspa:  8%/0.88 tunnel: 11%/3.72
[it  2200/4000           ppo] rew -0.0201 vl    5.200 ent -1.643 kl 0.0051 spd 0.322 jmp 0.067 lo 0.06 5683s | window: 30%/0.95 ralow:  9%/1.68 lifts: 10%/1.04 quad:  8%/2.59 ring: 16%/3.26 sngspa:  8%/1.38 sngspa: 10%/1.19 tunnel: 14%/3.46
[it  2210/4000           ppo] rew -0.0218 vl    4.913 ent -1.644 kl 0.0045 spd 0.309 jmp 0.071 lo 0.06 5709s | window: 32%/0.92 ralow:  7%/1.67 lifts: 12%/0.88 quad: 10%/2.56 ring: 16%/3.72 sngspa:  5%/1.13 sngspa:  8%/1.02 tunnel: 16%/3.58
[it  2220/4000           ppo] rew -0.0205 vl    4.889 ent -1.650 kl 0.0054 spd 0.329 jmp 0.073 lo 0.06 5734s | window: 33%/1.05 ralow:  7%/1.78 lifts: 12%/1.18 quad:  6%/1.85 ring: 16%/3.49 sngspa: 11%/1.02 sngspa: 12%/1.16 tunnel: 10%/3.15
[it  2230/4000           ppo] rew -0.0209 vl    4.958 ent -1.661 kl 0.0041 spd 0.317 jmp 0.067 lo 0.05 5760s | window: 29%/1.04 ralow:  7%/1.74 lifts: 10%/0.88 quad:  5%/2.42 ring: 10%/2.11 sngspa:  6%/1.19 sngspa:  7%/0.97 tunnel: 14%/3.20
[it  2240/4000           ppo] rew -0.0208 vl    4.860 ent -1.676 kl 0.0046 spd 0.326 jmp 0.061 lo 0.05 5786s | window: 35%/0.99 ralow:  6%/1.57 lifts:  8%/1.02 quad:  5%/1.83 ring: 10%/2.37 sngspa:  5%/0.88 sngspa:  6%/1.35 tunnel: 11%/2.74
[it  2250/4000           ppo] rew -0.0220 vl    4.669 ent -1.676 kl 0.0041 spd 0.304 jmp 0.062 lo 0.05 5812s | window: 38%/1.04 ralow:  7%/1.51 lifts: 12%/0.93 quad:  8%/2.03 ring: 14%/2.91 sngspa:  9%/0.91 sngspa:  8%/1.30 tunnel: 12%/3.46
[it  2260/4000           ppo] rew -0.0205 vl    5.034 ent -1.653 kl 0.0041 spd 0.323 jmp 0.066 lo 0.04 5838s | window: 29%/1.13 ralow:  5%/1.78 lifts:  9%/1.05 quad:  6%/2.11 ring: 14%/2.71 sngspa:  6%/1.48 sngspa:  6%/1.14 tunnel: 13%/3.91
[it  2270/4000           ppo] rew -0.0217 vl    4.739 ent -1.669 kl 0.0052 spd 0.309 jmp 0.061 lo 0.04 5864s | window: 30%/1.06 ralow:  7%/1.56 lifts: 13%/1.02 quad:  6%/1.89 ring: 10%/2.65 sngspa:  9%/1.15 sngspa:  8%/0.97 tunnel: 14%/2.96
[it  2280/4000           ppo] rew -0.0216 vl    4.743 ent -1.667 kl 0.0049 spd 0.312 jmp 0.061 lo 0.04 5890s | window: 26%/1.15 ralow:  5%/1.62 lifts: 13%/1.05 quad:  8%/1.76 ring:  9%/2.01 sngspa:  6%/1.57 sngspa:  7%/0.97 tunnel: 11%/3.09
[it  2290/4000           ppo] rew -0.0183 vl    5.288 ent -1.664 kl 0.0048 spd 0.333 jmp 0.059 lo 0.03 5915s | window: 30%/1.22 ralow:  6%/1.64 lifts: 11%/1.11 quad:  9%/2.95 ring: 12%/2.84 sngspa:  7%/1.23 sngspa:  6%/1.02 tunnel: 12%/3.22
[it  2300/4000           ppo] rew -0.0204 vl    4.800 ent -1.667 kl 0.0043 spd 0.329 jmp 0.059 lo 0.03 5942s | window: 30%/1.12 ralow:  7%/1.25 lifts: 13%/1.06 quad: 10%/2.51 ring: 10%/3.15 sngspa:  8%/1.29 sngspa:  8%/1.34 tunnel: 13%/3.06
[it  2310/4000           ppo] rew -0.0202 vl    4.774 ent -1.662 kl 0.0043 spd 0.337 jmp 0.062 lo 0.03 5967s | window: 37%/0.94 ralow:  7%/1.83 lifts: 13%/1.16 quad:  7%/2.13 ring: 15%/3.16 sngspa:  9%/1.24 sngspa:  7%/1.21 tunnel: 11%/4.35
[it  2320/4000           ppo] rew -0.0205 vl    4.579 ent -1.663 kl 0.0065 spd 0.334 jmp 0.062 lo 0.03 5994s | window: 35%/0.97 ralow:  9%/1.85 lifts: 11%/1.05 quad:  6%/1.64 ring: 13%/2.08 sngspa:  8%/0.86 sngspa:  7%/0.90 tunnel: 11%/3.28
[it  2330/4000           ppo] rew -0.0206 vl    4.616 ent -1.666 kl 0.0040 spd 0.338 jmp 0.062 lo 0.02 6019s | window: 32%/1.19 ralow:  5%/2.81 lifts:  7%/1.15 quad:  9%/1.95 ring: 17%/3.42 sngspa:  6%/1.13 sngspa:  7%/1.06 tunnel: 10%/4.17
[it  2340/4000           ppo] rew -0.0213 vl    4.787 ent -1.673 kl 0.0046 spd 0.316 jmp 0.059 lo 0.02 6045s | window: 25%/1.02 ralow:  7%/1.60 lifts:  8%/1.02 quad:  8%/1.92 ring: 12%/3.22 sngspa:  8%/1.02 sngspa:  7%/0.84 tunnel: 14%/4.73
[it  2350/4000           ppo] rew -0.0209 vl    4.641 ent -1.672 kl 0.0038 spd 0.332 jmp 0.059 lo 0.02 6070s | window: 26%/1.02 ralow:  6%/1.88 lifts:  8%/0.97 quad:  7%/2.16 ring: 11%/2.97 sngspa:  7%/0.86 sngspa:  6%/1.12 tunnel: 14%/3.81
[it  2360/4000           ppo] rew -0.0207 vl    5.015 ent -1.680 kl 0.0043 spd 0.312 jmp 0.061 lo 0.01 6096s | window: 25%/1.02 ralow:  6%/1.44 lifts: 11%/0.91 quad:  7%/2.28 ring: 11%/2.38 sngspa:  6%/1.06 sngspa:  9%/1.23 tunnel: 12%/3.63
[it  2370/4000           ppo] rew -0.0210 vl    4.986 ent -1.680 kl 0.0065 spd 0.315 jmp 0.058 lo 0.01 6122s | window: 30%/1.03 ralow:  5%/1.86 lifts: 14%/1.08 quad:  5%/1.90 ring:  9%/2.07 sngspa:  7%/1.30 sngspa:  8%/1.05 tunnel: 11%/3.58
[it  2380/4000           ppo] rew -0.0209 vl    4.678 ent -1.685 kl 0.0040 spd 0.321 jmp 0.058 lo 0.01 6148s | window: 36%/0.94 ralow:  7%/1.36 lifts: 14%/1.02 quad:  5%/1.66 ring:  9%/2.35 sngspa:  8%/0.95 sngspa:  8%/0.91 tunnel: 12%/3.51
[it  2390/4000           ppo] rew -0.0197 vl    4.683 ent -1.685 kl 0.0044 spd 0.331 jmp 0.061 lo 0.0 6174s | window: 34%/0.92 ralow:  6%/2.67 lifts:  8%/0.95 quad:  9%/2.52 ring: 13%/3.08 sngspa:  6%/1.09 sngspa:  7%/1.11 tunnel: 14%/3.33
[it  2400/4000           ppo] rew -0.0199 vl    4.854 ent -1.680 kl 0.0049 spd 0.337 jmp 0.059 lo 0.0 6200s | window: 29%/1.06 ralow:  7%/2.45 lifts: 11%/1.02 quad:  7%/2.70 ring: 16%/5.36 sngspa:  5%/1.02 sngspa:  5%/1.33 tunnel: 15%/4.33
[it  2410/4000           ppo] rew -0.0197 vl    4.933 ent -1.687 kl 0.0038 spd 0.332 jmp 0.053 lo 0.0 6226s | window: 24%/0.94 ralow:  8%/1.79 lifts: 10%/1.02 quad:  8%/3.03 ring: 15%/3.23 sngspa:  9%/1.48 sngspa:  5%/1.11 tunnel: 18%/4.77
[it  2420/4000           ppo] rew -0.0208 vl    4.725 ent -1.681 kl 0.0040 spd 0.341 jmp 0.060 lo 0.0 6252s | window: 24%/0.99 ralow:  6%/2.49 lifts:  9%/1.02 quad:  7%/2.62 ring: 12%/3.35 sngspa:  4%/0.98 sngspa:  6%/0.97 tunnel: 18%/5.21
[it  2430/4000           ppo] rew -0.0202 vl    4.866 ent -1.679 kl 0.0046 spd 0.334 jmp 0.059 lo 0.0 6278s | window: 23%/1.09 ralow:  8%/2.04 lifts:  8%/1.25 quad:  7%/3.44 ring: 18%/5.38 sngspa:  6%/0.94 sngspa:  5%/1.41 tunnel: 16%/3.71
[it  2440/4000           ppo] rew -0.0200 vl    4.656 ent -1.687 kl 0.0040 spd 0.338 jmp 0.058 lo 0.0 6304s | window: 29%/1.05 ralow:  5%/1.71 lifts:  8%/1.51 quad:  8%/2.81 ring: 17%/3.53 sngspa:  6%/1.12 sngspa:  5%/1.08 tunnel: 13%/3.42
[it  2450/4000           ppo] rew -0.0204 vl    4.815 ent -1.701 kl 0.0045 spd 0.322 jmp 0.057 lo 0.0 6330s | window: 29%/0.99 ralow:  9%/1.85 lifts:  7%/0.95 quad:  8%/2.34 ring: 16%/4.03 sngspa:  8%/1.48 sngspa:  7%/1.25 tunnel: 12%/3.70
[it  2460/4000           ppo] rew -0.0208 vl    4.621 ent -1.699 kl 0.0042 spd 0.341 jmp 0.056 lo 0.0 6356s | window: 23%/0.97 ralow:  6%/1.65 lifts:  7%/0.99 quad: 11%/2.10 ring: 14%/4.07 sngspa:  6%/1.30 sngspa:  6%/1.35 tunnel: 10%/4.52
[it  2470/4000           ppo] rew -0.0208 vl    4.713 ent -1.706 kl 0.0037 spd 0.321 jmp 0.059 lo 0.0 6382s | window: 24%/0.95 ralow:  9%/1.47 lifts:  6%/0.99 quad:  9%/2.03 ring: 15%/3.55 sngspa:  8%/1.39 sngspa: 10%/1.26 tunnel: 13%/5.14
[it  2480/4000           ppo] rew -0.0205 vl    4.893 ent -1.704 kl 0.0037 spd 0.331 jmp 0.059 lo 0.0 6407s | window: 29%/0.91 ralow:  5%/1.81 lifts:  5%/0.92 quad:  7%/3.04 ring: 13%/3.60 sngspa:  7%/1.30 sngspa:  9%/1.25 tunnel: 10%/3.88
[it  2490/4000           ppo] rew -0.0215 vl    4.516 ent -1.716 kl 0.0064 spd 0.316 jmp 0.054 lo 0.0 6433s | window: 22%/0.94 ralow:  9%/1.49 lifts:  4%/0.90 quad:  8%/2.64 ring: 15%/3.00 sngspa: 11%/1.06 sngspa:  6%/1.16 tunnel: 12%/4.14
[it  2500/4000           ppo] rew -0.0205 vl    4.594 ent -1.711 kl 0.0040 spd 0.335 jmp 0.055 lo 0.0 6459s | window: 26%/1.06 ralow:  6%/1.51 lifts:  7%/0.86 quad:  6%/1.92 ring: 12%/3.39 sngspa:  4%/1.29 sngspa:  7%/1.37 tunnel: 12%/3.96
[it  2510/4000           ppo] rew -0.0197 vl    4.758 ent -1.714 kl 0.0041 spd 0.341 jmp 0.053 lo 0.0 6485s | window: 25%/1.08 ralow:  5%/1.60 lifts: 13%/1.18 quad:  5%/2.65 ring: 15%/2.78 sngspa:  8%/1.25 sngspa:  9%/1.18 tunnel: 12%/3.42
[it  2520/4000           ppo] rew -0.0209 vl    4.420 ent -1.718 kl 0.0052 spd 0.340 jmp 0.056 lo 0.0 6511s | window: 24%/0.99 ralow:  6%/2.12 lifts:  8%/1.03 quad:  4%/2.13 ring: 14%/2.53 sngspa:  8%/1.09 sngspa:  8%/1.26 tunnel: 11%/3.17
[it  2530/4000           ppo] rew -0.0204 vl    4.505 ent -1.707 kl 0.0048 spd 0.341 jmp 0.057 lo 0.0 6537s | window: 28%/0.97 ralow:  6%/1.97 lifts: 10%/1.13 quad:  8%/3.07 ring: 16%/3.74 sngspa:  6%/1.41 sngspa:  6%/1.33 tunnel: 13%/3.35
[it  2540/4000           ppo] rew -0.0187 vl    5.468 ent -1.708 kl 0.0047 spd 0.342 jmp 0.058 lo 0.0 6562s | window: 29%/1.05 ralow:  9%/1.87 lifts:  7%/1.09 quad:  9%/2.77 ring: 13%/2.49 sngspa:  8%/1.02 sngspa:  5%/1.44 tunnel: 14%/3.88
[it  2550/4000           ppo] rew -0.0193 vl    4.566 ent -1.700 kl 0.0050 spd 0.354 jmp 0.058 lo 0.0 6588s | window: 35%/0.97 ralow:  7%/1.51 lifts:  7%/1.47 quad:  7%/1.85 ring: 12%/3.68 sngspa:  7%/1.46 sngspa:  6%/1.27 tunnel: 15%/4.42
[it  2560/4000           ppo] rew -0.0206 vl    4.796 ent -1.716 kl 0.0048 spd 0.335 jmp 0.057 lo 0.0 6614s | window: 29%/1.01 ralow:  9%/1.55 lifts:  7%/1.17 quad:  8%/2.11 ring: 15%/3.21 sngspa:  7%/1.61 sngspa:  6%/1.57 tunnel: 16%/3.96
[it  2570/4000           ppo] rew -0.0204 vl    4.648 ent -1.711 kl 0.0042 spd 0.340 jmp 0.059 lo 0.0 6640s | window: 26%/1.02 ralow:  6%/1.44 lifts:  5%/0.97 quad:  8%/2.60 ring: 16%/3.16 sngspa:  6%/1.19 sngspa:  7%/1.36 tunnel: 14%/2.67
[it  2580/4000           ppo] rew -0.0205 vl    4.571 ent -1.718 kl 0.0038 spd 0.333 jmp 0.058 lo 0.0 6666s | window: 32%/1.06 ralow:  9%/1.40 lifts:  6%/1.02 quad:  9%/2.31 ring: 11%/2.14 sngspa:  5%/1.11 sngspa:  9%/1.26 tunnel: 11%/3.86
[it  2590/4000           ppo] rew -0.0213 vl    5.001 ent -1.715 kl 0.0041 spd 0.328 jmp 0.058 lo 0.0 6691s | window: 28%/1.01 ralow:  7%/1.68 lifts:  6%/1.14 quad:  8%/1.77 ring: 16%/2.60 sngspa:  7%/1.37 sngspa:  8%/1.01 tunnel: 12%/4.26
[it  2600/4000           ppo] rew -0.0207 vl    4.725 ent -1.717 kl 0.0036 spd 0.340 jmp 0.060 lo 0.0 6712s | window: 27%/1.09 ralow:  8%/2.39 lifts:  9%/1.37 quad:  9%/2.02 ring: 11%/2.39 sngspa:  6%/1.36 sngspa:  5%/1.31 tunnel: 13%/3.61
[it  2610/4000           ppo] rew -0.0205 vl    4.756 ent -1.715 kl 0.0056 spd 0.338 jmp 0.063 lo 0.0 6730s | window: 29%/1.08 ralow:  7%/2.37 lifts:  7%/0.90 quad:  8%/2.69 ring: 15%/3.22 sngspa:  9%/1.04 sngspa: 10%/1.12 tunnel: 10%/4.72
[it  2620/4000           ppo] rew -0.0189 vl    5.100 ent -1.708 kl 0.0037 spd 0.352 jmp 0.064 lo 0.0 6747s | window: 34%/1.11 ralow:  4%/1.92 lifts: 10%/1.06 quad:  8%/2.16 ring: 13%/3.42 sngspa: 10%/1.20 sngspa:  9%/1.31 tunnel: 11%/3.05
[it  2630/4000           ppo] rew -0.0210 vl    4.766 ent -1.720 kl 0.0043 spd 0.332 jmp 0.062 lo 0.0 6764s | window: 33%/1.16 ralow:  6%/1.60 lifts:  7%/1.02 quad:  6%/1.44 ring: 11%/2.41 sngspa:  8%/1.36 sngspa:  8%/1.46 tunnel:  9%/2.39
[it  2640/4000           ppo] rew -0.0190 vl    4.938 ent -1.727 kl 0.0041 spd 0.354 jmp 0.062 lo 0.0 6781s | window: 29%/1.13 ralow:  6%/1.65 lifts:  9%/1.01 quad:  6%/2.09 ring: 12%/2.73 sngspa:  8%/1.47 sngspa:  7%/1.36 tunnel:  9%/2.60
[it  2650/4000           ppo] rew -0.0209 vl    4.623 ent -1.726 kl 0.0044 spd 0.340 jmp 0.061 lo 0.0 6799s | window: 33%/0.97 ralow:  7%/2.18 lifts:  8%/0.94 quad:  6%/2.06 ring: 13%/2.70 sngspa:  8%/0.92 sngspa:  8%/1.34 tunnel: 12%/3.89
[it  2660/4000           ppo] rew -0.0200 vl    4.788 ent -1.718 kl 0.0041 spd 0.352 jmp 0.066 lo 0.0 6816s | window: 31%/0.94 ralow:  7%/1.85 lifts:  5%/1.36 quad:  6%/2.85 ring: 14%/2.94 sngspa:  8%/1.43 sngspa:  8%/1.54 tunnel: 10%/3.23
[it  2670/4000           ppo] rew -0.0209 vl    4.582 ent -1.724 kl 0.0043 spd 0.339 jmp 0.066 lo 0.0 6833s | window: 27%/0.98 ralow:  7%/1.60 lifts:  7%/1.47 quad:  6%/2.42 ring: 12%/3.39 sngspa:  6%/1.30 sngspa:  8%/1.03 tunnel: 12%/3.44
[it  2680/4000           ppo] rew -0.0185 vl    5.239 ent -1.725 kl 0.0040 spd 0.351 jmp 0.065 lo 0.0 6850s | window: 28%/1.11 ralow:  7%/2.30 lifts:  8%/1.12 quad:  7%/2.30 ring: 15%/4.26 sngspa:  7%/1.40 sngspa:  7%/1.69 tunnel: 14%/3.02
[it  2690/4000           ppo] rew -0.0206 vl    4.846 ent -1.731 kl 0.0037 spd 0.339 jmp 0.061 lo 0.0 6868s | window: 30%/1.13 ralow: 11%/1.66 lifts:  8%/1.16 quad: 10%/2.49 ring: 15%/4.16 sngspa:  6%/1.67 sngspa:  8%/1.23 tunnel: 14%/4.38
[it  2700/4000           ppo] rew -0.0196 vl    5.040 ent -1.726 kl 0.0039 spd 0.353 jmp 0.056 lo 0.0 6885s | window: 31%/1.08 ralow:  9%/2.07 lifts:  7%/0.90 quad:  9%/2.70 ring: 18%/3.72 sngspa:  7%/1.36 sngspa:  6%/1.47 tunnel: 17%/4.40
[it  2710/4000           ppo] rew -0.0202 vl    4.721 ent -1.727 kl 0.0038 spd 0.354 jmp 0.054 lo 0.0 6902s | window: 32%/1.02 ralow:  9%/2.95 lifts:  8%/0.98 quad: 14%/2.52 ring: 19%/5.17 sngspa:  5%/1.43 sngspa:  9%/1.02 tunnel: 16%/4.86
[it  2720/4000           ppo] rew -0.0188 vl    5.107 ent -1.730 kl 0.0040 spd 0.357 jmp 0.053 lo 0.0 6920s | window: 36%/1.08 ralow:  8%/3.23 lifts:  9%/1.07 quad: 11%/3.25 ring: 20%/4.51 sngspa:  7%/1.20 sngspa:  7%/1.08 tunnel: 18%/4.77
[it  2730/4000           ppo] rew -0.0189 vl    4.707 ent -1.730 kl 0.0037 spd 0.364 jmp 0.054 lo 0.0 6937s | window: 35%/1.06 ralow:  6%/2.94 lifts:  7%/1.06 quad: 11%/2.62 ring: 19%/4.63 sngspa:  9%/1.39 sngspa:  8%/1.41 tunnel: 17%/4.90
[it  2740/4000           ppo] rew -0.0191 vl    5.405 ent -1.736 kl 0.0042 spd 0.345 jmp 0.055 lo 0.0 6954s | window: 30%/1.25 ralow: 10%/2.37 lifts: 11%/1.28 quad:  9%/2.65 ring: 19%/6.89 sngspa:  7%/1.48 sngspa:  7%/1.81 tunnel: 18%/5.42
[it  2750/4000           ppo] rew -0.0184 vl    5.127 ent -1.732 kl 0.0041 spd 0.370 jmp 0.056 lo 0.0 6972s | window: 36%/1.29 ralow:  8%/2.31 lifts: 11%/1.02 quad:  9%/2.91 ring: 22%/6.90 sngspa:  8%/1.36 sngspa:  7%/1.33 tunnel: 14%/5.85
[it  2760/4000           ppo] rew -0.0186 vl    5.356 ent -1.735 kl 0.0046 spd 0.351 jmp 0.055 lo 0.0 6989s | window: 35%/1.30 ralow: 11%/1.95 lifts: 11%/0.83 quad:  9%/2.48 ring: 23%/5.44 sngspa:  9%/1.42 sngspa:  7%/1.16 tunnel: 18%/5.12
[it  2770/4000           ppo] rew -0.0182 vl    5.254 ent -1.732 kl 0.0039 spd 0.376 jmp 0.054 lo 0.0 7006s | window: 40%/1.32 ralow:  8%/3.51 lifts: 12%/1.02 quad:  8%/3.61 ring: 21%/6.37 sngspa:  6%/1.44 sngspa:  5%/1.41 tunnel: 13%/5.33
[it  2780/4000           ppo] rew -0.0194 vl    4.943 ent -1.734 kl 0.0039 spd 0.358 jmp 0.052 lo 0.0 7024s | window: 38%/1.25 ralow: 11%/2.00 lifts: 11%/0.97 quad: 11%/2.69 ring: 22%/4.89 sngspa:  7%/1.27 sngspa:  9%/1.06 tunnel: 15%/7.64
[it  2790/4000           ppo] rew -0.0182 vl    5.328 ent -1.731 kl 0.0040 spd 0.371 jmp 0.054 lo 0.0 7041s | window: 37%/1.36 ralow: 11%/2.89 lifts:  6%/1.18 quad: 10%/3.36 ring: 23%/4.58 sngspa:  7%/1.43 sngspa:  8%/1.11 tunnel: 13%/9.12
[it  2800/4000           ppo] rew -0.0188 vl    4.895 ent -1.728 kl 0.0041 spd 0.370 jmp 0.057 lo 0.0 7058s | window: 36%/1.48 ralow: 14%/3.09 lifts:  7%/1.12 quad: 13%/3.19 ring: 25%/7.28 sngspa: 10%/1.13 sngspa:  6%/1.09 tunnel: 16%/6.34
[it  2810/4000           ppo] rew -0.0176 vl    5.282 ent -1.726 kl 0.0035 spd 0.371 jmp 0.058 lo 0.0 7075s | window: 39%/1.48 ralow:  9%/2.29 lifts:  6%/0.85 quad: 12%/3.27 ring: 28%/6.83 sngspa:  8%/1.40 sngspa:  8%/1.30 tunnel: 20%/10.60
[it  2820/4000           ppo] rew -0.0164 vl    5.268 ent -1.730 kl 0.0037 spd 0.373 jmp 0.058 lo 0.0 7092s | window: 46%/1.62 ralow: 11%/2.60 lifts:  9%/1.05 quad: 11%/2.97 ring: 30%/7.18 sngspa:  8%/1.86 sngspa:  9%/1.48 tunnel: 21%/5.42
[it  2830/4000           ppo] rew -0.0184 vl    5.308 ent -1.734 kl 0.0038 spd 0.368 jmp 0.055 lo 0.0 7110s | window: 45%/1.55 ralow: 11%/2.44 lifts: 10%/1.05 quad: 13%/2.84 ring: 30%/7.22 sngspa:  8%/1.50 sngspa:  8%/1.26 tunnel: 21%/5.38
[it  2840/4000           ppo] rew -0.0167 vl    5.124 ent -1.737 kl 0.0038 spd 0.382 jmp 0.054 lo 0.0 7127s | window: 42%/1.60 ralow: 12%/3.89 lifts:  9%/0.97 quad: 11%/3.10 ring: 28%/6.43 sngspa:  8%/1.30 sngspa:  8%/1.18 tunnel: 22%/10.00
[it  2850/4000           ppo] rew -0.0178 vl    5.039 ent -1.736 kl 0.0036 spd 0.373 jmp 0.053 lo 0.0 7144s | window: 43%/1.65 ralow: 10%/3.38 lifts:  7%/1.12 quad:  9%/2.92 ring: 31%/6.05 sngspa:  6%/1.34 sngspa:  8%/1.85 tunnel: 23%/6.56
[it  2860/4000           ppo] rew -0.0163 vl    5.358 ent -1.736 kl 0.0048 spd 0.388 jmp 0.057 lo 0.0 7161s | window: 41%/1.93 ralow: 10%/2.93 lifts: 10%/0.95 quad: 14%/3.21 ring: 29%/7.24 sngspa: 11%/1.47 sngspa: 11%/1.39 tunnel: 21%/10.21
[it  2870/4000           ppo] rew -0.0169 vl    5.332 ent -1.739 kl 0.0035 spd 0.372 jmp 0.056 lo 0.0 7179s | window: 41%/1.54 ralow: 15%/3.37 lifts:  5%/0.99 quad: 15%/3.32 ring: 30%/7.00 sngspa:  8%/1.58 sngspa:  5%/1.14 tunnel: 22%/5.83
[it  2880/4000           ppo] rew -0.0170 vl    5.269 ent -1.740 kl 0.0032 spd 0.380 jmp 0.054 lo 0.0 7196s | window: 42%/1.64 ralow: 12%/3.47 lifts:  8%/0.87 quad: 13%/4.00 ring: 30%/7.48 sngspa: 10%/1.06 sngspa:  8%/1.26 tunnel: 24%/7.55
[it  2890/4000           ppo] rew -0.0153 vl    5.620 ent -1.740 kl 0.0034 spd 0.382 jmp 0.054 lo 0.0 7213s | window: 50%/1.52 ralow: 14%/3.61 lifts:  6%/0.83 quad: 13%/3.12 ring: 33%/7.20 sngspa: 11%/1.04 sngspa:  7%/1.21 tunnel: 30%/9.04
[it  2900/4000           ppo] rew -0.0163 vl    5.325 ent -1.738 kl 0.0036 spd 0.378 jmp 0.055 lo 0.0 7231s | window: 48%/1.67 ralow: 14%/3.27 lifts:  9%/0.84 quad: 16%/3.56 ring: 34%/6.71 sngspa:  9%/0.97 sngspa:  9%/1.16 tunnel: 31%/10.39
[it  2910/4000           ppo] rew -0.0172 vl    5.146 ent -1.744 kl 0.0043 spd 0.368 jmp 0.055 lo 0.0 7248s | window: 42%/1.65 ralow: 16%/2.98 lifts: 10%/0.73 quad: 14%/3.20 ring: 33%/7.12 sngspa: 10%/1.18 sngspa: 10%/1.10 tunnel: 29%/10.81
[it  2920/4000           ppo] rew -0.0183 vl    5.026 ent -1.744 kl 0.0037 spd 0.366 jmp 0.052 lo 0.0 7265s | window: 40%/1.50 ralow: 11%/2.53 lifts:  6%/0.89 quad: 12%/4.48 ring: 34%/6.83 sngspa:  6%/1.16 sngspa:  7%/1.65 tunnel: 26%/10.51
[it  2930/4000           ppo] rew -0.0138 vl    6.992 ent -1.745 kl 0.0037 spd 0.379 jmp 0.051 lo 0.0 7282s | window: 45%/1.62 ralow: 11%/3.05 lifts:  8%/0.95 quad: 13%/3.53 ring: 32%/7.04 sngspa:  7%/1.06 sngspa:  9%/0.99 tunnel: 30%/10.93
[it  2940/4000           ppo] rew -0.0165 vl    5.158 ent -1.744 kl 0.0040 spd 0.371 jmp 0.049 lo 0.0 7300s | window: 48%/1.97 ralow: 18%/3.02 lifts:  8%/0.97 quad: 13%/4.87 ring: 42%/7.14 sngspa:  9%/1.29 sngspa: 10%/1.05 tunnel: 28%/10.65
[it  2950/4000           ppo] rew -0.0144 vl    5.463 ent -1.740 kl 0.0041 spd 0.400 jmp 0.051 lo 0.0 7317s | window: 48%/1.54 ralow: 12%/3.07 lifts:  7%/1.08 quad: 15%/4.31 ring: 41%/7.08 sngspa:  8%/1.21 sngspa:  9%/1.14 tunnel: 30%/10.77
[it  2960/4000           ppo] rew -0.0173 vl    5.551 ent -1.746 kl 0.0036 spd 0.376 jmp 0.048 lo 0.0 7334s | window: 46%/1.45 ralow: 16%/3.07 lifts:  6%/0.94 quad: 15%/3.70 ring: 37%/7.08 sngspa:  6%/1.22 sngspa:  7%/1.20 tunnel: 32%/10.49
[it  2970/4000           ppo] rew -0.0147 vl    5.607 ent -1.747 kl 0.0060 spd 0.393 jmp 0.049 lo 0.0 7351s | window: 44%/1.53 ralow: 18%/4.00 lifts:  9%/1.01 quad: 18%/3.44 ring: 40%/7.31 sngspa: 10%/1.11 sngspa:  8%/1.12 tunnel: 34%/10.49
[it  2980/4000           ppo] rew -0.0170 vl    4.988 ent -1.747 kl 0.0038 spd 0.377 jmp 0.050 lo 0.0 7368s | window: 40%/1.37 ralow: 18%/3.46 lifts:  6%/1.08 quad: 14%/2.93 ring: 43%/7.18 sngspa:  7%/1.27 sngspa:  8%/1.12 tunnel: 31%/10.49
[it  2990/4000           ppo] rew -0.0140 vl    5.627 ent -1.742 kl 0.0038 spd 0.403 jmp 0.050 lo 0.0 7386s | window: 40%/1.34 ralow: 17%/5.10 lifts:  9%/0.94 quad: 18%/3.28 ring: 40%/7.34 sngspa:  7%/1.23 sngspa:  7%/1.29 tunnel: 36%/10.08
[it  3000/4000           ppo] rew -0.0162 vl    5.213 ent -1.744 kl 0.0042 spd 0.382 jmp 0.052 lo 0.0 7403s | window: 38%/1.39 ralow: 24%/5.25 lifts: 13%/0.76 quad: 15%/3.33 ring: 49%/7.50 sngspa: 12%/1.19 sngspa:  8%/1.29 tunnel: 37%/10.14
[it  3010/4000           ppo] rew -0.0157 vl    5.333 ent -1.733 kl 0.0039 spd 0.392 jmp 0.054 lo 0.0 7420s | window: 35%/1.37 ralow: 16%/4.28 lifts: 10%/1.19 quad: 15%/2.98 ring: 40%/7.65 sngspa: 10%/1.32 sngspa: 10%/1.41 tunnel: 40%/10.89
[it  3020/4000           ppo] rew -0.0174 vl    4.954 ent -1.739 kl 0.0044 spd 0.375 jmp 0.054 lo 0.0 7437s | window: 38%/1.18 ralow: 22%/3.54 lifts:  7%/0.90 quad: 10%/2.88 ring: 41%/7.27 sngspa:  7%/1.06 sngspa:  5%/1.26 tunnel: 34%/10.65
[it  3030/4000           ppo] rew -0.0164 vl    5.091 ent -1.735 kl 0.0041 spd 0.386 jmp 0.053 lo 0.0 7454s | window: 37%/1.22 ralow: 14%/4.17 lifts:  9%/1.07 quad: 11%/3.71 ring: 39%/7.35 sngspa:  7%/1.04 sngspa:  6%/0.94 tunnel: 32%/9.83
[it  3040/4000           ppo] rew -0.0146 vl    6.292 ent -1.740 kl 0.0038 spd 0.378 jmp 0.056 lo 0.0 7471s | window: 39%/1.19 ralow: 17%/3.75 lifts:  8%/1.18 quad: 12%/3.26 ring: 39%/7.04 sngspa:  8%/1.34 sngspa:  7%/1.24 tunnel: 30%/9.19
[it  3050/4000           ppo] rew -0.0168 vl    5.233 ent -1.743 kl 0.0038 spd 0.380 jmp 0.053 lo 0.0 7488s | window: 38%/1.32 ralow: 18%/3.43 lifts:  6%/1.18 quad: 12%/3.58 ring: 37%/6.73 sngspa:  7%/1.20 sngspa:  7%/1.22 tunnel: 29%/10.49
[it  3060/4000           ppo] rew -0.0152 vl    5.289 ent -1.730 kl 0.0039 spd 0.411 jmp 0.058 lo 0.0 7506s | window: 37%/1.34 ralow: 15%/3.68 lifts: 11%/1.04 quad: 12%/3.33 ring: 43%/7.02 sngspa:  5%/0.95 sngspa:  7%/1.31 tunnel: 33%/10.36
[it  3070/4000           ppo] rew -0.0161 vl    5.382 ent -1.727 kl 0.0037 spd 0.385 jmp 0.059 lo 0.0 7523s | window: 34%/1.33 ralow: 23%/3.93 lifts:  8%/1.01 quad: 14%/3.67 ring: 41%/7.14 sngspa:  6%/1.20 sngspa:  6%/1.27 tunnel: 33%/10.36
[it  3080/4000           ppo] rew -0.0164 vl    5.094 ent -1.728 kl 0.0033 spd 0.393 jmp 0.059 lo 0.0 7540s | window: 36%/1.33 ralow: 16%/2.95 lifts:  9%/1.01 quad: 13%/3.42 ring: 44%/6.97 sngspa:  7%/1.18 sngspa:  6%/0.99 tunnel: 32%/10.67
[it  3090/4000           ppo] rew -0.0148 vl    5.345 ent -1.731 kl 0.0034 spd 0.393 jmp 0.060 lo 0.0 7557s | window: 40%/1.24 ralow: 18%/4.33 lifts:  8%/1.24 quad: 10%/3.10 ring: 41%/7.31 sngspa:  7%/1.25 sngspa:  9%/1.32 tunnel: 33%/10.72
[it  3100/4000           ppo] rew -0.0147 vl    5.620 ent -1.737 kl 0.0034 spd 0.396 jmp 0.059 lo 0.0 7575s | window: 42%/1.25 ralow: 13%/3.82 lifts:  7%/1.24 quad: 15%/3.56 ring: 42%/7.22 sngspa:  7%/1.26 sngspa:  8%/1.05 tunnel: 31%/10.53
[it  3110/4000           ppo] rew -0.0149 vl    5.287 ent -1.740 kl 0.0035 spd 0.392 jmp 0.060 lo 0.0 7592s | window: 44%/1.34 ralow: 18%/3.43 lifts:  8%/0.94 quad: 17%/3.14 ring: 38%/7.22 sngspa:  9%/1.27 sngspa: 10%/1.33 tunnel: 34%/10.47
[it  3120/4000           ppo] rew -0.0160 vl    5.426 ent -1.742 kl 0.0034 spd 0.395 jmp 0.059 lo 0.0 7609s | window: 38%/1.34 ralow: 12%/3.02 lifts: 11%/0.92 quad: 16%/2.71 ring: 39%/7.10 sngspa:  8%/1.22 sngspa:  8%/1.04 tunnel: 31%/10.25
[it  3130/4000           ppo] rew -0.0151 vl    5.386 ent -1.737 kl 0.0033 spd 0.399 jmp 0.061 lo 0.0 7626s | window: 40%/1.51 ralow: 18%/3.67 lifts:  7%/0.91 quad: 17%/3.32 ring: 42%/7.18 sngspa:  8%/1.22 sngspa:  7%/1.27 tunnel: 32%/10.31
[it  3140/4000           ppo] rew -0.0143 vl    5.293 ent -1.743 kl 0.0034 spd 0.395 jmp 0.055 lo 0.0 7644s | window: 42%/1.34 ralow: 16%/4.21 lifts:  7%/1.02 quad: 18%/3.07 ring: 47%/6.99 sngspa:  7%/1.18 sngspa:  9%/1.16 tunnel: 41%/10.32
[it  3150/4000           ppo] rew -0.0129 vl    6.666 ent -1.745 kl 0.0046 spd 0.388 jmp 0.056 lo 0.0 7661s | window: 43%/1.37 ralow: 14%/3.21 lifts:  8%/1.12 quad: 12%/3.25 ring: 40%/7.17 sngspa: 10%/1.08 sngspa:  7%/1.30 tunnel: 36%/9.88
[it  3160/4000           ppo] rew -0.0153 vl    5.158 ent -1.753 kl 0.0038 spd 0.391 jmp 0.053 lo 0.0 7678s | window: 43%/1.50 ralow: 20%/3.70 lifts: 11%/0.78 quad: 14%/3.23 ring: 45%/7.22 sngspa:  8%/1.10 sngspa:  4%/1.35 tunnel: 35%/9.88
[it  3170/4000           ppo] rew -0.0154 vl    5.232 ent -1.745 kl 0.0035 spd 0.406 jmp 0.056 lo 0.0 7696s | window: 44%/1.30 ralow: 19%/3.74 lifts: 10%/1.02 quad: 14%/3.69 ring: 40%/7.07 sngspa:  7%/1.02 sngspa:  7%/1.18 tunnel: 34%/9.99
[it  3180/4000           ppo] rew -0.0177 vl    5.009 ent -1.758 kl 0.0036 spd 0.385 jmp 0.052 lo 0.0 7713s | window: 36%/1.20 ralow: 22%/3.61 lifts:  7%/1.00 quad: 13%/3.33 ring: 40%/6.83 sngspa:  6%/1.05 sngspa:  5%/1.05 tunnel: 35%/10.51
[it  3190/4000           ppo] rew -0.0146 vl    5.050 ent -1.751 kl 0.0035 spd 0.421 jmp 0.056 lo 0.0 7730s | window: 33%/1.21 ralow: 18%/4.03 lifts:  7%/0.94 quad: 15%/3.16 ring: 42%/7.15 sngspa:  5%/0.87 sngspa:  6%/0.96 tunnel: 35%/10.84
[it  3200/4000           ppo] rew -0.0163 vl    4.958 ent -1.758 kl 0.0033 spd 0.387 jmp 0.052 lo 0.0 7748s | window: 37%/1.27 ralow: 22%/3.70 lifts:  7%/0.97 quad: 15%/3.46 ring: 43%/7.14 sngspa:  8%/0.90 sngspa:  7%/1.03 tunnel: 35%/10.66
[it  3210/4000           ppo] rew -0.0150 vl    5.283 ent -1.751 kl 0.0044 spd 0.409 jmp 0.051 lo 0.0 7765s | window: 38%/1.28 ralow: 17%/3.19 lifts: 10%/1.13 quad: 12%/3.23 ring: 40%/7.27 sngspa:  5%/0.88 sngspa:  8%/1.34 tunnel: 28%/10.60
[it  3220/4000           ppo] rew -0.0163 vl    5.153 ent -1.761 kl 0.0036 spd 0.388 jmp 0.051 lo 0.0 7782s | window: 34%/1.09 ralow: 21%/3.31 lifts:  5%/1.22 quad: 12%/2.65 ring: 38%/6.89 sngspa:  6%/1.05 sngspa:  8%/1.27 tunnel: 28%/10.65
[it  3230/4000           ppo] rew -0.0156 vl    5.363 ent -1.765 kl 0.0032 spd 0.403 jmp 0.050 lo 0.0 7800s | window: 31%/1.24 ralow: 15%/4.00 lifts:  7%/0.97 quad: 13%/3.11 ring: 35%/6.64 sngspa:  5%/1.23 sngspa:  8%/1.06 tunnel: 30%/9.73
[it  3240/4000           ppo] rew -0.0156 vl    5.314 ent -1.781 kl 0.0033 spd 0.390 jmp 0.045 lo 0.0 7817s | window: 37%/1.19 ralow: 17%/3.65 lifts:  8%/0.94 quad: 18%/2.93 ring: 38%/6.73 sngspa:  9%/1.05 sngspa:  8%/1.02 tunnel: 33%/10.26
[it  3250/4000           ppo] rew -0.0159 vl    5.285 ent -1.770 kl 0.0036 spd 0.415 jmp 0.047 lo 0.0 7834s | window: 36%/1.32 ralow: 15%/3.60 lifts:  8%/1.01 quad: 16%/3.12 ring: 42%/6.78 sngspa:  6%/1.18 sngspa:  6%/1.33 tunnel: 31%/10.30
[it  3260/4000           ppo] rew -0.0136 vl    6.432 ent -1.772 kl 0.0049 spd 0.405 jmp 0.046 lo 0.0 7851s | window: 32%/1.25 ralow: 14%/4.10 lifts:  7%/1.18 quad: 15%/3.93 ring: 44%/7.06 sngspa:  5%/1.46 sngspa:  5%/1.25 tunnel: 35%/10.26
[it  3270/4000           ppo] rew -0.0159 vl    5.202 ent -1.773 kl 0.0033 spd 0.407 jmp 0.048 lo 0.0 7869s | window: 35%/1.26 ralow: 22%/4.22 lifts:  6%/1.06 quad: 16%/3.33 ring: 43%/7.11 sngspa:  7%/1.25 sngspa:  5%/1.15 tunnel: 32%/10.46
[it  3280/4000           ppo] rew -0.0157 vl    4.931 ent -1.772 kl 0.0037 spd 0.411 jmp 0.047 lo 0.0 7886s | window: 35%/1.30 ralow: 16%/3.84 lifts:  8%/1.07 quad: 16%/3.28 ring: 45%/7.13 sngspa:  6%/1.04 sngspa:  6%/1.04 tunnel: 33%/10.43
[it  3290/4000           ppo] rew -0.0152 vl    5.003 ent -1.771 kl 0.0030 spd 0.411 jmp 0.048 lo 0.0 7904s | window: 32%/1.27 ralow: 20%/4.06 lifts:  7%/1.23 quad: 12%/3.23 ring: 44%/7.06 sngspa:  6%/1.23 sngspa:  5%/0.88 tunnel: 33%/10.43
[it  3300/4000           ppo] rew -0.0145 vl    5.128 ent -1.774 kl 0.0040 spd 0.424 jmp 0.046 lo 0.0 7921s | window: 36%/1.37 ralow: 17%/4.54 lifts:  7%/1.26 quad: 13%/3.25 ring: 46%/7.13 sngspa:  6%/1.14 sngspa:  9%/1.22 tunnel: 32%/10.34
[it  3310/4000           ppo] rew -0.0147 vl    5.222 ent -1.785 kl 0.0031 spd 0.398 jmp 0.044 lo 0.0 7938s | window: 40%/1.27 ralow: 23%/4.26 lifts:  8%/1.06 quad: 14%/3.88 ring: 47%/7.03 sngspa:  6%/1.02 sngspa:  6%/1.41 tunnel: 35%/10.42
[it  3320/4000           ppo] rew -0.0146 vl    5.253 ent -1.780 kl 0.0042 spd 0.415 jmp 0.043 lo 0.0 7955s | window: 39%/1.34 ralow: 17%/3.62 lifts:  7%/1.04 quad: 15%/2.89 ring: 46%/7.01 sngspa:  7%/1.03 sngspa:  7%/1.26 tunnel: 35%/10.43
[it  3330/4000           ppo] rew -0.0161 vl    5.139 ent -1.779 kl 0.0032 spd 0.399 jmp 0.042 lo 0.0 7972s | window: 37%/1.37 ralow: 20%/4.10 lifts:  6%/1.11 quad: 12%/3.47 ring: 47%/7.18 sngspa:  7%/1.09 sngspa:  7%/1.02 tunnel: 33%/9.97
[it  3340/4000           ppo] rew -0.0155 vl    5.011 ent -1.776 kl 0.0034 spd 0.411 jmp 0.044 lo 0.0 7990s | window: 36%/1.47 ralow: 15%/4.02 lifts: 11%/0.98 quad: 16%/2.97 ring: 47%/7.04 sngspa:  6%/1.04 sngspa:  5%/1.02 tunnel: 30%/10.64
[it  3350/4000           ppo] rew -0.0157 vl    5.028 ent -1.784 kl 0.0030 spd 0.400 jmp 0.043 lo 0.0 8007s | window: 38%/1.25 ralow: 20%/3.39 lifts:  7%/1.06 quad: 14%/3.60 ring: 45%/6.92 sngspa:  7%/1.21 sngspa:  6%/1.27 tunnel: 35%/10.63
[it  3360/4000           ppo] rew -0.0141 vl    5.248 ent -1.778 kl 0.0032 spd 0.428 jmp 0.044 lo 0.0 8025s | window: 35%/1.47 ralow: 16%/3.62 lifts:  9%/0.97 quad: 14%/3.60 ring: 45%/6.94 sngspa:  8%/1.01 sngspa:  9%/1.05 tunnel: 36%/10.84
[it  3370/4000           ppo] rew -0.0122 vl    6.447 ent -1.777 kl 0.0034 spd 0.421 jmp 0.045 lo 0.0 8042s | window: 40%/1.30 ralow: 19%/3.70 lifts:  7%/0.99 quad: 17%/3.43 ring: 46%/7.20 sngspa:  7%/1.23 sngspa:  9%/1.31 tunnel: 36%/10.61
[it  3380/4000           ppo] rew -0.0146 vl    5.188 ent -1.781 kl 0.0031 spd 0.420 jmp 0.043 lo 0.0 8060s | window: 41%/1.26 ralow: 22%/4.28 lifts:  7%/1.12 quad: 21%/3.09 ring: 48%/7.23 sngspa:  8%/0.90 sngspa:  8%/1.30 tunnel: 36%/10.75
[it  3390/4000           ppo] rew -0.0132 vl    5.486 ent -1.779 kl 0.0036 spd 0.423 jmp 0.042 lo 0.0 8076s | window: 40%/1.34 ralow: 20%/4.49 lifts:  9%/1.09 quad: 18%/3.78 ring: 50%/7.27 sngspa:  7%/1.00 sngspa:  8%/1.22 tunnel: 38%/10.45
[it  3400/4000           ppo] rew -0.0137 vl    5.231 ent -1.784 kl 0.0028 spd 0.423 jmp 0.040 lo 0.0 8093s | window: 37%/1.37 ralow: 24%/4.02 lifts:  7%/1.22 quad: 15%/3.40 ring: 52%/7.14 sngspa:  7%/1.06 sngspa:  7%/1.28 tunnel: 37%/10.72
[it  3410/4000           ppo] rew -0.0141 vl    5.342 ent -1.785 kl 0.0031 spd 0.420 jmp 0.041 lo 0.0 8110s | window: 36%/1.34 ralow: 19%/3.95 lifts: 10%/0.91 quad: 15%/3.91 ring: 53%/7.29 sngspa:  6%/1.09 sngspa:  9%/1.06 tunnel: 44%/9.95
[it  3420/4000           ppo] rew -0.0129 vl    5.165 ent -1.778 kl 0.0044 spd 0.433 jmp 0.043 lo 0.0 8128s | window: 31%/1.31 ralow: 27%/4.15 lifts:  8%/1.15 quad: 17%/2.98 ring: 54%/7.30 sngspa:  7%/1.04 sngspa:  6%/1.15 tunnel: 40%/10.33
[it  3430/4000           ppo] rew -0.0145 vl    5.074 ent -1.782 kl 0.0030 spd 0.420 jmp 0.044 lo 0.0 8145s | window: 36%/1.33 ralow: 25%/4.53 lifts:  7%/1.15 quad: 13%/3.44 ring: 55%/7.13 sngspa:  7%/1.05 sngspa:  8%/1.27 tunnel: 42%/10.51
[it  3440/4000           ppo] rew -0.0140 vl    5.400 ent -1.786 kl 0.0035 spd 0.420 jmp 0.045 lo 0.0 8162s | window: 36%/1.21 ralow: 22%/3.63 lifts:  8%/0.87 quad: 13%/3.42 ring: 53%/7.02 sngspa:  6%/1.32 sngspa:  7%/1.26 tunnel: 37%/10.40
[it  3450/4000           ppo] rew -0.0138 vl    5.050 ent -1.785 kl 0.0034 spd 0.429 jmp 0.044 lo 0.0 8179s | window: 39%/1.23 ralow: 19%/3.73 lifts: 11%/0.98 quad: 15%/3.54 ring: 53%/6.95 sngspa:  6%/1.12 sngspa:  5%/1.02 tunnel: 43%/10.35
[it  3460/4000           ppo] rew -0.0140 vl    5.321 ent -1.781 kl 0.0036 spd 0.420 jmp 0.047 lo 0.0 8197s | window: 38%/1.22 ralow: 25%/4.55 lifts:  9%/0.88 quad: 15%/3.14 ring: 52%/7.11 sngspa:  8%/1.44 sngspa:  6%/1.02 tunnel: 41%/10.25
[it  3470/4000           ppo] rew -0.0148 vl    5.108 ent -1.781 kl 0.0030 spd 0.417 jmp 0.045 lo 0.0 8214s | window: 35%/1.20 ralow: 20%/4.82 lifts:  7%/1.04 quad: 15%/3.62 ring: 54%/7.00 sngspa:  6%/1.18 sngspa:  6%/1.40 tunnel: 41%/10.14
[it  3480/4000           ppo] rew -0.0116 vl    6.463 ent -1.780 kl 0.0030 spd 0.428 jmp 0.047 lo 0.0 8231s | window: 35%/1.27 ralow: 17%/3.68 lifts:  9%/0.99 quad: 16%/3.36 ring: 52%/7.16 sngspa:  6%/0.98 sngspa:  6%/1.27 tunnel: 40%/10.70
[it  3490/4000           ppo] rew -0.0142 vl    5.289 ent -1.782 kl 0.0027 spd 0.412 jmp 0.048 lo 0.0 8248s | window: 33%/1.34 ralow: 23%/3.74 lifts:  9%/0.95 quad: 12%/3.60 ring: 54%/7.02 sngspa:  6%/1.25 sngspa:  6%/0.97 tunnel: 36%/10.64
[it  3500/4000           ppo] rew -0.0122 vl    5.265 ent -1.779 kl 0.0031 spd 0.441 jmp 0.049 lo 0.0 8266s | window: 31%/1.22 ralow: 20%/3.49 lifts: 10%/0.81 quad: 18%/3.26 ring: 49%/7.15 sngspa:  7%/1.19 sngspa:  7%/1.25 tunnel: 43%/10.47
[it  3510/4000           ppo] rew -0.0134 vl    4.903 ent -1.780 kl 0.0029 spd 0.422 jmp 0.051 lo 0.0 8283s | window: 36%/1.32 ralow: 25%/4.10 lifts: 11%/0.94 quad: 19%/3.62 ring: 53%/7.00 sngspa:  7%/1.13 sngspa:  6%/1.18 tunnel: 42%/10.45
[it  3520/4000           ppo] rew -0.0137 vl    5.135 ent -1.782 kl 0.0032 spd 0.426 jmp 0.048 lo 0.0 8300s | window: 35%/1.22 ralow: 16%/3.42 lifts:  8%/1.11 quad: 18%/3.57 ring: 51%/7.08 sngspa:  9%/1.19 sngspa:  7%/1.20 tunnel: 38%/10.18
[it  3530/4000           ppo] rew -0.0139 vl    5.157 ent -1.790 kl 0.0029 spd 0.419 jmp 0.047 lo 0.0 8318s | window: 36%/1.20 ralow: 26%/3.16 lifts:  5%/0.97 quad: 15%/3.16 ring: 55%/7.08 sngspa:  9%/1.27 sngspa:  6%/1.02 tunnel: 34%/10.25
[it  3540/4000           ppo] rew -0.0140 vl    4.973 ent -1.788 kl 0.0030 spd 0.425 jmp 0.044 lo 0.0 8335s | window: 36%/1.27 ralow: 20%/3.43 lifts:  7%/1.08 quad: 13%/3.60 ring: 53%/7.12 sngspa:  8%/1.34 sngspa:  9%/1.15 tunnel: 42%/10.12
[it  3550/4000           ppo] rew -0.0142 vl    5.002 ent -1.786 kl 0.0034 spd 0.425 jmp 0.046 lo 0.0 8353s | window: 35%/1.29 ralow: 25%/4.19 lifts:  9%/0.84 quad: 16%/3.14 ring: 51%/7.07 sngspa:  6%/1.36 sngspa:  6%/1.18 tunnel: 38%/10.22
[it  3560/4000           ppo] rew -0.0131 vl    5.060 ent -1.786 kl 0.0031 spd 0.424 jmp 0.045 lo 0.0 8370s | window: 29%/1.26 ralow: 21%/3.68 lifts:  7%/1.04 quad: 14%/3.36 ring: 53%/6.92 sngspa:  5%/1.45 sngspa:  7%/1.13 tunnel: 43%/10.36
[it  3570/4000           ppo] rew -0.0148 vl    4.917 ent -1.797 kl 0.0027 spd 0.413 jmp 0.045 lo 0.0 8388s | window: 33%/1.20 ralow: 21%/3.87 lifts:  8%/0.85 quad: 12%/3.01 ring: 54%/7.17 sngspa:  6%/1.15 sngspa:  8%/1.17 tunnel: 41%/10.43
[it  3580/4000           ppo] rew -0.0143 vl    4.918 ent -1.798 kl 0.0028 spd 0.417 jmp 0.043 lo 0.0 8405s | window: 30%/1.22 ralow: 21%/3.16 lifts: 10%/1.13 quad: 16%/3.11 ring: 52%/7.06 sngspa:  8%/1.12 sngspa:  5%/1.26 tunnel: 41%/10.21
[it  3590/4000           ppo] rew -0.0127 vl    5.771 ent -1.796 kl 0.0026 spd 0.414 jmp 0.046 lo 0.0 8422s | window: 32%/1.33 ralow: 17%/3.82 lifts:  6%/0.75 quad: 15%/3.25 ring: 53%/6.94 sngspa:  5%/1.28 sngspa:  6%/1.11 tunnel: 40%/10.49
[it  3600/4000           ppo] rew -0.0150 vl    5.027 ent -1.798 kl 0.0028 spd 0.411 jmp 0.045 lo 0.0 8440s | window: 34%/1.29 ralow: 18%/3.79 lifts:  7%/1.01 quad: 17%/3.09 ring: 51%/6.91 sngspa:  7%/1.26 sngspa:  4%/1.06 tunnel: 40%/10.37
[it  3610/4000           ppo] rew -0.0135 vl    4.993 ent -1.796 kl 0.0027 spd 0.440 jmp 0.048 lo 0.0 8457s | window: 35%/1.19 ralow: 20%/3.39 lifts: 10%/0.94 quad: 14%/3.33 ring: 52%/7.04 sngspa:  5%/1.42 sngspa:  6%/1.09 tunnel: 42%/10.54
[it  3620/4000           ppo] rew -0.0132 vl    5.234 ent -1.794 kl 0.0029 spd 0.425 jmp 0.047 lo 0.0 8474s | window: 34%/1.20 ralow: 26%/4.87 lifts: 10%/0.98 quad: 17%/2.83 ring: 55%/7.04 sngspa:  6%/1.08 sngspa:  7%/1.25 tunnel: 42%/10.72
[it  3630/4000           ppo] rew -0.0129 vl    4.915 ent -1.796 kl 0.0027 spd 0.439 jmp 0.047 lo 0.0 8492s | window: 38%/1.27 ralow: 20%/3.61 lifts:  9%/1.04 quad: 18%/3.53 ring: 55%/7.00 sngspa:  8%/1.20 sngspa:  6%/1.03 tunnel: 40%/10.36
[it  3640/4000           ppo] rew -0.0144 vl    5.133 ent -1.799 kl 0.0029 spd 0.419 jmp 0.047 lo 0.0 8509s | window: 34%/1.27 ralow: 22%/4.18 lifts:  7%/1.11 quad: 16%/3.15 ring: 56%/6.84 sngspa:  8%/1.24 sngspa:  6%/0.99 tunnel: 42%/10.33
[it  3650/4000           ppo] rew -0.0133 vl    5.006 ent -1.798 kl 0.0029 spd 0.440 jmp 0.048 lo 0.0 8526s | window: 33%/1.18 ralow: 20%/4.20 lifts:  8%/1.04 quad: 21%/2.91 ring: 61%/6.90 sngspa:  7%/1.30 sngspa:  4%/1.41 tunnel: 39%/10.25
[it  3660/4000           ppo] rew -0.0145 vl    5.024 ent -1.805 kl 0.0026 spd 0.417 jmp 0.047 lo 0.0 8543s | window: 33%/1.26 ralow: 25%/3.23 lifts: 10%/0.91 quad: 13%/3.56 ring: 52%/6.99 sngspa:  9%/1.15 sngspa:  7%/1.40 tunnel: 39%/10.26
[it  3670/4000           ppo] rew -0.0140 vl    5.115 ent -1.802 kl 0.0025 spd 0.416 jmp 0.048 lo 0.0 8561s | window: 35%/1.12 ralow: 19%/3.83 lifts:  8%/0.69 quad: 15%/3.61 ring: 54%/6.90 sngspa:  5%/1.06 sngspa: 10%/1.06 tunnel: 35%/10.05
[it  3680/4000           ppo] rew -0.0141 vl    5.213 ent -1.808 kl 0.0026 spd 0.412 jmp 0.046 lo 0.0 8578s | window: 35%/1.22 ralow: 22%/3.60 lifts:  9%/0.85 quad: 17%/3.54 ring: 53%/6.89 sngspa:  6%/0.85 sngspa:  6%/1.04 tunnel: 36%/10.22
[it  3690/4000           ppo] rew -0.0138 vl    5.212 ent -1.806 kl 0.0027 spd 0.418 jmp 0.048 lo 0.0 8596s | window: 33%/1.15 ralow: 18%/3.18 lifts: 10%/1.08 quad: 16%/3.23 ring: 51%/6.92 sngspa:  8%/1.11 sngspa:  7%/1.08 tunnel: 41%/10.48
[it  3700/4000           ppo] rew -0.0103 vl    6.179 ent -1.804 kl 0.0033 spd 0.435 jmp 0.052 lo 0.0 8613s | window: 36%/1.16 ralow: 18%/4.03 lifts:  7%/0.90 quad: 16%/3.14 ring: 56%/6.97 sngspa:  6%/1.06 sngspa:  7%/1.18 tunnel: 40%/10.30
[it  3710/4000           ppo] rew -0.0139 vl    5.202 ent -1.808 kl 0.0026 spd 0.422 jmp 0.048 lo 0.0 8630s | window: 31%/1.16 ralow: 25%/4.42 lifts: 10%/1.04 quad: 16%/3.59 ring: 58%/7.08 sngspa:  6%/1.18 sngspa:  4%/1.35 tunnel: 39%/10.49
[it  3720/4000           ppo] rew -0.0139 vl    4.884 ent -1.805 kl 0.0026 spd 0.434 jmp 0.049 lo 0.0 8648s | window: 29%/1.07 ralow: 21%/3.22 lifts: 10%/0.95 quad: 17%/3.46 ring: 54%/6.99 sngspa:  5%/0.85 sngspa:  6%/1.27 tunnel: 45%/10.36
[it  3730/4000           ppo] rew -0.0139 vl    4.996 ent -1.813 kl 0.0024 spd 0.418 jmp 0.048 lo 0.0 8665s | window: 32%/1.20 ralow: 23%/3.84 lifts:  9%/1.21 quad: 17%/3.21 ring: 59%/7.04 sngspa:  5%/1.27 sngspa:  5%/1.10 tunnel: 45%/10.46
[it  3740/4000           ppo] rew -0.0123 vl    5.028 ent -1.808 kl 0.0029 spd 0.436 jmp 0.049 lo 0.0 8682s | window: 33%/1.06 ralow: 24%/3.86 lifts:  7%/0.90 quad: 17%/2.83 ring: 58%/6.89 sngspa:  7%/1.34 sngspa:  5%/1.18 tunnel: 40%/10.16
[it  3750/4000           ppo] rew -0.0133 vl    4.840 ent -1.813 kl 0.0034 spd 0.426 jmp 0.047 lo 0.0 8700s | window: 36%/1.22 ralow: 27%/3.63 lifts:  9%/0.94 quad: 19%/3.61 ring: 58%/7.07 sngspa:  7%/1.26 sngspa:  7%/1.03 tunnel: 43%/10.14
[it  3760/4000           ppo] rew -0.0132 vl    5.576 ent -1.814 kl 0.0027 spd 0.422 jmp 0.045 lo 0.0 8717s | window: 35%/1.18 ralow: 20%/3.66 lifts: 10%/0.95 quad: 16%/3.63 ring: 56%/6.79 sngspa:  7%/1.11 sngspa:  6%/1.06 tunnel: 41%/10.56
[it  3770/4000           ppo] rew -0.0128 vl    5.252 ent -1.819 kl 0.0025 spd 0.423 jmp 0.046 lo 0.0 8734s | window: 33%/1.29 ralow: 23%/3.25 lifts:  9%/1.02 quad: 20%/3.77 ring: 60%/6.92 sngspa:  7%/1.21 sngspa:  6%/1.18 tunnel: 41%/10.15
[it  3780/4000           ppo] rew -0.0128 vl    5.264 ent -1.820 kl 0.0028 spd 0.424 jmp 0.044 lo 0.0 8752s | window: 33%/1.16 ralow: 17%/3.47 lifts:  9%/1.05 quad: 15%/3.64 ring: 58%/7.00 sngspa:  5%/1.20 sngspa:  7%/1.26 tunnel: 43%/9.95
[it  3790/4000           ppo] rew -0.0135 vl    5.169 ent -1.824 kl 0.0024 spd 0.419 jmp 0.045 lo 0.0 8769s | window: 31%/1.04 ralow: 26%/3.60 lifts:  8%/0.96 quad: 16%/3.19 ring: 57%/6.99 sngspa:  5%/1.33 sngspa:  7%/1.05 tunnel: 40%/9.55
[it  3800/4000           ppo] rew -0.0134 vl    5.187 ent -1.820 kl 0.0029 spd 0.427 jmp 0.047 lo 0.0 8787s | window: 35%/1.19 ralow: 21%/4.21 lifts: 10%/1.08 quad: 18%/3.30 ring: 57%/7.03 sngspa:  6%/1.04 sngspa:  5%/1.02 tunnel: 40%/10.32
[it  3810/4000           ppo] rew -0.0129 vl    5.309 ent -1.812 kl 0.0029 spd 0.435 jmp 0.051 lo 0.0 8804s | window: 37%/1.25 ralow: 22%/3.57 lifts: 11%/1.12 quad: 18%/3.14 ring: 56%/7.06 sngspa:  5%/1.23 sngspa:  5%/1.11 tunnel: 44%/10.40
[it  3820/4000           ppo] rew -0.0145 vl    5.172 ent -1.812 kl 0.0023 spd 0.426 jmp 0.050 lo 0.0 8822s | window: 36%/1.19 ralow: 25%/3.68 lifts: 11%/1.05 quad: 17%/3.28 ring: 58%/7.04 sngspa:  5%/1.40 sngspa:  7%/1.00 tunnel: 40%/10.16
[it  3830/4000           ppo] rew -0.0137 vl    5.117 ent -1.813 kl 0.0027 spd 0.434 jmp 0.053 lo 0.0 8839s | window: 36%/1.25 ralow: 22%/4.06 lifts:  8%/1.05 quad: 20%/3.33 ring: 58%/7.01 sngspa:  6%/1.29 sngspa:  5%/1.23 tunnel: 41%/10.64
[it  3840/4000           ppo] rew -0.0122 vl    5.213 ent -1.812 kl 0.0025 spd 0.432 jmp 0.053 lo 0.0 8857s | window: 34%/1.30 ralow: 31%/3.98 lifts:  8%/0.98 quad: 19%/3.40 ring: 56%/6.99 sngspa:  4%/1.15 sngspa:  5%/1.20 tunnel: 40%/10.39
[it  3850/4000           ppo] rew -0.0117 vl    5.330 ent -1.810 kl 0.0025 spd 0.443 jmp 0.056 lo 0.0 8874s | window: 36%/1.20 ralow: 25%/4.74 lifts: 11%/0.95 quad: 17%/3.19 ring: 62%/6.99 sngspa:  5%/1.26 sngspa:  4%/1.23 tunnel: 45%/10.33
[it  3860/4000           ppo] rew -0.0119 vl    5.419 ent -1.814 kl 0.0025 spd 0.420 jmp 0.054 lo 0.0 8891s | window: 40%/1.22 ralow: 25%/3.85 lifts: 10%/0.94 quad: 15%/3.87 ring: 61%/7.01 sngspa:  4%/1.10 sngspa:  5%/1.34 tunnel: 44%/10.03
[it  3870/4000           ppo] rew -0.0121 vl    5.317 ent -1.817 kl 0.0024 spd 0.439 jmp 0.054 lo 0.0 8908s | window: 43%/1.27 ralow: 20%/4.05 lifts:  7%/1.15 quad: 17%/3.46 ring: 56%/6.99 sngspa:  5%/1.10 sngspa:  8%/1.23 tunnel: 44%/9.61
[it  3880/4000           ppo] rew -0.0131 vl    5.161 ent -1.827 kl 0.0029 spd 0.429 jmp 0.050 lo 0.0 8926s | window: 40%/1.22 ralow: 23%/4.53 lifts:  8%/1.02 quad: 17%/3.54 ring: 62%/6.89 sngspa:  6%/1.21 sngspa:  6%/1.06 tunnel: 41%/10.32
[it  3890/4000           ppo] rew -0.0127 vl    5.277 ent -1.824 kl 0.0023 spd 0.436 jmp 0.051 lo 0.0 8943s | window: 35%/1.27 ralow: 22%/3.98 lifts:  9%/1.02 quad: 17%/3.27 ring: 61%/7.08 sngspa:  5%/1.06 sngspa:  5%/0.98 tunnel: 41%/10.60
[it  3900/4000           ppo] rew -0.0115 vl    5.653 ent -1.820 kl 0.0024 spd 0.424 jmp 0.055 lo 0.0 8961s | window: 38%/1.33 ralow: 28%/3.86 lifts:  8%/1.05 quad: 16%/3.49 ring: 57%/7.00 sngspa:  4%/1.03 sngspa:  3%/1.26 tunnel: 43%/10.51
[it  3910/4000           ppo] rew -0.0137 vl    5.088 ent -1.821 kl 0.0025 spd 0.423 jmp 0.054 lo 0.0 8978s | window: 41%/1.36 ralow: 22%/3.93 lifts:  7%/1.11 quad: 19%/3.72 ring: 56%/6.83 sngspa:  8%/1.02 sngspa:  8%/1.04 tunnel: 37%/10.06
[it  3920/4000           ppo] rew -0.0114 vl    5.252 ent -1.820 kl 0.0026 spd 0.442 jmp 0.058 lo 0.0 8996s | window: 38%/1.30 ralow: 21%/4.49 lifts:  8%/0.91 quad: 16%/3.60 ring: 60%/6.97 sngspa:  5%/1.15 sngspa:  6%/1.27 tunnel: 42%/9.87
[it  3930/4000           ppo] rew -0.0136 vl    5.077 ent -1.829 kl 0.0025 spd 0.428 jmp 0.056 lo 0.0 9013s | window: 35%/1.27 ralow: 22%/3.64 lifts:  8%/1.22 quad: 18%/3.30 ring: 58%/6.93 sngspa:  7%/1.33 sngspa:  7%/1.20 tunnel: 42%/10.14
[it  3940/4000           ppo] rew -0.0105 vl    5.475 ent -1.827 kl 0.0022 spd 0.448 jmp 0.056 lo 0.0 9030s | window: 38%/1.27 ralow: 22%/4.26 lifts:  9%/1.15 quad: 17%/3.24 ring: 64%/7.06 sngspa:  5%/0.98 sngspa:  7%/1.03 tunnel: 44%/10.30
[it  3950/4000           ppo] rew -0.0127 vl    5.327 ent -1.830 kl 0.0023 spd 0.429 jmp 0.055 lo 0.0 9048s | window: 40%/1.24 ralow: 28%/3.54 lifts:  9%/0.97 quad: 18%/3.44 ring: 63%/6.87 sngspa:  7%/1.05 sngspa:  6%/1.20 tunnel: 41%/10.12
[it  3960/4000           ppo] rew -0.0116 vl    5.205 ent -1.824 kl 0.0024 spd 0.446 jmp 0.060 lo 0.0 9065s | window: 38%/1.19 ralow: 22%/4.10 lifts:  7%/0.90 quad: 19%/3.42 ring: 63%/6.97 sngspa:  5%/1.25 sngspa:  7%/0.97 tunnel: 43%/9.82
[it  3970/4000           ppo] rew -0.0123 vl    5.384 ent -1.828 kl 0.0023 spd 0.426 jmp 0.057 lo 0.0 9083s | window: 37%/1.23 ralow: 27%/4.13 lifts: 11%/0.97 quad: 16%/3.32 ring: 60%/7.03 sngspa:  3%/1.13 sngspa:  6%/1.05 tunnel: 42%/10.23
[it  3980/4000           ppo] rew -0.0114 vl    5.363 ent -1.825 kl 0.0020 spd 0.443 jmp 0.056 lo 0.0 9100s | window: 39%/1.25 ralow: 23%/3.63 lifts:  5%/0.99 quad: 16%/3.37 ring: 61%/7.06 sngspa:  6%/1.23 sngspa:  6%/1.25 tunnel: 40%/10.00
[it  3990/4000           ppo] rew -0.0121 vl    5.355 ent -1.829 kl 0.0020 spd 0.425 jmp 0.059 lo 0.0 9117s | window: 40%/1.30 ralow: 24%/4.01 lifts:  7%/0.88 quad: 16%/3.29 ring: 60%/7.06 sngspa:  6%/0.84 sngspa:  6%/1.02 tunnel: 43%/10.12
[it  4000/4000           ppo] rew -0.0134 vl    5.104 ent -1.823 kl 0.0021 spd 0.435 jmp 0.059 lo 0.0 9135s | window: 35%/1.30 ralow: 20%/4.21 lifts:  9%/0.95 quad: 15%/4.08 ring: 58%/6.96 sngspa:  7%/1.18 sngspa:  6%/1.28 tunnel: 42%/10.05
saved /home/benjamin-adm/rex-ml/pipeline/out/race/race_h4.pt
